<TEI xmlns="http://www.tei-c.org/ns/1.0">
<teiHeader>
<fileDesc>
<titleStmt>
<title>DSCN1848</title>
</titleStmt>
<publicationStmt>
<p>Publication Information</p>
</publicationStmt>
<sourceDesc>
<p>{ "saji:aspectRatioType": [ "C" ], "saji:fond": [ "Tursko 1" ] }</p>
</sourceDesc>
</fileDesc>
</teiHeader>
<facsimile>
<surfaceGrp facs="https://diyhistory.org/public/phr2/iiif/1379/manifest">
<surface>
<graphic n="https://diyhistory.org/public/phr2/iiif/1379/canvas/p1" url="https://diyhistory.org/public/phr2/files/original/e28b86964ec110e0e50b9877dc8f8c93c1e422dc.jpg" />
<zone lrx="2074" lry="2800" ulx="174" uly="1463" xml:id="zone_rzn_5hq_cjb" />
<zone lrx="570" lry="2781" ulx="325" uly="2373" xml:id="zone_h1r_vhq_cjb" />
</surface>
</surfaceGrp>
</facsimile>
<text>
<body>
<div1 facs="#zone_rzn_5hq_cjb" type="ʿarz-ı_hāl">
<p>
<lb />...<lb />
</p>
<div2 facs="#zone_h1r_vhq_cjb" type="sign">
<p>
<lb />...<lb />
</p>
</div2>
</div1>
</body>
</text>
</TEI>