<TEI xmlns="http://www.tei-c.org/ns/1.0">
  <teiHeader>
    <fileDesc>
      <titleStmt>
        <title>DSCN0483</title>
      </titleStmt>
      <publicationStmt>
        <p>Publication Information</p>
      </publicationStmt>
      <sourceDesc>
        <p>{ "saji:aspectRatioType": [ "?" ], "saji:fond": [ "Tursko 6" ], "saji:memo": [ "・何を示しているか分からない。\r\n・ボスニア語梗概？" ] }</p>
      </sourceDesc>
    </fileDesc>
  </teiHeader>
  <facsimile>
    <surfaceGrp facs="https://diyhistory.org/public/phr2/iiif/2890/manifest">
      <surface>
        <graphic n="https://diyhistory.org/public/phr2/iiif/2890/canvas/p1" url="https://diyhistory.org/public/phr2/files/original/4c01586f6a43504c264ef69b8eb00861ef332fc9.jpg" />
      </surface>
      <surface>
        <graphic n="https://diyhistory.org/public/phr2/iiif/2890/canvas/p2" url="https://diyhistory.org/public/phr2/files/original/06b690734c0b84553183954740e7843dfe0a396f.jpg" />
      </surface>
      <surface>
        <graphic n="https://diyhistory.org/public/phr2/iiif/2890/canvas/p3" url="https://diyhistory.org/public/phr2/files/original/6008555ae2e55659085c7d036cc8000cebef1e16.jpg" />
      </surface>
      <surface>
        <graphic n="https://diyhistory.org/public/phr2/iiif/2890/canvas/p4" url="https://diyhistory.org/public/phr2/files/original/a09a8a213130edd0ae2473c14c966489f3c8f1b9.jpg" />
      </surface>
      <surface>
        <graphic n="https://diyhistory.org/public/phr2/iiif/2890/canvas/p5" url="https://diyhistory.org/public/phr2/files/original/8c26034754c9fd4fbb1db85d3b8bd4ea6e99c769.jpg" />
      </surface>
    </surfaceGrp>
  </facsimile>
  <text>
    <body>
      <div1 type="summary_Croatian">
        <p>
          <lb />...<lb />
        </p>
      </div1>
    </body>
  </text>
</TEI>