<?xml version="1.0" encoding="UTF-8"?>
<?xml-model href="http://www.tei-c.org/release/xml/tei/custom/schema/relaxng/tei_all.rng" type="application/xml" schematypens="http://relaxng.org/ns/structure/1.0"?>
<?xml-model href="http://www.tei-c.org/release/xml/tei/custom/schema/relaxng/tei_all.rng" type="application/xml"
	schematypens="http://purl.oclc.org/dsdl/schematron"?>
<TEI xmlns="http://www.tei-c.org/ns/1.0">
	<teiHeader>
		<fileDesc>
			<titleStmt>
				<title>DSCN0394</title>
			</titleStmt>
			<publicationStmt>
				<p>Publication Information</p>
			</publicationStmt>
			<notesStmt>
				<note type="summary">ジズヤの領収書（DSCN0395, 0396, 0397, 0398, 0399, 0400, 0401, 0402, 0403）を並べた画像。</note>
				<note type="mine">【要】文書点数にカウントしない。</note>
				<note type="keyword">cizye</note>
			</notesStmt>
			<sourceDesc>
				<p/>
			</sourceDesc>
		</fileDesc>
		<xenoData>{ "saji:aspectRatioType": [ "n/a" ], "saji:fond": [ "Tursko 3" ], "saji:memo": [ "・ここまでの整理過程では登場していない小片の文書\r\n・以後、この小片文書を「F (3H×2W, 小)」とすることにした\r\n・複数枚を並べて撮影しているため、サイズはn/aとした" ] }</xenoData>
	</teiHeader>
	<facsimile>
		<surface/>
	</facsimile>
	<text>
		<body>
			<p/>
		</body>
	</text>
</TEI>
