<TEI xmlns="http://www.tei-c.org/ns/1.0">
  <teiHeader>
    <fileDesc>
      <titleStmt>
        <title>DSCN0687</title>
      </titleStmt>
      <publicationStmt>
        <p>Publication Information</p>
      </publicationStmt>
      <sourceDesc>
        <p>{ "saji:aspectRatioType": [ "?" ], "saji:fond": [ "Tursko 8" ], "saji:memo": [ "・何を示しているか不明。\r\n・ボスニア語梗概？" ] }</p>
      </sourceDesc>
    </fileDesc>
  </teiHeader>
  <facsimile>
    <surfaceGrp facs="https://diyhistory.org/public/phr2/iiif/3088/manifest">
      <surface>
        <graphic n="https://diyhistory.org/public/phr2/iiif/3088/canvas/p1" url="https://diyhistory.org/public/phr2/files/original/682478e306c92519b7d20a127447fdd1714fe9f0.jpg" />
      </surface>
      <surface>
        <graphic n="https://diyhistory.org/public/phr2/iiif/3088/canvas/p2" url="https://diyhistory.org/public/phr2/files/original/f4d790c4ac7b0a103e6ee938caca785366d80fb9.jpg" />
      </surface>
      <surface>
        <graphic n="https://diyhistory.org/public/phr2/iiif/3088/canvas/p3" url="https://diyhistory.org/public/phr2/files/original/3554d9d27ef0bdca2db62b34244f722e852508aa.jpg" />
      </surface>
      <surface>
        <graphic n="https://diyhistory.org/public/phr2/iiif/3088/canvas/p4" url="https://diyhistory.org/public/phr2/files/original/300fbca816e760f99299ade66385400492f46ecb.jpg" />
      </surface>
      <surface>
        <graphic n="https://diyhistory.org/public/phr2/iiif/3088/canvas/p5" url="https://diyhistory.org/public/phr2/files/original/698c3842682edbed5a8137404b3d36b6413302f5.jpg" />
      </surface>
      <surface>
        <graphic n="https://diyhistory.org/public/phr2/iiif/3088/canvas/p6" url="https://diyhistory.org/public/phr2/files/original/d5ae4d3170498a7613c88fc0071ce84845a39231.jpg" />
      </surface>
      <surface>
        <graphic n="https://diyhistory.org/public/phr2/iiif/3088/canvas/p7" url="https://diyhistory.org/public/phr2/files/original/9f6b44e2d8bde5a196116e0b5cb16bc0b975e439.jpg" />
      </surface>
      <surface>
        <graphic n="https://diyhistory.org/public/phr2/iiif/3088/canvas/p8" url="https://diyhistory.org/public/phr2/files/original/c0a9571d517be9ae58f97290a6612eef9b9035a9.jpg" />
      </surface>
      <surface>
        <graphic n="https://diyhistory.org/public/phr2/iiif/3088/canvas/p9" url="https://diyhistory.org/public/phr2/files/original/169c068178f7edb9365b14b2ac9028bcfb4262a5.jpg" />
      </surface>
      <surface>
        <graphic n="https://diyhistory.org/public/phr2/iiif/3088/canvas/p10" url="https://diyhistory.org/public/phr2/files/original/06eae31d1cdadf280774d361b49fb069d6aa78ae.jpg" />
      </surface>
    </surfaceGrp>
  </facsimile>
  <text>
    <body>
      <div1 type="unknown_Croatian">
        <p>
          <lb />...<lb />
        </p>
      </div1>
    </body>
  </text>
</TEI>