<TEI xmlns="http://www.tei-c.org/ns/1.0">
  <teiHeader>
    <fileDesc>
      <titleStmt>
        <title>DSCN0575</title>
      </titleStmt>
      <publicationStmt>
        <p>Publication Information</p>
      </publicationStmt>
      <sourceDesc>
        <p>{ "saji:aspectRatioType": [ "A" ], "saji:fond": [ "Tursko 6" ] }</p>
      </sourceDesc>
    </fileDesc>
  </teiHeader>
  <facsimile>
    <surfaceGrp facs="https://diyhistory.org/public/phr2/iiif/2980/manifest">
      <surface>
        <graphic n="https://diyhistory.org/public/phr2/iiif/2980/canvas/p1" url="https://diyhistory.org/public/phr2/files/original/3a89e7961ab3d0185fb9fe5e53843d6ae8f7bcd1.jpg" />
        <zone lrx="1691" lry="3163" ulx="591" uly="290" xml:id="zone_rjh_qkj_2mb" />
        <zone lrx="1108" lry="832" ulx="661" uly="344" xml:id="zone_q4p_rkj_2mb" />
        <zone lrx="959" lry="820" ulx="824" uly="687" xml:id="zone_aby_vkj_2mb" />
      </surface>
      <surface>
        <graphic n="https://diyhistory.org/public/phr2/iiif/2980/canvas/p2" url="https://diyhistory.org/public/phr2/files/original/00add1e88cd955c4be738ba0e97d278ec11de854.jpg" />
        <zone lrx="2878" lry="927" ulx="345" uly="572" xml:id="zone_agc_xkj_2mb" />
      </surface>
    </surfaceGrp>
  </facsimile>
  <text>
    <body>
      <div1 facs="#zone_rjh_qkj_2mb" next="#zone_agc_xkj_2mb" type="hüccet">
        <p>
          <lb />... hurira <date cert="low" type="created" when="1827-11-25" when-custom="1243-05-07">fi'l-yevmi'l-sābʿ min şehri Cemaziye'l-evvel sene
          <lb />sālis ve arbaʿin ve mieteyn ve elif</date> ...
        </p>
        <div2 facs="#zone_q4p_rkj_2mb" type="sign">
          <p>
            <lb />...<lb />
          </p>
          <div3 facs="#zone_aby_vkj_2mb" type="stamp">
            <p>
              <lb />...<lb />
            </p>
          </div3>
        </div2>
        <div2 type="şühūdu’l-hāl">
          <p>
            <lb />...<lb />
          </p>
        </div2>
      </div1>
      <div1 facs="#zone_agc_xkj_2mb" type="summary_Croatian">
        <p>
          <lb />
          <lb />... <date type="summary_Croatian" when="1827">1827</date>
        </p>
      </div1>
    </body>
  </text>
</TEI>