<TEI xmlns="http://www.tei-c.org/ns/1.0">
<teiHeader>
<fileDesc>
<titleStmt>
<title>DSCN1663</title>
</titleStmt>
<publicationStmt>
<p>Publication Information</p>
</publicationStmt>
<sourceDesc>
<p>{ "saji:aspectRatioType": [ "A" ], "saji:fond": [ "Tursko 1" ] }</p>
</sourceDesc>
</fileDesc>
</teiHeader>
<facsimile>
<surfaceGrp facs="https://diyhistory.org/public/phr2/iiif/1201/manifest">
<surface>
<graphic n="https://diyhistory.org/public/phr2/iiif/1201/canvas/p1" url="https://diyhistory.org/public/phr2/files/original/d5eefb197067a949a61ed84329ca4762e2c3ee2c.jpg" />
<zone lrx="1773" lry="3181" ulx="545" uly="-18" xml:id="zone_rjx_fyw_1jb" />
<zone lrx="1042" lry="929" ulx="899" uly="798" xml:id="zone_d1m_hyw_1jb" />
</surface>
</surfaceGrp>
</facsimile>
<text>
<body>
<div1 facs="#zone_rjx_fyw_1jb" type="hüccet">
<p>
<lb />... minh <date type="created" when="1809-02-14" when-custom="1223">suls ve ʿaşrīn ve mieteyn ve elif</date><lb />
</p>
<div3 facs="#zone_d1m_hyw_1jb" type="stamp">
<p>
<lb />...<lb />
</p>
</div3>
</div1>
</body>
</text>
</TEI>