<TEI xmlns="http://www.tei-c.org/ns/1.0">
<teiHeader>
<fileDesc>
<titleStmt>
<title>DSCN1678</title>
</titleStmt>
<publicationStmt>
<p>Publication Information</p>
</publicationStmt>
<sourceDesc>
<p>{ "saji:aspectRatioType": [ "C" ], "saji:fond": [ "Tursko 1" ] }</p>
</sourceDesc>
</fileDesc>
</teiHeader>
<facsimile>
<surfaceGrp facs="https://diyhistory.org/public/phr2/iiif/1215/manifest">
<surface>
<graphic n="https://diyhistory.org/public/phr2/iiif/1215/canvas/p1" url="https://diyhistory.org/public/phr2/files/original/238faa4075f2565ff57140574acaea0201cc02e7.jpg" />
<zone lrx="2362" lry="2738" ulx="162" uly="50" xml:id="zone_xfv_fby_1jb" />
<zone lrx="442" lry="2510" ulx="224" uly="2362" xml:id="zone_jz1_hby_1jb" />
<zone lrx="2347" lry="1434" ulx="1879" uly="1091" xml:id="zone_kpx_hby_1jb" />
<zone lrx="2034" lry="1278" ulx="1884" uly="1110" xml:id="zone_qs4_3by_1jb" />
</surface>
<surface>
<graphic n="https://diyhistory.org/public/phr2/iiif/1215/canvas/p2" url="https://diyhistory.org/public/phr2/files/original/feff6b3c293237929ceeddbb93c8c206c33791c9.jpg" />
<zone lrx="2834" lry="972" ulx="656" uly="577" xml:id="zone_hcf_nby_1jb" />
</surface>
</surfaceGrp>
</facsimile>
<text>
<body>
<div1 facs="#zone_xfv_fby_1jb" type="emirnāme_sūret">
<p>
<lb />... fī <date type="created" when="1857-03-27" when-custom="1273-08-02">2 Ş sene 273</date><lb />
</p>
<div2 facs="#zone_jz1_hby_1jb" type="sign_sūret">
<p>
<lb />...<lb />
</p>
</div2>
<div2 facs="#zone_kpx_hby_1jb" type="sign">
<p>
<lb />...<lb />
</p>
<div3 facs="#zone_hcf_nby_1jb" type="stamp">
<p>
<lb />... fī <lb />
</p>
</div3>
</div2>
</div1>
<div1 facs="#zone_qs4_3by_1jb" type="summary_Croatian">
<p>
<lb />... <date type="summary_Croatian" when="1857">1857</date>. ...<lb />
<lb /><date type="summary_Croatian" when="1857-08-19" when-custom="1273">1273</date><lb />
</p>
</div1>
</body>
</text>
</TEI>