<TEI xmlns="http://www.tei-c.org/ns/1.0">
  <teiHeader>
    <fileDesc>
      <titleStmt>
        <title>DSCN0850</title>
      </titleStmt>
      <publicationStmt>
        <p>Publication Information</p>
      </publicationStmt>
      <sourceDesc>
        <p>{ "saji:aspectRatioType": [ "?" ], "saji:fond": [ "Tursko 8" ], "saji:memo": [ "・何を示しているか不明。\r\n・ボスニア語梗概？" ] }</p>
      </sourceDesc>
    </fileDesc>
  </teiHeader>
  <facsimile>
    <surfaceGrp facs="https://diyhistory.org/public/phr2/iiif/3239/manifest">
      <surface>
        <graphic n="https://diyhistory.org/public/phr2/iiif/3239/canvas/p1" url="https://diyhistory.org/public/phr2/files/original/7c10a5ee7f746b8062319d5707c1562b9c6fb9b3.jpg" />
      </surface>
      <surface>
        <graphic n="https://diyhistory.org/public/phr2/iiif/3239/canvas/p2" url="https://diyhistory.org/public/phr2/files/original/bc7752286024fd997718fd96d887fc7a0719974c.jpg" />
      </surface>
      <surface>
        <graphic n="https://diyhistory.org/public/phr2/iiif/3239/canvas/p3" url="https://diyhistory.org/public/phr2/files/original/f67b0e821aa2acc71fd5ad74dd6eb1c17444b9b5.jpg" />
      </surface>
    </surfaceGrp>
  </facsimile>
  <text>
    <body>
      <div1 type="unknown_Croatian">
        <p>
          <lb />...<lb />
        </p>
      </div1>
    </body>
  </text>
</TEI>