<TEI xmlns="http://www.tei-c.org/ns/1.0">
<teiHeader>
<fileDesc>
<titleStmt>
<title>DSCN1818</title>
</titleStmt>
<publicationStmt>
<p>Publication Information</p>
</publicationStmt>
<notesStmt>
<note type="mine">buyurulduの筆跡から、全体が写しの可能性がある。しかし、写しであるという記述や署名がないことから、原本の可能性もある。</note>
</notesStmt>
<sourceDesc>
<p>{ "saji:aspectRatioType": [ "B" ], "saji:fond": [ "Tursko 1" ] }</p>
</sourceDesc>
</fileDesc>
</teiHeader>
<facsimile>
<surfaceGrp facs="https://diyhistory.org/public/phr2/iiif/1349/manifest">
<surface>
<graphic n="https://diyhistory.org/public/phr2/iiif/1349/canvas/p1" url="https://diyhistory.org/public/phr2/files/original/b72db84869fc8213d5856c5426bc3c6c33ffca85.jpg" />
<zone lrx="1767" lry="3058" ulx="158" uly="1408" xml:id="zone_ers_ds4_cjb" />
<zone lrx="529" lry="2998" ulx="320" uly="2694" xml:id="zone_w5m_3s4_cjb" />
<zone lrx="1324" lry="1388" ulx="162" uly="673" xml:id="zone_urn_js4_cjb" />
</surface>
<surface>
<graphic n="https://diyhistory.org/public/phr2/iiif/1349/canvas/p2" url="https://diyhistory.org/public/phr2/files/original/5cb4608ab4aecd733175af4a694d5455dd8a9d72.jpg" />
<zone lrx="2462" lry="761" ulx="284" uly="533" xml:id="zone_kg2_ls4_cjb" />
</surface>
</surfaceGrp>
</facsimile>
<text>
<body>
<div1 facs="#zone_ers_ds4_cjb" type="mürāsele">
<p>
<lb />... fī <date type="created" when="1784-02-20" when-custom="1198-03">Rebi'ü'l-evvel sene 1198</date><lb />
</p>
<div2 facs="#zone_w5m_3s4_cjb" type="sign">
<p>
<lb />...<lb />
</p>
</div2>
</div1>
<div1 facs="#zone_urn_js4_cjb" type="buyuruldu">
<p>
<lb />buyuruldu fī <date type="created" when="1784-01-06" when-custom="1198-02-13">S 13 sene 1198</date><lb />
</p>
</div1>
<div1 facs="#zone_kg2_ls4_cjb" type="summary_Croatian">
<p>
<lb />...<lb />
</p>
</div1>
</body>
</text>
</TEI>