<TEI xmlns="http://www.tei-c.org/ns/1.0">
  <teiHeader>
    <fileDesc>
      <titleStmt>
        <title>DSCN0654</title>
      </titleStmt>
      <publicationStmt>
        <p>Publication Information</p>
      </publicationStmt>
      <notesStmt>
        <note type="mine">altı senelik virgü ʿilmühaber</note>
      </notesStmt>
      <sourceDesc>
        <p>{ "saji:aspectRatioType": [ "A" ], "saji:fond": [ "Tursko 7" ] }</p>
      </sourceDesc>
    </fileDesc>
  </teiHeader>
  <facsimile>
    <surfaceGrp facs="https://diyhistory.org/public/phr2/iiif/3058/manifest">
      <surface>
        <graphic n="https://diyhistory.org/public/phr2/iiif/3058/canvas/p1" url="https://diyhistory.org/public/phr2/files/original/90e821c47fb465f80d3572dcb71dfc687a58598b.jpg" />
        <zone lrx="1770" lry="3220" ulx="650" uly="20" xml:id="zone_vbm_5dq_2mb" />
      </surface>
      <surface>
        <graphic n="https://diyhistory.org/public/phr2/iiif/3058/canvas/p2" url="https://diyhistory.org/public/phr2/files/original/5a9a44b8dc07dc07b0bc378c7b7299273883f639.jpg" />
      </surface>
      <surface>
        <graphic n="https://diyhistory.org/public/phr2/iiif/3058/canvas/p3" url="https://diyhistory.org/public/phr2/files/original/d6f9aa57383f5d4d26fcfe8dc35c88fe18b1edf2.jpg" />
      </surface>
      <surface>
        <graphic n="https://diyhistory.org/public/phr2/iiif/3058/canvas/p4" url="https://diyhistory.org/public/phr2/files/original/b402ade94f42e0787556c67dfbb19fa75d4da317.jpg" />
        <zone lrx="2750" lry="1611" ulx="1073" uly="1166" xml:id="zone_rvb_zdq_2mb" />
      </surface>
    </surfaceGrp>
  </facsimile>
  <text>
    <body>
      <div1 facs="#zone_vbm_5dq_2mb" next="#zone_rvb_zdq_2mb" type="ʿilmühaber">
        <p>
          <lb />...<lb />
        </p>
      </div1>
      <div1 facs="#zone_rvb_zdq_2mb" type="memo_Croatian">
        <p>
          <lb />...<lb />
        </p>
      </div1>
    </body>
  </text>
</TEI>