<TEI xmlns="http://www.tei-c.org/ns/1.0">
	<teiHeader>
		<fileDesc>
			<titleStmt>
				<title>DSCN1824</title>
			</titleStmt>
			<publicationStmt>
				<p>Publication Information</p>
			</publicationStmt>
			<notesStmt>
				<note type="summary">ジズヤの支払い証明</note>
				<note type="summary">ジズヤ関連</note>
				<note type="mine">【要】日付：すべて年代は下二桁しか記述されていない。ルールに基づき1200年代と判断したが、要検討。</note>
			</notesStmt>
			<sourceDesc>
				<p>{ "saji:aspectRatioType": [ "C" ], "saji:fond": [ "Tursko 1" ], "saji:memo": [ "典型" ] }</p>
			</sourceDesc>
		</fileDesc>
	</teiHeader>
	<facsimile>
		<surfaceGrp facs="https://diyhistory.org/public/phr2/iiif/1355/manifest">
			<surface>
				<graphic n="https://diyhistory.org/public/phr2/iiif/1355/canvas/p1" url="https://diyhistory.org/public/phr2/files/original/d104fe0464dc3910b82ce5b18c34b3f27c01829a.jpg"/>
				<zone lrx="2197" lry="878" ulx="1707" uly="278" xml:id="zone_hbc_g54_cjb"/>
				<zone lrx="1816" lry="778" ulx="1707" uly="637" xml:id="zone_brg_nv4_cjb"/>
				<zone lrx="1708" lry="850" ulx="1184" uly="258" xml:id="zone_zdw_tv4_cjb"/>
				<zone lrx="1330" lry="835" ulx="1194" uly="750" xml:id="zone_pcp_5v4_cjb"/>
				<zone lrx="1184" lry="861" ulx="645" uly="249" xml:id="zone_db2_vv4_cjb"/>
				<zone lrx="798" lry="855" ulx="652" uly="739" xml:id="zone_crc_wv4_cjb"/>
				<zone lrx="647" lry="881" ulx="119" uly="253" xml:id="zone_x3v_wv4_cjb"/>
				<zone lrx="255" lry="877" ulx="120" uly="765" xml:id="zone_yzp_xv4_cjb"/>
				<zone lrx="2229" lry="1607" ulx="1713" uly="901" xml:id="zone_zpn_zv4_cjb"/>
				<zone lrx="1850" lry="1596" ulx="1715" uly="1467" xml:id="zone_oms_1w4_cjb"/>
				<zone lrx="1715" lry="1590" ulx="1178" uly="899" xml:id="zone_fqj_bw4_cjb"/>
				<zone lrx="1327" lry="1570" ulx="1179" uly="1457" xml:id="zone_asd_cw4_cjb"/>
				<zone lrx="1176" lry="1562" ulx="627" uly="905" xml:id="zone_czw_cw4_cjb"/>
				<zone lrx="805" lry="1547" ulx="631" uly="1417" xml:id="zone_p2c_2w4_cjb"/>
				<zone lrx="635" lry="1496" ulx="85" uly="891" xml:id="zone_dgb_fw4_cjb"/>
				<zone lrx="243" lry="1492" ulx="88" uly="1354" xml:id="zone_tx5_fw4_cjb"/>
				<zone lrx="2245" lry="2398" ulx="1709" uly="1725" xml:id="zone_ezq_hw4_cjb"/>
				<zone lrx="1835" lry="2392" ulx="1712" uly="2230" xml:id="zone_pbh_jw4_cjb"/>
				<zone lrx="1723" lry="2384" ulx="1170" uly="1707" xml:id="zone_ubz_jw4_cjb"/>
				<zone lrx="1307" lry="2376" ulx="1172" uly="2209" xml:id="zone_ynq_kw4_cjb"/>
				<zone lrx="1174" lry="2345" ulx="624" uly="1707" xml:id="zone_vz3_lw4_cjb"/>
				<zone lrx="758" lry="2337" ulx="626" uly="2205" xml:id="zone_hjb_mw4_cjb"/>
				<zone lrx="635" lry="2433" ulx="83" uly="1695" xml:id="zone_cwy_mw4_cjb"/>
				<zone lrx="245" lry="2429" ulx="85" uly="2234" xml:id="zone_kpq_nw4_cjb"/>
				<zone lrx="2230" lry="3180" ulx="1025" uly="2420" xml:id="zone_mmy_4w4_cjb"/>
				<zone lrx="1267" lry="2807" ulx="1060" uly="2647" xml:id="zone_qwz_pw4_cjb"/>
				<zone lrx="1184" lry="2778" ulx="1079" uly="2668" xml:id="zone_ztq_rw4_cjb"/>
				<zone lrx="1291" lry="2625" ulx="1071" uly="2477" xml:id="zone_fkm_sw4_cjb"/>
				<zone lrx="1193" lry="2618" ulx="1084" uly="2494" xml:id="zone_wnb_tw4_cjb"/>
			</surface>
			<surface>
				<graphic n="https://diyhistory.org/public/phr2/iiif/1355/canvas/p2" url="https://diyhistory.org/public/phr2/files/original/0e037214a8054a09b76a5a60f9a4611e2ee90f5a.jpg"/>
			</surface>
			<surface>
				<graphic n="https://diyhistory.org/public/phr2/iiif/1355/canvas/p3" url="https://diyhistory.org/public/phr2/files/original/7816e1cef4d49614a66b289222382e68136a9f6e.jpg"/>
			</surface>
		</surfaceGrp>
	</facsimile>
	<text>
		<body>
			<div1 facs="#zone_hbc_g54_cjb" type="ʿilmühaber">
				<p>
					<lb/>... fī <date type="created" when="1854-04-13" when-custom="1270-07-16">16 B sene 70</date>
					<lb/>
				</p>
				<div2 facs="#zone_brg_nv4_cjb" type="sign">
					<p>
						<lb/>...
						<lb/>
					</p>
				</div2>
			</div1>
			<div1 facs="#zone_zdw_tv4_cjb" type="ʿilmühaber">
				<p>
					<lb/>... fī <date type="created" when="1854-04-10" when-custom="1270-07-13">13 B sene 70</date>
					<lb/>
				</p>
				<div2 facs="#zone_pcp_5v4_cjb" type="sign">
					<p>
						<lb/>...
						<lb/>
					</p>
				</div2>
			</div1>
			<div1 facs="#zone_db2_vv4_cjb" type="ʿilmühaber">
				<p>
					<lb/>... fī <date type="created" when="1854-04-28" when-custom="1270-08-01">gürre Ş sene 70</date>
					<lb/>
				</p>
				<div2 facs="#zone_crc_wv4_cjb" type="sign">
					<p>
						<lb/>...
						<lb/>
					</p>
				</div2>
			</div1>
			<div1 facs="#zone_x3v_wv4_cjb" type="ʿilmühaber">
				<p>
					<lb/>... <date cert="low" type="created" when="1853-09-29" when-custom="1269--26">sene 69 fī 26</date> ...
					<lb/>
				</p>
				<div2 facs="#zone_yzp_xv4_cjb" type="sign">
					<p>
						<lb/>...
						<lb/>
					</p>
				</div2>
			</div1>
			<div1 facs="#zone_zpn_zv4_cjb" type="ʿilmühaber">
				<p>
					<lb/>... fī <date type="created" when="1854-03-29" when-custom="1270-07-01">gürre B sene 70</date>
					<lb/>
				</p>
				<div2 facs="#zone_oms_1w4_cjb" type="sign">
					<p>
						<lb/>...
						<lb/>
					</p>
				</div2>
			</div1>
			<div1 facs="#zone_fqj_bw4_cjb" type="ʿilmühaber">
				<p>
					<lb/>... fī <date type="created" when="1853-12-21" when-custom="1270-03-21">21 Ra sene 70</date>
					<lb/>
				</p>
				<div2 facs="#zone_asd_cw4_cjb" type="sign">
					<p>
						<lb/>...
						<lb/>
					</p>
				</div2>
			</div1>
			<div1 facs="#zone_czw_cw4_cjb" type="ʿilmühaber">
				<p>
					<lb/>...
					<lb/>
				</p>
				<div2 facs="#zone_p2c_2w4_cjb" type="sign">
					<p>
						<lb/>...
						<lb/>
					</p>
				</div2>
			</div1>
			<div1 facs="#zone_dgb_fw4_cjb" type="ʿilmühaber">
				<p>
					<lb/>... fī <date type="created" when="1853-12-15" when-custom="1270-03-15">15 Ra sene 70</date>
					<lb/>
				</p>
				<div2 facs="#zone_tx5_fw4_cjb" type="sign">
					<p>
						<lb/>...
						<lb/>
					</p>
				</div2>
			</div1>
			<div1 facs="#zone_ezq_hw4_cjb" type="ʿilmühaber">
				<p>
					<lb/>... fī <date type="created" when="1854-09-07" when-custom="1270--15">15 ... sene 70</date>
					<lb/>
				</p>
				<div2 facs="#zone_pbh_jw4_cjb" type="sign">
					<p>
						<lb/>...
						<lb/>
					</p>
				</div2>
			</div1>
			<div1 facs="#zone_ubz_jw4_cjb" type="ʿilmühaber">
				<p>
					<lb/>... fī <date type="created" when="1854-04-12" when-custom="1270-07-15">15 Receb sene 70</date>
					<lb/>
				</p>
				<div2 facs="#zone_ynq_kw4_cjb" type="sign">
					<p>
						<lb/>...
						<lb/>
					</p>
				</div2>
			</div1>
			<div1 facs="#zone_vz3_lw4_cjb" type="ʿilmühaber">
				<p>
					<lb/>... fī ... <date type="created" when="1854-09-21" when-custom="1270">sene 70</date>
					<lb/>
				</p>
				<div2 facs="#zone_hjb_mw4_cjb" type="sign">
					<p>
						<lb/>...
						<lb/>
					</p>
				</div2>
			</div1>
			<div1 facs="#zone_cwy_mw4_cjb" type="ʿilmühaber">
				<p>
					<lb/>... fī <date type="created" when="1854-05-12" when-custom="1270-08-15">15 Ş sene 70</date>
					<lb/>
				</p>
				<div2 facs="#zone_kpq_nw4_cjb" type="sign">
					<p>
						<lb/>...
						<lb/>
					</p>
				</div2>
			</div1>
			<div1 facs="#zone_mmy_4w4_cjb" type="ʿedā_senedi">
				<p>
					<lb/>... fī <date type="created" when="1854-09-17" when-custom="1270-12-25">25 Z sene 70</date>
					<lb/>
				</p>
				<div2 facs="#zone_qwz_pw4_cjb" type="sign">
					<p>
						<lb/>...
						<lb/>
					</p>
					<div3 facs="#zone_ztq_rw4_cjb" type="stamp">
						<p>
							<lb/>...
							<lb/>
						</p>
					</div3>
				</div2>
				<div2 facs="#zone_fkm_sw4_cjb" type="sign">
					<p>
						<lb/>...
						<lb/>
					</p>
					<div3 facs="#zone_wnb_tw4_cjb" type="stamp">
						<p>
							<lb/>...
							<lb/>
						</p>
					</div3>
				</div2>
			</div1>
		</body>
	</text>
</TEI>
