<TEI xmlns="http://www.tei-c.org/ns/1.0">
<teiHeader>
<fileDesc>
<titleStmt>
<title>DSCN0209</title>
</titleStmt>
<publicationStmt>
<p>Publication Information</p>
</publicationStmt>
<sourceDesc>
<p>{ "saji:aspectRatioType": [ "D" ], "saji:fond": [ "Tursko 3" ] }</p>
</sourceDesc>
</fileDesc>
</teiHeader>
<facsimile>
<surfaceGrp facs="https://diyhistory.org/public/phr2/iiif/1688/manifest">
<surface>
<graphic n="https://diyhistory.org/public/phr2/iiif/1688/canvas/p1" url="https://diyhistory.org/public/phr2/files/original/cfb29ba325a7198ccb6c61f87c4b968c316f94dc.jpg" />
<zone lrx="1543" lry="2442" ulx="400" uly="492" xml:id="zone_sxs_l1k_kjb" />
</surface>
</surfaceGrp>
</facsimile>
<text>
<body>
<div1 facs="#zone_sxs_l1k_kjb" type="fetvā">
<p>
<lb />...<lb />
</p>
</div1>
</body>
</text>
</TEI>