<TEI xmlns="http://www.tei-c.org/ns/1.0">
	<teiHeader>
		<fileDesc>
			<titleStmt>
				<title>DSCN0580</title>
			</titleStmt>
			<publicationStmt>
				<p>Publication Information</p>
			</publicationStmt>
			<notesStmt>
				<note type="summary">各地の修道院長gardiyānが、Cevdet Paşaの調査官mufettişに行った陳情</note>
				<note type="mine">1281.Ra.</note>
				<note type="mine">Ahmet Cevdet Paşaについては、江川先生の岩波講座世界史を参照する。</note>
				<note type="mine">Meclis-i kebīr（州地方評議会）については、秋葉先生の地方評議会の論文を読む。</note>
				<note type="mine">秋葉先生と読み合わせしてもらった。【要】ノート(no.2)および音声メモ確認(20190725)</note>
			</notesStmt>
			<sourceDesc>
				<p>{ "saji:aspectRatioType": [ "C" ], "saji:fond": [ "Tursko 6" ], "saji:memo": [ "典型" ] }</p>
			</sourceDesc>
		</fileDesc>
	</teiHeader>
	<facsimile>
		<surfaceGrp facs="https://diyhistory.org/public/phr2/iiif/2984/manifest">
			<surface>
				<graphic n="https://diyhistory.org/public/phr2/iiif/2984/canvas/p1" url="https://diyhistory.org/public/phr2/files/original/2de1f713a290a4b7ab526c32681a0963525aa8b6.jpg"/>
				<zone lrx="2240" lry="3100" ulx="190" uly="10" xml:id="zone_rrg_3nj_2mb"/>
			</surface>
			<surface>
				<graphic n="https://diyhistory.org/public/phr2/iiif/2984/canvas/p2" url="https://diyhistory.org/public/phr2/files/original/ed7402c88e19ce0ff2d992fca9d9063d7ba53b16.jpg"/>
			</surface>
			<surface>
				<graphic n="https://diyhistory.org/public/phr2/iiif/2984/canvas/p3" url="https://diyhistory.org/public/phr2/files/original/61d0535fa141df034e3521cdc24ef300e991787a.jpg"/>
			</surface>
			<surface>
				<graphic n="https://diyhistory.org/public/phr2/iiif/2984/canvas/p4" url="https://diyhistory.org/public/phr2/files/original/74d16dd4bc81e3986e3d00aa398a540c194bd747.jpg"/>
			</surface>
			<surface>
				<graphic n="https://diyhistory.org/public/phr2/iiif/2984/canvas/p5" url="https://diyhistory.org/public/phr2/files/original/792729300b82c2971be5ab8561b5702aea83796e.jpg"/>
				<zone lrx="2464" lry="1604" ulx="2219" uly="1377" xml:id="zone_i5b_mnj_2mb"/>
				<zone lrx="1940" lry="1482" ulx="1712" uly="1267" xml:id="zone_vcq_mnj_2mb"/>
				<zone lrx="1511" lry="1404" ulx="1283" uly="1169" xml:id="zone_qrl_nnj_2mb"/>
				<zone lrx="1075" lry="1341" ulx="845" uly="1087" xml:id="zone_jx1_4nj_2mb"/>
				<zone lrx="575" lry="1227" ulx="370" uly="1006" xml:id="zone_v35_4nj_2mb"/>
			</surface>
			<surface>
				<graphic n="https://diyhistory.org/public/phr2/iiif/2984/canvas/p6" url="https://diyhistory.org/public/phr2/files/original/7aa7a2ac7c9d6cebcdc4c63f4bbb28c47f439376.jpg"/>
				<zone lrx="1950" lry="1466" ulx="439" uly="216" xml:id="zone_djm_qnj_2mb"/>
			</surface>
		</surfaceGrp>
	</facsimile>
	<text>
		<body>
			<div1 facs="#zone_rrg_3nj_2mb" next="#zone_djm_qnj_2mb" type="müzekkire">
				<p>
					<lb/>
					<lb/>... fī <date type="created" when="1864-08-31" when-custom="1281-03-29">29 Rebi'ü'l-evvel sene 1281</date>
				</p>
				<div2 facs="#zone_i5b_mnj_2mb" type="sign">
					<p>
						<lb/>...
						<lb/>
					</p>
				</div2>
				<div2 facs="#zone_vcq_mnj_2mb" type="sign">
					<p>
						<lb/>...
						<lb/>
					</p>
				</div2>
				<div2 facs="#zone_qrl_nnj_2mb" type="sign">
					<p>
						<lb/>...
						<lb/>
					</p>
				</div2>
				<div2 facs="#zone_jx1_4nj_2mb" type="sign">
					<p>
						<lb/>...
						<lb/>
					</p>
				</div2>
				<div2 facs="#zone_v35_4nj_2mb" type="sign">
					<p>
						<lb/>...
						<lb/>
					</p>
				</div2>
			</div1>
			<div1 facs="#zone_djm_qnj_2mb" type="summary_Croatian">
				<p>
					<lb/>... <date cert="low" type="summary_Croatian" when="1564">1564</date> ...
					<lb/>
				</p>
			</div1>
		</body>
	</text>
</TEI>
