<TEI xmlns="http://www.tei-c.org/ns/1.0">
<teiHeader>
<fileDesc>
<titleStmt>
<title>DSCN0899</title>
</titleStmt>
<publicationStmt>
<p>Publication Information</p>
</publicationStmt>
<sourceDesc>
<p>{ "saji:aspectRatioType": [ "C" ], "saji:calligraphy": [ "Rıkʿa" ], "saji:date_H": [
          "1179-M-23" ], "saji:date_M": [ "1765-07-12" ], "saji:foldingMethod": [ "4×2" ],
          "saji:fond": [ "Tursko 1" ], "saji:item": [ "本文", "宸筆1", "宸筆2", "オスマン朝スタンプ", "ボスニア語梗概" ],
          "saji:lang": [ "ota", "bos" ], "saji:lineage": [ "9" ], "saji:memo": [ "教会の修繕に関するもの？",
          "典型" ], "saji:number": [ "152" ], "saji:relationWithAnotherItems": [ "DSCN0899.JPG_表",
          "表全体像" ], "saji:stamp_o": [ "1" ], "saji:transcription": [ "Der devlet-i ... ʿarż dāʿī ...
          budur ki; madīna-i Saray Bosna ḳażāsı ... nefs-i Kreşevo ḳaṣabasında vāḳʿ ... yedilerinde
          Türk(?) olunan kilisayı\r\n... rāhibleri meclis-i şerʿye gelüb şöyle ... eylediler ki fetḥ
          ... hümāyūn ... reʿāyāsı fuḳarālar(i)çün Türk olunub ḳaṣaba-i meẕkūrede\r\nvāḳʿ kilisaya
          tārīḫ-ı kitābdan üç ay muḳaddem bi-ḳażā-i ... ateş ... idüb kilisa-i meẕkūreniñ ... vāḳʿ
          ... ve sāyer\r\n... olan" ], "saji:type": [ "iʿlām", "Der-devlet-i" ] }</p>
</sourceDesc>
</fileDesc>
</teiHeader>
<facsimile>
<surfaceGrp facs="https://diyhistory.org/public/phr2/iiif/1017/manifest">
<surface>
<graphic n="https://diyhistory.org/public/phr2/iiif/1017/canvas/p1" url="https://diyhistory.org/public/phr2/files/original/21eaab35805116552ecfbc53d649fae3eba731dc.jpg" />
<zone lrx="2121" lry="583" ulx="1541" uly="267" xml:id="zone_xmj_vk3_x3b" />
</surface>
<surface>
<graphic n="https://diyhistory.org/public/phr2/iiif/1017/canvas/p2" url="https://diyhistory.org/public/phr2/files/original/37e7fe6730cab8fd241577cc60eccd76772e2057.jpg" />
<zone lrx="2017" lry="2000" ulx="239" uly="888" xml:id="zone_klr_xk3_x3b" />
<zone lrx="2868" lry="1204" ulx="2403" uly="778" xml:id="zone_sz3_1l3_x3b" />
<zone lrx="2832" lry="1190" ulx="2638" uly="1011" xml:id="zone_tpr_bl3_x3b" />
</surface>
<surface>
<graphic n="https://diyhistory.org/public/phr2/iiif/1017/canvas/p3" url="https://diyhistory.org/public/phr2/files/original/e6dac0b8270dcd3e522f568799993e9704a455ae.jpg" />
<zone lrx="2834" lry="1261" ulx="23" uly="944" xml:id="zone_n5h_2l3_x3b" />
</surface>
</surfaceGrp>
</facsimile>
<text>
<body>
<div1 facs="#zone_klr_xk3_x3b" type="iʿlām">
<l>... <date type="created" when="1765-07-11" when-custom="1179-01-23">fi'l-yevmi'l-sālis ve'l-ʿaşrīn min Muharrem'l-harām sene tisʿ ve sabʿīn ve miye ve elif</date></l>
</div1>
<div1 cert="low" facs="#zone_sz3_1l3_x3b" type="buyuruldu">
<div3 facs="#zone_tpr_bl3_x3b" type="stamp" />
</div1>
<div1 cert="low" facs="#zone_xmj_vk3_x3b" type="buyuruldu" />
<div1 facs="#zone_n5h_2l3_x3b" type="summary_Serbian">
<l>... <date type="summart_Serbian" when="1765">1765</date></l>
</div1>
</body>
</text>
</TEI>