<TEI xmlns="http://www.tei-c.org/ns/1.0">
<teiHeader>
<fileDesc>
<titleStmt>
<title>DSCN1644</title>
</titleStmt>
<publicationStmt>
<p>Publication Information</p>
</publicationStmt>
<sourceDesc>
<p>{ "saji:aspectRatioType": [ "C" ], "saji:fond": [ "Tursko 1" ] }</p>
</sourceDesc>
</fileDesc>
</teiHeader>
<facsimile>
<surfaceGrp facs="https://diyhistory.org/public/phr2/iiif/1183/manifest">
<surface>
<graphic n="https://diyhistory.org/public/phr2/iiif/1183/canvas/p1" url="https://diyhistory.org/public/phr2/files/original/bb8ce48d3c7189103da8985efb45db72eb0b03ef.jpg" />
<zone lrx="1510" lry="2860" ulx="150" uly="40" xml:id="zone_ffp_xfk_1jb" />
</surface>
<surface>
<graphic n="https://diyhistory.org/public/phr2/iiif/1183/canvas/p2" url="https://diyhistory.org/public/phr2/files/original/4f04a0e5483056d33f2bb4527655aed580c8a23b.jpg" />
<zone lrx="3023" lry="1088" ulx="50" uly="427" xml:id="zone_hmg_zfk_1jb" />
</surface>
</surfaceGrp>
</facsimile>
<text>
<body>
<div1 facs="#zone_ffp_xfk_1jb" type="iʿlām">
<p>
<lb />... fī <date type="created" when="1798-03-19" when-custom="1212-10-02">2 L 1212</date><lb />
</p>
</div1>
<div1 facs="#zone_hmg_zfk_1jb" type="summary_Croatian">
<p>
<lb />... <date type="summary_Croatian" when="1798-03-23">23 Martu 1798</date>, ...<lb />
</p>
</div1>
</body>
</text>
</TEI>