<TEI xmlns="http://www.tei-c.org/ns/1.0">
<teiHeader>
<fileDesc>
<titleStmt>
<title>DSCN1687</title>
</titleStmt>
<publicationStmt>
<p>Publication Information</p>
</publicationStmt>
<notesStmt>
<note type="summary">複数の文書を「178」という番号でバインドしていることを示す画像。</note>
<note type="mine">この画像の後、バインド内の各文書の画像が続く。</note>
<note type="mine">【要】文書カウントから外す。</note>
</notesStmt>
<sourceDesc>
<p>{
  "saji:aspectRatioType": [
    "n/a"
  ],
  "saji:fond": [
    "Tursko 1"
  ]
}</p>
</sourceDesc>
</fileDesc>
</teiHeader>
<facsimile>
<surfaceGrp facs="https://diyhistory.org/public/phr2/iiif/1223/manifest">
<surface><graphic n="https://diyhistory.org/public/phr2/iiif/1223/canvas/p1" url="https://diyhistory.org/public/phr2/files/original/3e2ee54db29d1df50d04c8a079d6be828cab1079.jpg" /></surface>
<surface>
<graphic n="https://diyhistory.org/public/phr2/iiif/1223/canvas/p2" url="https://diyhistory.org/public/phr2/files/original/677d299b1a21f141a6c1f8f560551fc61b672cb0.jpg" />
</surface>
</surfaceGrp>
</facsimile>
<text>
<body>
<p />
</body>
</text>
</TEI>