<TEI xmlns="http://www.tei-c.org/ns/1.0">
	<teiHeader>
		<fileDesc>
			<titleStmt>
				<title>DSCN0991</title>
			</titleStmt>
			<publicationStmt>
				<p>Publication Information</p>
			</publicationStmt>
			<sourceDesc>
				<p>{ "saji:aspectRatioType": [ "B" ], "saji:fond": [ "Tursko 1" ] }</p>
			</sourceDesc>
		</fileDesc>
	</teiHeader>
	<facsimile>
		<surfaceGrp facs="https://diyhistory.org/public/phr2/iiif/1107/manifest">
			<surface>
				<graphic n="https://diyhistory.org/public/phr2/iiif/1107/canvas/p1" url="https://diyhistory.org/public/phr2/files/original/bbaba37b37a9d6524f6ed687eb12e43751dfb17e.jpg"/>
				<zone lrx="1800" lry="2535" ulx="400" uly="1392" xml:id="zone_h1l_lnf_z3b"/>
			</surface>
			<surface>
				<graphic n="https://diyhistory.org/public/phr2/iiif/1107/canvas/p2" url="https://diyhistory.org/public/phr2/files/original/594c04355f2a25ebae7d93e1c866792ccec3563e.jpg"/>
				<zone lrx="805" lry="888" ulx="621" uly="737" xml:id="zone_ivf_nnf_z3b"/>
			</surface>
		</surfaceGrp>
	</facsimile>
	<text>
		<body>
			<div1 cert="low" facs="#zone_h1l_lnf_z3b" type="mülāsele">
				<p>
				<lb/>
				<lb/>... <date type="created" when="1774-12-21" when-custom="1188-10-18">... fī 18 Şevvāl el-mükerrem sene 1188</date>
				<div2>
					<p>
					<div3 facs="#zone_ivf_nnf_z3b" type="stamp"/>
					</div3>
						</p>
				</div2>
					</p>
			</div1>
		</body>
	</text>
</TEI>
