<TEI xmlns="http://www.tei-c.org/ns/1.0">
<teiHeader>
<fileDesc>
<titleStmt>
<title>DSCN0125</title>
</titleStmt>
<publicationStmt>
<p>Publication Information</p>
</publicationStmt>
<notesStmt>
<note type="mine">【要】典型：自己言及でbuyurulduとあるが、これはbuyurulduなのか？</note>
<note type="mine">【要】日付：クロアチア語要約の月はRaとなっていたが、Bではないのか？</note>
<note type="mine">署名：傘型</note>
</notesStmt>
<sourceDesc>
<p>{ "saji:aspectRatioType": [ "B" ], "saji:fond": [ "Tursko 3" ] }</p>
</sourceDesc>
</fileDesc>
</teiHeader>
<facsimile>
<surfaceGrp facs="https://diyhistory.org/public/phr2/iiif/1609/manifest">
<surface>
<graphic n="https://diyhistory.org/public/phr2/iiif/1609/canvas/p1" url="https://diyhistory.org/public/phr2/files/original/317762cd31536dc1b13d4958646107fd6541e289.jpg" />
<zone lrx="2354" lry="3081" ulx="91" uly="227" xml:id="zone_nhk_kmv_2jb" />
<zone lrx="1240" lry="2995" ulx="253" uly="1691" xml:id="zone_elf_mmv_2jb" />
<zone lrx="983" lry="2244" ulx="832" uly="2097" xml:id="zone_et2_nmv_2jb" />
</surface>
<surface>
<graphic n="https://diyhistory.org/public/phr2/iiif/1609/canvas/p2" url="https://diyhistory.org/public/phr2/files/original/0cc4ff91f9ce564e04094c83b3d1235ab1a46f24.jpg" />
<zone lrx="2845" lry="1444" ulx="295" uly="266" xml:id="zone_ytn_4mv_2jb" />
</surface>
<surface>
<graphic n="https://diyhistory.org/public/phr2/iiif/1609/canvas/p3" url="https://diyhistory.org/public/phr2/files/original/2914961e357470d5e31e0827dcca9efe4e51de40.jpg" />
</surface>
<surface>
<graphic n="https://diyhistory.org/public/phr2/iiif/1609/canvas/p4" url="https://diyhistory.org/public/phr2/files/original/8f9d92057c063c1ecfbc7e2b86f6abe980e50063.jpg" />
<zone lrx="3043" lry="2286" ulx="285" uly="357" xml:id="zone_jtz_rmv_2jb" />
</surface>
</surfaceGrp>
</facsimile>
<text>
<body>
<div1 cert="low" facs="#zone_nhk_kmv_2jb" type="beyāz_üzerine_buyuruldu">
<p>
<lb />fī <date type="created" when="1820-04-27" when-custom="1235-07-15">15 B sene 35</date><lb />
</p>
<div2 facs="#zone_elf_mmv_2jb" type="sign">
<p>
<lb />...<lb />
</p>
<div3 facs="#zone_et2_nmv_2jb" type="stamp">
<p>
<lb />...<lb />
</p>
</div3>
</div2>
</div1>
<div1 facs="#zone_ytn_4mv_2jb" type="summary_Croatian">
<p>
<lb />...<lb />
</p>
</div1>
<div1 facs="#zone_jtz_rmv_2jb" type="translation_Croatian">
<p>
<lb /><date type="translation_Croatian" when="1820-01-30" when-custom="1235-04-15">15. Rebjulahira 1235</date>.<lb />
</p>
</div1>
</body>
</text>
</TEI>