<TEI xmlns="http://www.tei-c.org/ns/1.0">
<teiHeader>
<fileDesc>
<titleStmt>
<title>DSCN1885</title>
</titleStmt>
<publicationStmt>
<p>Publication Information</p>
</publicationStmt>
<notesStmt>
<note type="mine">【要】典型：自己言及がない。要検討。</note>
</notesStmt>
<sourceDesc>
<p>{ "saji:aspectRatioType": [ "C" ], "saji:fond": [ "Tursko 1" ] }</p>
</sourceDesc>
</fileDesc>
</teiHeader>
<facsimile>
<surfaceGrp facs="https://diyhistory.org/public/phr2/iiif/1415/manifest">
<surface>
<graphic n="https://diyhistory.org/public/phr2/iiif/1415/canvas/p1" url="https://diyhistory.org/public/phr2/files/original/dbfafcdf7b227a632c27a95ed21815c6f74799cf.jpg" />
<zone lrx="1670" lry="3161" ulx="50" uly="100" xml:id="zone_fny_jsw_cjb" />
<zone lrx="551" lry="3107" ulx="94" uly="2480" xml:id="zone_bvw_lsw_cjb" />
</surface>
<surface>
<graphic n="https://diyhistory.org/public/phr2/iiif/1415/canvas/p2" url="https://diyhistory.org/public/phr2/files/original/f586c244fc94f11ed1d90987536eb49902bea36c.jpg" />
<zone lrx="2156" lry="1138" ulx="423" uly="788" xml:id="zone_icg_4sw_cjb" />
<zone lrx="2017" lry="1861" ulx="1289" uly="1216" xml:id="zone_wcd_psw_cjb" />
</surface>
</surfaceGrp>
</facsimile>
<text>
<body>
<div1 facs="#zone_fny_jsw_cjb" type="unknown">
<p>
<lb />...<lb />
</p>
<div2 facs="#zone_bvw_lsw_cjb" type="sign">
<p>
<lb />...<lb />
</p>
</div2>
</div1>
<div1 cert="unknown" facs="#zone_icg_4sw_cjb" type="note">
<p>
<lb />...<lb />
</p>
</div1>
<div1 cert="unknown" facs="#zone_wcd_psw_cjb" type="note">
<p>
<lb />...<lb />
</p>
</div1>
</body>
</text>
</TEI>