<TEI xmlns="http://www.tei-c.org/ns/1.0">
	<teiHeader>
		<fileDesc>
			<titleStmt>
				<title>DSCN0629</title>
			</titleStmt>
			<publicationStmt>
				<p>Publication Information</p>
			</publicationStmt>
			<notesStmt>
				<note type="summary">修道院の調査表。修道院修繕のために、財産（動産？）として何を所有しているのかの一覧。</note>
				<note type="mine">☆非常に重要。研究してみたい。</note>
			</notesStmt>
			<sourceDesc>
				<p>{ "saji:aspectRatioType": [ "C" ], "saji:fond": [ "Tursko 7" ], "saji:memo": [ "典型" ] }</p>
			</sourceDesc>
		</fileDesc>
	</teiHeader>
	<facsimile>
		<surfaceGrp facs="https://diyhistory.org/public/phr2/iiif/3033/manifest">
			<surface>
				<graphic n="https://diyhistory.org/public/phr2/iiif/3033/canvas/p1" url="https://diyhistory.org/public/phr2/files/original/e777dd5a5fd7f4779975d88e5b7db34655c15269.jpg"/>
				<zone lrx="2273" lry="3172" ulx="118" uly="45" xml:id="zone_bkd_bfk_2mb"/>
				<zone lrx="774" lry="2518" ulx="310" uly="2081" xml:id="zone_fpj_cfk_2mb"/>
				<zone lrx="613" lry="2508" ulx="513" uly="2416" xml:id="zone_vsz_cfk_2mb"/>
				<zone lrx="2229" lry="1087" ulx="1223" uly="54" xml:id="zone_ydz_dfk_2mb"/>
				<zone lrx="2165" lry="409" ulx="1852" uly="125" xml:id="zone_ac3_ffk_2mb"/>
			</surface>
			<surface>
				<graphic n="https://diyhistory.org/public/phr2/iiif/3033/canvas/p2" url="https://diyhistory.org/public/phr2/files/original/89960003728cf8ba17c262ea617a31c46639093b.jpg"/>
			</surface>
			<surface>
				<graphic n="https://diyhistory.org/public/phr2/iiif/3033/canvas/p3" url="https://diyhistory.org/public/phr2/files/original/1eb10e94333a838e4572289e9359f6482a2fadf3.jpg"/>
			</surface>
			<surface>
				<graphic n="https://diyhistory.org/public/phr2/iiif/3033/canvas/p4" url="https://diyhistory.org/public/phr2/files/original/931814617dc37c6344a1496c1b9c05ffba143cf5.jpg"/>
				<zone lrx="2245" lry="1477" ulx="1017" uly="1250" xml:id="zone_m1h_3fk_2mb"/>
			</surface>
		</surfaceGrp>
	</facsimile>
	<text>
		<body>
			<div1 facs="#zone_bkd_bfk_2mb" next="#zone_ydz_dfk_2mb" subtype="keşf_kilise" type="defter">
				<p>
					<lb/>
					<lb/>... fī <date type="created" when="1825-11-18" when-custom="1241-04-07">7 R sene 1241</date>
				</p>
				<div2 facs="#zone_fpj_cfk_2mb" type="sign">
					<p>
						<lb/>...
						<lb/>
					</p>
					<div3 facs="#zone_vsz_cfk_2mb" type="stamp">
						<p>
							<lb/>...
							<lb/>
						</p>
					</div3>
				</div2>
			</div1>
			<div1 facs="#zone_ydz_dfk_2mb" next="#zone_m1h_3fk_2mb" type="buyuruldu">
				<p>
					<lb/>...
					<lb/>
				</p>
				<div2 type="sign">
					<div3 facs="#zone_ac3_ffk_2mb" type="stamp">
						<p>
							<lb/>
							<lb/>... fī <date cert="low" type="created" when="1826-04-28" when-custom="1241-09-21">21 N sene 241</date>
						</p>
					</div3>
				</div2>
			</div1>
			<div1 facs="#zone_m1h_3fk_2mb" type="summary_Croatian">
				<p>
					<lb/>... <date type="summary_Croatian" when="1825">1825</date>. </p>
			</div1>
		</body>
	</text>
</TEI>
