<TEI xmlns="http://www.tei-c.org/ns/1.0">
	<teiHeader>
		<fileDesc>
			<titleStmt>
				<title>DSCN0768</title>
			</titleStmt>
			<publicationStmt>
				<p>Publication Information</p>
			</publicationStmt>
			<notesStmt>
				<note type="summary">(Akiba 2019) 脚注12 子どもたちの学習のために、アラビア語やペルシャ語の語彙をトルコ語の詩にした、ポピュラーな語彙書。</note>
			</notesStmt>
			<sourceDesc>
				<p>{ "saji:aspectRatioType": [ "B" ], "saji:fond": [ "Tursko 8" ], "saji:item": [ "Subha-yi Sıbyan" ], "saji:memo": [ "典型" ], "saji:relationWithAnotherItems": [ "・台帳表紙" ] }</p>
			</sourceDesc>
		</fileDesc>
	</teiHeader>
	<facsimile>
		<surfaceGrp facs="https://diyhistory.org/public/phr2/iiif/3162/manifest">
			<surface>
				<graphic n="https://diyhistory.org/public/phr2/iiif/3162/canvas/p1" url="https://diyhistory.org/public/phr2/files/original/a6a7e7d4f67a8ab99c004cac27257e1d003f03a7.jpg"/>
			</surface>
			<surface>
				<graphic n="https://diyhistory.org/public/phr2/iiif/3162/canvas/p2" url="https://diyhistory.org/public/phr2/files/original/9144b9b5f2b61c6833fe6b60f57864670f8660c5.jpg"/>
			</surface>
			<surface>
				<graphic n="https://diyhistory.org/public/phr2/iiif/3162/canvas/p3" url="https://diyhistory.org/public/phr2/files/original/c67b1a53a96cc648fb1333c072240b2bb79c4b70.jpg"/>
			</surface>
			<surface>
				<graphic n="https://diyhistory.org/public/phr2/iiif/3162/canvas/p4" url="https://diyhistory.org/public/phr2/files/original/c79ce9dd5d87c1d4cca47852325940a12631cf04.jpg"/>
			</surface>
			<surface>
				<graphic n="https://diyhistory.org/public/phr2/iiif/3162/canvas/p5" url="https://diyhistory.org/public/phr2/files/original/a12787fc2cccfc4c01238668f5ce653f3f726dc6.jpg"/>
			</surface>
			<surface>
				<graphic n="https://diyhistory.org/public/phr2/iiif/3162/canvas/p6" url="https://diyhistory.org/public/phr2/files/original/5d88fe7e386174ac8a1051fa34dfe6008fbb0d0c.jpg"/>
			</surface>
			<surface>
				<graphic n="https://diyhistory.org/public/phr2/iiif/3162/canvas/p7" url="https://diyhistory.org/public/phr2/files/original/ca7742de5d8e48dbe43a8570d75009d050ebd173.jpg"/>
			</surface>
			<surface>
				<graphic n="https://diyhistory.org/public/phr2/iiif/3162/canvas/p8" url="https://diyhistory.org/public/phr2/files/original/dd089dfd9850071a49bb09b7e6383be1cda9d7a9.jpg"/>
			</surface>
			<surface>
				<graphic n="https://diyhistory.org/public/phr2/iiif/3162/canvas/p9" url="https://diyhistory.org/public/phr2/files/original/1def5f1876e42d60aeb55b9b0f9101d4def32e55.jpg"/>
			</surface>
			<surface>
				<graphic n="https://diyhistory.org/public/phr2/iiif/3162/canvas/p10" url="https://diyhistory.org/public/phr2/files/original/e21d22521639bc4b16150ebb90e4c4d36d335b7e.jpg"/>
			</surface>
			<surface>
				<graphic n="https://diyhistory.org/public/phr2/iiif/3162/canvas/p11" url="https://diyhistory.org/public/phr2/files/original/e78e98bc2a1b01342deefb8d226435501a6cfe97.jpg"/>
			</surface>
			<surface>
				<graphic n="https://diyhistory.org/public/phr2/iiif/3162/canvas/p12" url="https://diyhistory.org/public/phr2/files/original/06d4cc147b2d07fbd34195a403fc14cf25c6f1c1.jpg"/>
			</surface>
			<surface>
				<graphic n="https://diyhistory.org/public/phr2/iiif/3162/canvas/p13" url="https://diyhistory.org/public/phr2/files/original/844eeae7b6f196b0f8d81c5d57f6bddd5b630186.jpg"/>
			</surface>
			<surface>
				<graphic n="https://diyhistory.org/public/phr2/iiif/3162/canvas/p14" url="https://diyhistory.org/public/phr2/files/original/8fe4caa58f769d1fcafd6691265129ac091e69f3.jpg"/>
			</surface>
			<surface>
				<graphic n="https://diyhistory.org/public/phr2/iiif/3162/canvas/p15" url="https://diyhistory.org/public/phr2/files/original/473807b95ac160949ff7bb9a36c4c2bc6375b714.jpg"/>
			</surface>
			<surface>
				<graphic n="https://diyhistory.org/public/phr2/iiif/3162/canvas/p16" url="https://diyhistory.org/public/phr2/files/original/95e7dfb132ef40546a907a38c2c50cefde43a21e.jpg"/>
			</surface>
			<surface>
				<graphic n="https://diyhistory.org/public/phr2/iiif/3162/canvas/p17" url="https://diyhistory.org/public/phr2/files/original/e42070c2dfb86d495374860eec46d058b8d05a35.jpg"/>
			</surface>
			<surface>
				<graphic n="https://diyhistory.org/public/phr2/iiif/3162/canvas/p18" url="https://diyhistory.org/public/phr2/files/original/362177bdea822acb7db5b4c283c6fad50f2a5b51.jpg"/>
			</surface>
			<surface>
				<graphic n="https://diyhistory.org/public/phr2/iiif/3162/canvas/p19" url="https://diyhistory.org/public/phr2/files/original/e1542583345716b8421c9671c41b6c6bf560e61a.jpg"/>
			</surface>
			<surface>
				<graphic n="https://diyhistory.org/public/phr2/iiif/3162/canvas/p20" url="https://diyhistory.org/public/phr2/files/original/445656350f8a01a226d76d6a2d8f124623bea978.jpg"/>
			</surface>
			<surface>
				<graphic n="https://diyhistory.org/public/phr2/iiif/3162/canvas/p21" url="https://diyhistory.org/public/phr2/files/original/b005aa6c07b9526e3d8573d4c5098c992383b4cc.jpg"/>
			</surface>
			<surface>
				<graphic n="https://diyhistory.org/public/phr2/iiif/3162/canvas/p22" url="https://diyhistory.org/public/phr2/files/original/b75e6032725c0351ab64df5a6cf12b061c2360a9.jpg"/>
			</surface>
			<surface>
				<graphic n="https://diyhistory.org/public/phr2/iiif/3162/canvas/p23" url="https://diyhistory.org/public/phr2/files/original/e5eea0ab6d14a494acc231c98fe866f6a49cf463.jpg"/>
			</surface>
			<surface>
				<graphic n="https://diyhistory.org/public/phr2/iiif/3162/canvas/p24" url="https://diyhistory.org/public/phr2/files/original/c6f20fc39be242bd451596e4e0320516d47286fd.jpg"/>
			</surface>
			<surface>
				<graphic n="https://diyhistory.org/public/phr2/iiif/3162/canvas/p25" url="https://diyhistory.org/public/phr2/files/original/cd4602d5b72fd4be0b5e44f5ef648c9db64f8a22.jpg"/>
			</surface>
			<surface>
				<graphic n="https://diyhistory.org/public/phr2/iiif/3162/canvas/p26" url="https://diyhistory.org/public/phr2/files/original/bfbd57f3ce716de4711ffb69f96d4c4505be94d0.jpg"/>
			</surface>
			<surface>
				<graphic n="https://diyhistory.org/public/phr2/iiif/3162/canvas/p27" url="https://diyhistory.org/public/phr2/files/original/a99f7e3d5d9ce7898bcf289ea0dd4026823ddeaa.jpg"/>
			</surface>
			<surface>
				<graphic n="https://diyhistory.org/public/phr2/iiif/3162/canvas/p28" url="https://diyhistory.org/public/phr2/files/original/abeddb2473ac82661462b501e4db0c6f81100da6.jpg"/>
			</surface>
			<surface>
				<graphic n="https://diyhistory.org/public/phr2/iiif/3162/canvas/p29" url="https://diyhistory.org/public/phr2/files/original/256dcdc5a9bd140e85218989dbd685a8ea65de75.jpg"/>
			</surface>
			<surface>
				<graphic n="https://diyhistory.org/public/phr2/iiif/3162/canvas/p30" url="https://diyhistory.org/public/phr2/files/original/b1e9699e8f37401ca02cb63e266a6302dcc0a362.jpg"/>
			</surface>
			<surface>
				<graphic n="https://diyhistory.org/public/phr2/iiif/3162/canvas/p31" url="https://diyhistory.org/public/phr2/files/original/eb189b67d148901f91a75956e14f4ee3ad5fcd6d.jpg"/>
			</surface>
			<surface>
				<graphic n="https://diyhistory.org/public/phr2/iiif/3162/canvas/p32" url="https://diyhistory.org/public/phr2/files/original/b8916e17ac3bb31937953d451f703c380a494037.jpg"/>
			</surface>
			<surface>
				<graphic n="https://diyhistory.org/public/phr2/iiif/3162/canvas/p33" url="https://diyhistory.org/public/phr2/files/original/9260eff54aeb5856d5a084e8f4f6470db4be5f9a.jpg"/>
			</surface>
			<surface>
				<graphic n="https://diyhistory.org/public/phr2/iiif/3162/canvas/p34" url="https://diyhistory.org/public/phr2/files/original/87ca2acecf4e3332aef9713d4f7a7b14eb91ae1a.jpg"/>
			</surface>
			<surface>
				<graphic n="https://diyhistory.org/public/phr2/iiif/3162/canvas/p35" url="https://diyhistory.org/public/phr2/files/original/1e1d9eb18ce417c8b0ce4425d5c043e71c44f7c7.jpg"/>
			</surface>
			<surface>
				<graphic n="https://diyhistory.org/public/phr2/iiif/3162/canvas/p36" url="https://diyhistory.org/public/phr2/files/original/3f74c0e447ace30c93b6cc42552f24dca023bc4a.jpg"/>
			</surface>
			<surface>
				<graphic n="https://diyhistory.org/public/phr2/iiif/3162/canvas/p37" url="https://diyhistory.org/public/phr2/files/original/b5aa4736c343464c3d52fac0b867a396ef8a51c4.jpg"/>
			</surface>
			<surface>
				<graphic n="https://diyhistory.org/public/phr2/iiif/3162/canvas/p38" url="https://diyhistory.org/public/phr2/files/original/fcd0a0510925620790a5e388e46bcd4d24797fe0.jpg"/>
			</surface>
			<surface>
				<graphic n="https://diyhistory.org/public/phr2/iiif/3162/canvas/p39" url="https://diyhistory.org/public/phr2/files/original/4df6ef2ae1a3092d54124846768ede138bf25228.jpg"/>
			</surface>
			<surface>
				<graphic n="https://diyhistory.org/public/phr2/iiif/3162/canvas/p40" url="https://diyhistory.org/public/phr2/files/original/6bc45e282b0593aef219be92c0ab3324ebde872a.jpg"/>
			</surface>
			<surface>
				<graphic n="https://diyhistory.org/public/phr2/iiif/3162/canvas/p41" url="https://diyhistory.org/public/phr2/files/original/37b7d1fb13c512ced04478d96aa1c4f54fecd318.jpg"/>
			</surface>
			<surface>
				<graphic n="https://diyhistory.org/public/phr2/iiif/3162/canvas/p42" url="https://diyhistory.org/public/phr2/files/original/fdd7b9f67255f67d0ae7095e8f0e5d5e67dbfeee.jpg"/>
			</surface>
			<surface>
				<graphic n="https://diyhistory.org/public/phr2/iiif/3162/canvas/p43" url="https://diyhistory.org/public/phr2/files/original/dee77e7f3c5737dc9c55d88bfe7f8cce851d298b.jpg"/>
			</surface>
			<surface>
				<graphic n="https://diyhistory.org/public/phr2/iiif/3162/canvas/p44" url="https://diyhistory.org/public/phr2/files/original/419073e0b7e3285f879ebe773eb8933a036f46af.jpg"/>
			</surface>
			<surface>
				<graphic n="https://diyhistory.org/public/phr2/iiif/3162/canvas/p45" url="https://diyhistory.org/public/phr2/files/original/4196b20f5dd4829ef620a8415644d59cd5a0b7d1.jpg"/>
			</surface>
			<surface>
				<graphic n="https://diyhistory.org/public/phr2/iiif/3162/canvas/p46" url="https://diyhistory.org/public/phr2/files/original/0a994cb739797ae1d26c3bca8cbc6f688b3ec65b.jpg"/>
			</surface>
			<surface>
				<graphic n="https://diyhistory.org/public/phr2/iiif/3162/canvas/p47" url="https://diyhistory.org/public/phr2/files/original/96653ce99a8044e99b7bc2e6ebc1fa5870432132.jpg"/>
			</surface>
			<surface>
				<graphic n="https://diyhistory.org/public/phr2/iiif/3162/canvas/p48" url="https://diyhistory.org/public/phr2/files/original/1f4cbe3d208aba2cd347fbc622593b3de70a59eb.jpg"/>
			</surface>
		</surfaceGrp>
	</facsimile>
	<text>
		<body>
			<div1 type="subhāy-ı_sıbyān">
				<p>
					<lb/>...
					<lb/>
				</p>
			</div1>
		</body>
	</text>
</TEI>
