<TEI xmlns="http://www.tei-c.org/ns/1.0">
  <teiHeader>
    <fileDesc>
      <titleStmt>
        <title>DSCN0650</title>
      </titleStmt>
      <publicationStmt>
        <p>Publication Information</p>
      </publicationStmt>
      <notesStmt>
        <note type="mine">altı senelik virgü ʿilmühaber</note>
      </notesStmt>
      <sourceDesc>
        <p>{ "saji:aspectRatioType": [ "A" ], "saji:fond": [ "Tursko 7" ] }</p>
      </sourceDesc>
    </fileDesc>
  </teiHeader>
  <facsimile>
    <surfaceGrp facs="https://diyhistory.org/public/phr2/iiif/3054/manifest">
      <surface>
        <graphic n="https://diyhistory.org/public/phr2/iiif/3054/canvas/p1" url="https://diyhistory.org/public/phr2/files/original/ce969ff8a3396589e47e0a9dff7d65f7b1b62c04.jpg" />
        <zone lrx="1844" lry="3267" ulx="589" uly="12" xml:id="zone_a1j_wcq_2mb" />
      </surface>
      <surface>
        <graphic n="https://diyhistory.org/public/phr2/iiif/3054/canvas/p2" url="https://diyhistory.org/public/phr2/files/original/7b52527b6493d16478ed5fa8feccae966cdc75a6.jpg" />
      </surface>
      <surface>
        <graphic n="https://diyhistory.org/public/phr2/iiif/3054/canvas/p3" url="https://diyhistory.org/public/phr2/files/original/012fe016dc3d481c020c4224a0aba670b0707b07.jpg" />
      </surface>
      <surface>
        <graphic n="https://diyhistory.org/public/phr2/iiif/3054/canvas/p4" url="https://diyhistory.org/public/phr2/files/original/5e1ba57a57c62ed040643659dea808af5264b8f1.jpg" />
        <zone lrx="2656" lry="1955" ulx="1250" uly="1538" xml:id="zone_am1_zcq_2mb" />
      </surface>
    </surfaceGrp>
  </facsimile>
  <text>
    <body>
      <div1 facs="#zone_a1j_wcq_2mb" next="#zone_am1_zcq_2mb" type="ʿilmühaber">
        <p>
          <lb />...<lb />
        </p>
      </div1>
      <div1 facs="#zone_am1_zcq_2mb" type="memo_Croatian">
        <p>
          <lb />...<lb />
        </p>
      </div1>
    </body>
  </text>
</TEI>