<TEI xmlns="http://www.tei-c.org/ns/1.0">
	<teiHeader>
		<fileDesc>
			<titleStmt>
				<title>DSCN0207</title>
			</titleStmt>
			<publicationStmt>
				<p>Publication Information</p>
			</publicationStmt>
			<notesStmt>
				<note type="summary">絶対に取り消せない売却および移転 beyʿ-i bāt katʿiyle beyʿ</note>
				<note type="summary">ミーリー地(?)の、クレシェヴォ修道院の修道士に対する売却に関する承認文書、またそこからの徴税権の承認文書</note>
				<note type="mine">文字の判読が困難なうえ、綴りミスがかなりある印象。心の目で読む必要がある。</note>
			</notesStmt>
			<sourceDesc>
				<p>{ "saji:aspectRatioType": [ "B" ], "saji:fond": [ "Tursko 3" ] }</p>
			</sourceDesc>
		</fileDesc>
		<profileDesc>
			<textClass>
				<classCode scheme="">土地譲渡・売買</classCode>
			</textClass>
		</profileDesc>		
	</teiHeader>
	<facsimile>
		<surfaceGrp facs="https://diyhistory.org/public/phr2/iiif/1686/manifest">
			<surface>
				<graphic url="https://diyhistory.org/public/phr2/files/original/2a17fbf991a255ce809d77018211fd999b928cd6.jpg" n="https://diyhistory.org/public/phr2/iiif/1686/canvas/p1"/>
				<zone xml:id="zone_ofw_c1k_kjb" lry="3190" lrx="2245" uly="100" ulx="109"/>
				<zone xml:id="zone_fsk_21k_kjb" lry="3066" lrx="535" uly="2451" ulx="262"/>
				<zone xml:id="zone_zy3_fb4_drb" lry="1836" lrx="1334" uly="1713" ulx="1125"/>
				<zone xml:id="zone_fz2_tb4_drb" lry="1987" lrx="1000" uly="1880" ulx="855"/>
			</surface>
			<surface>
				<graphic n="https://diyhistory.org/public/phr2/iiif/1686/canvas/p2" url="https://diyhistory.org/public/phr2/files/original/5467d3035ee02a2d31f7d278ceafa704670e7d70.jpg"/>
				<zone lrx="516" lry="720" ulx="266" uly="487" xml:id="zone_m3r_g1k_kjb"/>
				<zone lrx="1858" lry="2837" ulx="246" uly="2066" xml:id="zone_xnj_h1k_kjb"/>
			</surface>
		</surfaceGrp>
	</facsimile>
	<text>
		<body>
			<div1 type="EMIN" cert="unknown" facs="#zone_ofw_c1k_kjb">
				<p>
					<lb/>Hüve
					<lb/>Vech-i tahrīr hurūf budur ki
					<lb/>işbu <date when-custom="1235">bin iki yüz otuz beş senesinde</date> der ʿuhde ve <sic>iltizāmımız</sic><corr>iltizāmımızda</corr>
					<sic>bulan</sic><corr>bulunan</corr><placeName>Kirşevo</placeName>
					<lb/>mukātaʿasına(?) derūnde vākiʿ <placeName facs="#zone_zy3_fb4_drb">KOYSUNA</placeName> karyesinde arz-ı mīrīyi mutasarrıf zimmī ...
					<lb/>İstepān karye-i mezbūreyi(?) taht-ı tasarrıf eyledüğü <placeName facs="#zone_fz2_tb4_drb">BUKULI</placeName> demekle ʿarīf bir kıtʿa tarla ...
					<lb/>mezbūreyi(?) işbu dārende-i hurūr zimmī kilisanın rāhiblerine yüz guruş bedel-i
					<lb/>ferāğ mukābelesinde bey' ferāğ ve tasarrıf edüb mesfūri dahi bir kıtʿa muharrer tarla-i
					<lb/>mezbūreyi iştirā ve teferrug ve zabt ve zirāʿatçün tarafımızdan iştirāk(?) bir her senesinde
					<lb/>tarafımıza ʿāit ve rāciʿ olan aʿşār ve rüsūmātı edā edüb zabt ve tasarrıfına(?) bir
					<lb/>kimesne māniʿ <sic>ola</sic><corr>olunmaya</corr> ve selām fī <date when-custom="1235-05-07" when="1820-02-20">7 Ca sene 1235</date>
				</p>
				<div2 type="sign" facs="#zone_fsk_21k_kjb">
					<p>
						<lb/>El-me'mūr(?)
						<lb/><persName>Mustafa</persName>
						<lb/>Emīn-i
						<lb/>Kirşevo
						<lb/>Hālā
						<lb/>M </p>
					<div3 type="stamp" facs="#zone_m3r_g1k_kjb">
						<p>
							<lb/>... Mehmed
							<lb/>... Mudtafa </p>
					</div3>
				</div2>
				<div2 type="şühūdu'l-hāl">
					<p>
						<lb/>Şühūdu'l-hāl </p>
				</div2>
			</div1>
			<div1 type="summary_Croatian" facs="#zone_xnj_h1k_kjb">
				<p>
					<lb/>J od Pogugle
					<lb/><date when-custom="1235" type="summary_Croatian" when="1820-10-06">1235</date>. Nno 43. </p>
			</div1>
		</body>
	</text>
</TEI>
