<TEI xmlns="http://www.tei-c.org/ns/1.0">
  <teiHeader>
    <fileDesc>
      <titleStmt>
        <title>DSCN0646</title>
      </titleStmt>
      <publicationStmt>
        <p>Publication Information</p>
      </publicationStmt>
      <sourceDesc>
        <p>{ "saji:aspectRatioType": [ "A" ], "saji:fond": [ "Tursko 7" ] }</p>
      </sourceDesc>
    </fileDesc>
  </teiHeader>
  <facsimile>
    <surfaceGrp facs="https://diyhistory.org/public/phr2/iiif/3050/manifest">
      <surface>
        <graphic n="https://diyhistory.org/public/phr2/iiif/3050/canvas/p1" url="https://diyhistory.org/public/phr2/files/original/9ba9915dee81ec5426098c506973b20d24030ab0.jpg" />
        <zone lrx="1522" lry="3123" ulx="511" uly="412" xml:id="zone_sxm_s1q_2mb" />
        <zone lrx="1157" lry="1065" ulx="636" uly="477" xml:id="zone_dlg_51q_2mb" />
        <zone lrx="987" lry="1053" ulx="818" uly="906" xml:id="zone_o3x_51q_2mb" />
      </surface>
      <surface>
        <graphic n="https://diyhistory.org/public/phr2/iiif/3050/canvas/p2" url="https://diyhistory.org/public/phr2/files/original/0baa0e069fde358884bfa91f271e8edf2de08c8c.jpg" />
        <zone lrx="2778" lry="1377" ulx="517" uly="1044" xml:id="zone_m2m_w1q_2mb" />
      </surface>
    </surfaceGrp>
  </facsimile>
  <text>
    <body>
      <div1 facs="#zone_sxm_s1q_2mb" next="#zone_m2m_w1q_2mb" type="hüccet">
        <p>
          <lb />... hurira <date type="created" when="1747-02-04" when-custom="1160-01-24">fi'l-yevmi'l-rābiʿ ve'l-ʿaşrīn min şehri
          <lb />Muharremi'l-harām sene sittīn ve mie ve elif</date>
        </p>
        <div2 facs="#zone_dlg_51q_2mb" type="sign">
          <p>
            <lb />...<lb />
          </p>
          <div3 facs="#zone_o3x_51q_2mb" type="stamp">
            <p>
              <lb />...<lb />
            </p>
          </div3>
        </div2>
      </div1>
      <div1 facs="#zone_m2m_w1q_2mb" type="summary_Croatian">
        <p>
          <lb />...<lb />
        </p>
      </div1>
    </body>
  </text>
</TEI>