<TEI xmlns="http://www.tei-c.org/ns/1.0">
	<teiHeader>
		<fileDesc>
			<titleStmt>
				<title>DSCN0308</title>
			</titleStmt>
			<publicationStmt>
				<p>Publication Information</p>
			</publicationStmt>
			<notesStmt>
				<note type="summary">国有地arāzi-i emīriyeの耕作地の保有者である非ムスリムから修道院長に対する売却・譲渡の承認</note>
				<note type="mine">非常に文字もつづりもきれいに書かれていて、参考になる。</note>
			</notesStmt>
			<sourceDesc>
				<p>{ "saji:aspectRatioType": [ "B" ], "saji:fond": [ "Tursko 3" ] }</p>
			</sourceDesc>
		</fileDesc>
	</teiHeader>
	<facsimile>
		<surfaceGrp facs="https://diyhistory.org/public/phr2/iiif/1787/manifest">
			<surface>
				<graphic n="https://diyhistory.org/public/phr2/iiif/1787/canvas/p1" url="https://diyhistory.org/public/phr2/files/original/690fdbe59aa954190e57f5ebbd390decd934e9ca.jpg"/>
				<zone lrx="2400" lry="3029" ulx="191" uly="269" xml:id="zone_kjj_kr4_2kb"/>
				<zone lrx="1025" lry="2647" ulx="280" uly="2248" xml:id="zone_fhq_lr4_2kb"/>
				<zone lrx="1015" lry="2595" ulx="767" uly="2395" xml:id="zone_l1b_nr4_2kb"/>
			</surface>
			<surface>
				<graphic n="https://diyhistory.org/public/phr2/iiif/1787/canvas/p2" url="https://diyhistory.org/public/phr2/files/original/8685a0feb808f6305f3382467dd8bbd103fdba4b.jpg"/>
				<zone lrx="2873" lry="1183" ulx="184" uly="605" xml:id="zone_zvr_pr4_2kb"/>
			</surface>
		</surfaceGrp>
	</facsimile>
	<text>
		<body>
			<div1 facs="#zone_kjj_kr4_2kb" type="EMIN_zabtnāme_tezkire_sūret">
				<p>
					<lb/>Hüve
					<lb/>Vech-i tahrīr-i hurūf oldur ki
					<lb/>işbu <date type="created" when="1849-11-14" when-custom="1265">bin iki yüz altmış beş senesinde</date> der ʿuhde ve iltizāmımızda bulunan Kirşevo mukātaʿsı
					<lb/>varoş hudūd dāhilinde arāzi-i emīriye bir kıtʿa tarla İSNSİNAK demekle bir taraf 
					<lb/>KOBAKİÇ Īwān tarlası e taraf-ı sānī ANUN MATAN tarlası ve taraf-ı sālis ve rābiʿ
					<lb/>tarīk-i ʿām ile mahdūd ve muhtāz olub Kirşevo varoş mutavattınlarından zimmī TONA KORİÇ
					<lb/>mutasarrıf eyledüği işbu dārende-i hurūf Kirşevo veroş kilisadan gardiyān <sic>nā</sic><corr>nām</corr> mesfūre
					<lb/>resm-i tezkire ile üç yüz otüz guruş bedeli ve semen mukābelesinde beyʿ-i bāt katʿiyle beyʿ
					<lb/>edüb biz dahi mukātaʿa me'mūrimiz hasebiyle resm baʿde'l-ahz mesfūr gardiyāna tafvīz
					<lb/>ve yedine işbu zabtnāme-i tezkire virildi mā-dāmki taraf-ı mīrīte rāciʿ olan ʿöşr-i rüsūmāt
					<lb/>be her sene edā tarafımızdan ve taraf-ı āhardan bir kimesne māniʿ olunmaya
				</p>
				<div2 facs="#zone_fhq_lr4_2kb" type="sign">
					<p>
						<lb/>El-me'mūr Mehmed
						<lb/>Emīn-i mukātaʿa-i
						<lb/>Kirşevo
						<lb/>Hālā
						<lb/>M
					</p>
					<div3 facs="#zone_l1b_nr4_2kb" type="stamp_sūret">
						<p>
							<lb/>...
							<lb/>Mehmed
						</p>
					</div3>
				</div2>
				<div2 type="şühūdu'l-hāl">
					<p>
						<lb/>Şühūdu'l-hāl
						<lb/>Mollā Mehmed bin Sāl(?) ʿan Kirşevo
						<lb/>PRİÇE ŞUNİÇ
						<lb/>TUNA BALE ʿan Kirşevo
					</p>
				</div2>
			</div1>
			<div1 facs="#zone_zvr_pr4_2kb" type="summary_Croatian">
				<p>
					<lb/>Tapija na ... od ...
					<lb/>gr. 363. Nno 13.
				</p>
			</div1>
		</body>
	</text>
</TEI>
