<TEI xmlns="http://www.tei-c.org/ns/1.0">
<teiHeader>
<fileDesc>
<titleStmt>
<title>DSCN1786</title>
</titleStmt>
<publicationStmt>
<p>Publication Information</p>
</publicationStmt>
<sourceDesc>
<p>{ "saji:aspectRatioType": [ "D" ], "saji:fond": [ "Tursko 1" ] }</p>
</sourceDesc>
</fileDesc>
</teiHeader>
<facsimile>
<surfaceGrp facs="https://diyhistory.org/public/phr2/iiif/1317/manifest">
<surface>
<graphic n="https://diyhistory.org/public/phr2/iiif/1317/canvas/p1" url="https://diyhistory.org/public/phr2/files/original/1625571973a09d69cd9723f540f43b8b9f4ba61b.jpg" />
<zone lrx="2063" lry="3227" ulx="300" uly="136" xml:id="zone_c2b_pv3_cjb" />
<zone lrx="1580" lry="1012" ulx="821" uly="375" xml:id="zone_lc3_qv3_cjb" />
<zone lrx="1380" lry="2846" ulx="1103" uly="2564" xml:id="zone_dq4_rv3_cjb" />
</surface>
<surface>
<graphic n="https://diyhistory.org/public/phr2/iiif/1317/canvas/p2" url="https://diyhistory.org/public/phr2/files/original/797156f1ef7e483ed2a4cb7137de9dd49dce0b23.jpg" />
<zone lrx="2178" lry="1477" ulx="1023" uly="866" xml:id="zone_f4w_sv3_cjb" />
</surface>
<surface>
<graphic n="https://diyhistory.org/public/phr2/iiif/1317/canvas/p3" url="https://diyhistory.org/public/phr2/files/original/42815b7d867c50b6a6697f1834e41b4cdf7ba2c0.jpg" />
<zone lrx="3045" lry="1683" ulx="2723" uly="1116" xml:id="zone_m3b_vv3_cjb" />
<zone lrx="2534" lry="1627" ulx="406" uly="955" xml:id="zone_i4t_vv3_cjb" />
</surface>
</surfaceGrp>
</facsimile>
<text>
<body>
<div1 facs="#zone_c2b_pv3_cjb" type="tapu_senedi">
<p>
<lb />... fī <date type="created" when="1866-09-16" when-custom="1283-05-07">7 Cemaziye'l-evvel sene 1283</date><lb />
</p>
<div1 facs="#zone_lc3_qv3_cjb" type="tuğura">
<p>
<lb />...<lb />
</p>
</div1>
<div3 facs="#zone_dq4_rv3_cjb" type="stamp">
<p>
<lb />...<lb />
</p>
</div3>
</div1>
<div1 cert="unknown" facs="#zone_m3b_vv3_cjb" type="memo">
<p>
<lb />3079<lb />
</p>
</div1>
<div1 facs="#zone_f4w_sv3_cjb" type="summary_Croatian">
<p>
<lb />Nno 17.<lb />
</p>
</div1>
<div1 facs="#zone_i4t_vv3_cjb" type="summary_Croatian">
<p>
<lb />...<lb />
</p>
</div1>
</body>
</text>
</TEI>