<TEI xmlns="http://www.tei-c.org/ns/1.0">
	<teiHeader>
		<fileDesc>
			<titleStmt>
				<title>DSCN0673</title>
			</titleStmt>
			<publicationStmt>
				<p>Publication Information</p>
			</publicationStmt>
			<notesStmt>
				<note type="summary">1934年11月10日付の「Medeniyet」紙</note>
			</notesStmt>
			<sourceDesc>
				<p>{ "saji:aspectRatioType": [ "C" ], "saji:fond": [ "Tursko 7" ] }</p>
			</sourceDesc>
		</fileDesc>
	</teiHeader>
	<facsimile>
		<surfaceGrp facs="https://diyhistory.org/public/phr2/iiif/3077/manifest">
			<surface>
				<graphic n="https://diyhistory.org/public/phr2/iiif/3077/canvas/p1" url="https://diyhistory.org/public/phr2/files/original/2e0bc3cb8bcbf0a42a8365a6a2a99320d7e4130b.jpg"/>
				<zone lrx="2190" lry="3150" ulx="230" uly="170" xml:id="zone_yxp_gmq_2mb"/>
			</surface>
			<surface>
				<graphic n="https://diyhistory.org/public/phr2/iiif/3077/canvas/p2" url="https://diyhistory.org/public/phr2/files/original/34acaabce8144f5b320f897b589a93ed3b60ddc2.jpg"/>
			</surface>
			<surface>
				<graphic n="https://diyhistory.org/public/phr2/iiif/3077/canvas/p3" url="https://diyhistory.org/public/phr2/files/original/78eb375a44c11c8823436093676588cc65bf1184.jpg"/>
			</surface>
			<surface>
				<graphic n="https://diyhistory.org/public/phr2/iiif/3077/canvas/p4" url="https://diyhistory.org/public/phr2/files/original/905ca520f9955f19bfb95619ad57164761301b87.jpg"/>
				<zone lrx="2200" lry="3030" ulx="290" uly="100" xml:id="zone_nbq_3mq_2mb"/>
			</surface>
			<surface>
				<graphic n="https://diyhistory.org/public/phr2/iiif/3077/canvas/p5" url="https://diyhistory.org/public/phr2/files/original/e3272ef0d404bc059aa33449125f09a02db153f4.jpg"/>
				<zone lrx="2060" lry="2800" ulx="290" uly="80" xml:id="zone_bth_kmq_2mb"/>
			</surface>
			<surface>
				<graphic n="https://diyhistory.org/public/phr2/iiif/3077/canvas/p6" url="https://diyhistory.org/public/phr2/files/original/9c26e7988a8548214b4c0393a2d6bfb0f66cf91b.jpg"/>
				<zone lrx="2027" lry="3018" ulx="191" uly="109" xml:id="zone_xdb_mmq_2mb"/>
			</surface>
		</surfaceGrp>
	</facsimile>
	<text>
		<body>
			<div1 subtype="Medeniyet" type="gazete">
				<p>
					<lb/>... <date type="created" when="1934-11-10">10 Teşrīn-i Sānī 1934</date> - <date type="created" when="1934-11-09" when-custom="1353-08-02">2 Şaʿbānı'l-muʿazzam 1353</date> No
					37
					<lb/>... <date when="1933-08-19">19 Ağustos 1933</date> </p>
			</div1>
		</body>
	</text>
</TEI>
