<TEI xmlns="http://www.tei-c.org/ns/1.0">
<teiHeader>
<fileDesc>
<titleStmt>
<title>DSCN1895</title>
</titleStmt>
<publicationStmt>
<p>Publication Information</p>
</publicationStmt>
<sourceDesc>
<p>{
  "saji:aspectRatioType": [
    "C"
  ],
  "saji:fond": [
    "Tursko 1"
  ]
}</p>
</sourceDesc>
</fileDesc>
</teiHeader>
<facsimile>
<surfaceGrp facs="https://diyhistory.org/public/phr2/iiif/1425/manifest">
<surface><graphic n="https://diyhistory.org/public/phr2/iiif/1425/canvas/p1" url="https://diyhistory.org/public/phr2/files/original/5a2dae196469ed9d02b42bd282697a344d729426.jpg" /></surface><surface><graphic n="https://diyhistory.org/public/phr2/iiif/1425/canvas/p2" url="https://diyhistory.org/public/phr2/files/original/e75f5886c47e7c57b6925e80a7f541ac584706c3.jpg" /></surface><surface><graphic n="https://diyhistory.org/public/phr2/iiif/1425/canvas/p3" url="https://diyhistory.org/public/phr2/files/original/356f4a6e5c4d5019788517fca9dc189b1f90009c.jpg" /></surface><surface><graphic n="https://diyhistory.org/public/phr2/iiif/1425/canvas/p4" url="https://diyhistory.org/public/phr2/files/original/39ce5424f774d8822816042fd1b52f983c22611a.jpg" /></surface><surface><graphic n="https://diyhistory.org/public/phr2/iiif/1425/canvas/p5" url="https://diyhistory.org/public/phr2/files/original/0e794b728403543f06d9d9d4c9a455695d53b43f.jpg" /></surface></surfaceGrp>
</facsimile>
<text>
<body>
<div1 type="unknown">
<p>
<lb />...<lb />
</p>
</div1>
</body>
</text>
</TEI>