<TEI xmlns="http://www.tei-c.org/ns/1.0">
<teiHeader>
<fileDesc>
<titleStmt>
<title>DSCN0993</title>
</titleStmt>
<publicationStmt>
<p>Publication Information</p>
</publicationStmt>
<notesStmt>
<note type="mine">Beyaz üzerine buyurulduのように見えるが、スタンプが下方にある上、「tezkire」という自己言及が見られる。</note>
<note type="mine">署名：傘型</note>
</notesStmt>
<sourceDesc>
<p>{ "saji:aspectRatioType": [ "B" ], "saji:calligraphy": [ "Dīvān kuruması" ], "saji:fond":
          [ "Tursko 1" ], "saji:from": [ "Defterdar Süleyman İzzet" ], "saji:memo": [ "典型" ] }</p>
</sourceDesc>
</fileDesc>
</teiHeader>
<facsimile>
<surfaceGrp facs="https://diyhistory.org/public/phr2/iiif/1109/manifest">
<surface>
<graphic n="https://diyhistory.org/public/phr2/iiif/1109/canvas/p1" url="https://diyhistory.org/public/phr2/files/original/2f97110af207b3def8405fdcf93c627ce84456ad.jpg" />
<zone lrx="1827" lry="3145" ulx="254" uly="100" xml:id="zone_l5b_cpf_z3b" />
<zone lrx="767" lry="2838" ulx="596" uly="2698" xml:id="zone_k1m_dpf_z3b" />
</surface>
</surfaceGrp>
</facsimile>
<text>
<body>
<div1 facs="#zone_l5b_cpf_z3b" type="tezkire">
<l>... işbu tezkire ...</l>
<l>... fī <date type="created" when="1798-04-05" when-custom="1212-10-19">19 L 1212</date></l>
<div3 facs="#zone_k1m_dpf_z3b" type="stamp" />
</div1>
</body>
</text>
</TEI>