<TEI xmlns="http://www.tei-c.org/ns/1.0">
  <teiHeader>
    <fileDesc>
      <titleStmt>
        <title>DSCN0407</title>
      </titleStmt>
      <publicationStmt>
        <p>Publication Information</p>
      </publicationStmt>
      <sourceDesc>
        <p>{ "saji:aspectRatioType": [ "C" ], "saji:fond": [ "Tursko 3" ] }</p>
      </sourceDesc>
    </fileDesc>
  </teiHeader>
  <facsimile>
    <surfaceGrp facs="https://diyhistory.org/public/phr2/iiif/1883/manifest">
      <surface>
        <graphic n="https://diyhistory.org/public/phr2/iiif/1883/canvas/p1" url="https://diyhistory.org/public/phr2/files/original/8501f83f27cac7d02e70485ef211267c54d48eec.jpg" />
        <zone lrx="1900" lry="3140" ulx="290" uly="10" xml:id="zone_wnd_dm3_qkb" />
      </surface>
      <surface>
        <graphic n="https://diyhistory.org/public/phr2/iiif/1883/canvas/p2" url="https://diyhistory.org/public/phr2/files/original/f9267e4ad67d8bab5a72e2afbe30986f9fd68833.jpg" />
        <zone lrx="790" lry="1934" ulx="195" uly="1558" xml:id="zone_ejx_fm3_qkb" />
      </surface>
    </surfaceGrp>
  </facsimile>
  <text>
    <body>
      <div1 facs="#zone_wnd_dm3_qkb" subtype="maʿrūz" type="iʿlām">
        <p>
          <lb />... fī <date cert="low" type="create" when="1861-07-07" when-custom="1277">28 ... sene 1277</date><lb />
        </p>
        <div2 facs="#zone_ejx_fm3_qkb" type="sign">
          <p>
            <lb />...<lb />
          </p>
          <div3 type="stamp">
            <p>
              <lb />...<lb />
            </p>
          </div3>
        </div2>
      </div1>
    </body>
  </text>
</TEI>