<TEI xmlns="http://www.tei-c.org/ns/1.0">
  <teiHeader>
    <fileDesc>
      <titleStmt>
        <title>DSCN0648</title>
      </titleStmt>
      <publicationStmt>
        <p>Publication Information</p>
      </publicationStmt>
      <sourceDesc>
        <p>{ "saji:aspectRatioType": [ "B" ], "saji:fond": [ "Tursko 7" ] }</p>
      </sourceDesc>
    </fileDesc>
  </teiHeader>
  <facsimile>
    <surfaceGrp facs="https://diyhistory.org/public/phr2/iiif/3052/manifest">
      <surface>
        <graphic n="https://diyhistory.org/public/phr2/iiif/3052/canvas/p1" url="https://diyhistory.org/public/phr2/files/original/ff1632d138819b1a53a94910fb79d2390919adf4.jpg" />
        <zone lrx="1675" lry="2858" ulx="242" uly="150" xml:id="zone_efv_rbq_2mb" />
        <zone lrx="582" lry="2828" ulx="309" uly="2597" xml:id="zone_zxb_5bq_2mb" />
      </surface>
      <surface>
        <graphic n="https://diyhistory.org/public/phr2/iiif/3052/canvas/p2" url="https://diyhistory.org/public/phr2/files/original/507fbbc193ec43a325eb1b86a5a43e4da836b937.jpg" />
        <zone lrx="2662" lry="466" ulx="784" uly="188" xml:id="zone_yw3_vbq_2mb" />
        <zone lrx="2628" lry="1433" ulx="1406" uly="966" xml:id="zone_ojb_wbq_2mb" />
      </surface>
    </surfaceGrp>
  </facsimile>
  <text>
    <body>
      <div1 facs="#zone_efv_rbq_2mb" next="#zone_yw3_vbq_2mb" type="unknown">
        <p>
          <lb />...<lb />
        </p>
        <div2 facs="#zone_zxb_5bq_2mb" type="sign">
          <p>
            <lb />...<lb />
          </p>
        </div2>
      </div1>
      <div1 facs="#zone_yw3_vbq_2mb" next="#zone_ojb_wbq_2mb" type="unknown">
        <p>
          <lb />...<lb />
        </p>
      </div1>
      <div1 facs="#zone_ojb_wbq_2mb" type="summary_Croatian">
        <p>
          <lb />...<lb />
        </p>
      </div1>
    </body>
  </text>
</TEI>