<TEI xmlns="http://www.tei-c.org/ns/1.0">
  <teiHeader>
    <fileDesc>
      <titleStmt>
        <title>DSCN0433</title>
      </titleStmt>
      <publicationStmt>
        <p>Publication Information</p>
      </publicationStmt>
      <sourceDesc>
        <p>{ "saji:aspectRatioType": [ "n/a" ], "saji:fond": [ "Tursko 6" ], "saji:memo": [ "・何を示しているのかは現状不明。要検討。" ], "saji:transcription": [ "NEMA: \r\n558-11\r\n553-12" ] }</p>
      </sourceDesc>
    </fileDesc>
  </teiHeader>
  <facsimile>
    <surfaceGrp facs="https://diyhistory.org/public/phr2/iiif/2840/manifest">
      <surface>
        <graphic n="https://diyhistory.org/public/phr2/iiif/2840/canvas/p1" url="https://diyhistory.org/public/phr2/files/original/9134ff08d67bd046524e950268056e64fbceb7c9.jpg" />
      </surface>
      <surface>
        <graphic n="https://diyhistory.org/public/phr2/iiif/2840/canvas/p2" url="https://diyhistory.org/public/phr2/files/original/3802e9af420e4c25432eb8bb59260ea2bbdd75ca.jpg" />
        <zone lrx="2436" lry="2645" ulx="191" uly="9" xml:id="zone_lbh_sqb_2mb" />
        <zone lrx="2410" lry="2192" ulx="2001" uly="1705" xml:id="zone_pry_tqb_2mb" />
        <zone lrx="2400" lry="2096" ulx="2285" uly="1961" xml:id="zone_dqc_vqb_2mb" />
      </surface>
      <surface>
        <graphic n="https://diyhistory.org/public/phr2/iiif/2840/canvas/p3" url="https://diyhistory.org/public/phr2/files/original/3f689f153b8c1120c69aed5c2a7d799f4d5601ba.jpg" />
      </surface>
      <surface>
        <graphic n="https://diyhistory.org/public/phr2/iiif/2840/canvas/p4" url="https://diyhistory.org/public/phr2/files/original/742b1708386e7f831c9c85a373749cbd9c7083f3.jpg" />
      </surface>
      <surface>
        <graphic n="https://diyhistory.org/public/phr2/iiif/2840/canvas/p5" url="https://diyhistory.org/public/phr2/files/original/3107d2d086b621cd4eae3274054619d5b49b708e.jpg" />
      </surface>
    </surfaceGrp>
  </facsimile>
  <text>
    <body>
      <div1 facs="#zone_lbh_sqb_2mb" type="buyuruldu">
        <p>
          <lb />
          <lb />... fī <date type="created" when="1807-03-04" when-custom="1221-12-25">25 Z sene 1221</date>
        </p>
        <div2 facs="#zone_pry_tqb_2mb" type="sign">
          <p>
            <lb />...<lb />
          </p>
          <div3 facs="#zone_dqc_vqb_2mb" type="stamp">
            <p>
              <lb />...<lb />
            </p>
          </div3>
        </div2>
      </div1>
    </body>
  </text>
</TEI>