<TEI xmlns="http://www.tei-c.org/ns/1.0">
<teiHeader>
<fileDesc>
<titleStmt>
<title>DSCN1911</title>
</titleStmt>
<publicationStmt>
<p>Publication Information</p>
</publicationStmt>
<sourceDesc>
<p>{ "saji:aspectRatioType": [ "B" ], "saji:fond": [ "Tursko 1" ] }</p>
</sourceDesc>
</fileDesc>
</teiHeader>
<facsimile>
<surfaceGrp facs="https://diyhistory.org/public/phr2/iiif/1441/manifest">
<surface>
<graphic n="https://diyhistory.org/public/phr2/iiif/1441/canvas/p1" url="https://diyhistory.org/public/phr2/files/original/31b21ec8efa4e816f8f1a3090f811fb5f619e76d.jpg" />
<zone lrx="2027" lry="3063" ulx="109" uly="1227" xml:id="zone_hg2_mfx_cjb" />
<zone lrx="815" lry="3000" ulx="340" uly="2612" xml:id="zone_aqm_nfx_cjb" />
<zone lrx="765" lry="1141" ulx="230" uly="158" xml:id="zone_itl_4fx_cjb" />
</surface>
</surfaceGrp>
</facsimile>
<text>
<body>
<div1 facs="#zone_hg2_mfx_cjb" type="mürāsele">
<p>
<lb />... fī <date type="created" when="1850-10-31" when-custom="1266-12-25">25 Z sene 266</date><lb />
</p>
<div3 facs="#zone_aqm_nfx_cjb" type="stamp">
<p>
<lb />...<lb />
</p>
</div3>
</div1>
<div1 facs="#zone_itl_4fx_cjb" type="note_Croatian">
<p>
<lb />...<lb />
</p>
</div1>
</body>
</text>
</TEI>