<TEI xmlns="http://www.tei-c.org/ns/1.0">
<teiHeader>
<fileDesc>
<titleStmt>
<title>DSCN1827</title>
</titleStmt>
<publicationStmt>
<p>Publication Information</p>
</publicationStmt>
<sourceDesc>
<p>{ "saji:aspectRatioType": [ "C" ], "saji:fond": [ "Tursko 1" ] }</p>
</sourceDesc>
</fileDesc>
</teiHeader>
<facsimile>
<surfaceGrp facs="https://diyhistory.org/public/phr2/iiif/1358/manifest">
<surface>
<graphic n="https://diyhistory.org/public/phr2/iiif/1358/canvas/p1" url="https://diyhistory.org/public/phr2/files/original/4ce68e1967939cd33360cd6e88f321c831de1413.jpg" />
<zone lrx="1842" lry="3066" ulx="192" uly="66" xml:id="zone_hdd_xrp_cjb" />
<zone lrx="587" lry="3017" ulx="281" uly="2819" xml:id="zone_frx_yrp_cjb" />
</surface>
<surface>
<graphic n="https://diyhistory.org/public/phr2/iiif/1358/canvas/p2" url="https://diyhistory.org/public/phr2/files/original/2000c4c7e94a4e4e40b750307541cd8b73f182d6.jpg" />
</surface>
<surface>
<graphic n="https://diyhistory.org/public/phr2/iiif/1358/canvas/p3" url="https://diyhistory.org/public/phr2/files/original/b265efc974edf713bd5c656b4f285d4c3418fd80.jpg" />
<zone lrx="3134" lry="944" ulx="189" uly="655" xml:id="zone_yjk_1sp_cjb" />
</surface>
</surfaceGrp>
</facsimile>
<text>
<body>
<div1 cert="low" type="iʿlām_der_devlet">
<p>
<lb />... fī <lb />
</p>
<div2 type="sign">
<p>
<lb />...<lb />
</p>
</div2>
</div1>
<div1 type="summary_Croatian">
<p>
<lb />...<lb />
</p>
</div1>
</body>
</text>
</TEI>