<TEI xmlns="http://www.tei-c.org/ns/1.0">
<teiHeader>
<fileDesc>
<titleStmt>
<title>DSCN1699</title>
</titleStmt>
<publicationStmt>
<p>Publication Information</p>
</publicationStmt>
<notesStmt>
<note type="summary">hüccetを作成するための下書き？</note>
<note type="mine">【要】DSCN1692.JPGは同じ年月日に作成されたhüccetなので、内容を突合せ、その下書きであるかを検討する。</note>
</notesStmt>
<sourceDesc>
<p>{ "saji:aspectRatioType": [ "A" ], "saji:fond": [ "Tursko 1" ] }</p>
</sourceDesc>
</fileDesc>
</teiHeader>
<facsimile>
<surfaceGrp facs="https://diyhistory.org/public/phr2/iiif/1233/manifest">
<surface>
<graphic n="https://diyhistory.org/public/phr2/iiif/1233/canvas/p1" url="https://diyhistory.org/public/phr2/files/original/5753b168ca8760c8853e6a4d4b67cb226882eab3.jpg" />
<zone lrx="1800" lry="3218" ulx="609" uly="72" xml:id="zone_ngr_yry_1jb" />
</surface>
<surface>
<graphic n="https://diyhistory.org/public/phr2/iiif/1233/canvas/p2" url="https://diyhistory.org/public/phr2/files/original/3eeb6564cf05b3a459bcaaf2eee499d949874a6e.jpg" />
<zone lrx="2785" lry="2272" ulx="585" uly="-6" xml:id="zone_nj3_hsy_1jb" />
</surface>
</surfaceGrp>
</facsimile>
<text>
<body>
<div1 cert="unknown" facs="#zone_ngr_yry_1jb" type="hüccet_varaka">
<p>
<lb />... <date type="created" when="1868-02-14" when-custom="1284-10-21">fi'l-yevmi'l-hādā ve'l-ʿaşrīn min şehr Şevvālı'l-mükerrem sene arbaʿa ve semānīn ve mieteyn ve elif</date><lb />
</p>
</div1>
<div1 facs="#zone_nj3_hsy_1jb" type="summary_Croatian">
<p>
<lb />Nno 7.<lb />
</p>
</div1>
</body>
</text>
</TEI>