<TEI xmlns="http://www.tei-c.org/ns/1.0">
  <teiHeader>
    <fileDesc>
      <titleStmt>
        <title>DSCN0546</title>
      </titleStmt>
      <publicationStmt>
        <p>Publication Information</p>
      </publicationStmt>
      <sourceDesc>
        <p>{ "saji:aspectRatioType": [ "B" ], "saji:fond": [ "Tursko 6" ] }</p>
      </sourceDesc>
    </fileDesc>
  </teiHeader>
  <facsimile>
    <surfaceGrp facs="https://diyhistory.org/public/phr2/iiif/2951/manifest">
      <surface>
        <graphic n="https://diyhistory.org/public/phr2/iiif/2951/canvas/p1" url="https://diyhistory.org/public/phr2/files/original/9f50b81bd75ab0c05d39b4f4f3770237273c66be.jpg" />
        <zone lrx="1966" lry="2608" ulx="287" uly="1308" xml:id="zone_y25_gy3_2mb" />
        <zone lrx="703" lry="2573" ulx="489" uly="2384" xml:id="zone_fnl_3y3_2mb" />
      </surface>
    </surfaceGrp>
  </facsimile>
  <text>
    <body>
      <div1 facs="#zone_y25_gy3_2mb" type="tezkire">
        <p>
          <lb />
          <lb />fī <date type="created" when="1820-12-12" when-custom="1236-03-07">7 Ra sene 236</date>
        </p>
        <div2 facs="#zone_fnl_3y3_2mb" type="sign">
          <p>
            <lb />...<lb />
          </p>
        </div2>
      </div1>
    </body>
  </text>
</TEI>