<TEI xmlns="http://www.tei-c.org/ns/1.0">
	<teiHeader>
		<fileDesc>
			<titleStmt>
				<title>DSCN1846</title>
			</titleStmt>
			<publicationStmt>
				<p>Publication Information</p>
			</publicationStmt>
			<notesStmt>
				<note type="summery">Nuh bin Hasanという人物が行方不明になったが、遺族たちが共同体に血の代償を求めることを免除するための書付。修道院もおそらく行方不明地域の範囲に入っているので、修道士たちには血の代償の支払い義務が生じるが、それが免除されている。</note>
				<note type="mine">【要】日付：年日の読み取り不十分</note>
				<note type="mine">シャリーア法廷文書で作りそうなものを、私人間のtemessükとして作成している点が興味深い。 ※not土地文書 </note>
				<note type="mine">土地などに関係しない、一時的な出来事に関する文書であるが、このような文書まで保管されている。</note>
			</notesStmt>
			<sourceDesc>
				<p>{ "saji:aspectRatioType": [ "B" ], "saji:fond": [ "Tursko 1" ] }</p>
			</sourceDesc>
		</fileDesc>
	</teiHeader>
	<facsimile>
		<surfaceGrp facs="https://diyhistory.org/public/phr2/iiif/1377/manifest">
			<surface>
				<graphic n="https://diyhistory.org/public/phr2/iiif/1377/canvas/p1" url="https://diyhistory.org/public/phr2/files/original/bc270843971d710f30a47d2219e0ab38d8d11b64.jpg"/>
				<zone lrx="2017" lry="2975" ulx="133" uly="225" xml:id="zone_wbh_vgq_cjb"/>
				<zone lrx="495" lry="2951" ulx="282" uly="2651" xml:id="zone_rwr_wgq_cjb"/>
			</surface>
			<surface>
				<graphic n="https://diyhistory.org/public/phr2/iiif/1377/canvas/p2" url="https://diyhistory.org/public/phr2/files/original/2ebf5f450dc4010bd314676f52c9f47e80dbeb2a.jpg"/>
				<zone lrx="2262" lry="933" ulx="445" uly="733" xml:id="zone_f4l_zgq_cjb"/>
			</surface>
		</surfaceGrp>
	</facsimile>
	<text>
		<body>
			<div1 cert="unknown" facs="#zone_wbh_vgq_cjb" type="EMIN">
				<p>
					<lb/>Hüve
					<lb/>Vech-i tahrīr-i hurūf budur ki
					<lb/>işbu <date type="created" when="1774-12-30" when-custom="1188-10-27">bin yüz sekisen sekiz senesinde māh-ı Şevvālü'l-mükerremin yiğirmi yedinci gününde</date> bundan on sene
					mukaddem
					<lb/>Kirşevo kasabasında ticāret tarīkiyle meks ü ikāmet üzere iken zamān-ı karībde gā’ib ve nā-bedīd olan
					<lb/>Nūh bin Hasan nām gā’ibin vārisleri li-ebeveyn karındāşı Mehmed ve kız karındāşı Havva ve sa’ir vereseleri tarafından vekīl-i
					<lb/>şerʿī olduğum hasebiyle Kirşevo ve Foyniçe rāhibleriden ve sā'ir etrāf kurālarının ahālisini dem ü diyet mutālebe ile
					<lb/>rencide olunmamak üzere vārisleri tarafından vekāletim hasebiyle ibrā'-i zimmet eyledim bir durlu daʿvā ve nizāʿumuz
					<lb/>olunmadığı ecilden vekāletim hasebiyle zimmī-i mesfūrlara işbu memhūr olan ibrā’ temessük yedlerine virildi
					<lb/>fī tārihi'l-mezbūr </p>
				<div2 facs="#zone_rwr_wgq_cjb" type="sign">
					<p>
						<lb/>El-fakīr ... ʿAbdülfettāh Zāde ʿan Çayniçe
						<lb/>
					</p>
				</div2>
				<div2 type="şühūdu’l-hāl">
					<p>
						<lb/>Süleymān Ağa Çavuş Kethüdā Zāde
						<lb/>Mehmed Ağa ʿan Karye-i ...
						<lb/>Mollā ʿÖmer tābʿi-i Çavuşlar Ağası
						<lb/>Çukadār ʿAlī
						<lb/>ʿAlī Çavuş </p>
				</div2>
			</div1>
			<div1 facs="#zone_f4l_zgq_cjb" type="summary_Croatian">
				<p>
					<lb/>...
					<lb/>
				</p>
			</div1>
		</body>
	</text>
</TEI>
