<TEI xmlns="http://www.tei-c.org/ns/1.0">
  <teiHeader>
    <fileDesc>
      <titleStmt>
        <title>DSCN0639</title>
      </titleStmt>
      <publicationStmt>
        <p>Publication Information</p>
      </publicationStmt>
      <sourceDesc>
        <p>{ "saji:aspectRatioType": [ "D" ], "saji:fond": [ "Tursko 7" ] }</p>
      </sourceDesc>
    </fileDesc>
  </teiHeader>
  <facsimile>
    <surfaceGrp facs="https://diyhistory.org/public/phr2/iiif/3043/manifest">
      <surface>
        <graphic n="https://diyhistory.org/public/phr2/iiif/3043/canvas/p1" url="https://diyhistory.org/public/phr2/files/original/deb8a505bbe908768f52a529eaa53e0ef471e417.jpg" />
        <zone lrx="1833" lry="3091" ulx="275" uly="125" xml:id="zone_sp5_twp_2mb" />
        <zone lrx="1722" lry="888" ulx="1500" uly="689" xml:id="zone_ij5_5wp_2mb" />
      </surface>
    </surfaceGrp>
  </facsimile>
  <text>
    <body>
      <div1 facs="#zone_sp5_twp_2mb" type="beyāz_üzerine_buyuruldu">
        <p>
          <lb />
          <lb />... fī <date cert="low" type="created" when="1793-12-26" when-custom="1208-05-23">23 Ca sene 1208</date>
        </p>
        <div2 type="sign">
          <div3 facs="#zone_ij5_5wp_2mb" type="stamp">
            <p>
              <lb />...<lb />
            </p>
          </div3>
        </div2>
      </div1>
    </body>
  </text>
</TEI>