<TEI xmlns="http://www.tei-c.org/ns/1.0">
<teiHeader>
<fileDesc>
<titleStmt>
<title>DSCN1775</title>
</titleStmt>
<publicationStmt>
<p>Publication Information</p>
</publicationStmt>
<notesStmt>
<note type="mine">【要】日付(buyuruldu)：月、S or Ca</note>
</notesStmt>
<sourceDesc>
<p>{ "saji:aspectRatioType": [ "C" ], "saji:fond": [ "Tursko 1" ], "saji:memo": [ "典型" ] }</p>
</sourceDesc>
</fileDesc>
</teiHeader>
<facsimile>
<surfaceGrp facs="https://diyhistory.org/public/phr2/iiif/1307/manifest">
<surface>
<graphic n="https://diyhistory.org/public/phr2/iiif/1307/canvas/p1" url="https://diyhistory.org/public/phr2/files/original/0ece0084e76d75b9d5b04910f29f1f925c324a00.jpg" />
<zone lrx="1908" lry="2841" ulx="225" uly="233" xml:id="zone_c4b_2h3_cjb" />
<zone lrx="696" lry="2763" ulx="262" uly="2583" xml:id="zone_gh5_fh3_cjb" />
<zone lrx="1285" lry="2174" ulx="237" uly="922" xml:id="zone_wtw_hh3_cjb" />
</surface>
</surfaceGrp>
</facsimile>
<text>
<body>
<div1 facs="#zone_c4b_2h3_cjb" type="iʿlām">
<p>
<lb />... fī <date type="created" when="1837-09-21" when-custom="1253-06-21">21 C sene 53</date><lb />
</p>
<div2 facs="#zone_gh5_fh3_cjb" type="sign">
<p>
<lb />...<lb />
</p>
</div2>
</div1>
<div1 facs="#zone_wtw_hh3_cjb" type="buyuruldu">
<p>
<lb />buyuruldu fī <date type="created" when="1837-05-30" when-custom="1253-02-25">25 S sene 1253</date><lb />
</p>
</div1>
</body>
</text>
</TEI>