<TEI xmlns="http://www.tei-c.org/ns/1.0">
  <teiHeader>
    <fileDesc>
      <titleStmt>
        <title>DSCN0574</title>
      </titleStmt>
      <publicationStmt>
        <p>Publication Information</p>
      </publicationStmt>
      <sourceDesc>
        <p>{ "saji:aspectRatioType": [ "n/a" ], "saji:fond": [ "Tursko 6" ], "saji:memo": [ "・何を示しているか不明。", "Bez prijevoda=翻訳なし" ], "saji:transcription": [ "BEZ PROJEVODA" ] }</p>
      </sourceDesc>
    </fileDesc>
  </teiHeader>
  <facsimile>
    <surfaceGrp facs="https://diyhistory.org/public/phr2/iiif/2979/manifest">
      <surface>
        <graphic n="https://diyhistory.org/public/phr2/iiif/2979/canvas/p1" url="https://diyhistory.org/public/phr2/files/original/a2a1346a9b424acbca828ce094285ec5e2e0b9ea.jpg" />
      </surface>
    </surfaceGrp>
  </facsimile>
  <text>
    <body>
      <div1 type="summary_Croatian">
        <p>
          <lb />...<lb />
        </p>
      </div1>
    </body>
  </text>
</TEI>