<TEI xmlns="http://www.tei-c.org/ns/1.0">
	<teiHeader>
		<fileDesc>
			<titleStmt>
				<title>DSCN0320</title>
			</titleStmt>
			<publicationStmt>
				<p>Publication Information</p>
			</publicationStmt>
			<notesStmt>
				<note type="summary">非ムスリムの耕作地の、修道院長に対する売却・譲渡の承認</note>
				<note type="mine">裏面のスタンプ写しが、エミンにスタンプの読みの参考になる。</note>
			</notesStmt>
			<sourceDesc>
				<p>{ "saji:aspectRatioType": [ "B" ], "saji:fond": [ "Tursko 3" ] }</p>
			</sourceDesc>
		</fileDesc>
	</teiHeader>
	<facsimile>
		<surfaceGrp facs="https://diyhistory.org/public/phr2/iiif/1799/manifest">
			<surface>
				<graphic n="https://diyhistory.org/public/phr2/iiif/1799/canvas/p1" url="https://diyhistory.org/public/phr2/files/original/09e74a0337e27ad9b5e9875a664286b2d893480d.jpg"/>
				<zone lrx="2309" lry="2863" ulx="82" uly="163" xml:id="zone_yhp_f2p_2kb"/>
				<zone lrx="631" lry="2775" ulx="286" uly="2451" xml:id="zone_zzv_h2p_2kb"/>
			</surface>
			<surface>
				<graphic n="https://diyhistory.org/public/phr2/iiif/1799/canvas/p2" url="https://diyhistory.org/public/phr2/files/original/bbaf7a9b794171682ece2b7542cc4a1c31ca4178.jpg"/>
				<zone lrx="2734" lry="1338" ulx="867" uly="583" xml:id="zone_r3y_k2p_2kb"/>
			</surface>
			<surface>
				<graphic n="https://diyhistory.org/public/phr2/iiif/1799/canvas/p3" url="https://diyhistory.org/public/phr2/files/original/6ed3fed944aea316148d0db0c18581807e30b786.jpg"/>
				<zone lrx="854" lry="687" ulx="525" uly="379" xml:id="zone_pc4_j2p_2kb"/>
			</surface>
		</surfaceGrp>
	</facsimile>
	<text>
		<body>
			<div1 facs="#zone_yhp_f2p_2kb" type="EMIN_tapu_nāme">
				<p>
					<lb/>Hüve
					<lb/>Vech-i tahrīr-i hurūf oldur ki
					<lb/>bā-berāt-ı pādişāhile ... olduğumuz tımārımız ... Kirşevo nāhiyesinde KOMARİ karyesinin hudūd dāhilinde
					<lb/>mutasarrıf olan ... nām kendi taht-ı tasarrıfından bulunan bir kıtʿa tarla PRİKANİÇ demekle
					<lb/>bir taraf Īwān KULİŞ tarlası İSTİRANA varınca ve bir taraf gardiyān tarlası ve yine bir kıtʿa tarlaya ...
					<lb/>varınca ve yine bir kıtʿa tarlaya ... yukardaki ve yine bir kıtʿa tarla ... demekle bir taraf-ı tarīki taraf-ı
					<lb/>gardiyān ... ve yine bir kıtʿa ... demekle ve yine bir kıtʿa bağçe demekle bir taraf-ı tarīk
					<lb/>ve taraf ... bağçesi ve yine orman ... bir taraf ... varınca ...
					<lb/>hudūdyile ... tevābiʿ ... her ne ise biz dahi sāhibi'l-araz olduğumuz(?)
					<lb/>hasebiyle biz dahi me'mūrimiz hasebiyle kānūn-ı pādişāhı üzere işbu dārende-i hurūf Kirşevo kilisada
					<lb/>gardiyāna resm-i tapu ile iki bin guruş bedel-i ferāğ mukābelesinde beyʿ-i bāt katʿiyle beyʿ edüb
					<lb/>resm-i tapusu baʿde'l-ahz arāzī-i mīrīye mesfūrun ... ferāğatında müşteri gardiyāna tafvīz
					<lb/>ve zabt ve zirāʿat izin ve ruhsat virdim işbu tapunāme iʿtā olundu zabt ve tasarrıfına hiç
					<lb/>bir tarafdan māniʿ ve müdāhale olunmaya fī <date type="created" when="1848-09-19" when-custom="1264-10-21">21 L sene 264</date>
				</p>
				<div2 facs="#zone_zzv_h2p_2kb" type="sign">
					<p>
						<lb/>El-... El-hāc
						<lb/>Mehmed
						<lb/>El-me'mūr
					</p>
					<div3 facs="#zone_pc4_j2p_2kb" type="stamp_sūret">
						<p>
							<lb/>El-hāc Mehmed
							<lb/>Emīn
							<lb/>...
						</p>
					</div3>
				</div2>
				<div2 type="şühūdu'l-hāl">
					<p>
						<lb/>Şühūdu'l-hāl
						<lb/>Saraylı Mollā Ahmed HMACİ
						<lb/>Memed KBNU
						<lb/>Mollā ʿAlī KBDR
						<lb/>Mollā Mehmed HRZAN
						<lb/>İlya KURD
						<lb/>İSYAN KURD
						<lb/>İVUKULİŞ
						<lb/>ve gayrihim min'el-hazrīn
					</p>
				</div2>
			</div1>
			<div1 facs="#zone_r3y_k2p_2kb" type="summary_Croatian">
				<p>
					<lb/>Tapija na nieve Pulisevu
					<lb/><date type="summary_Craotian" when="1848">1848</date> gr. 2000
					<lb/>Nno 19.
				</p>
			</div1>
		</body>
	</text>
</TEI>
