<TEI xmlns="http://www.tei-c.org/ns/1.0">
  <teiHeader>
    <fileDesc>
      <titleStmt>
        <title>DSCN0553</title>
      </titleStmt>
      <publicationStmt>
        <p>Publication Information</p>
      </publicationStmt>
      <sourceDesc>
        <p>{ "saji:aspectRatioType": [ "?" ], "saji:fond": [ "Tursko 6" ], "saji:memo": [ "・何を示しているか不明。\r\n・ボスニア語梗概？" ] }</p>
      </sourceDesc>
    </fileDesc>
  </teiHeader>
  <facsimile>
    <surfaceGrp facs="https://diyhistory.org/public/phr2/iiif/2958/manifest">
      <surface>
        <graphic n="https://diyhistory.org/public/phr2/iiif/2958/canvas/p1" url="https://diyhistory.org/public/phr2/files/original/be56152829ce042e22ca9ee1a09213d126b5fd7e.jpg" />
      </surface>
      <surface>
        <graphic n="https://diyhistory.org/public/phr2/iiif/2958/canvas/p2" url="https://diyhistory.org/public/phr2/files/original/240532c09964af81c7ddd10edceebcb2e34e8ed2.jpg" />
      </surface>
      <surface>
        <graphic n="https://diyhistory.org/public/phr2/iiif/2958/canvas/p3" url="https://diyhistory.org/public/phr2/files/original/6fd0e14da2185f25ef5457f4e3182ec4f6f584b4.jpg" />
      </surface>
    </surfaceGrp>
  </facsimile>
  <text>
    <body>
      <div1 type="summary_Croatian">
        <p>
          <lb />...<lb />
        </p>
      </div1>
    </body>
  </text>
</TEI>