<TEI xmlns="http://www.tei-c.org/ns/1.0">
	<teiHeader>
		<fileDesc>
			<titleStmt>
				<title>DSCN0082</title>
			</titleStmt>
			<publicationStmt>
				<p>Publication Information</p>
			</publicationStmt>
			<notesStmt>
				<note type="summary">1100グルシュを納めた領収書</note>
			</notesStmt>
			<sourceDesc>
				<p>{ "saji:aspectRatioType": [ "B" ], "saji:fond": [ "Tursko 3" ], "saji:memo": [ "典型" ]}</p>
			</sourceDesc>
		</fileDesc>
		<profileDesc>
			<textClass>
				<classCode scheme="">納税証明</classCode>
			</textClass>
		</profileDesc>
	</teiHeader>
	<facsimile>
		<surfaceGrp facs="https://diyhistory.org/public/phr2/iiif/1566/manifest">
			<surface>
				<graphic n="https://diyhistory.org/public/phr2/iiif/1566/canvas/p1" url="https://diyhistory.org/public/phr2/files/original/405f0d1e42ffee400140b7134b4541f4e2e0c293.jpg"/>
				<zone lrx="1875" lry="2945" ulx="109" uly="209" xml:id="zone_rbd_mfz_k3b"/>
				<zone lrx="1604" lry="2929" ulx="346" uly="1737" xml:id="zone_xzn_g3z_k3b"/>
				<zone lrx="1075" lry="2495" ulx="792" uly="2249" xml:id="zone_kmd_3r5_2jb"/>
			</surface>
			<surface>
				<graphic n="https://diyhistory.org/public/phr2/iiif/1566/canvas/p2" url="https://diyhistory.org/public/phr2/files/original/9ba364bcf12a88bc5b9bf0354e182d19b155b521.jpg"/>
				<zone lrx="3271" lry="857" ulx="7" uly="372" xml:id="zone_gf4_4fz_k3b"/>
			</surface>
		</surfaceGrp>
	</facsimile>
	<text>
		<body>
			<div1 facs="#zone_rbd_mfz_k3b" type="tezkire">
				<p>
					<lb/>Hüve
					<lb/>
					<lb/>... rāhibāt-ı <placename type="proper">Foyniçe</placename> ve <placename type="proper">Kirşevo</placename> ve <placename cert="unknown" type="proper">...</placename>
					<lb/>
					<lb/>800 ...
					<lb/>
					<lb/>200 ...
					<lb/>
					<lb/>100 ...
					<lb/>
					<lb/>1100
					<lb/>
					<lb/>Vech-i meşrūʿ üzere
					<lb/>
					<lb/><placename type="proper">Foyniçe</placename> ve <placename type="proper">Kirşevo</placename> ve <placename cert="unknown" type="proper">...</placename> rubānları ...
					<lb/>
					<lb/>bin yüz guruş ... hazīne ... tezkire
					<lb/>
					<lb/>virildi fī <date cert="medium" type="created" when="1767-10-10" when-custom="1181-05-17">17 Ca 181</date>
					<lb/>
				</p>
				<div2 facs="#zone_xzn_g3z_k3b" type="sign">
					<p>
						<lb/><persname>Süleyman</persname> Bosna māl-ı kethüdāsı ...
						<lb/>
					</p>
					<div3 facs="#zone_kmd_3r5_2jb" type="stamp">
						<p>
							<lb/>Süleyman ...
							<lb/>
						</p>
					</div3>
				</div2>
			</div1>
			<div1 facs="#zone_gf4_4fz_k3b" type="summary_Serbian">
				<p>
					<lb/>...
					<lb/>
				</p>
			</div1>
		</body>
	</text>
</TEI>
