<TEI xmlns="http://www.tei-c.org/ns/1.0">
  <teiHeader>
    <fileDesc>
      <titleStmt>
        <title>DSCN0466</title>
      </titleStmt>
      <publicationStmt>
        <p>Publication Information</p>
      </publicationStmt>
      <notesStmt>
        <note type="summary">1856年2月の改革勅令</note>
        <note type="mine">☆あまり残っていない貴重な原本。発布当日に配布されたもの。</note>
      </notesStmt>
      <sourceDesc>
        <p>{ "saji:aspectRatioType": [ "C" ], "saji:fond": [ "Tursko 6" ], "saji:memo": [ "典型" ] }</p>
      </sourceDesc>
    </fileDesc>
  </teiHeader>
  <facsimile>
    <surfaceGrp facs="https://diyhistory.org/public/phr2/iiif/2873/manifest">
      <surface>
        <graphic n="https://diyhistory.org/public/phr2/iiif/2873/canvas/p1" url="https://diyhistory.org/public/phr2/files/original/c33735b92f303851e8084f252b983ceaea7ba6c0.jpg" />
        <zone lrx="2010" lry="2990" ulx="560" uly="20" xml:id="zone_ntf_vdc_2mb" />
      </surface>
    </surfaceGrp>
  </facsimile>
  <text>
    <body>
      <div1 facs="#zone_ntf_vdc_2mb" type="hatt-ı_hümāyūn_sūret">
        <p>
          <lb />
          <lb />... fī <date from="1856-01-17" from-custom="1272-05-10">evā’il C 1272</date>
        </p>
      </div1>
    </body>
  </text>
</TEI>