<TEI xmlns="http://www.tei-c.org/ns/1.0">
  <teiHeader>
    <fileDesc>
      <titleStmt>
        <title>DSCN0598</title>
      </titleStmt>
      <publicationStmt>
        <p>Publication Information</p>
      </publicationStmt>
      <notesStmt>
        <note type="summary">フォルダ7表紙</note>
      </notesStmt>
      <sourceDesc>
        <p>{ "saji:aspectRatioType": [ "n/a" ], "saji:fond": [ "Tursko 7" ], "saji:relationWithAnotherItems": [ "フォンド表紙" ], "saji:transcription": [ "(201-288)\r\n1-III-1b\r\nTursko 7\r\n(1845-1860)" ] }</p>
      </sourceDesc>
    </fileDesc>
  </teiHeader>
  <facsimile>
    <surfaceGrp facs="https://diyhistory.org/public/phr2/iiif/3002/manifest">
      <surface>
        <graphic n="https://diyhistory.org/public/phr2/iiif/3002/canvas/p1" url="https://diyhistory.org/public/phr2/files/original/cbe24eeaf30f35a1d3a6b8f24f0133f3db1f0148.jpg" />
      </surface>
    </surfaceGrp>
  </facsimile>
  <text>
    <body>
      <div1 type="folder_cover">
        <p>
          <lb />...<lb />
        </p>
      </div1>
    </body>
  </text>
</TEI>