<TEI xmlns="http://www.tei-c.org/ns/1.0">
<teiHeader>
<fileDesc>
<titleStmt>
<title>DSCN1837</title>
</titleStmt>
<publicationStmt>
<p>Publication Information</p>
</publicationStmt>
<notesStmt>
<note type="mine">【要】日付：アラビア語が変で読み取りが合っているか分からない。</note>
<note type="mine">【要】日付：クロアチア語要約の月も読み取れない。</note>
</notesStmt>
<sourceDesc>
<p>{ "saji:aspectRatioType": [ "A" ], "saji:fond": [ "Tursko 1" ] }</p>
</sourceDesc>
</fileDesc>
</teiHeader>
<facsimile>
<surfaceGrp facs="https://diyhistory.org/public/phr2/iiif/1368/manifest">
<surface>
<graphic n="https://diyhistory.org/public/phr2/iiif/1368/canvas/p1" url="https://diyhistory.org/public/phr2/files/original/0755587314f5d470a6e1626352af2feefb3db083.jpg" />
<zone lrx="1609" lry="2936" ulx="582" uly="54" xml:id="zone_u3k_xxp_cjb" />
<zone lrx="1253" lry="720" ulx="734" uly="80" xml:id="zone_okm_yxp_cjb" />
<zone lrx="1065" lry="704" ulx="920" uly="566" xml:id="zone_aqc_zxp_cjb" />
</surface>
<surface>
<graphic n="https://diyhistory.org/public/phr2/iiif/1368/canvas/p2" url="https://diyhistory.org/public/phr2/files/original/835212daa2d48d8e54c508506bb797fc0a969628.jpg" />
<zone lrx="2312" lry="872" ulx="700" uly="272" xml:id="zone_xng_1yp_cjb" />
</surface>
</surfaceGrp>
</facsimile>
<text>
<body>
<div1 facs="#zone_u3k_xxp_cjb" type="hüccet">
<p>
<lb />... min <date cert="low" type="created" when="1807-12-12" when-custom="1222-10-12">el-şehr Şevvāl mükerrem min yevm<lb />
<lb />ʿaşar isnā sene isnā ʿaşrīn mieteyn ve elif</date><lb />
</p>
<div2 facs="#zone_okm_yxp_cjb" type="sign">
<p>
<lb />...<lb />
</p>
<div3 facs="#zone_aqc_zxp_cjb" type="stamp">
<p>
<lb />...<lb />
</p>
</div3>
</div2>
</div1>
<div1 type="summary_Crotatian">
<p>
<lb />Die <date cert="unknown" type="summary_Croatian" when="1807-11-28">28 ... 1807</date>.<lb />
</p>
</div1>
</body>
</text>
</TEI>