<TEI xmlns="http://www.tei-c.org/ns/1.0">
	<teiHeader>
		<fileDesc>
			<titleStmt>
				<title>DSCN0289</title>
			</titleStmt>
			<publicationStmt>
				<p>Publication Information</p>
			</publicationStmt>
			<notesStmt>
				<note type="summary">非ムスリムから非ムスリムへ、マーリキャーネの売却・譲渡(?)の承認文書</note>
				<note type="mine">スぺルミスが非常に多い、点を付ける場所も間違っている確率が高いのでそれをふまえて【要】読み直し。</note>
			</notesStmt>
			<sourceDesc>
				<p>{ "saji:aspectRatioType": [ "B" ], "saji:fond": [ "Tursko 3" ] }</p>
			</sourceDesc>
		</fileDesc>
	</teiHeader>
	<facsimile>
		<surfaceGrp facs="https://diyhistory.org/public/phr2/iiif/1768/manifest">
			<surface>
				<graphic n="https://diyhistory.org/public/phr2/iiif/1768/canvas/p1" url="https://diyhistory.org/public/phr2/files/original/1006b1e88022ca4a89caa74c78f36dd48efe57f6.jpg"/>
				<zone lrx="2317" lry="3108" ulx="192" uly="166" xml:id="zone_dqx_3t5_xjb"/>
				<zone lrx="732" lry="3086" ulx="488" uly="2755" xml:id="zone_um1_mt5_xjb"/>
				<zone lrx="497" lry="3037" ulx="227" uly="2681" xml:id="zone_uly_mt5_xjb"/>
			</surface>
			<surface>
				<graphic n="https://diyhistory.org/public/phr2/iiif/1768/canvas/p2" url="https://diyhistory.org/public/phr2/files/original/61686f5ed37133f0c0f49c390dfef776acaa8f35.jpg"/>
				<zone lrx="1977" lry="2977" ulx="1787" uly="2807" xml:id="zone_nxy_pt5_xjb"/>
				<zone lrx="2205" lry="2975" ulx="2010" uly="2797" xml:id="zone_prs_qt5_xjb"/>
				<zone lrx="2240" lry="640" ulx="178" uly="434" xml:id="zone_pzw_rt5_xjb"/>
			</surface>
		</surfaceGrp>
	</facsimile>
	<text>
		<body>
			<div1 facs="#zone_dqx_3t5_xjb" type="EMIN_tezkire">
				<p>
					<lb/>Hüve
					<lb/>Vech-i tahrīr-i hurūf budur ki
					<lb/>işbu <date type="created" when="1835-04-27" when-custom="1250">bin iki yüz elli senesinde</date> der ʿuhde ve iltizāmımızdan bulunan Kirşevo
					<lb/>mukātaʿa mālikânesinde ... mutasarruf olub
					<lb/>zimmī İİVA(?) sekizinci ...
					<lb/>... işbu dārende-i hurūf VLURVİÇ AGLİ
					<lb/>zimmī Īvān üç yüz otuz resmiyle ... ile beyʿ-i bāt beyʿ ...
					<lb/>ve ... ferāğ(?) edüb <sic>bize</sic><corr>biz</corr> dahi me'mūrimiz hasebiyle tafvīz ve tafv-
					<lb/>īzlerin içün(?) ve cāiz görüb mā-dām ki ...
					<lb/>taraf-ı mīrīye <sic>rācī</sic><corr>rāciʿ</corr> olan edā ve teslīm eyleyüb işbu yedine(?)
					<lb/>tezkire iʿtā olundu <sic>hr</sic><corr>hurira</corr> fī <date when="0640-12-19" when-custom="19">19</date>
				</p>
				<div2 facs="#zone_um1_mt5_xjb" type="sign">
					<p>
						<lb/>...
						<lb/>Mehmed Emīn-i
						<lb/>Kirşevo
						<lb/>M(?)
					</p>
					<div3 facs="#zone_nxy_pt5_xjb" type="stamp">
						<p>
							<lb/>... fī
							<lb/>Mehmed
						</p>
					</div3>
				</div2>
				<div2 facs="#zone_uly_mt5_xjb" type="sign">
					<p>
						<lb/>...
						<lb/>Ahmed Emīn-i
						<lb/>Kirşevo
						<lb/>M(?)
					</p>
					<div3 facs="#zone_prs_qt5_xjb" type="stamp">
						<p>
							<lb/>...
							<lb/>Ahmad
							<lb/>
						</p>
					</div3>
				</div2>
				<div2 type="şühūdu'l-hāl">
					<p>
						<lb/>... El-hac Mustafa(?) Ağa
						<lb/>Zāde BAĞU
						<lb/>El-hac İsmaʿīlzāde
						<lb/>Karaviç Beşe
						<lb/>İbrāhīm Beşe tābiʿ(?) Emīn
						<lb/>Andriye TOMİÇ
						<lb/>ŞANE NʿKUH
					</p>
				</div2>				
			</div1>
			<div1 facs="#zone_pzw_rt5_xjb" type="summary_Croatian">
				<p>
					<lb/>Temesuck od Majdana ... uzo od ...
				</p>
			</div1>
		</body>
	</text>
</TEI>
