<TEI xmlns="http://www.tei-c.org/ns/1.0">
  <teiHeader>
    <fileDesc>
      <titleStmt>
        <title>DSCN0614</title>
      </titleStmt>
      <publicationStmt>
        <p>Publication Information</p>
      </publicationStmt>
      <notesStmt>
        <note type="mine">【要】DSCN0613.JPGとDSCN0614.JPGは同じアイテムの表裏。現在別々のアイテムになっているので統合する。</note>
      </notesStmt>      
      <sourceDesc>
        <p>{ "saji:aspectRatioType": [ "?" ], "saji:fond": [ "Tursko 7" ], "saji:memo": [ "・何を示しているか不明。\r\n・ボスニア語梗概？" ] }</p>
      </sourceDesc>
    </fileDesc>
  </teiHeader>
  <facsimile>
    <surfaceGrp facs="https://diyhistory.org/public/phr2/iiif/3018/manifest">
      <surface>
        <graphic n="https://diyhistory.org/public/phr2/iiif/3018/canvas/p1" url="https://diyhistory.org/public/phr2/files/original/e78d0acfffa3850bb5403226b3c6c3a97d0d520e.jpg" />
      </surface>
    </surfaceGrp>
  </facsimile>
  <text>
    <body>
      <div1 type="unknown_Croatian">
        <p>
          <lb />...<lb />
        </p>
      </div1>
    </body>
  </text>
</TEI>