<TEI xmlns="http://www.tei-c.org/ns/1.0">
	<teiHeader>
		<fileDesc>
			<titleStmt>
				<title>DSCN0543</title>
			</titleStmt>
			<publicationStmt>
				<p>Publication Information</p>
			</publicationStmt>
			<sourceDesc>
				<p>{ "saji:aspectRatioType": [ "B" ], "saji:fond": [ "Tursko 6" ] }</p>
			</sourceDesc>
		</fileDesc>
	</teiHeader>
	<facsimile>
		<surfaceGrp facs="https://diyhistory.org/public/phr2/iiif/2949/manifest">
			<surface>
				<graphic n="https://diyhistory.org/public/phr2/iiif/2949/canvas/p1" url="https://diyhistory.org/public/phr2/files/original/61e49fe70125b6eb99c29be0b4417896acaaac22.jpg"/>
				<zone lrx="2077" lry="3123" ulx="124" uly="1230" xml:id="zone_zhn_fw3_2mb"/>
				<zone lrx="577" lry="3092" ulx="314" uly="2740" xml:id="zone_rhx_gw3_2mb"/>
			</surface>
		</surfaceGrp>
	</facsimile>
	<text>
		<body>
			<div1 facs="#zone_zhn_fw3_2mb" type="unknown">
				<p>
					<lb/>
					<lb/>... fī <date type="created" when-custom="1257-03-15">15 Ra sene 57</date>
				</p>
				<div2 facs="#zone_rhx_gw3_2mb" type="sign">
					<p>
						<lb/>...
						<lb/>
					</p>
				</div2>
			</div1>
		</body>
	</text>
</TEI>
