<TEI xmlns="http://www.tei-c.org/ns/1.0">
  <teiHeader>
    <fileDesc>
      <titleStmt>
        <title>DSCN0465</title>
      </titleStmt>
      <publicationStmt>
        <p>Publication Information</p>
      </publicationStmt>
      <sourceDesc>
        <p>{ "saji:aspectRatioType": [ "B" ], "saji:fond": [ "Tursko 6" ], "saji:memo": [ "典型" ] }</p>
      </sourceDesc>
    </fileDesc>
  </teiHeader>
  <facsimile>
    <surfaceGrp facs="https://diyhistory.org/public/phr2/iiif/2872/manifest">
      <surface>
        <graphic n="https://diyhistory.org/public/phr2/iiif/2872/canvas/p1" url="https://diyhistory.org/public/phr2/files/original/f8db6748051c8126e4e8c20e588e3c1c63606361.jpg" />
        <zone lrx="1790" lry="3250" ulx="0" uly="1400" xml:id="zone_cbl_xbc_2mb" />
        <zone lrx="459" lry="3238" ulx="95" uly="2902" xml:id="zone_kzz_ybc_2mb" />
        <zone lrx="1755" lry="1431" ulx="107" uly="357" xml:id="zone_smh_1cc_2mb" />
        <zone lrx="2128" lry="1318" ulx="1729" uly="958" xml:id="zone_urj_tcc_2mb" />
        <zone lrx="2113" lry="1218" ulx="1981" uly="1063" xml:id="zone_tpf_5cc_2mb" />
      </surface>
    </surfaceGrp>
  </facsimile>
  <text>
    <body>
      <div1 facs="#zone_cbl_xbc_2mb" type="ʿarz-ıhāl_sūret">
        <p>
          <lb />...<lb />
        </p>
        <div2 facs="#zone_kzz_ybc_2mb" type="sign">
          <p>
            <lb />...<lb />
          </p>
        </div2>
      </div1>
      <div1 facs="#zone_smh_1cc_2mb" type="buyuruldu_sūret">
        <p>
          <lb />
          <lb />... fī <date type="created" when="1785-01-08" when-custom="1199-02-27">27 S sene 199</date>
        </p>
      </div1>
      <div1 facs="#zone_urj_tcc_2mb" type="note">
        <p>
          <lb />... fī <lb />
        </p>
        <div2 type="sign">
          <div3 facs="#zone_tpf_5cc_2mb" type="stamp">
            <p>
              <lb />... <lb />
            </p>
          </div3>
        </div2>
      </div1>
    </body>
  </text>
</TEI>