<TEI xmlns="http://www.tei-c.org/ns/1.0">
  <teiHeader>
    <fileDesc>
      <titleStmt>
        <title>DSCN0558</title>
      </titleStmt>
      <publicationStmt>
        <p>Publication Information</p>
      </publicationStmt>
      <sourceDesc>
        <p>{ "saji:aspectRatioType": [ "B" ], "saji:fond": [ "Tursko 6" ] }</p>
      </sourceDesc>
    </fileDesc>
  </teiHeader>
  <facsimile>
    <surfaceGrp facs="https://diyhistory.org/public/phr2/iiif/2963/manifest">
      <surface>
        <graphic n="https://diyhistory.org/public/phr2/iiif/2963/canvas/p1" url="https://diyhistory.org/public/phr2/files/original/3ada8346fdbe989ed415ef664a63fc7af981c379.jpg" />
        <zone lrx="1679" lry="2912" ulx="91" uly="1487" xml:id="zone_thq_ccj_2mb" />
        <zone lrx="648" lry="2889" ulx="336" uly="2559" xml:id="zone_k3v_dcj_2mb" />
        <zone lrx="1678" lry="1593" ulx="156" uly="759" xml:id="zone_xkh_gcj_2mb" />
      </surface>
      <surface>
        <graphic n="https://diyhistory.org/public/phr2/iiif/2963/canvas/p2" url="https://diyhistory.org/public/phr2/files/original/aba7dda069fe27424f84c330fc29bcbe2eb26eb3.jpg" />
        <zone lrx="2895" lry="677" ulx="73" uly="272" xml:id="zone_h3r_hcj_2mb" />
      </surface>
    </surfaceGrp>
  </facsimile>
  <text>
    <body>
      <div1 facs="#zone_thq_ccj_2mb" next="#zone_xkh_gcj_2mb" type="mürāsele">
        <p>
          <lb />
          <lb />... hurira fī <date type="created" when="1784-02-20" when-custom="1198-03">Rebi'ü'l-evvel sene 1198</date>
        </p>
        <div2 facs="#zone_k3v_dcj_2mb" type="sign">
          <p>
            <lb />...<lb />
          </p>
        </div2>
      </div1>
      <div1 facs="#zone_xkh_gcj_2mb" next="#zone_h3r_hcj_2mb" type="buyuruldu">
        <p>
          <lb />
          <lb />... fī <date type="created" when="1784-01-06" when-custom="1198-02-13">13 S sene 198</date>
        </p>
      </div1>
      <div1 facs="#zone_h3r_hcj_2mb" type="summary_Croatian">
        <p>
          <lb />... <date type="summary_Croatian" when="1782">1782</date>
          <lb />
        </p>
      </div1>
    </body>
  </text>
</TEI>