<TEI xmlns="http://www.tei-c.org/ns/1.0">
  <teiHeader>
    <fileDesc>
      <titleStmt>
        <title>DSCN0447</title>
      </titleStmt>
      <publicationStmt>
        <p>Publication Information</p>
      </publicationStmt>
      <sourceDesc>
        <p>{ "saji:aspectRatioType": [ "B" ], "saji:fond": [ "Tursko 6" ] }</p>
      </sourceDesc>
    </fileDesc>
  </teiHeader>
  <facsimile>
    <surfaceGrp facs="https://diyhistory.org/public/phr2/iiif/2854/manifest">
      <surface>
        <graphic n="https://diyhistory.org/public/phr2/iiif/2854/canvas/p1" url="https://diyhistory.org/public/phr2/files/original/f73998857b7c4befb49f43b14bbc2e4b9af3b472.jpg" />
      </surface>
      <surface>
        <graphic n="https://diyhistory.org/public/phr2/iiif/2854/canvas/p2" url="https://diyhistory.org/public/phr2/files/original/668c962aee35c3e4dc2962cd311f49a812e0803e.jpg" />
        <zone lrx="2638" lry="2269" ulx="207" uly="815" xml:id="zone_prj_ywb_2mb" />
        <zone lrx="816" lry="2187" ulx="305" uly="1790" xml:id="zone_rgw_zwb_2mb" />
      </surface>
    </surfaceGrp>
  </facsimile>
  <text>
    <body>
      <div1 facs="#zone_prj_ywb_2mb" type="iʿlām_maʿrūz">
        <p>
          <lb />
          <lb />... hurira fī <date type="created" when="1801-05-25" when-custom="1216-01-13">13 Muharrem sene 1216</date>
        </p>
        <div2 facs="#zone_rgw_zwb_2mb" type="sign">
          <p>
            <lb />...<lb />
          </p>
        </div2>
      </div1>
    </body>
  </text>
</TEI>