<TEI xmlns="http://www.tei-c.org/ns/1.0">
<teiHeader>
<fileDesc>
<titleStmt>
<title>DSCN1802</title>
</titleStmt>
<publicationStmt>
<p>Publication Information</p>
</publicationStmt>
<notesStmt>
<note type="mine">【要】日付：本文中のすべての日付を作成日(type="created")としてマークアップしているが、どれが作成日なのか要確認。</note>
</notesStmt>
<sourceDesc>
<p>{ "saji:aspectRatioType": [ "C" ], "saji:fond": [ "Tursko 1" ], "saji:memo": [ "典型" ] }</p>
</sourceDesc>
</fileDesc>
</teiHeader>
<facsimile>
<surfaceGrp facs="https://diyhistory.org/public/phr2/iiif/1333/manifest">
<surface>
<graphic n="https://diyhistory.org/public/phr2/iiif/1333/canvas/p1" url="https://diyhistory.org/public/phr2/files/original/d193950348b86f6e0c0fdfb1dc9eee5eccec373b.jpg" />
<zone lrx="2186" lry="2180" ulx="120" uly="220" xml:id="zone_umy_fdj_cjb" />
<zone lrx="667" lry="1715" ulx="478" uly="1548" xml:id="zone_rxy_hdj_cjb" />
</surface>
<surface>
<graphic n="https://diyhistory.org/public/phr2/iiif/1333/canvas/p2" url="https://diyhistory.org/public/phr2/files/original/51ac638a3b9dc0213c93dc740e1c35cf0b171aba.jpg" />
</surface>
</surfaceGrp>
</facsimile>
<text>
<body>
<div1 facs="#zone_umy_fdj_cjb" type="şükka">
<p>
<lb />... fī <date type="created" when="1874-01-04" when-custom="1290-11-16">16 Zi'l-kaʿade sene 290</date> ve fī <date type="created" when="1873-02-21" when-custom="1289--24">24 ... sene 289</date><lb />
<lb />fī <date type="created" when="1873-01-30" when-custom="1289--02">2 ... sene 89</date>...<lb />
</p>
<div3 facs="#zone_rxy_hdj_cjb" type="stamp">
<p>
<lb />... fī <lb />
</p>
</div3>
</div1>
</body>
</text>
</TEI>