<TEI xmlns="http://www.tei-c.org/ns/1.0">
	<teiHeader>
		<fileDesc>
			<titleStmt>
				<title>DSCN0190</title>
			</titleStmt>
			<publicationStmt>
				<p>Publication Information</p>
			</publicationStmt>
			<notesStmt>
				<note type="summary">絶対に取り消せない売却および移転 beyʿ-i bāt katʿiyle beyʿ</note>
				<note type="summary">非ムスリムが保有していた田の、クレシェヴォ修道院の修道士に対する売却に関する承認文書、またそこからの徴税権の承認文書</note>
				<note type="mine">証人 şühūdu'l-hālの記述に、金箔入りインクが使用されている。</note>
			</notesStmt>
			<sourceDesc>
				<p>{ "saji:aspectRatioType": [ "B" ], "saji:fond": [ "Tursko 3" ] }</p>
			</sourceDesc>
		</fileDesc>
		<profileDesc>
			<textClass>
				<classCode scheme="">土地譲渡・売買</classCode>
			</textClass>
		</profileDesc>		
	</teiHeader>
	<facsimile>
		<surfaceGrp facs="https://diyhistory.org/public/phr2/iiif/1670/manifest">
			<surface>
				<graphic url="https://diyhistory.org/public/phr2/files/original/b61a63b4f29c12e99352300d976f67fd4e2f97cc.jpg" n="https://diyhistory.org/public/phr2/iiif/1670/canvas/p1"/>
				<zone xml:id="zone_bkv_zst_3jb" lry="2750" lrx="2389" uly="104" ulx="66"/>
				<zone xml:id="zone_q1x_btt_3jb" lry="2550" lrx="353" uly="2196" ulx="69"/>
				<zone xml:id="zone_khh_p34_sqb" lry="1477" lrx="438" uly="1365" ulx="289"/>
				<zone xml:id="zone_bnb_w34_sqb" lry="1635" lrx="1466" uly="1535" ulx="1357"/>
				<zone xml:id="zone_jmp_x34_sqb" lry="1622" lrx="1117" uly="1490" ulx="891"/>
				<zone xml:id="zone_clg_xj4_sqb" lry="1743" lrx="1288" uly="1648" ulx="1135"/>
				<zone xml:id="zone_ckf_jk4_sqb" lry="1715" lrx="590" uly="1584" ulx="84"/>
				<zone xml:id="zone_ypl_d44_sqb" lry="2671" lrx="2279" uly="2311" ulx="1857"/>
				<zone xml:id="zone_bbl_244_sqb" lry="2579" lrx="2378" uly="2181" ulx="1865"/>
				<zone xml:id="zone_xc5_f44_sqb" lry="2417" lrx="2362" uly="2081" ulx="1871"/>
				<zone xml:id="zone_lk4_g44_sqb" lry="2255" lrx="2323" uly="1969" ulx="1856"/>
				<zone xml:id="zone_tx3_h44_sqb" lry="2143" lrx="2382" uly="1862" ulx="1882"/>
			</surface>
			<surface>
				<graphic n="https://diyhistory.org/public/phr2/iiif/1670/canvas/p2" url="https://diyhistory.org/public/phr2/files/original/870b50ba612bef8cd209fcd94813594093a1d1b7.jpg"/>
				<zone lrx="3039" lry="1950" ulx="145" uly="483" xml:id="zone_g4c_ftt_3jb"/>
			</surface>
		</surfaceGrp>
	</facsimile>
	<text>
		<body>
			<div1 type="EMIN_zabt_temessük" facs="#zone_bkv_zst_3jb">
				<p>
					<lb/>Hüve
					<lb/>Vech-i tahrīr-i hurūf oldur ki
					<lb/>işbu <date when-custom="1260" when="1845-01-08">bin iki yüz altmış senesinde</date> der ʿuhde ve iltizāmımızda bulunan <placeName>Kirşevo</placeName> mukātaʿasında bulunan
					müsliman cemāʿatında <placeName facs="#zone_khh_p34_sqb">KOISINA</placeName> karye hudūd
					<lb/>dāhilinde bir kıtʿa tarla <placeName facs="#zone_bnb_w34_sqb">DILKA</placeName> demekle bir taraf <persName facs="#zone_jmp_x34_sqb">MATO LALIK</persName> tarlası ve taraf-ı
					sānī mesfūrun tarlası ve taraf-ı sālis
					<lb/>müşterinin tarlası ve taraf-ı rābiʿ <persName facs="#zone_clg_xj4_sqb">BOTOK</persName> varınca karye-i mezkūrde mutavattın <persName facs="#zone_ckf_jk4_sqb">NMA Īwān LALIK
						vedel-i Peter</persName>
					<lb/>mezkūr tarlayı kendi taht-ı tasarrıfında bulunan işbu dārende-i <placeName>Kirşevo</placeName> varoş kilisanın <persName>gardiyān</persName> nām-ı mesfūre
					<lb/>resmyile beş yüz elli guruş bedeli ve ... mukābelesinde beyʿ-i bāt katʿiyle beyʿ edüp ol dahi kabūl biz dahi mukātaʿa
					<lb/>emīni bulunduğumuz hasbiyle mesfūr-i <persName>gardiyāna</persName> tefvīz ve yedine işbu zabt-ı temessüğü virildi tarafımızdan
					<lb/>ve taraf-ı āhardan bir kimesne māniʿ ve müdāhale olunmaya mā-dām ki sāl be-sāl taraf-ı mīrīye rāciʿ olan ʿöşr-i
					<lb/>mahsūlātıyla edā ve teslīm eyledükları fī <date when-custom="1260-08-20" type="created" when="1844-09-03">20 Ş sene 1260</date>
				</p>
				<div2 type="sign" facs="#zone_q1x_btt_3jb">
					<p>
						<lb/>El-me'mūr be'l-memhūr
						<lb/><persName>Mehmed</persName> Emīn-i Mukā-
						<lb/>taʿa-i <placeName>Kirşevo</placeName>
						<lb/>Hālā
						<lb/>M </p>
				</div2>
				<div2 type="şühūdu'l-hāl">
					<p>
						<lb/>Şühūdu'l-hāl
						<lb/>MRDAN Mollā <persName facs="#zone_ypl_d44_sqb">Mehmed</persName> ʿan kasaba-i <placeName>Kirşevo</placeName>
						<lb/>... Mollā <persName facs="#zone_bbl_244_sqb">İbrāhīm</persName> ʿan <placeName>kasaba-i Mezkūr</placeName>
						<lb/>Zimmī <persName facs="#zone_xc5_f44_sqb">MATO LALIK</persName> ʿan karye-i <placeName>KOYSINA</placeName>
						<lb/>Zimmī <persName facs="#zone_lk4_g44_sqb">İstepān YAKIÇE</persName> ʿan <placeName>Kirşevo</placeName>
						<lb/>Zimmī <persName facs="#zone_tx3_h44_sqb">LIRUDU KUYNIK</persName> ʿan <placeName>Kirşevo</placeName>
						<lb/>ve gayrihim </p>
				</div2>
			</div1>
			<div1 type="summary_Croatian" facs="#zone_g4c_ftt_3jb">
				<p>
					<lb/>Kupismo Diljku na Karoi k... od Ivana doliku i japismo 550.
					<lb/>Iovera 6. onkika.
					<lb/><date when="1884" type="summary_Croatian">1884</date>.<date when-custom="1260" type="summary_Croatian" when="1845-01-08">1260</date>. Nno 24.
					<lb/>117 </p>
			</div1>
		</body>
	</text>
</TEI>
