<TEI xmlns="http://www.tei-c.org/ns/1.0">
<teiHeader>
<fileDesc>
<titleStmt>
<title>DSCN1060</title>
</titleStmt>
<publicationStmt>
<p>Publication Information</p>
</publicationStmt>
<notesStmt>
<note type="mine">イスタンブルの修道院宛のものを、フォイニチェが写した→イスタンブルのカトリック修道院宛の内容を、その他の地域（ex.
          クレシェヴォ）の修道院も複写した？→イスタンブルのカトリック修道院と、クレシェヴォ修道院との関係は？</note>
</notesStmt>
<sourceDesc>
<p>{ "saji:aspectRatioType": [ "C" ], "saji:date_H": [ "1299-" ], "saji:fond": [ "Tursko 1"
          ]}</p>
</sourceDesc>
</fileDesc>
</teiHeader>
<facsimile>
<surfaceGrp facs="https://diyhistory.org/public/phr2/iiif/1176/manifest">
<surface>
<graphic n="https://diyhistory.org/public/phr2/iiif/1176/canvas/p1" url="https://diyhistory.org/public/phr2/files/original/9027a958bdc703c0b1da53beafa91659bb9c6078.jpg" />
<zone lrx="2445" lry="3081" ulx="200" uly="118" xml:id="zone_ody_mck_1jb" />
</surface>
<surface>
<graphic n="https://diyhistory.org/public/phr2/iiif/1176/canvas/p2" url="https://diyhistory.org/public/phr2/files/original/203341892f0d0b86ab6c40ac9f157a989fd38ca1.jpg" />
</surface>
<surface>
<graphic n="https://diyhistory.org/public/phr2/iiif/1176/canvas/p3" url="https://diyhistory.org/public/phr2/files/original/7a89bd7106e879973b875fd7adc3b56734568ad0.jpg" />
<zone lrx="3025" lry="1110" ulx="2909" uly="975" xml:id="zone_p1w_rck_1jb" />
</surface>
<surface>
<graphic n="https://diyhistory.org/public/phr2/iiif/1176/canvas/p4" url="https://diyhistory.org/public/phr2/files/original/d3405d3ee4cde025a1ff93edc9c60392b23bdae8.jpg" />
</surface>
<surface>
<graphic n="https://diyhistory.org/public/phr2/iiif/1176/canvas/p5" url="https://diyhistory.org/public/phr2/files/original/3763454d538b99f2dbfe51a28e2e3a8d0b0ba9d1.jpg" />
<zone lrx="2689" lry="1583" ulx="1118" uly="728" xml:id="zone_ddj_tck_1jb" />
</surface>
</surfaceGrp>
</facsimile>
<text>
<body>
<div1 facs="#zone_ody_mck_1jb" type="fermān_hatt-ı_hümāyūn_sūret">
<p>
<lb />... fī <date from="1882-07-07" from-custom="1299-08-21" to-custom="1299-08-30" type="created">evāhir şehr Şaʿabānİ'l-muʿazzam sene tisʿ ve
            tisʿīn ve mieteyn ve elif</date><lb />
</p>
<div3 facs="#zone_p1w_rck_1jb" type="stamp">
<p>
<lb />...<lb />
</p>
</div3>
</div1>
<div1 facs="#zone_ddj_tck_1jb" type="summary_Croatian">
<p>
<lb />... <date type="summary_Croatian" when="1853">1853</date> ...<lb />
</p>
</div1>
</body>
</text>
</TEI>