<TEI xmlns="http://www.tei-c.org/ns/1.0">
	<teiHeader>
		<fileDesc>
			<titleStmt>
				<title>DSCN0300</title>
			</titleStmt>
			<publicationStmt>
				<p>Publication Information</p>
			</publicationStmt>
			<notesStmt>
				<note type="summary">クレシェヴォ・ムカーターに属する国有地arāz-i emiriyeの耕作地の保有権の、ムスリム女性から非ムスリムに対する売却・譲渡の承認</note>
			</notesStmt>
			<sourceDesc>
				<p>{ "saji:aspectRatioType": [ "B" ], "saji:fond": [ "Tursko 3" ] }</p>
			</sourceDesc>
		</fileDesc>
	</teiHeader>
	<facsimile>
		<surfaceGrp facs="https://diyhistory.org/public/phr2/iiif/1779/manifest">
			<surface>
				<graphic n="https://diyhistory.org/public/phr2/iiif/1779/canvas/p1" url="https://diyhistory.org/public/phr2/files/original/c6e7dc5ab08dd2e495e1808f71684981bd83c52f.jpg"/>
				<zone lrx="2409" lry="2900" ulx="173" uly="154" xml:id="zone_pgr_t1n_2kb"/>
				<zone lrx="941" lry="2804" ulx="646" uly="2534" xml:id="zone_v3k_v1n_2kb"/>
				<zone lrx="532" lry="2780" ulx="228" uly="2497" xml:id="zone_qcy_v1n_2kb"/>
			</surface>
			<surface>
				<graphic n="https://diyhistory.org/public/phr2/iiif/1779/canvas/p2" url="https://diyhistory.org/public/phr2/files/original/74f8e5b375414173e2c137f799e435e2242bb60e.jpg"/>
				<zone lrx="2806" lry="1405" ulx="450" uly="855" xml:id="zone_sr4_x1n_2kb"/>
			</surface>
		</surfaceGrp>
	</facsimile>
	<text>
		<body>
			<div1 facs="#zone_pgr_t1n_2kb" type="EMIN">
				<p>
					<lb/>Hüve
					<lb/>Vech-i tahrīr-i hurūf budur ki
					<lb/>işbu <date when="1819-10-18" when-custom="1234">bin iki yüz otuz dört senesinde</date> der ʿuhde ve iltizāmımızda bulunan Kirşevo mukātaʿasına
					<lb/>tābiʿ arāz-i emiriye mutasarrıflarından Hadīce bint-i [空白] taht-ı tasarrıfına bulunan KOMAR
					<lb/>karyesi altında MÜEZİNAN demekle bir katʿa tarılayı bir taraf El-hāc MSTNÇUK tarlası
					<lb/>ve bir taraf-ı YTUN ve taraf-ı sālis ... zimmī MİHNA tarlası ve taraf-ı rābiʿ tarīk-i ʿām ile
					<lb/>mahdūd olan tarlayı hurūf(?) işbu dārende-i hurūf ÇİRKONAN karyesinde ÇİÇE(?) zimmī
					<lb/>PAVRİYE veled-i Īvān nām kimesneye resmiyle alt yüz altmış guruş bedel mukābelesinde bey
					<lb/>katʿiyle beyʿ ... tasarrıfını ferāgat etmekle biz dahi me'mūrimiz hasebiyle beyʿ ...
					<lb/>içün görüb ve ferāğ ... tafvīz edüb mā-dām ki be-her sene taraf-ı mīrīye
					<lb/>ʿāit olan aʿşār-ı şerʿiye edā ede arāz-i ... zabt ve tasarrıfına taraf-ı mīrīyeden mesfūr
					<lb/>zimmī PAVRYA izin virle zabt ve ... tarafımızdan ve taraf-ı āhardan bir kimesne māniʿ olmaya ...
					<lb/>fī <date type="created" when="1819-05-27" when-custom="1234-08-03">3 Ş sene 1234</date>
				</p>
				<div2 facs="#zone_v3k_v1n_2kb" type="sign">
					<p>
						<lb/>El-...
						<lb/>ʿAlemdār
						<lb/>El-meʿmūr
					</p>
				</div2>
				<div2 facs="#zone_qcy_v1n_2kb" type="sign">
					<p>
						<lb/>El-... el-hācı
						<lb/>ʿÖmer ʿAlemdār
						<lb/>El-meʿmūr
					</p>
				</div2>
				<div2 type="şühūdu'l-hāl">
					<p>
						<lb/>Şühūdu'l-hāl
						<lb/>Fazıllāh Ağa ...
						<lb/>KOTMİÇ Sālih ʿAlemdār
						<lb/>Şeyh MʿFUVzāde Mollā Mehmed
						<lb/>ʿAbdüllāh ʿAlemdār HAYZULLAH
						<lb/>... Beşe ...
						<lb/>Mollā Sālih ... Ağa
						<lb/>Mustafa Beşe ...
						<lb/>ve gayrihim
					</p>
				</div2>
			</div1>
			<div1 facs="#zone_sr4_x1n_2kb" type="summary_Croatian">
				<p>
					<lb/>...
					<lb/>Nno 11.
				</p>
			</div1>
		</body>
	</text>
</TEI>
