<TEI xmlns="http://www.tei-c.org/ns/1.0">
  <teiHeader>
    <fileDesc>
      <titleStmt>
        <title>DSCN0669</title>
      </titleStmt>
      <publicationStmt>
        <p>Publication Information</p>
      </publicationStmt>
      <notesStmt>
        <note type="summary">1254年12月19日発行、政府官報「諸事件の暦」</note>
      </notesStmt>
      <sourceDesc>
        <p>{ "saji:aspectRatioType": [ "C" ], "saji:fond": [ "Tursko 7" ], "saji:memo": [ "典型" ] }</p>
      </sourceDesc>
    </fileDesc>
  </teiHeader>
  <facsimile>
    <surfaceGrp facs="https://diyhistory.org/public/phr2/iiif/3073/manifest">
      <surface>
        <graphic n="https://diyhistory.org/public/phr2/iiif/3073/canvas/p1" url="https://diyhistory.org/public/phr2/files/original/5f0566961bf23df5ddd32be1494e0f9fdf5a0a13.jpg" />
        <zone lrx="2000" lry="3050" ulx="300" uly="370" xml:id="zone_lmg_vkq_2mb" />
      </surface>
      <surface>
        <graphic n="https://diyhistory.org/public/phr2/iiif/3073/canvas/p2" url="https://diyhistory.org/public/phr2/files/original/d2fe60bd9f36ce96ae2cb51fafad4392f2f97739.jpg" />
        <zone lrx="2163" lry="2954" ulx="382" uly="318" xml:id="zone_xw5_wkq_2mb" />
      </surface>
      <surface>
        <graphic n="https://diyhistory.org/public/phr2/iiif/3073/canvas/p3" url="https://diyhistory.org/public/phr2/files/original/df5b71ac96d86c7338dce107164d38ba6c3eab70.jpg" />
        <zone lrx="2108" lry="2866" ulx="308" uly="216" xml:id="zone_nj1_ykq_2mb" />
      </surface>
      <surface>
        <graphic n="https://diyhistory.org/public/phr2/iiif/3073/canvas/p4" url="https://diyhistory.org/public/phr2/files/original/d5e91dbbfef5c164112ffd6fad02207ff4d4d6d8.jpg" />
        <zone lrx="2175" lry="3025" ulx="392" uly="183" xml:id="zone_fwv_zkq_2mb" />
      </surface>
    </surfaceGrp>
  </facsimile>
  <text>
    <body>
      <div1 type="takvīm-ivekāyiʿ">
        <p>
          <lb />
          <lb />... <date type="created" when="1839-03-04" when-custom="1254-12-19"> fī 19 Z sene 1254</date>
        </p>
      </div1>
    </body>
  </text>
</TEI>