<TEI xmlns="http://www.tei-c.org/ns/1.0">
<teiHeader>
<fileDesc>
<titleStmt>
<title>DSCN0994</title>
</titleStmt>
<publicationStmt>
<p>Publication Information</p>
</publicationStmt>
<notesStmt>
<note type="mine">日付：月がLにもNにも見える。角ばっているのでひとまず「L」を採用。要検討。</note>
<note type="mine">署名：傘型</note>
</notesStmt>
<sourceDesc>
<p>{ "saji:aspectRatioType": [ "B" ], "saji:fond": [ "Tursko 1" ] }</p>
</sourceDesc>
</fileDesc>
</teiHeader>
<facsimile>
<surfaceGrp facs="https://diyhistory.org/public/phr2/iiif/1110/manifest">
<surface>
<graphic n="https://diyhistory.org/public/phr2/iiif/1110/canvas/p1" url="https://diyhistory.org/public/phr2/files/original/e7a860cb948913f70de0177286f15e86fd15984c.jpg" />
<zone lrx="1762" lry="2684" ulx="308" uly="100" xml:id="zone_j5b_zpf_z3b" />
<zone lrx="1171" lry="2612" ulx="968" uly="2446" xml:id="zone_dtp_1qf_z3b" />
</surface>
<surface>
<graphic n="https://diyhistory.org/public/phr2/iiif/1110/canvas/p2" url="https://diyhistory.org/public/phr2/files/original/72311071fa32e17bf42eeadbc2fa987151fc8a87.jpg" />
<zone lrx="1995" lry="572" ulx="428" uly="322" xml:id="zone_ky2_cqf_z3b" />
</surface>
</surfaceGrp>
</facsimile>
<text>
<body>
<div1 facs="#zone_j5b_zpf_z3b" type="unkown">
<l>iʿtā olundu</l>
<l>fī <date cert="low" type="created" when="1839-01-14" when-custom="1254-10">L 54</date></l>
<div3 facs="#zone_dtp_1qf_z3b" type="stamp" />
</div1>
<div1 facs="#zone_ky2_cqf_z3b" type="summary_Croatian">
<l>... <date type="summary_Croatian" when="1838">1838</date></l>
</div1>
</body>
</text>
</TEI>