<TEI xmlns="http://www.tei-c.org/ns/1.0">
	<teiHeader>
		<fileDesc>
			<titleStmt>
				<title>DSCN0405</title>
			</titleStmt>
			<publicationStmt>
				<p>Publication Information</p>
			</publicationStmt>
			<notesStmt>
				<note type="summary">修道院長İlyaによる税の支払い証明書</note>
			</notesStmt>
			<sourceDesc>
				<p>{ "saji:aspectRatioType": [ "D" ], "saji:fond": [ "Tursko 3" ] }</p>
			</sourceDesc>
		</fileDesc>
	</teiHeader>
	<facsimile>
		<surfaceGrp facs="https://diyhistory.org/public/phr2/iiif/1881/manifest">
			<surface>
				<graphic n="https://diyhistory.org/public/phr2/iiif/1881/canvas/p1" url="https://diyhistory.org/public/phr2/files/original/a153170206c9c1420a7e3b2e1ec875f87134dcec.jpg"/>
				<zone lrx="1742" lry="2012" ulx="500" uly="1018" xml:id="zone_ezj_rj3_qkb"/>
				<zone lrx="1004" lry="1995" ulx="568" uly="1596" xml:id="zone_j4y_sj3_qkb"/>
				<zone lrx="997" lry="1980" ulx="786" uly="1788" xml:id="zone_fbr_tj3_qkb"/>
			</surface>
			<surface>
				<graphic n="https://diyhistory.org/public/phr2/iiif/1881/canvas/p2" url="https://diyhistory.org/public/phr2/files/original/5ebabdabd39a061f7ddf6a6f5c549013d0a5e10e.jpg"/>
				<zone lrx="1363" lry="734" ulx="148" uly="185" xml:id="zone_lqc_1l3_qkb"/>
			</surface>
		</surfaceGrp>
	</facsimile>
	<text>
		<body>
			<div1 facs="#zone_ezj_rj3_qkb" next="#zone_lqc_1l3_qkb" type="EMIN_edā_tahvīl">
				<p>
					<lb/>Bāʿis-i tahrīr-i hurūf budur ki
					<lb/>işbu <date when-custom="1254-03">bin iki yüz elli dört senesinde Mart(?) iʿtibār</date> ile der ʿuhde ve iltizāımızda
					<lb/>buunan Kirşevo(?) mecliseye merbūt olunan arāzī-i mīrīyesine sene-i mezbūrda arāzī-i
					<lb/>merkūmiye duşen(?) ʿöşr-i mahsūlātı meclis-i(?) ... ruhbānlarından zimmī İlya
					<lb/>gardiyān tamāmen ve ... edā ve teslīm eylediğinden işbu edā tahvīl tahrīr ve ...
					<lb/>ve mesfūr gardiyāna yedine virildi fī <date type="created" when="1839-05-05" when-custom="1255-02-21">21 S sene 255</date>
				</p>
				<div2 facs="#zone_j4y_sj3_qkb" type="sign">
					<p>
						<lb/>Mukātaʿa-i Emīn-i
						<lb/>... Süleymān
						<lb/>Efendī
						<lb/>M
					</p>
					<div3 facs="#zone_fbr_tj3_qkb" type="stamp">
						<p>
							<lb/>...
							<lb/>Süleymān
						</p>
					</div3>
				</div2>
			</div1>
			<div1 facs="#zone_lqc_1l3_qkb" type="summery_Croatian">
				<p>
					<lb/>... od ...
					<lb/>...
					<lb/>u ...
					<lb/><date type="summary_Croatian" when="1839">1839</date>
					<lb/>... gr. 1500.
				</p>
			</div1>
		</body>
	</text>
</TEI>
