<TEI xmlns="http://www.tei-c.org/ns/1.0">
  <teiHeader>
    <fileDesc>
      <titleStmt>
        <title>DSCN0513</title>
      </titleStmt>
      <publicationStmt>
        <p>Publication Information</p>
      </publicationStmt>
      <sourceDesc>
        <p>{ "saji:aspectRatioType": [ "A" ], "saji:fond": [ "Tursko 6" ] }</p>
      </sourceDesc>
    </fileDesc>
  </teiHeader>
  <facsimile>
    <surfaceGrp facs="https://diyhistory.org/public/phr2/iiif/2920/manifest">
      <surface>
        <graphic n="https://diyhistory.org/public/phr2/iiif/2920/canvas/p1" url="https://diyhistory.org/public/phr2/files/original/015dc59ada74f3ebd0710459669e0e055e97b147.jpg" />
        <zone lrx="1630" lry="3250" ulx="620" uly="80" xml:id="zone_ey1_xxc_2mb" />
        <zone lrx="1307" lry="556" ulx="772" uly="101" xml:id="zone_up3_yxc_2mb" />
        <zone lrx="1200" lry="545" ulx="1021" uly="390" xml:id="zone_urx_yxc_2mb" />
      </surface>
      <surface>
        <graphic n="https://diyhistory.org/public/phr2/iiif/2920/canvas/p2" url="https://diyhistory.org/public/phr2/files/original/672ec7be642639e74da971c7c16070ea5dbe8f16.jpg" />
        <zone lrx="2354" lry="2170" ulx="279" uly="1416" xml:id="zone_m3k_byc_2mb" />
      </surface>
    </surfaceGrp>
  </facsimile>
  <text>
    <body>
      <div1 facs="#zone_ey1_xxc_2mb" next="#zone_m3k_byc_2mb" type="hüccet">
        <p>
          <lb />
          <lb />fī <date type="created" when="1791-07-29" when-custom="1205-11">yevm Zı'l-kaʿda şerif sene 1205</date>
        </p>
        <div2 facs="#zone_up3_yxc_2mb" type="sign">
          <p>
            <lb />...<lb />
          </p>
          <div3 facs="#zone_urx_yxc_2mb" type="stamp">
            <p>
              <lb />...<lb />
            </p>
          </div3>
        </div2>
        <div2 type="şühūdu’l-hāl">
          <p>
            <lb />...<lb />
          </p>
        </div2>
      </div1>
      <div1 facs="#zone_m3k_byc_2mb" type="summary_Serbian">
        <p>
          <lb />...
          <lb />... <date type="summary_Serbian" when="1791">1791</date>.
        </p>
      </div1>
    </body>
  </text>
</TEI>