<TEI xmlns="http://www.tei-c.org/ns/1.0">
<teiHeader>
<fileDesc>
<titleStmt>
<title>DSCN1708</title>
</titleStmt>
<publicationStmt>
<p>Publication Information</p>
</publicationStmt>
<notesStmt>
<note type="mine">【要】クロアチア語要約ではʿarz-ı hālであると定義付けられているが、通常のʿarz-ı hālとはやや様式が違う。典型要検討。</note>
<note type="mine">【要】日付：1286 or 1186 内容から要検討。クロアチア語要約では、1869年（=1286年）であると断定している。</note>
</notesStmt>
<sourceDesc>
<p>{ "saji:aspectRatioType": [ "C" ], "saji:fond": [ "Tursko 1" ] }</p>
</sourceDesc>
</fileDesc>
</teiHeader>
<facsimile>
<surfaceGrp facs="https://diyhistory.org/public/phr2/iiif/1242/manifest">
<surface>
<graphic n="https://diyhistory.org/public/phr2/iiif/1242/canvas/p1" url="https://diyhistory.org/public/phr2/files/original/45289f450686646192d6174699e4c8e8a46ea22c.jpg" />
<zone lrx="2085" lry="2614" ulx="114" uly="135" xml:id="zone_lq4_pc2_bjb" />
</surface>
<surface>
<graphic n="https://diyhistory.org/public/phr2/iiif/1242/canvas/p2" url="https://diyhistory.org/public/phr2/files/original/9424f3e0c16139a9803aa43d47df653b8f198e23.jpg" />
</surface>
<surface>
<graphic n="https://diyhistory.org/public/phr2/iiif/1242/canvas/p3" url="https://diyhistory.org/public/phr2/files/original/590294a9ce1bd99b9631a268eccfd9c2ae3eff9f.jpg" />
<zone lrx="2271" lry="1379" ulx="1016" uly="145" xml:id="zone_mkl_rc2_bjb" />
</surface>
</surfaceGrp>
</facsimile>
<text>
<body>
<div1 cert="low" facs="#zone_lq4_pc2_bjb" type="ʿarz-ı_hāl">
<p>
<lb />... fī <date cert="medium" type="created" when="1869-06-19" when-custom="1286-03-10">10 Rebi'ü'l-evvel sene 86</date><lb />
</p>
</div1>
<div1 facs="#zone_mkl_rc2_bjb" type="summary_Croatian">
<p>
<lb /><date type="summary_Croatian" when="1869">1869</date><lb />
<lb />Arzuhal<lb />
<lb />Koga smo ...<lb />
<lb />... <date type="summary_Croatian" when="1869">1869</date>.<lb />
</p>
</div1>
</body>
</text>
</TEI>