<TEI xmlns="http://www.tei-c.org/ns/1.0">
  <teiHeader>
    <fileDesc>
      <titleStmt>
        <title>DSCN0829</title>
      </titleStmt>
      <publicationStmt>
        <p>Publication Information</p>
      </publicationStmt>
      <sourceDesc>
        <p>{ "saji:aspectRatioType": [ "?" ], "saji:fond": [ "Tursko 8" ], "saji:memo": [ "・何を示しているか不明。\r\n・ボスニア語梗概？" ] }</p>
      </sourceDesc>
    </fileDesc>
  </teiHeader>
  <facsimile>
    <surfaceGrp facs="https://diyhistory.org/public/phr2/iiif/3219/manifest">
      <surface>
        <graphic n="https://diyhistory.org/public/phr2/iiif/3219/canvas/p1" url="https://diyhistory.org/public/phr2/files/original/ff592b4e853362b8e00b2b20a07e8b3d9139be2c.jpg" />
      </surface>
      <surface>
        <graphic n="https://diyhistory.org/public/phr2/iiif/3219/canvas/p2" url="https://diyhistory.org/public/phr2/files/original/b83ab7b20a1dfd77753b685b50dbddde04ebff94.jpg" />
      </surface>
      <surface>
        <graphic n="https://diyhistory.org/public/phr2/iiif/3219/canvas/p3" url="https://diyhistory.org/public/phr2/files/original/756abde963254b3cf13bc33fde75cba5e26c0b18.jpg" />
      </surface>
    </surfaceGrp>
  </facsimile>
  <text>
    <body>
      <div1 type="unknown_Croatian">
        <p>
          <lb />...<lb />
        </p>
      </div1>
    </body>
  </text>
</TEI>