<TEI xmlns="http://www.tei-c.org/ns/1.0">
	<teiHeader>
		<fileDesc>
			<titleStmt>
				<title>DSCN0976</title>
			</titleStmt>
			<publicationStmt>
				<p>Publication Information</p>
			</publicationStmt>
			<notesStmt>
				<note type="mine">DSCN1036.JPGと同じ文書。重複している。ただし画像は撮影し直しており、DSCN1036.JPGにのみ、裏面のスタンプが写っている。</note>
				<note type="summary">iltizāmの下請け契約、ガルディヤーンが1年間自分たちで徴収できる。今までのとも違う。色んな形で土地を持っている。多角経営、単純な土地保有をしているわけではない </note>
			</notesStmt>
			<sourceDesc>
				<p>{ "saji:aspectRatioType": [ "B" ], "saji:calligraphy": [ "Rıkʿa" ], "saji:date_H": [ "n/a(?)" ], "saji:date_M": [ "n/a(?)" ], "saji:foldingMethod": [ "4x1" ], "saji:fond": [ "Tursko
					1" ], "saji:huve": [ "1" ], "saji:item": [ "・hüve\r\n・クレシェヴォのスタンプ\r\n・本文\r\n・署名(?)" ], "saji:lang": [ "ota" ], "saji:lineage": [ "11" ], "saji:memo": [
					"・本文末の署名(?)が、DSCN0975.JPGの本文末の署名(?)と同一" ], "saji:number": [ "235" ], "saji:relationWithAnotherItems": [ "表全体像" ], "saji:stamp_c": [ "1" ], "saji:stamp_o": [ "0" ],
					"saji:transcription": [ "Vech-i " ], "saji:witness": [ "0" ] }</p>
			</sourceDesc>
		</fileDesc>
	</teiHeader>
	<facsimile>
		<surfaceGrp facs="https://diyhistory.org/public/phr2/iiif/1092/manifest">
			<surface>
				<graphic n="https://diyhistory.org/public/phr2/iiif/1092/canvas/p1" url="https://diyhistory.org/public/phr2/files/original/d22f5b54667db0bd76ac1758fb641db9de242ab7.jpg"/>
				<zone lrx="1639" lry="2792" ulx="124" uly="246" xml:id="zone_jh2_r2f_z3b"/>
				<zone lrx="430" lry="2787" ulx="174" uly="2480" xml:id="zone_sfc_cdt_sjb"/>
			</surface>
			<surface>
				<graphic n="https://diyhistory.org/public/phr2/iiif/1092/canvas/p2" url="https://diyhistory.org/public/phr2/files/original/68da08cb1aeb4fc1136118290913ea0825d285c2.jpg"/>
				<zone lrx="2856" lry="1322" ulx="412" uly="1000" xml:id="zone_xbx_s2f_z3b"/>
			</surface>
			<surface>
				<graphic n="https://diyhistory.org/public/phr2/iiif/1092/canvas/p3" url="https://diyhistory.org/public/phr2/files/original/35d67040203d564b918d318d021b842b40c9e9c6.jpg"/>
				<zone lrx="1717" lry="2966" ulx="100" uly="250" xml:id="zone_kqh_bs3_1jb"/>
			</surface>
			<surface>
				<graphic n="https://diyhistory.org/public/phr2/iiif/1092/canvas/p4" url="https://diyhistory.org/public/phr2/files/original/4a9c7ed75326ae9978802222256d25663abac627.jpg"/>
				<zone lrx="807" lry="189" ulx="524" uly="-50" xml:id="zone_zcd_ds3_1jb"/>
				<zone lrx="1989" lry="3241" ulx="400" uly="3027" xml:id="zone_kqn_2s3_1jb"/>
			</surface>
		</surfaceGrp>
	</facsimile>
	<text>
		<body>
			<div1 cert="low" facs="#zone_jh2_r2f_z3b" subtype="zabt_temessük" type="EMIN">
				<p>
					<lb/>Hüve
					<lb/>
					<lb/>Vech-i tahrīr-i hurūf budur ki
					<lb/>
					<lb/>hālā ʿuhde ve iltizāmımızda olan Kirşevo mukātaʿasından ...
					<lb/>
					<lb/>... karyeleri hāsıl olan
					<lb/>
					<lb/>ʿaşār-ı şerʿiyesini rusūm-u sā'iresin tapunāmeden gayri işbu <date from="1802-07-29" from-custom="1217-03" to-custom="1218-02" type="created">bin
						<lb/>
						<lb/>iki yüz on yedi senesinin Martı ibtidāsından Şubatı gāyetine değgin</date>
					<lb/>
					<lb/>zabt ve rabtına ve rusūm-u sā'iresini ahz ve kavz tālib ve rāgib olan
					<lb/>
					<lb/>işbu dārende-i temessük zimmī [人名] gardiyān bedeli ve iltizām olan
					<lb/>
					<lb/>lāzım gelen bedel-i iltizām içün yalnız yiz yiğirmi guruş ber-vech-i
					<lb/>
					<lb/>peşīn tarafımıza edā ve teslīm etmiştir bi-mennih-i taʿālā sene itimāmına varınca
					<lb/>
					<lb/>zabt ve rabt ve rusūm sā'iresin ahz ve kabza işbu mesfūrının
					<lb/>
					<lb/>yedine zabt temessük virildi
					<lb/>
				</p>
				<div2 facs="#zone_sfc_cdt_sjb" type="sign">
					<p>
						<lb/>... <persName role="el-me'mūr">Derv[ī]ş Mehmed</persName> el-me'mūr
						<lb/>
					</p>
				</div2>
			</div1>
			<div1 facs="#zone_xbx_s2f_z3b" type="summary_Croatian">
				<p>
					<lb/>... <date type="summary_Croatian" when="1803">1803</date>
					<lb/>
				</p>
			</div1>
			<div1 cert="low" facs="#zone_kqh_bs3_1jb" type="EMIN">
				<p>
					<lb/>... işbu <date type="created" when="1802-07-29" when-custom="1217-03">bin
						<lb/>
						<lb/>ikiyüz on yedi senesinde Martı</date> ...
					<lb/>
				</p>
			</div1>
			<div1 facs="#zone_zcd_ds3_1jb" type="stamp">
				<p>
					<lb/>...
					<lb/>
				</p>
			</div1>
			<div1 facs="#zone_kqn_2s3_1jb" type="summary_Croatian">
				<p>
					<lb/>... <date type="summary_Croatian" when="1803">1803</date>
					<lb/>
				</p>
			</div1>
		</body>
	</text>
</TEI>
