<TEI xmlns="http://www.tei-c.org/ns/1.0">
  <teiHeader>
    <fileDesc>
      <titleStmt>
        <title>DSCN0740</title>
      </titleStmt>
      <publicationStmt>
        <p>Publication Information</p>
      </publicationStmt>
      <notesStmt>
        <note type="summary">フォルダ8の中に収められていた文書入り封筒の画像。この後に続く画像は、この封筒に収められていた文書の画像。</note>
      </notesStmt>
      <sourceDesc>
        <p>{ "saji:aspectRatioType": [ "n/a" ], "saji:fond": [ "Tursko 8" ], "saji:memo": [ "・何を示しているか不明。\r\n・封筒\r\n・文書にどう関係しているのか？" ] }</p>
      </sourceDesc>
    </fileDesc>
  </teiHeader>
  <facsimile>
    <surfaceGrp facs="https://diyhistory.org/public/phr2/iiif/3137/manifest">
      <surface>
        <graphic n="https://diyhistory.org/public/phr2/iiif/3137/canvas/p1" url="https://diyhistory.org/public/phr2/files/original/2f9163220122bb2a2725f90479fd25ef23b1765d.jpg" />
      </surface>
      <surface>
        <graphic n="https://diyhistory.org/public/phr2/iiif/3137/canvas/p2" url="https://diyhistory.org/public/phr2/files/original/2fdd98d71d28eb937fa1e65b6849ecdd7f55ea99.jpg" />
      </surface>
      <surface>
        <graphic n="https://diyhistory.org/public/phr2/iiif/3137/canvas/p3" url="https://diyhistory.org/public/phr2/files/original/8814305fd79d831077b153351462e8a9607520ff.jpg" />
      </surface>
    </surfaceGrp>
  </facsimile>
  <text>
    <body>
      <div1 type="folder_cover">
        <p>
          <lb />...<lb />
        </p>
      </div1>
    </body>
  </text>
</TEI>