<TEI xmlns="http://www.tei-c.org/ns/1.0">
	<teiHeader>
		<fileDesc>
			<titleStmt>
				<title>DSCN0212</title>
			</titleStmt>
			<publicationStmt>
				<p>Publication Information</p>
			</publicationStmt>
			<notesStmt>
				<note type="mine">【要】典型：EMINに分類したが、少し通常と書式が違う。要確認。</note>
			</notesStmt>
			<sourceDesc>
				<p>{ "saji:aspectRatioType": [ "B" ], "saji:fond": [ "Tursko 3" ] }</p>
			</sourceDesc>
		</fileDesc>
	</teiHeader>
	<facsimile>
		<surfaceGrp facs="https://diyhistory.org/public/phr2/iiif/1691/manifest">
			<surface>
				<graphic url="https://diyhistory.org/public/phr2/files/original/d4ede5e787d59fc3eb7145212b27aa908899a4d3.jpg" n="https://diyhistory.org/public/phr2/iiif/1691/canvas/p1"/>
				<zone xml:id="zone_qmj_x1k_kjb" lry="2650" lrx="2408" uly="-33" ulx="300"/>
				<zone xml:id="zone_vdn_y1k_kjb" lry="2619" lrx="1351" uly="2171" ulx="946"/>
				<zone xml:id="zone_az3_z1k_kjb" lry="2565" lrx="829" uly="2210" ulx="361"/>
				<zone xml:id="zone_glc_43h_grb" lry="1321" lrx="2006" uly="1175" ulx="1803"/>
				<zone xml:id="zone_gcc_p3h_grb" lry="1323" lrx="1650" uly="1172" ulx="1359"/>
			</surface>
			<surface>
				<graphic n="https://diyhistory.org/public/phr2/iiif/1691/canvas/p2" url="https://diyhistory.org/public/phr2/files/original/a725de1d7bfe91b2fd80a06efc404f94f4e67b23.jpg"/>
				<zone lrx="1907" lry="2385" ulx="335" uly="842" xml:id="zone_d4g_bbk_kjb"/>
			</surface>
		</surfaceGrp>
	</facsimile>
	<text>
		<body>
			<div1 type="EMIN_zemin_tezkire" cert="unknown" facs="#zone_qmj_x1k_kjb">
				<p>
					<lb/>Hüve
					<lb/>Bāʿis-i tahrīr-i hurūf budur(?) ki
					<lb/><placeName facs="#zone_glc_43h_grb">LOÇK</placeName>'da olan <persName facs="#zone_gcc_p3h_grb">Marko</persName>'nın ...sinde ve ... ön
					<lb/>üstü yanında
					<lb/>
					<lb/>
					<lb/>
					<lb/>
					<lb/>... <date when-custom="1229" type="created" when="1814-12-11">sene 1229</date>
				</p>
				<div2 type="sign" facs="#zone_vdn_y1k_kjb">
					<p>
						<lb/>...
						<lb/>
						<lb/>
						<lb/>
					</p>
				</div2>
				<div2 type="sign" facs="#zone_az3_z1k_kjb">
					<p>
						<lb/>...
						<lb/>
						<lb/>
					</p>
				</div2>
				<div2 type="şühūdu'l-hāl">
					<p>
						<lb/>...
						<lb/>
						<lb/>
					</p>
				</div2>
				<div2 type="note">
					<p>
						<lb/>LUCK'ndan ... varınca
						<lb/>edā olusun
						<lb/><date when-custom="1229">sene 1229</date>
					</p>
				</div2>
			</div1>
			<div1 type="summary_Croatian" facs="#zone_d4g_bbk_kjb">
				<p>
					<lb/>Pogod ...
					<lb/>...
					<lb/>i Mehmed om po
					<lb/>u ...
					<lb/>... u ...
					<lb/>i vise nipa
					<lb/>179 </p>
			</div1>
		</body>
	</text>
</TEI>
