<TEI xmlns="http://www.tei-c.org/ns/1.0">
	<teiHeader>
		<fileDesc>
			<titleStmt>
				<title>DSCN0563</title>
			</titleStmt>
			<publicationStmt>
				<p>Publication Information</p>
			</publicationStmt>
			<sourceDesc>
				<p>{ "saji:aspectRatioType": [ "C?" ], "saji:fond": [ "Tursko 6" ], "saji:memo": [ "・全体像がないのでサイズを特定できない。\r\n・しかし文字の大きさから、サイズ「C」と推定した。" ] }</p>
			</sourceDesc>
		</fileDesc>
	</teiHeader>
	<facsimile>
		<surfaceGrp facs="https://diyhistory.org/public/phr2/iiif/2968/manifest">
			<surface>
				<graphic n="https://diyhistory.org/public/phr2/iiif/2968/canvas/p1" url="https://diyhistory.org/public/phr2/files/original/e83c3e5ae883f46bb39f420f3ef3a2532c7080f9.jpg"/>
				<zone lrx="2523" lry="2369" ulx="61" uly="385" xml:id="zone_b1c_v2j_2mb"/>
			</surface>
			<surface>
				<graphic n="https://diyhistory.org/public/phr2/iiif/2968/canvas/p2" url="https://diyhistory.org/public/phr2/files/original/8c537f4e7a81a0c4d0a271f8628ed06363ef7245.jpg"/>
			</surface>
		</surfaceGrp>
	</facsimile>
	<text>
		<body>
			<div1 facs="#zone_b1c_v2j_2mb" type="düstūr">
				<p>
					<lb/>
					<lb/>... tahrīren fī <date from-custom="1253-11-01" to="1838-02-04" to-custom="1253-11-10" type="created">evā’il'l-şehr Zı'l-kaʿdaı'l-şerīfe sene suls ve hamsīn ve mieteyn ve elif</date>
				</p>
			</div1>
		</body>
	</text>
</TEI>
