<TEI xmlns="http://www.tei-c.org/ns/1.0">
<teiHeader>
<fileDesc>
<titleStmt>
<title>DSCN1746</title>
</titleStmt>
<publicationStmt>
<p>Publication Information</p>
</publicationStmt>
<sourceDesc>
<p>{ "saji:aspectRatioType": [ "C" ], "saji:fond": [ "Tursko 1" ] }</p>
</sourceDesc>
</fileDesc>
</teiHeader>
<facsimile>
<surfaceGrp facs="https://diyhistory.org/public/phr2/iiif/1278/manifest">
<surface>
<graphic n="https://diyhistory.org/public/phr2/iiif/1278/canvas/p1" url="https://diyhistory.org/public/phr2/files/original/776472d624785e6aa18d5292980edb603fa037e5.jpg" />
<zone lrx="2250" lry="3014" ulx="43" uly="2235" xml:id="zone_ld5_1fh_cjb" />
<zone lrx="315" lry="2897" ulx="55" uly="2724" xml:id="zone_qlk_kfh_cjb" />
</surface>
<surface>
<graphic n="https://diyhistory.org/public/phr2/iiif/1278/canvas/p2" url="https://diyhistory.org/public/phr2/files/original/61de4ae7da5d20489ce9a6febfb9d01568de81de.jpg" />
</surface>
<surface>
<graphic n="https://diyhistory.org/public/phr2/iiif/1278/canvas/p3" url="https://diyhistory.org/public/phr2/files/original/2ee56862d7691382f021e5ce55a9e99669ee8292.jpg" />
<zone lrx="2573" lry="1327" ulx="450" uly="838" xml:id="zone_vxk_cfh_cjb" />
</surface>
</surfaceGrp>
</facsimile>
<text>
<body>
<div1 facs="#zone_ld5_1fh_cjb" type="iʿlām">
<p>
<lb />... fī <date type="created" when="1803-04-26" when-custom="1218-01-05">5 el-yevm M sene 1218</date><lb />
</p>
<div2 facs="#zone_qlk_kfh_cjb" type="sign">
<p>
<lb />...<lb />
</p>
</div2>
</div1>
<div1 facs="#zone_vxk_cfh_cjb" type="summary_Croatian">
<p>
<lb />...<lb />
</p>
</div1>
</body>
</text>
</TEI>