<TEI xmlns="http://www.tei-c.org/ns/1.0">
	<teiHeader>
		<fileDesc>
			<titleStmt>
				<title>DSCN0181</title>
			</titleStmt>
			<publicationStmt>
				<p>Publication Information</p>
			</publicationStmt>
			<notesStmt>
				<note type="summary">絶対に取り消せない売却および移転 beyʿ-i bāt katʿiyle beyʿ</note>
				<note type="summary">非ムスリムが保有していた田の、クレシェヴォ修道院の修道士に対する売却に関する承認文書、またそこからの徴税権の承認文書</note>
				<note type="mine">DSCN0182と同じ内容。年月日・人名・地名なども重複している。※金額は異なる?【要】読み比べると同時に、同じ内容の文書が作成された経緯を考える手掛かりにする。</note>
				<note type="relation">DSCN0182</note>
			</notesStmt>
			<sourceDesc>
				<p>{ "saji:aspectRatioType": [ "B" ], "saji:fond": [ "Tursko 3" ] }</p>
			</sourceDesc>
		</fileDesc>
		<profileDesc>
			<textClass>
				<classCode scheme="">土地譲渡・売買</classCode>
			</textClass>
		</profileDesc>
	</teiHeader>
	<facsimile>
		<surfaceGrp facs="https://diyhistory.org/public/phr2/iiif/1661/manifest">
			<surface>
				<graphic url="https://diyhistory.org/public/phr2/files/original/cbb8fd23b96ee84370b8984c8ee3d42f3f51e003.jpg" n="https://diyhistory.org/public/phr2/iiif/1661/canvas/p1"/>
				<zone xml:id="zone_vfc_srm_3jb" lry="2330" lrx="2431" uly="138" ulx="216"/>
				<zone xml:id="zone_y2t_trm_3jb" lry="2271" lrx="665" uly="1778" ulx="275"/>
				<zone xml:id="zone_mv3_wrm_3jb" lry="2251" lrx="644" uly="2038" ulx="426"/>
				<zone xml:id="zone_hy5_2z3_qqb" lry="1434" lrx="1316" uly="1318" ulx="1241"/>
				<zone xml:id="zone_ul3_5z3_qqb" lry="1365" lrx="855" uly="1177" ulx="588"/>
				<zone xml:id="zone_ljh_vz3_qqb" lry="1275" lrx="476" uly="1153" ulx="343"/>
				<zone xml:id="zone_cts_l1j_qqb" lry="1589" lrx="1764" uly="1452" ulx="1464"/>
				<zone xml:id="zone_u5c_p1j_qqb" lry="1515" lrx="1169" uly="1392" ulx="1042"/>
				<zone xml:id="zone_h41_ddj_qqb" lry="2250" lrx="2305" uly="1935" ulx="1996"/>
				<zone xml:id="zone_vrx_ddj_qqb" lry="2173" lrx="2385" uly="1824" ulx="1995"/>
				<zone xml:id="zone_qqt_2dj_qqb" lry="1985" lrx="2394" uly="1714" ulx="2018"/>
			</surface>
		</surfaceGrp>
	</facsimile>
	<text>
		<body>
			<div1 type="EMIN_zabt_tezkire" facs="#zone_vfc_srm_3jb">
				<p>
					<lb/>Hüve
					<lb/>Vech-i tahrīr-i hurūf oldur ki
					<lb/>işbu <date when-custom="1265" type="created" when="1849-11-14">bin iki yüz altmış beş senesinde</date> der ʿuhde ve iltizāmımızda bulunan <placeName>Kirşevo</placeName>
					mukātaʿası <placeName>Kirşevo</placeName> varoş
					<lb/>hudūd dāhilinde arāzī-i mīrīye bir kıtʿa tarla <placeName facs="#zone_hy5_2z3_qqb">LPA</placeName> demekle mutasarrıf olan zimmī <persName facs="#zone_ul3_5z3_qqb">YUZU
						SANIK</persName> bir taraf <persName facs="#zone_ljh_vz3_qqb">DOMIN</persName> tarlası
					<lb/>ve taraf-ı sānī <persName facs="#zone_cts_l1j_qqb">Īvān LULUYK</persName> tarlası ve taraf-ı sālis <persName facs="#zone_u5c_p1j_qqb">ZABU</persName> tarlası ve taraf-ı rābiʿ
					tarīk-i ʿām hudūd ile mahdūd
					<lb/>ve mümtāz olup işbu dārende-i hurūf <placeName>Kirşevo</placeName> varoş kilisadan <persName>gardiyān</persName> nām-ı mesfūre resm tezkire ile
					<lb/>iki yüz elli guruş ... mukābelesinde beyʿ-i bāt katʿiyle beyʿ edüp biz dahi me'mūrimiz hasebiyle resm-i bedel
					<lb/>ahz mesfūr gardiyāna tafvīz ve yedine işbu zabt-ı tezkire virildi mā-dām ki be-her sene mīrīye rāciʿ
					<lb/>olan ʿöşr-i rüsūmāt edā tarafımızdan ve taraf-ı āhardan bir kimesne māniʿ olunmaya </p>
				<div2 type="sign" facs="#zone_y2t_trm_3jb">
					<p>
						<lb/>El-me'mūr <persName>Mehmed</persName>
						<lb/>Emīn-i Mukā-
						<lb/>taʿa-i <placeName>Kirşevo</placeName>
						<lb/>Hālā
						<lb/>M </p>
					<div3 type="stamp" facs="#zone_mv3_wrm_3jb">
						<p>
							<lb/><persName>Mehmed</persName> ...
							<lb/>... </p>
					</div3>
				</div2>
				<div2 type="şühūdu'l-hāl">
					<p>
						<lb/>Şühūdu'l-hāl
						<lb/>MRZAN Mollā <persName facs="#zone_h41_ddj_qqb">Ahmad</persName> ʿan <placeName>Kirşevo</placeName>
						<lb/>Zimmī <persName facs="#zone_vrx_ddj_qqb">APARİÇE</persName> ŞÖYNİK ʿan <placeName>Kirşevo</placeName>
						<lb/>Zimmī <persName facs="#zone_qqt_2dj_qqb">TONAYAN</persName> ʿan <placeName>Kirşevo</placeName>
						<lb/>ve gayrihim </p>
				</div2>
			</div1>
		</body>
	</text>
</TEI>
