<TEI xmlns="http://www.tei-c.org/ns/1.0">
<teiHeader>
<fileDesc>
<titleStmt>
<title>DSCN1757</title>
</titleStmt>
<publicationStmt>
<p>Publication Information</p>
</publicationStmt>
<sourceDesc>
<p>{ "saji:aspectRatioType": [ "B" ], "saji:fond": [ "Tursko 1" ] }</p>
</sourceDesc>
</fileDesc>
</teiHeader>
<facsimile>
<surfaceGrp facs="https://diyhistory.org/public/phr2/iiif/1289/manifest">
<surface>
<graphic n="https://diyhistory.org/public/phr2/iiif/1289/canvas/p1" url="https://diyhistory.org/public/phr2/files/original/2c3ae2afb608b99fb16b6c9f3751a6ee535e276b.jpg" />
<zone lrx="1627" lry="2945" ulx="130" uly="435" xml:id="zone_zy1_rnh_cjb" />
<zone lrx="625" lry="2900" ulx="440" uly="2598" xml:id="zone_jpf_snh_cjb" />
<zone lrx="1612" lry="1537" ulx="182" uly="802" xml:id="zone_pv1_tnh_cjb" />
</surface>
<surface>
<graphic n="https://diyhistory.org/public/phr2/iiif/1289/canvas/p2" url="https://diyhistory.org/public/phr2/files/original/ba822bf11466855ad3d0366332b96dfbdc89c2b9.jpg" />
<zone lrx="3089" lry="861" ulx="184" uly="555" xml:id="zone_rjg_wnh_cjb" />
</surface>
</surfaceGrp>
</facsimile>
<text>
<body>
<div1 facs="#zone_zy1_rnh_cjb" type="mürāsele">
<p>
<lb />... fī <date type="created" when="1784-02-20" when-custom="1198-03">Rebi'ü'l-evvel sene 1198</date><lb />
</p>
<div2 facs="#zone_jpf_snh_cjb" type="sign">
<p>
<lb />...<lb />
</p>
</div2>
</div1>
<div1 facs="#zone_pv1_tnh_cjb" type="buyuruldu">
<p>
<lb />buyuruldu fī <date type="created" when="1784-01-06" when-custom="1198-02-13">13 S sene 198</date><lb />
</p>
</div1>
<div1 facs="#zone_rjg_wnh_cjb" type="summary_Croatian">
<p>
<lb />... <date type="summary_Croatian" when="1784">1784</date> ...<lb />
<lb />... <date type="summary_Croatian" when="1784-11-12" when-custom="1198">1198</date>. ...<lb />
</p>
</div1>
</body>
</text>
</TEI>