<TEI xmlns="http://www.tei-c.org/ns/1.0">
<teiHeader>
<fileDesc>
<titleStmt>
<title>DSCN1869</title>
</titleStmt>
<publicationStmt>
<p>Publication Information</p>
</publicationStmt>
<notesStmt>
<note type="mine">【要】DSCN1870.JPGは、現在それぞれ独立した文書IDとして成立しているが、DSCN1869.JPGの裏面のようである。両方のIDを統合して、文書数カウントの中に含めないようにする。</note>
<note type="mine">【要】DSCN1870.JPGのzone情報は入れていない。ファイルを統合した後に入れる？</note>
</notesStmt>
<sourceDesc>
<p>{ "saji:aspectRatioType": [ "C" ], "saji:fond": [ "Tursko 1" ], "saji:type": [
               "‘arż-ı ḥāl+buyuruldu+iʿlām" ] }</p>
</sourceDesc>
</fileDesc>
</teiHeader>
<facsimile>
<surfaceGrp facs="https://diyhistory.org/public/phr2/iiif/1399/manifest">
<surface>
<graphic n="https://diyhistory.org/public/phr2/iiif/1399/canvas/p1" url="https://diyhistory.org/public/phr2/files/original/5b5a7314805a77ee564480fb4dd39699b1b09257.jpg" />
<zone lrx="1658" lry="3050" ulx="117" uly="50" xml:id="zone_ub4_h1w_cjb" />
<zone lrx="531" lry="3011" ulx="271" uly="2746" xml:id="zone_jbw_31w_cjb" />
<zone lrx="1453" lry="1894" ulx="153" uly="57" xml:id="zone_tmg_k1w_cjb" />
<zone lrx="2405" lry="2757" ulx="1395" uly="1715" xml:id="zone_gxx_l1w_cjb" />
<zone lrx="1875" lry="2721" ulx="1713" uly="2585" xml:id="zone_ofc_n1w_cjb" />
<zone lrx="2420" lry="1592" ulx="1400" uly="276" xml:id="zone_i2j_41w_cjb" />
</surface>
<surface>
<graphic n="https://diyhistory.org/public/phr2/iiif/1399/canvas/p2" url="https://diyhistory.org/public/phr2/files/original/2866ad02a04c88dd032b8dca8ca183143223b6a3.jpg" />
<zone lrx="1978" lry="2873" ulx="218" uly="2302" xml:id="zone_l3g_s1w_cjb" />
<zone lrx="1126" lry="2839" ulx="938" uly="2686" xml:id="zone_awj_t1w_cjb" />
<zone lrx="1196" lry="2414" ulx="229" uly="1340" xml:id="zone_wg2_51w_cjb" />
<zone lrx="2292" lry="3211" ulx="1866" uly="3096" xml:id="zone_idc_v1w_cjb" />
<zone lrx="1137" lry="585" ulx="333" uly="214" xml:id="zone_j5v_v1w_cjb" />
</surface>
</surfaceGrp>
</facsimile>
<text>
<body>
<div1 facs="#zone_ub4_h1w_cjb" type="ʿarz-ı_hāl">
<p>
<lb />...<lb />
</p>
<div2 facs="#zone_jbw_31w_cjb" type="sign">
<p>
<lb />...<lb />
</p>
</div2>
</div1>
<div1 facs="#zone_tmg_k1w_cjb" type="buyuruldu">
<p>
<lb />buyuruldu fī <date type="created" when="1807-07-14" when-custom="1222-05-09">9 Ca sene 222</date><lb />
</p>
</div1>
<div1 facs="#zone_gxx_l1w_cjb" type="iʿlām">
<p>
<lb />... fī <date type="created" when="1807-07-26" when-custom="1222-05-21">21 sene 1222</date><lb />
</p>
<div3 facs="#zone_ofc_n1w_cjb" type="stamp">
<p>
<lb />...<lb />
</p>
</div3>
</div1>
<div1 facs="#zone_i2j_41w_cjb" type="buyuruldu">
<p>
<lb />buyuruldu fī <date type="created" when="1807-08-03" when-custom="1222-05-29">29 Ca sene 222</date><lb />
</p>
</div1>
<div1 type="iʿlām">
<p>
<lb />... fī <date type="created" when="1807-08-09" when-custom="1222-06-05">5 C sene 1222</date><lb />
</p>
<div3 type="stamp">
<p>
<lb />...<lb />
</p>
</div3>
</div1>
<div1 type="buyuruldu">
<p>
<lb />buyuruldu fī <date cert="medium" type="created" when="1807-08-09" when-custom="1222-06-05">5 C sene 1222</date><lb />
</p>
</div1>
<div1 cert="low" type="note">
<p>
<lb />...<lb />
</p>
</div1>
<div1 type="summary_Croatian">
<p>
<lb /><date type="summary_Croatian" when="1807">1807</date><lb />
</p>
</div1>
</body>
</text>
</TEI>