<TEI xmlns="http://www.tei-c.org/ns/1.0">
<teiHeader>
<fileDesc>
<titleStmt>
<title>DSCN1650</title>
</titleStmt>
<publicationStmt>
<p>Publication Information</p>
</publicationStmt>
<sourceDesc>
<p>{ "saji:aspectRatioType": [ "A" ], "saji:fond": [ "Tursko 1" ] }</p>
</sourceDesc>
</fileDesc>
</teiHeader>
<facsimile>
<surfaceGrp facs="https://diyhistory.org/public/phr2/iiif/1189/manifest">
<surface>
<graphic n="https://diyhistory.org/public/phr2/iiif/1189/canvas/p1" url="https://diyhistory.org/public/phr2/files/original/6c977be6f86ae6b426093ec256c4f225aa800f94.jpg" />
<zone lrx="1250" lry="2833" ulx="558" uly="391" xml:id="zone_h51_nmk_1jb" />
</surface>
<surface>
<graphic n="https://diyhistory.org/public/phr2/iiif/1189/canvas/p2" url="https://diyhistory.org/public/phr2/files/original/d10d7e3577fc5fd7d20a26db2ddb344e202ac793.jpg" />
<zone lrx="946" lry="1058" ulx="691" uly="841" xml:id="zone_g4v_4mk_1jb" />
</surface>
<surface>
<graphic n="https://diyhistory.org/public/phr2/iiif/1189/canvas/p3" url="https://diyhistory.org/public/phr2/files/original/8ccb20aa31b0d2b8ee52f4c2615ce0eb25b7c5d0.jpg" />
</surface>
</surfaceGrp>
</facsimile>
<text>
<body>
<div1 facs="#zone_h51_nmk_1jb" type="hüccet">
<p>
<lb />... fī <date type="created" when="1837-10-28" when-custom="1253-07">şehr Receb sene sıls<lb />
<lb />ve hamsīn ve mieteyn ve elif</date><lb />
</p>
<div3 facs="#zone_g4v_4mk_1jb" type="stamp">
<p>
<lb />...<lb />
</p>
</div3>
</div1>
</body>
</text>
</TEI>