<TEI xmlns="http://www.tei-c.org/ns/1.0">
<teiHeader>
<fileDesc>
<titleStmt>
<title>DSCN0160</title>
</titleStmt>
<publicationStmt>
<p>Publication Information</p>
</publicationStmt>
<sourceDesc>
<p>{ "saji:aspectRatioType": [ "B" ], "saji:fond": [ "Tursko 3" ] }</p>
</sourceDesc>
</fileDesc>
</teiHeader>
<facsimile>
<surfaceGrp facs="https://diyhistory.org/public/phr2/iiif/1642/manifest">
<surface>
<graphic n="https://diyhistory.org/public/phr2/iiif/1642/canvas/p1" url="https://diyhistory.org/public/phr2/files/original/e3566b2eebcfad6c6812119241724ca80138c93f.jpg" />
<zone lrx="2163" lry="2700" ulx="45" uly="154" xml:id="zone_cxj_v4d_fjb" />
<zone lrx="1223" lry="2653" ulx="659" uly="2380" xml:id="zone_o1k_w4d_fjb" />
<zone lrx="1209" lry="2641" ulx="989" uly="2442" xml:id="zone_u1z_w4d_fjb" />
</surface>
<surface>
<graphic n="https://diyhistory.org/public/phr2/iiif/1642/canvas/p2" url="https://diyhistory.org/public/phr2/files/original/7b418658fea91f62e34339b650987359d42436ca.jpg" />
<zone lrx="2895" lry="1061" ulx="100" uly="450" xml:id="zone_lnj_y4d_fjb" />
</surface>
</surfaceGrp>
</facsimile>
<text>
<body>
<div1 facs="#zone_cxj_v4d_fjb" type="zabt_nāme">
<p>
<lb />... fī <date cert="medium" type="created" when="1857-06-06" when-custom="1273-10-14">14 L sene 73</date><lb />
</p>
<div2 facs="#zone_o1k_w4d_fjb" type="sign">
<p>
<lb />...<lb />
</p>
<div3 facs="#zone_u1z_w4d_fjb" type="stamp">
<p>
<lb />...<lb />
</p>
</div3>
</div2>
</div1>
<div1 facs="#zone_lnj_y4d_fjb" type="summary_Croatian">
<p>
<lb />... <date type="summary_Created" when="1857">1857</date>.<lb />
</p>
</div1>
</body>
</text>
</TEI>