<TEI xmlns="http://www.tei-c.org/ns/1.0">
  <teiHeader>
    <fileDesc>
      <titleStmt>
        <title>DSCN0864</title>
      </titleStmt>
      <publicationStmt>
        <p>Publication Information</p>
      </publicationStmt>
      <sourceDesc>
        <p>{ "saji:aspectRatioType": [ "?" ], "saji:fond": [ "Tursko 9" ], "saji:item": [ "メモ？" ], "saji:memo": [ "・何かの数字についてのメモが書いてある\r\n・何を示しているのか不明。" ] }</p>
      </sourceDesc>
    </fileDesc>
  </teiHeader>
  <facsimile>
    <surfaceGrp facs="https://diyhistory.org/public/phr2/iiif/3251/manifest">
      <surface>
        <graphic n="https://diyhistory.org/public/phr2/iiif/3251/canvas/p1" url="https://diyhistory.org/public/phr2/files/original/ffd8cad694892a146fab229e40a058d4e4ec1058.jpg" />
      </surface>
    </surfaceGrp>
  </facsimile>
  <text>
    <body>
      <div1 type="unknown_Croatian">
        <p>
          <lb />...<lb />
        </p>
      </div1>
    </body>
  </text>
</TEI>