<TEI xmlns="http://www.tei-c.org/ns/1.0">
	<teiHeader>
		<fileDesc>
			<titleStmt>
				<title>DSCN0978</title>
			</titleStmt>
			<publicationStmt>
				<p>Publication Information</p>
			</publicationStmt>
			<notesStmt>
				<note type="mine">DSCN1034.JPGと同じ画像・文書。重複している。</note>
			</notesStmt>
			<sourceDesc>
				<p>{ "saji:aspectRatioType": [ "A" ], "saji:calligraphy": [ "Rıkʿa" ], "saji:date_H": [ "(?)-M-evāsṭ(?)" ], "saji:foldingMethod": [ "3x2" ], "saji:fond": [ "Tursko 1" ], "saji:huve": [
					"0" ], "saji:item": [ "・表題(?)\r\n・オスマン朝スタンプ1\r\n・オスマン朝スタンプ2\r\n・差出人(?)\r\n・クレシェヴォのスタンプ\r\n・本文\r\n・日付\r\n・証人" ], "saji:lang": [ "ota" ], "saji:lineage": [ "1+2+22+5" ],
					"saji:number": [ "502" ], "saji:relationWithAnotherItems": [ "表全体像" ], "saji:stamp_c": [ "1" ], "saji:stamp_o": [ "2" ], "saji:witness": [ "3(?)" ] }</p>
			</sourceDesc>
		</fileDesc>
	</teiHeader>
	<facsimile>
		<surfaceGrp facs="https://diyhistory.org/public/phr2/iiif/1094/manifest">
			<surface>
				<graphic n="https://diyhistory.org/public/phr2/iiif/1094/canvas/p1" url="https://diyhistory.org/public/phr2/files/original/dc48c7c82a6cdb56d7de273088f30af9b4adb98f.jpg"/>
				<zone lrx="1663" lry="3227" ulx="454" uly="136" xml:id="zone_wwy_rff_z3b"/>
				<zone lrx="1063" lry="314" ulx="880" uly="142" xml:id="zone_jqh_tff_z3b"/>
				<zone lrx="1256" lry="370" ulx="1084" uly="228" xml:id="zone_zvh_5ff_z3b"/>
			</surface>
			<surface>
				<graphic n="https://diyhistory.org/public/phr2/iiif/1094/canvas/p2" url="https://diyhistory.org/public/phr2/files/original/3e727227fdc6e6dc00b1950ff14fda398bf2968c.jpg"/>
				<zone lrx="2150" lry="1816" ulx="1100" uly="1066" xml:id="zone_exj_wff_z3b"/>
			</surface>
			<surface>
				<graphic n="https://diyhistory.org/public/phr2/iiif/1094/canvas/p3" url="https://diyhistory.org/public/phr2/files/original/5bc9b3210843533264e6d1f9aa8f44ee0879447c.jpg"/>
				<zone lrx="1620" lry="3080" ulx="380" uly="80" xml:id="zone_cns_dr3_1jb"/>
				<zone lrx="1021" lry="257" ulx="844" uly="108" xml:id="zone_l3s_2r3_1jb"/>
				<zone lrx="1207" lry="314" ulx="1037" uly="171" xml:id="zone_wg2_fr3_1jb"/>
			</surface>
			<surface>
				<graphic n="https://diyhistory.org/public/phr2/iiif/1094/canvas/p4" url="https://diyhistory.org/public/phr2/files/original/74ba9b778934f21e99b50040e52f7602240cd4c3.jpg"/>
				<zone lrx="1845" lry="1905" ulx="917" uly="1211" xml:id="zone_cth_gr3_1jb"/>
			</surface>
		</surfaceGrp>
	</facsimile>
	<text>
		<body>
			<div1 facs="#zone_wwy_rff_z3b" type="hüccet_sūret">
				<l>... fī <date cert="low" from="1795-07-27" from-custom="1210-01-11" to-custom="1210-01-20" type="created">evāsit Muharrem el-harām sene ʿaşr ve miyetein ve elif</date></l>
				<div3 facs="#zone_jqh_tff_z3b" type="stamp"/>
				<div3 facs="#zone_zvh_5ff_z3b" type="stamp"/>
			</div1>
			<div1 facs="#zone_exj_wff_z3b" type="summary_Croatian"/>
			<div1 facs="#zone_cns_dr3_1jb" type="hüccet_sūret">
				<p>
					<lb/>... fī <date cert="low" type="created" from-custom="1210-01-11" to-custom="1210-01-20">evāsit Muharrem el-harām sene ʿaşr ve miyetein ve elif</date>
					<lb/>
				</p>
				<div3 facs="#zone_l3s_2r3_1jb" type="stamp">
					<p>
						<lb/>...
						<lb/>
					</p>
				</div3>
				<div3 facs="#zone_wg2_fr3_1jb" type="stamp">
					<p>
						<lb/>...
						<lb/>
					</p>
				</div3>
			</div1>
			<div1 facs="#zone_cth_gr3_1jb" type="summary_Croatian">
				<p>
					<lb/>...
					<lb/>
				</p>
			</div1>
		</body>
	</text>
</TEI>
