<TEI xmlns="http://www.tei-c.org/ns/1.0">
<teiHeader>
<fileDesc>
<titleStmt>
<title>DSCN0953</title>
</titleStmt>
<publicationStmt>
<p>Publication Information</p>
</publicationStmt>
<notesStmt>
<note type="mine">赤字部分の記述からtasdīkの可能性がある</note>
</notesStmt>
<sourceDesc>
<p>{ "saji:aspectRatioType": [ "A" ], "saji:calligraphy": [ "Rıkʿa" ], "saji:date_H": [
          "1270-N-21" ], "saji:date_M": [ "1854-06-17" ], "saji:foldingMethod": [ "7x1" ],
          "saji:fond": [ "Tursko 1" ], "saji:huve": [ "0" ], "saji:item": [
          "・定型文1\r\n・オスマン朝スタンプ\r\n・定型文2\r\n・本文\r\n・日付\r\n・証人\r\n・添え書き（朱書き）" ], "saji:lang": [ "ota"
          ], "saji:lineage": [ "17+4" ], "saji:memo": [
          "・非常に読みやすい、はっきりした文字で書かれている。他の同タイプ文書を読み解く際に参考になる。", "典型" ], "saji:nameFull": [ "ʿAbdül...
          bun Meḥmed ..." ], "saji:number": [ "28" ], "saji:placeFull": [ "Madīna-i Saraybosna
          ḳażāsına ... Foynçe nāḥiyesine tābiʿ varoş Kraşova" ], "saji:placeSimple": [ "Madīna-i
          Saraybosna ḳażā", "Foynçe nāḥiyesi", "varoş Kraşova" ], "saji:relationWithAnotherItems": [
          "表全体像" ], "saji:stamp_c": [ "0" ], "saji:stamp_o": [ "1" ], "saji:transcription": [
          "Madīna-i Saraybosna ḳażāsına ... Foynçe nāḥiyesine tābiʿ varoş Kraşova'dan ...\r\nḳaryede
          ... ʿAbdül... bun Meḥmed ... nām kimesne meclis-i şerʿ ..." ], "saji:witness": [ "3" ]
          }</p>
</sourceDesc>
</fileDesc>
</teiHeader>
<facsimile>
<surfaceGrp facs="https://diyhistory.org/public/phr2/iiif/1069/manifest">
<surface>
<graphic n="https://diyhistory.org/public/phr2/iiif/1069/canvas/p1" url="https://diyhistory.org/public/phr2/files/original/e1dfcab25a396e8cc0ee63fd0c82d78d92035ea7.jpg" />
<zone lrx="1600" lry="3158" ulx="483" uly="152" xml:id="zone_uhb_14z_y3b" />
<zone lrx="1089" lry="633" ulx="952" uly="517" xml:id="zone_jck_b4z_y3b" />
<zone lrx="1814" lry="2966" ulx="1573" uly="2612" xml:id="zone_xss_d4z_y3b" />
</surface>
<surface>
<graphic n="https://diyhistory.org/public/phr2/iiif/1069/canvas/p2" url="https://diyhistory.org/public/phr2/files/original/e8c041c22db1b0406dfb48f3a8d9a6f50005b7c7.jpg" />
<zone lrx="2395" lry="1383" ulx="228" uly="994" xml:id="zone_zn4_f4z_y3b" />
</surface>
</surfaceGrp>
</facsimile>
<text>
<body>
<div1 facs="#zone_uhb_14z_y3b" type="hüccet">
<l>... <date type="created" when="1854-06-06" when-custom="1270-09-11">fi'l-yevmi'l-hādī ve'l-ʿaşar min şehr Ramazāni'l-mubārek</date></l>
<l>sene sabʿīn ve miyetein ve elif</l>
<div3 facs="#zone_jck_b4z_y3b" type="stamp" />
</div1>
<div1 cert="low" facs="#zone_xss_d4z_y3b" type="tasdīk" />
<div1 facs="#zone_zn4_f4z_y3b" type="summary_Croatian">
</div1>
</body>
</text>
</TEI>