<TEI xmlns="http://www.tei-c.org/ns/1.0">
  <teiHeader>
    <fileDesc>
      <titleStmt>
        <title>DSCN0697</title>
      </titleStmt>
      <publicationStmt>
        <p>Publication Information</p>
      </publicationStmt>
      <sourceDesc>
        <p>{ "saji:aspectRatioType": [ "?" ], "saji:fond": [ "Tursko 8" ], "saji:memo": [ "・何を示しているか不明。\r\n・ボスニア語梗概？" ] }</p>
      </sourceDesc>
    </fileDesc>
  </teiHeader>
  <facsimile>
    <surfaceGrp facs="https://diyhistory.org/public/phr2/iiif/3098/manifest">
      <surface>
        <graphic n="https://diyhistory.org/public/phr2/iiif/3098/canvas/p1" url="https://diyhistory.org/public/phr2/files/original/14ad64c248ba665b78112cef53b25774b0d86e6f.jpg" />
      </surface>
      <surface>
        <graphic n="https://diyhistory.org/public/phr2/iiif/3098/canvas/p2" url="https://diyhistory.org/public/phr2/files/original/7acac6c536f3b5008b71b19abb2dbfd5cc3dc4da.jpg" />
      </surface>
      <surface>
        <graphic n="https://diyhistory.org/public/phr2/iiif/3098/canvas/p3" url="https://diyhistory.org/public/phr2/files/original/4934177511f7ffa3973b4c6a20219cf85c211bcf.jpg" />
      </surface>
      <surface>
        <graphic n="https://diyhistory.org/public/phr2/iiif/3098/canvas/p4" url="https://diyhistory.org/public/phr2/files/original/3b8ebb0109b033cc1f468edf8bf7c68f6ac14e68.jpg" />
      </surface>
    </surfaceGrp>
  </facsimile>
  <text>
    <body>
      <div1 type="unknown_Croatian">
        <p>
          <lb />...<lb />
        </p>
      </div1>
    </body>
  </text>
</TEI>