<TEI xmlns="http://www.tei-c.org/ns/1.0">
  <teiHeader>
    <fileDesc>
      <titleStmt>
        <title>DSCN0404</title>
      </titleStmt>
      <publicationStmt>
        <p>Publication Information</p>
      </publicationStmt>
      <sourceDesc>
        <p>{ "saji:aspectRatioType": [ "C?" ], "saji:fond": [ "Tursko 3" ], "saji:memo": [ "・どの文書の裏面なのか特定できない\r\n・サイズは、3H×2Wの比率に見えるので、暫定的に「C」とした" ] }</p>
      </sourceDesc>
    </fileDesc>
  </teiHeader>
  <facsimile>
    <surfaceGrp facs="https://diyhistory.org/public/phr2/iiif/1880/manifest">
      <surface>
        <graphic n="https://diyhistory.org/public/phr2/iiif/1880/canvas/p1" url="https://diyhistory.org/public/phr2/files/original/7e5e1f8241e8a9fd9cb7b8f7a51a2dffd36fc2bf.jpg" />
        <zone lrx="2817" lry="2166" ulx="471" uly="1283" xml:id="zone_n4l_2j3_qkb" />
      </surface>
    </surfaceGrp>
  </facsimile>
  <text>
    <body>
      <div1 facs="#zone_n4l_2j3_qkb" type="summary_Croatian">
        <p>
          <lb />... <date type="summary_Croatian" when="1841">1841</date>.<lb />
        </p>
      </div1>
    </body>
  </text>
</TEI>