<TEI xmlns="http://www.tei-c.org/ns/1.0">
<teiHeader>
<fileDesc>
<titleStmt>
<title>DSCN1782</title>
</titleStmt>
<publicationStmt>
<p>Publication Information</p>
</publicationStmt>
<notesStmt>
<note type="mine">【要】日付：1272年なのか？</note>
</notesStmt>
<sourceDesc>
<p>{ "saji:aspectRatioType": [ "A" ], "saji:fond": [ "Tursko 1" ] }</p>
</sourceDesc>
</fileDesc>
</teiHeader>
<facsimile>
<surfaceGrp facs="https://diyhistory.org/public/phr2/iiif/1313/manifest">
<surface>
<graphic n="https://diyhistory.org/public/phr2/iiif/1313/canvas/p1" url="https://diyhistory.org/public/phr2/files/original/57b88e7d6348fcbe8ab56f0884e49296fece138f.jpg" />
<zone lrx="1691" lry="3100" ulx="618" uly="18" xml:id="zone_aj2_yt3_cjb" />
</surface>
<surface>
<graphic n="https://diyhistory.org/public/phr2/iiif/1313/canvas/p2" url="https://diyhistory.org/public/phr2/files/original/d13d9790e3b3e4948badc38f209ab741573981e3.jpg" />
<zone lrx="1753" lry="2033" ulx="1226" uly="1100" xml:id="zone_qxx_b53_cjb" />
<zone lrx="1670" lry="2007" ulx="1430" uly="1843" xml:id="zone_ptx_253_cjb" />
</surface>
<surface>
<graphic n="https://diyhistory.org/public/phr2/iiif/1313/canvas/p3" url="https://diyhistory.org/public/phr2/files/original/c6dee0c4565c30c33657ab320199d8e3c9d08536.jpg" />
</surface>
<surface>
<graphic n="https://diyhistory.org/public/phr2/iiif/1313/canvas/p4" url="https://diyhistory.org/public/phr2/files/original/2eca748c51d5721c278ae943b638e89af83c27fe.jpg" />
<zone lrx="2556" lry="2105" ulx="462" uly="522" xml:id="zone_llj_g53_cjb" />
</surface>
</surfaceGrp>
</facsimile>
<text>
<body>
<div1 facs="#zone_aj2_yt3_cjb" type="hüccet_sūret">
<p>
<lb /><date cert="low" type="created" when="1856-03-13" when-custom="1272-07-07">fi'l-yevmi'l-sābiʿ min şehr şerīf Recebi'l-... sene isnā ve sabʿīn ve mieteyn ve elif</date><lb />
</p>
<div2 facs="#zone_qxx_b53_cjb" type="sign">
<p>
<lb />...<lb />
</p><div3 facs="#zone_ptx_253_cjb" type="stamp_sūret">
<p>
<lb />...<lb />
</p>
</div3>
</div2>
</div1>
<div1 facs="#zone_llj_g53_cjb" type="summary_Crotatian">
<p>
<lb /><date type="summary_Croatian" when="1856">1856</date>. Nno. 3.<lb />
</p>
</div1>
</body>
</text>
</TEI>