<TEI xmlns="http://www.tei-c.org/ns/1.0">
  <teiHeader>
    <fileDesc>
      <titleStmt>
        <title>DSCN0476</title>
      </titleStmt>
      <publicationStmt>
        <p>Publication Information</p>
      </publicationStmt>
      <sourceDesc>
        <p>{ "saji:aspectRatioType": [ "n/a" ], "saji:fond": [ "Tursko 6" ], "saji:memo": [ "・何を示しているか分からない。", "KOMPLETNI=完成している" ], "saji:transcription": [ "KOMPLETNI" ] }</p>
      </sourceDesc>
    </fileDesc>
  </teiHeader>
  <facsimile>
    <surfaceGrp facs="https://diyhistory.org/public/phr2/iiif/2883/manifest">
      <surface>
        <graphic n="https://diyhistory.org/public/phr2/iiif/2883/canvas/p1" url="https://diyhistory.org/public/phr2/files/original/e4a24df44789e274d79ed7c57075dc4d62039011.jpg" />
      </surface>
    </surfaceGrp>
  </facsimile>
  <text>
    <body>
      <div1 type="summary_Croatian">
        <p>
          <lb />...<lb />
        </p>
      </div1>
    </body>
  </text>
</TEI>