<TEI xmlns="http://www.tei-c.org/ns/1.0">
  <teiHeader>
    <fileDesc>
      <titleStmt>
        <title>DSCN0701</title>
      </titleStmt>
      <publicationStmt>
        <p>Publication Information</p>
      </publicationStmt>
      <sourceDesc>
        <p>{ "saji:aspectRatioType": [ "?" ], "saji:fond": [ "Tursko 8" ], "saji:memo": [ "・何を示しているか不明。\r\n・ボスニア語梗概？" ] }</p>
      </sourceDesc>
    </fileDesc>
  </teiHeader>
  <facsimile>
    <surfaceGrp facs="https://diyhistory.org/public/phr2/iiif/3102/manifest">
      <surface>
        <graphic n="https://diyhistory.org/public/phr2/iiif/3102/canvas/p1" url="https://diyhistory.org/public/phr2/files/original/4201307fb5d6a29fd7518b0dcf47097bb5ce9fbe.jpg" />
      </surface>
      <surface>
        <graphic n="https://diyhistory.org/public/phr2/iiif/3102/canvas/p2" url="https://diyhistory.org/public/phr2/files/original/2058e90273bdbbd4b59fc77daad5960914b30203.jpg" />
      </surface>
    </surfaceGrp>
  </facsimile>
  <text>
    <body>
      <div1 type="unknown_Croatian">
        <p>
          <lb />...<lb />
        </p>
      </div1>
    </body>
  </text>
</TEI>