<TEI xmlns="http://www.tei-c.org/ns/1.0">
<teiHeader>
<fileDesc>
<titleStmt>
<title>DSCN1741</title>
</titleStmt>
<publicationStmt>
<p>Publication Information</p>
</publicationStmt>
<notesStmt>
<note type="mine">【要】日付：日、読めなかった、年、1182？</note>
</notesStmt>
<sourceDesc>
<p>{ "saji:aspectRatioType": [ "A" ], "saji:fond": [ "Tursko 1" ] }</p>
</sourceDesc>
</fileDesc>
</teiHeader>
<facsimile>
<surfaceGrp facs="https://diyhistory.org/public/phr2/iiif/1273/manifest">
<surface>
<graphic n="https://diyhistory.org/public/phr2/iiif/1273/canvas/p1" url="https://diyhistory.org/public/phr2/files/original/9b35717fc9238164c9edfbeee6f58e5d3bd3347b.jpg" />
<zone lrx="1611" lry="3178" ulx="600" uly="745" xml:id="zone_ckb_h3f_bjb" />
<zone lrx="1182" lry="1253" ulx="688" uly="787" xml:id="zone_abz_h3f_bjb" />
<zone lrx="982" lry="1243" ulx="834" uly="1096" xml:id="zone_lsm_33f_bjb" />
</surface>
<surface>
<graphic n="https://diyhistory.org/public/phr2/iiif/1273/canvas/p2" url="https://diyhistory.org/public/phr2/files/original/10460fdaab293ea12c5e6e64076d58cc34aea98c.jpg" />
<zone lrx="3206" lry="1283" ulx="273" uly="777" xml:id="zone_qxv_j3f_bjb" />
</surface>
</surfaceGrp>
</facsimile>
<text>
<body>
<div1 facs="#zone_ckb_h3f_bjb" type="hüccet">
<p>
<lb />... <date type="created" when="1769-04-05" when-custom="1182-11-">fi'l-yevmi'l-... min Zi'l-kaʿade sene isnā ve semānīn ve mie ve elif</date><lb />
</p>
<div2 facs="#zone_abz_h3f_bjb" type="sign">
<p>
<lb />...<lb />
</p>
<div3 facs="#zone_lsm_33f_bjb" type="stamp">
<p>
<lb />...<lb />
</p>
</div3>
</div2>
</div1>
<div1 facs="#zone_qxv_j3f_bjb" type="summary_Serbian">
<p>
<lb />... <date type="summary_Croatian" when="1769-03-13">13 Marty 1769</date><lb />
</p>
</div1>
</body>
</text>
</TEI>