<TEI xmlns="http://www.tei-c.org/ns/1.0">
<teiHeader>
<fileDesc>
<titleStmt>
<title>DSCN1908</title>
</titleStmt>
<publicationStmt>
<p>Publication Information</p>
</publicationStmt>
<sourceDesc>
<p>{ "saji:aspectRatioType": [ "C" ], "saji:fond": [ "Tursko 1" ] }</p>
</sourceDesc>
</fileDesc>
</teiHeader>
<facsimile>
<surfaceGrp facs="https://diyhistory.org/public/phr2/iiif/1438/manifest">
<surface>
<graphic n="https://diyhistory.org/public/phr2/iiif/1438/canvas/p1" url="https://diyhistory.org/public/phr2/files/original/a39cba0014a2573536bc304f54a8b5b7ee573653.jpg" />
<zone lrx="1691" lry="3045" ulx="182" uly="300" xml:id="zone_kbl_l2x_cjb" />
<zone lrx="497" lry="2991" ulx="265" uly="2810" xml:id="zone_zkt_m2x_cjb" />
</surface>
<surface>
<graphic n="https://diyhistory.org/public/phr2/iiif/1438/canvas/p2" url="https://diyhistory.org/public/phr2/files/original/26b7ca0df4454564b8bc5e432875e986b9da5bdf.jpg" />
<zone lrx="3056" lry="1750" ulx="217" uly="477" xml:id="zone_qjz_n2x_cjb" />
</surface>
</surfaceGrp>
</facsimile>
<text>
<body>
<div1 facs="#zone_kbl_l2x_cjb" type="mürāsele">
<p>
<lb />... fī <date type="created" when="1792-08-08" when-custom="1206-12-20">20 Zi'l-hicce sene 1206</date><lb />
</p>
<div2 facs="#zone_zkt_m2x_cjb" type="sign">
<p>
<lb />...<lb />
</p>
</div2>
</div1>
<div1 facs="#zone_qjz_n2x_cjb" type="summary_Croatian">
<p>
<lb />... <date type="summary_Croatian" when="1792">1792</date>. Ovoje ... <lb />
</p>
</div1>
</body>
</text>
</TEI>