<TEI xmlns="http://www.tei-c.org/ns/1.0">
<teiHeader>
<fileDesc>
<titleStmt>
<title>DSCN1750</title>
</titleStmt>
<publicationStmt>
<p>Publication Information</p>
</publicationStmt>
<sourceDesc>
<p>{ "saji:aspectRatioType": [ "D" ], "saji:fond": [ "Tursko 1" ], "saji:memo": [ "典型" ],
          "saji:type": [ "ṣūret-i ṭapu senedi" ] }</p>
</sourceDesc>
</fileDesc>
</teiHeader>
<facsimile>
<surfaceGrp facs="https://diyhistory.org/public/phr2/iiif/1282/manifest">
<surface>
<graphic n="https://diyhistory.org/public/phr2/iiif/1282/canvas/p1" url="https://diyhistory.org/public/phr2/files/original/ff626d177c9639d3e05d6183bd977bee102c8859.jpg" />
<zone lrx="2208" lry="2784" ulx="362" uly="569" xml:id="zone_wyx_ygh_cjb" />
<zone lrx="1663" lry="2632" ulx="1293" uly="2380" xml:id="zone_e13_3hh_cjb" />
</surface>
<surface>
<graphic n="https://diyhistory.org/public/phr2/iiif/1282/canvas/p2" url="https://diyhistory.org/public/phr2/files/original/23b9c9a486daa6b33f2f78c27c461cba95258312.jpg" />
<zone lrx="3189" lry="1261" ulx="67" uly="788" xml:id="zone_n4q_jhh_cjb" />
</surface>
</surfaceGrp>
</facsimile>
<text>
<body>
<div1 facs="#zone_wyx_ygh_cjb" type="tapu_senedi_sūret">
<p>
<lb />... fī <date type="created" when="1866-09-16" when-custom="1283-05-07">7 Cemaziye'l-evvel sene 1283</date><lb />
</p>
<div3 facs="#zone_e13_3hh_cjb" type="stamp">
<p>
<lb />...<lb />
</p>
</div3>
</div1>
<div1 facs="#zone_n4q_jhh_cjb" type="summary_Croatian">
<p>
<lb />Nno 17.<lb />
</p>
</div1>
</body>
</text>
</TEI>