<TEI xmlns="http://www.tei-c.org/ns/1.0">
	<teiHeader>
		<fileDesc>
			<titleStmt>
				<title>DSCN0259</title>
			</titleStmt>
			<publicationStmt>
				<p>Publication Information</p>
			</publicationStmt>
			<sourceDesc>
				<p>{ "saji:aspectRatioType": [ "B" ], "saji:fond": [ "Tursko 3" ] }</p>
			</sourceDesc>
		</fileDesc>
	</teiHeader>
	<facsimile>
		<surfaceGrp facs="https://diyhistory.org/public/phr2/iiif/1738/manifest">
			<surface>
				<graphic n="https://diyhistory.org/public/phr2/iiif/1738/canvas/p1" url="https://diyhistory.org/public/phr2/files/original/dbba25b1116cfff188eb803dff909e9fae370e4b.jpg"/>
				<zone lrx="1985" lry="2661" ulx="177" uly="200" xml:id="zone_t5h_bst_xjb"/>
				<zone lrx="609" lry="2651" ulx="239" uly="2390" xml:id="zone_o24_cst_xjb"/>
			</surface>
		</surfaceGrp>
	</facsimile>
	<text>
		<body>
			<div1 facs="#zone_t5h_bst_xjb" type="mürāsele">
				<p>
					<lb/>... fī <date type="created" when-custom="1199-02-10">10 Saferi'l-... sene 199</date>
					<lb/>
				</p>
				<div2 facs="#zone_o24_cst_xjb" type="sign">
					<p>
						<lb/>...
						<lb/>
					</p>
				</div2>
			</div1>
		</body>
	</text>
</TEI>
