<TEI xmlns="http://www.tei-c.org/ns/1.0">
<teiHeader>
<fileDesc>
<titleStmt>
<title>DSCN1910</title>
</titleStmt>
<publicationStmt>
<p>Publication Information</p>
</publicationStmt>
<notesStmt>
<note type="summary">「A」というバインドの全体像。「バインドA」内の個々の文書の画像がこの後に続く。</note>
<note type="mine">【要】文書数カウントから外す。</note>
</notesStmt>
<sourceDesc>
<p>{ "saji:aspectRatioType": [ "n/a" ], "saji:fond": [ "Tursko 1" ] }</p>
</sourceDesc>
</fileDesc>
</teiHeader>
<facsimile>
<surfaceGrp facs="https://diyhistory.org/public/phr2/iiif/1440/manifest">
<surface>
<graphic n="https://diyhistory.org/public/phr2/iiif/1440/canvas/p1" url="https://diyhistory.org/public/phr2/files/original/8f038126c3476f7eeefd65abef226eb254e1b2b3.jpg" />
</surface>
<surface>
<graphic n="https://diyhistory.org/public/phr2/iiif/1440/canvas/p2" url="http://diyhistory.org/public/phr2/files/original/aee639e78c34507ff3248d07916334e55e28d997.jpg" />
</surface>
<surface>
<graphic n="https://diyhistory.org/public/phr2/iiif/1440/canvas/p3" url="http://diyhistory.org/public/phr2/files/original/1e8b75d81fe5efdb60b5382d30af4d8e112f6f68.jpg" />
</surface>
</surfaceGrp>
</facsimile>
<text>
<body>
<p />
</body>
</text>
</TEI>