<TEI xmlns="http://www.tei-c.org/ns/1.0">
  <teiHeader>
    <fileDesc>
      <titleStmt>
        <title>DSCN0721</title>
      </titleStmt>
      <publicationStmt>
        <p>Publication Information</p>
      </publicationStmt>
      <sourceDesc>
        <p>{ "saji:aspectRatioType": [ "?" ], "saji:fond": [ "Tursko 8" ], "saji:memo": [ "・何を示しているか不明。\r\n・ボスニア語梗概？" ] }</p>
      </sourceDesc>
    </fileDesc>
  </teiHeader>
  <facsimile>
    <surfaceGrp facs="https://diyhistory.org/public/phr2/iiif/3120/manifest">
      <surface>
        <graphic n="https://diyhistory.org/public/phr2/iiif/3120/canvas/p1" url="https://diyhistory.org/public/phr2/files/original/1205ad74527aa794096e524beb233bd21c16d5fc.jpg" />
      </surface>
      <surface>
        <graphic n="https://diyhistory.org/public/phr2/iiif/3120/canvas/p2" url="https://diyhistory.org/public/phr2/files/original/467d29d5feff811b4dc9baa5ab1e2b8741bbb4c1.jpg" />
      </surface>
      <surface>
        <graphic n="https://diyhistory.org/public/phr2/iiif/3120/canvas/p3" url="https://diyhistory.org/public/phr2/files/original/29314ee815d1c1b8d50ac6209aac9f93f50ed15d.jpg" />
      </surface>
      <surface>
        <graphic n="https://diyhistory.org/public/phr2/iiif/3120/canvas/p4" url="https://diyhistory.org/public/phr2/files/original/d563a3176a2ca011c6fa771d04637bcfa9b98aa3.jpg" />
      </surface>
      <surface>
        <graphic n="https://diyhistory.org/public/phr2/iiif/3120/canvas/p5" url="https://diyhistory.org/public/phr2/files/original/02e66eadb1843e23c9d506513165835dd6772bf5.jpg" />
      </surface>
      <surface>
        <graphic n="https://diyhistory.org/public/phr2/iiif/3120/canvas/p6" url="https://diyhistory.org/public/phr2/files/original/d2a6681a2d68734da2d5c11b8a9e8e5945682d79.jpg" />
      </surface>
      <surface>
        <graphic n="https://diyhistory.org/public/phr2/iiif/3120/canvas/p7" url="https://diyhistory.org/public/phr2/files/original/cc85c32dd87b65e6f878b0bbb840ecfadb7e411d.jpg" />
      </surface>
      <surface>
        <graphic n="https://diyhistory.org/public/phr2/iiif/3120/canvas/p8" url="https://diyhistory.org/public/phr2/files/original/80f75620a2b962c679c295c95e615ec943fa19a4.jpg" />
      </surface>
      <surface>
        <graphic n="https://diyhistory.org/public/phr2/iiif/3120/canvas/p9" url="https://diyhistory.org/public/phr2/files/original/84ee3d1087bef5ba546f11044340a7c50b6172cc.jpg" />
      </surface>
      <surface>
        <graphic n="https://diyhistory.org/public/phr2/iiif/3120/canvas/p10" url="https://diyhistory.org/public/phr2/files/original/3db7b09b89b1a89a1a6872ab65a366646fcacd1b.jpg" />
      </surface>
      <surface>
        <graphic n="https://diyhistory.org/public/phr2/iiif/3120/canvas/p11" url="https://diyhistory.org/public/phr2/files/original/cfc69c3558fac6263ecf382961cb6e680607b561.jpg" />
      </surface>
      <surface>
        <graphic n="https://diyhistory.org/public/phr2/iiif/3120/canvas/p12" url="https://diyhistory.org/public/phr2/files/original/62a3b74371d5a45d7e73477501ebfb449707b52f.jpg" />
      </surface>
      <surface>
        <graphic n="https://diyhistory.org/public/phr2/iiif/3120/canvas/p13" url="https://diyhistory.org/public/phr2/files/original/56f24bf41d8172955a7140c292df1feb69fce4f0.jpg" />
      </surface>
    </surfaceGrp>
  </facsimile>
  <text>
    <body>
      <div1 type="unknown_Croatian">
        <p>
          <lb />...<lb />
        </p>
      </div1>
    </body>
  </text>
</TEI>