<TEI xmlns="http://www.tei-c.org/ns/1.0">
<teiHeader>
<fileDesc>
<titleStmt>
<title>DSCN0133</title>
</titleStmt>
<publicationStmt>
<p>Publication Information</p>
</publicationStmt>
<notesStmt>
<note type="mine">【要】典型：自己言及なし、要検討。</note>
<note type="mine">【要】日付：月 Raでいいのか？</note>
<note type="mine">署名：傘型</note>
</notesStmt>
<sourceDesc>
<p>{ "saji:aspectRatioType": [ "B" ], "saji:fond": [ "Tursko 3" ] }</p>
</sourceDesc>
</fileDesc>
</teiHeader>
<facsimile>
<surfaceGrp facs="https://diyhistory.org/public/phr2/iiif/1617/manifest">
<surface>
<graphic n="https://diyhistory.org/public/phr2/iiif/1617/canvas/p1" url="https://diyhistory.org/public/phr2/files/original/4c27fe4853f7ee3c6411caa295727f30bfba979b.jpg" />
<zone lrx="1870" lry="2892" ulx="139" uly="92" xml:id="zone_ngn_crv_2jb" />
<zone lrx="880" lry="2869" ulx="334" uly="2417" xml:id="zone_vgt_drv_2jb" />
<zone lrx="871" lry="2771" ulx="690" uly="2610" xml:id="zone_gf4_2rv_2jb" />
</surface>
<surface>
<graphic n="https://diyhistory.org/public/phr2/iiif/1617/canvas/p2" url="https://diyhistory.org/public/phr2/files/original/5f709980657c2ddc9ff679cd877d12b346b31c30.jpg" />
<zone lrx="2895" lry="1083" ulx="462" uly="711" xml:id="zone_phv_frv_2jb" />
</surface>
<surface>
<graphic n="https://diyhistory.org/public/phr2/iiif/1617/canvas/p3" url="https://diyhistory.org/public/phr2/files/original/29c9e026c63e93abb80918f17bcc1cf1cb819888.jpg" />
</surface>
</surfaceGrp>
</facsimile>
<text>
<body>
<div1 facs="#zone_ngn_crv_2jb" type="unknown">
<p>
<lb /><date when="1834-05-08" when-custom="1249">bin iki yüz krık dokuz sene</date> ... fī <lb />
<lb />fī <date type="created" when="1834-08-03" when-custom="1250-03-28">28 Ra sene 250</date><lb />
</p>
<div2 facs="#zone_vgt_drv_2jb" type="sign">
<p>
<lb />... <lb />
</p>
<div3 facs="#zone_gf4_2rv_2jb" type="stamp">
<p>
<lb />...<lb />
</p>
</div3>
</div2>
</div1>
<div1 facs="#zone_phv_frv_2jb" type="summary_Croatian">
<p>
<lb />... <date type="summary_Croatian" when="1834">1834</date><lb />
</p>
</div1>
</body>
</text>
</TEI>