<TEI xmlns="http://www.tei-c.org/ns/1.0">
	<teiHeader>
		<fileDesc>
			<titleStmt>
				<title>DSCN1749</title>
			</titleStmt>
			<publicationStmt>
				<p>Publication Information</p>
			</publicationStmt>
			<notesStmt>
				<note type="mine">mukāvele senedi：契約証書</note>
				<note type="mine">【要】日付：読み取りできていない。日付部分はプリントなのか書き込みなのか？</note>
			</notesStmt>
			<sourceDesc>
				<p>{ "saji:aspectRatioType": [ "D" ], "saji:fond": [ "Tursko 1" ], "saji:memo": [ "典型" ], "saji:type": [ "muḳāvele senedi" ] }</p>
			</sourceDesc>
		</fileDesc>
	</teiHeader>
	<facsimile>
		<surfaceGrp facs="https://diyhistory.org/public/phr2/iiif/1281/manifest">
			<surface>
				<graphic n="https://diyhistory.org/public/phr2/iiif/1281/canvas/p1" url="https://diyhistory.org/public/phr2/files/original/7ef29b49e64df930b0a4ccce37111b1c96d000d7.jpg"/>
				<zone lrx="2070" lry="3130" ulx="340" uly="170" xml:id="zone_nvz_yfh_cjb"/>
				<zone lrx="1368" lry="2509" ulx="1059" uly="2268" xml:id="zone_c34_cgh_cjb"/>
			</surface>
		</surfaceGrp>
	</facsimile>
	<text>
		<body>
			<div1 facs="#zone_nvz_yfh_cjb" type="mukāvele_senedi">
				<p>
					<lb/>... fī <date cert="low" type="created" when="1873-02-26" when-custom="1289">... sene 1289</date>
					<lb/>
				</p>
				<div3 facs="#zone_c34_cgh_cjb" type="stamp">
					<p>
						<lb/>...
						<lb/>
					</p>
				</div3>
			</div1>
		</body>
	</text>
</TEI>
