<TEI xmlns="http://www.tei-c.org/ns/1.0">
<teiHeader>
<fileDesc>
<titleStmt>
<title>DSCN1834</title>
</titleStmt>
<publicationStmt>
<p>Publication Information</p>
</publicationStmt>
<sourceDesc>
<p>{ "saji:aspectRatioType": [ "C" ], "saji:fond": [ "Tursko 1" ] }</p>
</sourceDesc>
</fileDesc>
</teiHeader>
<facsimile>
<surfaceGrp facs="https://diyhistory.org/public/phr2/iiif/1365/manifest">
<surface>
<graphic n="https://diyhistory.org/public/phr2/iiif/1365/canvas/p1" url="https://diyhistory.org/public/phr2/files/original/a3155f1be21109b942bc4ddd2b3c876d1a214e30.jpg" />
<zone lrx="1708" lry="3108" ulx="92" uly="158" xml:id="zone_gfq_gwp_cjb" />
<zone lrx="481" lry="3020" ulx="308" uly="2883" xml:id="zone_if1_3wp_cjb" />
</surface>
<surface>
<graphic n="https://diyhistory.org/public/phr2/iiif/1365/canvas/p2" url="https://diyhistory.org/public/phr2/files/original/e81721fded2c730310a2ad354b87eabfd781613f.jpg" />
<zone lrx="2428" lry="1194" ulx="667" uly="911" xml:id="zone_vjj_jwp_cjb" />
</surface>
</surfaceGrp>
</facsimile>
<text>
<body>
<div1 facs="#zone_gfq_gwp_cjb" type="mürāsele">
<p>
<lb />... fī <date type="created" when="1801-08-14" when-custom="1216-04-05">5 R sene 216</date><lb />
</p>
<div3 facs="#zone_if1_3wp_cjb" type="stamp">
<p>
<lb />...<lb />
</p>
</div3>
</div1>
<div1 facs="#zone_vjj_jwp_cjb" type="summary_Croatian">
<p>
<lb />...<lb />
</p>
</div1>
</body>
</text>
</TEI>