<TEI xmlns="http://www.tei-c.org/ns/1.0">
  <teiHeader>
    <fileDesc>
      <titleStmt>
        <title>DSCN0417</title>
      </titleStmt>
      <publicationStmt>
        <p>Publication Information</p>
      </publicationStmt>
      <sourceDesc>
        <p>{ "saji:aspectRatioType": [ "A" ], "saji:fond": [ "Tursko 3" ] }</p>
      </sourceDesc>
    </fileDesc>
  </teiHeader>
  <facsimile>
    <surfaceGrp facs="https://diyhistory.org/public/phr2/iiif/1893/manifest">
      <surface>
        <graphic n="https://diyhistory.org/public/phr2/iiif/1893/canvas/p1" url="https://diyhistory.org/public/phr2/files/original/5f7aaec758fffbe80a5e1537765038e5558f0b6c.jpg" />
        <zone lrx="1689" lry="3078" ulx="744" uly="156" xml:id="zone_sdd_j1h_skb" />
      </surface>
      <surface>
        <graphic n="https://diyhistory.org/public/phr2/iiif/1893/canvas/p2" url="https://diyhistory.org/public/phr2/files/original/71ab985a146ff0d452a630b9ba3eee9f006fb6ae.jpg" />
      </surface>
      <surface>
        <graphic n="https://diyhistory.org/public/phr2/iiif/1893/canvas/p3" url="https://diyhistory.org/public/phr2/files/original/91916db6347c25374234003a39aae13646ba916a.jpg" />
      </surface>
    </surfaceGrp>
  </facsimile>
  <text>
    <body>
      <div1 facs="#zone_sdd_j1h_skb" type="ʿilmühaber">
        <p>
          <lb />Altı senelik virgü ʿilmühaber
          <lb />... f
        </p>
      </div1>
    </body>
  </text>
</TEI>