<TEI xmlns="http://www.tei-c.org/ns/1.0">
	<teiHeader>
		<fileDesc>
			<titleStmt>
				<title>DSCN0220</title>
			</titleStmt>
			<publicationStmt>
				<p>Publication Information</p>
			</publicationStmt>
			<notesStmt>
				<note type="summary">絶対に取り消せない売却および移転 beyʿ-i bāt katʿiyle beyʿ</note>
				<note type="summary">非ムスリムの土地の、クレシェヴォ修道院の修道士に対する売却に関する承認文書</note>
			</notesStmt>
			<sourceDesc>
				<p>{ "saji:aspectRatioType": [ "B" ], "saji:fond": [ "Tursko 3" ] }</p>
			</sourceDesc>
		</fileDesc>
		<profileDesc>
			<textClass>
				<classCode scheme="">土地譲渡・売買</classCode>
			</textClass>
		</profileDesc>		
	</teiHeader>
	<facsimile>
		<surfaceGrp facs="https://diyhistory.org/public/phr2/iiif/1699/manifest">
			<surface>
				<graphic url="https://diyhistory.org/public/phr2/files/original/c57c83f5b8ef3073e6a0253c266279915d8330a8.jpg" n="https://diyhistory.org/public/phr2/iiif/1699/canvas/p1"/>
				<zone xml:id="zone_abs_mck_kjb" lry="3170" lrx="2424" uly="215" ulx="60"/>
				<zone xml:id="zone_ejy_nck_kjb" lry="2927" lrx="415" uly="2447" ulx="72"/>
				<zone xml:id="zone_yys_qvl_hrb" lry="1811" lrx="1720" uly="1682" ulx="1565"/>
				<zone xml:id="zone_dyw_twl_hrb" lry="1656" lrx="518" uly="1512" ulx="250"/>
				<zone xml:id="zone_vcm_pyl_hrb" lry="2081" lrx="1900" uly="1950" ulx="1587"/>
				<zone xml:id="zone_jn5_z1m_hrb" lry="2201" lrx="1902" uly="2083" ulx="1616"/>
				<zone xml:id="zone_hsj_nbm_hrb" lry="1969" lrx="962" uly="1832" ulx="657"/>
				<zone xml:id="zone_djr_wcm_hrb" lry="3043" lrx="2307" uly="2707" ulx="1931"/>
				<zone xml:id="zone_skr_xcm_hrb" lry="2853" lrx="2278" uly="2622" ulx="1973"/>
				<zone xml:id="zone_dxz_ycm_hrb" lry="2706" lrx="2286" uly="2453" ulx="1932"/>
				<zone xml:id="zone_kbc_bdm_hrb" lry="2530" lrx="2255" uly="2336" ulx="1981"/>
				<zone xml:id="zone_uf1_cdm_hrb" lry="2426" lrx="2385" uly="2192" ulx="2007"/>
			</surface>
			<surface>
				<graphic n="https://diyhistory.org/public/phr2/iiif/1699/canvas/p2" url="https://diyhistory.org/public/phr2/files/original/c4281dfe93f54006d6ce0ca3b727215baa60d720.jpg"/>
				<zone lrx="3067" lry="1561" ulx="350" uly="638" xml:id="zone_dtl_pck_kjb"/>
			</surface>
		</surfaceGrp>
	</facsimile>
	<text>
		<body>
			<div1 type="EMIN_zabt_temessük" facs="#zone_abs_mck_kjb">
				<p>
					<lb/>Hüve
					<lb/>Vech-i tahrīr-i temessük oldur ki
					<lb/>işbu <date when-custom="1252" type="created" when="1837-04-05">bin iki yüz elli iki senesinde</date> ʿuhdemizde bulunan <placeName>Kirşevo</placeName> mukātaʿasında Müslimīn
					<lb/>cemāʿatında <placeName facs="#zone_yys_qvl_hrb">KUSYNE</placeName> hudūud ... mülk-i menzilhāne ve iki tāne ... mülk-i ve bir kıtʿa tarla <placeName facs="#zone_dyw_twl_hrb"
						>ZAKURNAÇE</placeName> demekle
					<lb/>karye-i mezkūrde sākin zimmī MIYU veled-i ʿAnton kend-i taht-ı tasarrıfında iken ve kız karndaşı
					<lb/>nasrānī <persName facs="#zone_vcm_pyl_hrb">PAVLİYYE</persName> nām kendi tasarrıfında bir kıtʿa tarla <placeName facs="#zone_hsj_nbm_hrb">ISTARAKUÇA</placeName> demekle zimmī
						<persName>MIYU</persName> ve kız karndaşı
					<lb/>nasrānī <persName facs="#zone_jn5_z1m_hrb">PAVLİYYE</persName> nām ... resmiyle bin üç yüz guruş bedeli mukābelesinde beyʿ-i bāt katʿiyle
					<lb/>beyʿ edüb <placeName>Kirşevo</placeName> varoş kilisada <persName>gardiyāna</persName> zimmī mesfūrların ... cümle
					<lb/>beyʿ edüb ... iki nevbet ve bir ... beyʿ edüb ol dahi kabūl biz dahi
					<lb/>mukātaʿa emīni bulunduğum hasebiyle <placeName>Kirşevo</placeName> varoş kilisada gardiyāna tafvīz birle ve yedine
					<lb/>işbu zabt temessük virildi tarafımızdan ve taraf-ı āhardan bir kimesne māniʿ olunmaya </p>
				<div2 type="sign" facs="#zone_ejy_nck_kjb">
					<p>
						<lb/>Mehmed Emīn-i Mukā-
						<lb/>taʿa-i <placeName>Kirşevo</placeName>
						<lb/>Hālā
						<lb/>M </p>
				</div2>
				<div2 type="şühūdu'l-hāl">
					<p>
						<lb/>Şühūdu'l-hāl
						<lb/><persName facs="#zone_djr_wcm_hrb">Dervīş Ağa Kirşevolı</persName>
						<lb/><persName facs="#zone_skr_xcm_hrb">Saraylı Mollā Sālih</persName>
						<lb/><persName facs="#zone_dxz_ycm_hrb">Zimmī Petar ŞÖNİÇ</persName>
						<lb/><persName facs="#zone_kbc_bdm_hrb">Zimmī PAVUDAYA</persName>
						<lb/><persName facs="#zone_uf1_cdm_hrb">Zimmī İstepān GĀGO</persName>
						<lb/>ve gayrihim </p>
				</div2>
			</div1>
			<div1 type="summary_Croatian" facs="#zone_dtl_pck_kjb">
				<p>
					<lb/>Tapia na Mileh, i ojtalu Hlaku Koju Keipijmo od Meata Oki
					<lb/>ha Pavli,i Mijhe Trogarliicha, sve ojsem Mekote Za
					<lb/><date when-custom="1328" type="summary_Croatian" when="1910-12-31">1328</date>.+ 600
					<lb/>Nno 6.
					<lb/><date when="1837" type="summary_Croatian">1837</date>.
					<lb/>63 </p>
			</div1>
		</body>
	</text>
</TEI>
