<TEI xmlns="http://www.tei-c.org/ns/1.0">
	<teiHeader>
		<fileDesc>
			<titleStmt>
				<title>DSCN1688</title>
			</titleStmt>
			<publicationStmt>
				<p>Publication Information</p>
			</publicationStmt>
			<notesStmt>
				<note type="mine">スタンプ：署名の裏側にスタンプを押している形跡があるが、裏面画像には写っていない。【要】再撮影。</note>
			</notesStmt>
			<sourceDesc>
				<p>{ "saji:aspectRatioType": [ "B" ], "saji:fond": [ "Tursko 1" ] }</p>
			</sourceDesc>
		</fileDesc>
	</teiHeader>
	<facsimile>
		<surfaceGrp facs="https://diyhistory.org/public/phr2/iiif/1224/manifest">
			<surface>
				<graphic n="https://diyhistory.org/public/phr2/iiif/1224/canvas/p1" url="https://diyhistory.org/public/phr2/files/original/bb658f6ee47e30f8fc6da1d5dac7d902c5b2f250.jpg"/>
				<zone lrx="2373" lry="3090" ulx="36" uly="-18" xml:id="zone_h4s_f2y_1jb"/>
				<zone lrx="444" lry="2944" ulx="102" uly="2618" xml:id="zone_dp3_h2y_1jb"/>
			</surface>
			<surface>
				<graphic n="https://diyhistory.org/public/phr2/iiif/1224/canvas/p2" url="https://diyhistory.org/public/phr2/files/original/04a1013e3ed6676724f4c9b9dd14547ffbecb00f.jpg"/>
				<zone lrx="2434" lry="1766" ulx="1050" uly="116" xml:id="zone_wkz_32y_1jb"/>
			</surface>
		</surfaceGrp>
	</facsimile>
	<text>
		<body>
			<div1 cert="unknown" facs="#zone_h4s_f2y_1jb" type="EMIN">
				<p>
					<lb/>Hüve
					<lb/>
					<lb/>Vech-i tahrīr-i hurūf budur ki
					<lb/>
					<lb/>bā berāt-ı şerīf-i ʿālīşān mutasarrıf olduğum tımārım kurālarından KOMAR karyesi hudūd dāhilinde
					<lb/>
					<lb/>arāzī-i mīrīye mutasarrıflarından Hadīce bint-i [空欄] hātın taht-ı tasarrıfında bulunan arāzī-i
					<lb/>
					<lb/>mīrīye örüsüyle ve korusuyla ve mülk emlākıyla ve āsiyāb-ı hissesiyle ve bi'l-cümle tevābīʿ ve levāhikiyle
					<lb/>
					<lb/>işbu dārende-i hurūf ÇİRKOVANAK karyesinden ÇİÇEZSTTI POTA veled-i Yivān nām kimesneye resmiyle
					<lb/>
					<lb/>altı yüz altmış guruş bedel mukābelesinde beyʿ katʿiyle beyʿ ve hakkı-ı tasarrıfın ferāgat etmekle
					<lb/>
					<lb/>biz dahi sāhibi'l-arz bulunduğumuz hasebiyle beyʿ ... tecvīz ve arāzī-i mezkūri bi'l-cümle
					<lb/>
					<lb/>tevābīʿ ve levāhikiyle mesfūr [人名]'ya tafvīz edüb mā-dām ki birer sene tarafımıza ʿāid olan
					<lb/>
					<lb/>aʿaşār-ı şerʿiye ve rusūmāt-ı sā'ire edā ede arāzī-i merkūmeyi zabt ve tasarrıfına mesfūr [人名]'ya
					<lb/>
					<lb/>izin birle tarafımızdan ve taraf-ı āhardan bir kimesne māniʿ olmaya hurira fī <date type="created" when="1819-05-27" when-custom="1234-08-03">3 Şaʿabān 1234</date>
					<lb/>
				</p>
				<div2 facs="#zone_dp3_h2y_1jb" type="sign">
					<p>
						<lb/>El-fakīr Mehmed Sipāhī karye-i mezkūr M
						<lb/>
					</p>
				</div2>
				<div2 type="şühūdu’l-hāl">
					<p>
						<lb/>Şühūdu’l-hāl
						<lb/>
						<lb/>Feyzullāh Ağa SRDNKCDY
						<lb/>
						<lb/>Sālih ʿAlemdār KOGYEK
						<lb/>
						<lb/>ʿAbdüllāh ʿAlemdār ÇİZSİK
						<lb/>
						<lb/>Ahmad Beşe ŞARINKİYE
						<lb/>
						<lb/>Mustafa Beşe AZUSRAY
						<lb/>
						<lb/>ve gayruhum
						<lb/>
					</p>
				</div2>
			</div1>
			<div1 facs="#zone_wkz_32y_1jb" type="summary_Craotian">
				<p>
					<lb/>
					<lb/>
					<lb/>
					<lb/>
					<lb/>
					<lb/>
					<lb/>
					<lb/>
					<lb/>
					<lb/>
					<lb/>
					<lb/>
					<lb/>
					<lb/>
					<lb/>
					<lb/>
				</p>
			</div1>
		</body>
	</text>
</TEI>
