<TEI xmlns="http://www.tei-c.org/ns/1.0">
<teiHeader>
<fileDesc>
<titleStmt>
<title>DSCN0927</title>
</titleStmt>
<publicationStmt>
<p>Publication Information</p>
</publicationStmt>
<notesStmt>
<note type="summary">聖職者がいないので馬小屋を建てたい（by 髙松先生）</note>
<note type="mine">宛先不明、ボスナのワーリー？、中央に行く案件ではないはず</note>
<note type="mine">作成年の記述無し？</note>
</notesStmt>
<sourceDesc>
<p>{ "saji:aspectRatioType": [ "B" ], "saji:calligraphy": [ "Rıkʿa" ], "saji:foldingMethod":
          [ "4x1" ], "saji:fond": [ "Tursko 1" ], "saji:huve": [ "1" ], "saji:lang": [ "ota" ],
          "saji:lineage": [ "6" ], "saji:memo": [ "典型" ], "saji:number": [ "247" ],
          "saji:openingPhrase": [ "Ṣultanim\r\nDevletlü ʿināyetlü ..." ],
          "saji:relationWithAnotherItems": [ "表全体像" ], "saji:stamp_c": [ "1" ], "saji:stamp_o": [
          "0" ], "saji:transcription": [ "Ṣultanim\r\nDevletlü ʿināyetlü ..." ], "saji:type": [
          "‘arż-ı ḥāl" ], "saji:witness": [ "0" ] }</p>
</sourceDesc>
</fileDesc>
</teiHeader>
<facsimile>
<surfaceGrp facs="https://diyhistory.org/public/phr2/iiif/1045/manifest">
<surface>
<graphic n="https://diyhistory.org/public/phr2/iiif/1045/canvas/p1" url="https://diyhistory.org/public/phr2/files/original/9aa843adaf0211a7907851e34945980ca605b465.jpg" />
<zone lrx="1993" lry="2676" ulx="177" uly="-7" xml:id="zone_acy_fxy_y3b" />
</surface>
<surface>
<graphic n="https://diyhistory.org/public/phr2/iiif/1045/canvas/p2" url="https://diyhistory.org/public/phr2/files/original/7cc1471769eea263ac975d1b224a0179a651ff8b.jpg" />
</surface>
<surface>
<graphic n="https://diyhistory.org/public/phr2/iiif/1045/canvas/p3" url="https://diyhistory.org/public/phr2/files/original/bfe9459aedb3b3907d119c732898b29d9f2adc53.jpg" />
<zone lrx="2978" lry="1322" ulx="228" uly="888" xml:id="zone_m5w_hxy_y3b" />
</surface>
</surfaceGrp>
</facsimile>
<text>
<body>
<div1 facs="#zone_acy_fxy_y3b" type="ʿarz-ı_hāl">
</div1>
<div1 type="summary_Croatian" />
</body>
</text>
</TEI>