<TEI xmlns="http://www.tei-c.org/ns/1.0">
  <teiHeader>
    <fileDesc>
      <titleStmt>
        <title>DSCN0507</title>
      </titleStmt>
      <publicationStmt>
        <p>Publication Information</p>
      </publicationStmt>
      <sourceDesc>
        <p>{ "saji:aspectRatioType": [ "B" ], "saji:fond": [ "Tursko 6" ] }</p>
      </sourceDesc>
    </fileDesc>
  </teiHeader>
  <facsimile>
    <surfaceGrp facs="https://diyhistory.org/public/phr2/iiif/2914/manifest">
      <surface>
        <graphic n="https://diyhistory.org/public/phr2/iiif/2914/canvas/p1" url="https://diyhistory.org/public/phr2/files/original/c956fac6f31cb2f303167195f8fef88f98a334b0.jpg" />
        <zone lrx="1871" lry="2828" ulx="157" uly="1778" xml:id="zone_lrl_1vc_2mb" />
        <zone lrx="506" lry="2717" ulx="271" uly="2462" xml:id="zone_nkl_bvc_2mb" />
      </surface>
      <surface>
        <graphic n="https://diyhistory.org/public/phr2/iiif/2914/canvas/p2" url="https://diyhistory.org/public/phr2/files/original/1b1015b0780739d98153fb0576e3aa2caa81f7c8.jpg" />
      </surface>
    </surfaceGrp>
  </facsimile>
  <text>
    <body>
      <div1 facs="#zone_lrl_1vc_2mb" type="ʿarz-ıhāl">
        <p>
          <lb />...<lb />
        </p>
        <div2 facs="#zone_nkl_bvc_2mb" type="sign">
          <p>
            <lb />...<lb />
          </p>
        </div2>
      </div1>
    </body>
  </text>
</TEI>