<TEI xmlns="http://www.tei-c.org/ns/1.0">
	<teiHeader>
		<fileDesc>
			<titleStmt>
				<title>DSCN0335</title>
			</titleStmt>
			<publicationStmt>
				<p>Publication Information</p>
			</publicationStmt>
			<notesStmt>
				<note type="summary">国有地arāzī-i mīrīyeに非ムスリムが保有している耕作地の、修道院長に対する売却の承認</note>
				<note type="mine">文字・スペル、ともに非常に乱れが多い。なので、きちんと読めていないかも。</note>
			</notesStmt>
			<sourceDesc>
				<p>{ "saji:aspectRatioType": [ "B" ], "saji:fond": [ "Tursko 3" ] }</p>
			</sourceDesc>
		</fileDesc>
	</teiHeader>
	<facsimile>
		<surfaceGrp facs="https://diyhistory.org/public/phr2/iiif/1814/manifest">
			<surface>
				<graphic n="https://diyhistory.org/public/phr2/iiif/1814/canvas/p1" url="https://diyhistory.org/public/phr2/files/original/1bd2e518f3e525f221a1322b32625717896dd5f4.jpg"/>
				<zone lrx="2209" lry="3209" ulx="9" uly="463" xml:id="zone_vbv_nql_kkb"/>
				<zone lrx="464" lry="2651" ulx="109" uly="2229" xml:id="zone_rsh_pql_kkb"/>
			</surface>
		</surfaceGrp>
	</facsimile>
	<text>
		<body>
			<div1 facs="#zone_vbv_nql_kkb" type="EMIN">
				<p>
					<lb/>Vech-i tahrīr-i hurūf <sic>aldur</sic><corr>oldur</corr> ki
					<lb/>işbu <date type="created" when="1837-04-05" when-custom="1252">bin iki yüz elli iki yüz senesinde</date> der ʿuhde ve iltizāmımızda
					<lb/>bulunan Kirşevo mukātaʿasında KMNİK ... tarla arāzī-i mīrīye(?)
					<lb/>mutasarrıflerinden zimmī İSTİYAN cemāʿatda(?) kendi taht-ı tasarrıflarında
					<lb/>bulunan hassasyila işbu dārende-i hurūf Kirşevo kilisa gardiyāna
					<lb/>yalnız üç yüz krık guruş ... tarīkle ...bugün ve
					<lb/>... beyʿ katʿiyle ... dahi meʿmūr 
					<lb/>hasebile ... mā-dām ki sāl be-sāl aʿşār-ı şerʿiye ve rüsūmāt-ı
					<lb/>sā'ir ʿörfiyye tarafımızdan ve taraf-ı āhardan kimesne māniʿ olunmaya
				</p>
				<div2 facs="#zone_rsh_pql_kkb" type="sign">
					<p>
						<lb/>El-me'mūr el-memhūr
						<lb/>Mehmed Emīn-i 
						<lb/>Mukātaʿa-i Kirşevo
						<lb/>Hālā
						<lb/>M
					</p>
				</div2>
				<div2 type="şühūdu'l-hāl">
					<p>
						<lb/>Şühūdu'l-hāl
						<lb/>ŞUMİÇ Īwān
						<lb/>...
						<lb/>Anton ...
						<lb/>PETER ŞUNİÇ
						<lb/>Dervīş Ağa
						<lb/>Mollā Mustafa
						<lb/>ve gayirihim
					</p>
				</div2>
			</div1>
		</body>
	</text>
</TEI>
