<TEI xmlns="http://www.tei-c.org/ns/1.0">
<teiHeader>
<fileDesc>
<titleStmt>
<title>DSCN1671</title>
</titleStmt>
<publicationStmt>
<p>Publication Information</p>
</publicationStmt>
<sourceDesc>
<p>{ "saji:aspectRatioType": [ "D" ], "saji:fond": [ "Tursko 1" ], "saji:memo": [ "典型" ]
          }</p>
</sourceDesc>
</fileDesc>
</teiHeader>
<facsimile>
<surfaceGrp facs="https://diyhistory.org/public/phr2/iiif/1208/manifest">
<surface>
<graphic n="https://diyhistory.org/public/phr2/iiif/1208/canvas/p1" url="https://diyhistory.org/public/phr2/files/original/4707767f978ec1087dd0eb0df5c941fb06b15d56.jpg" />
<zone lrx="2054" lry="2954" ulx="163" uly="45" xml:id="zone_iy3_1bx_1jb" />
<zone lrx="1802" lry="573" ulx="1409" uly="245" xml:id="zone_okt_bbx_1jb" />
</surface>
<surface>
<graphic n="https://diyhistory.org/public/phr2/iiif/1208/canvas/p2" url="https://diyhistory.org/public/phr2/files/original/a392fa07828ed4929d432f7672c36ad92e4c7d8f.jpg" />
<zone lrx="2534" lry="1150" ulx="384" uly="816" xml:id="zone_mpy_cbx_1jb" />
</surface>
</surfaceGrp>
</facsimile>
<text>
<body>
<div1 facs="#zone_iy3_1bx_1jb" type="beyāz_üzerine_buyuruldu">
<p>
<lb />buyuruldu fī <date type="created" when="1846-04-30" when-custom="1262-05-05">5 Ca sene 62</date><lb />
</p>
<div3 facs="#zone_okt_bbx_1jb" type="stamp">
<p>
<lb />...<lb />
</p>
</div3>
</div1>
<div1 facs="#zone_mpy_cbx_1jb" type="summary_Croatian">
<p>
<lb />...<lb />
</p>
</div1>
</body>
</text>
</TEI>