<TEI xmlns="http://www.tei-c.org/ns/1.0">
<teiHeader>
<fileDesc>
<titleStmt>
<title>DSCN0271</title>
</titleStmt>
<publicationStmt>
<p>Publication Information</p>
</publicationStmt>
<sourceDesc>
<p>{ "saji:aspectRatioType": [ "D" ], "saji:fond": [ "Tursko 3" ] }</p>
</sourceDesc>
</fileDesc>
</teiHeader>
<facsimile>
<surfaceGrp facs="https://diyhistory.org/public/phr2/iiif/1750/manifest">
<surface>
<graphic n="https://diyhistory.org/public/phr2/iiif/1750/canvas/p1" url="https://diyhistory.org/public/phr2/files/original/b876eb6acf690c97f9b7e261323848c2d1cbbd4d.jpg" />
<zone lrx="2147" lry="1752" ulx="253" uly="10" xml:id="zone_ahd_kg5_xjb" />
<zone lrx="1202" lry="1740" ulx="677" uly="1235" xml:id="zone_twj_lg5_xjb" />
<zone lrx="1192" lry="1617" ulx="977" uly="1400" xml:id="zone_gtl_mg5_xjb" />
<zone lrx="692" lry="1712" ulx="265" uly="1112" xml:id="zone_htd_ng5_xjb" />
<zone lrx="680" lry="1597" ulx="477" uly="1405" xml:id="zone_id1_4g5_xjb" />
</surface>
<surface>
<graphic n="https://diyhistory.org/public/phr2/iiif/1750/canvas/p2" url="https://diyhistory.org/public/phr2/files/original/ca9e869ebbc2ad43b9f0fa77abd53cd0fe7150f8.jpg" />
<zone lrx="3063" lry="1763" ulx="2233" uly="663" xml:id="zone_mc3_qg5_xjb" />
</surface>
</surfaceGrp>
</facsimile>
<text>
<body>
<div1 facs="#zone_ahd_kg5_xjb" type="mektūb">
<p>
<lb />...<lb />
</p>
<div2 facs="#zone_twj_lg5_xjb" type="sign">
<p>
<lb />...<lb />
</p>
<div3 facs="#zone_gtl_mg5_xjb" type="stamp">
<p>
<lb />...<lb />
</p>
</div3>
</div2>
<div2 facs="#zone_htd_ng5_xjb" type="sign">
<p>
<lb />...<lb />
</p>
<div3 facs="#zone_id1_4g5_xjb" type="stamp">
<p>
<lb />...<lb />
</p>
</div3>
</div2>
<div2 facs="#zone_mc3_qg5_xjb" type="to">
<p>
<lb />...<lb />
</p>
</div2>
</div1>
</body>
</text>
</TEI>