<TEI xmlns="http://www.tei-c.org/ns/1.0">
<teiHeader>
<fileDesc>
<titleStmt>
<title>DSCN1755</title>
</titleStmt>
<publicationStmt>
<p>Publication Information</p>
</publicationStmt>
<notesStmt>
<note type="mine">【要】日付：年、1076年は古すぎるので、1176年 or 1276年の書き間違いではないか？しかし、次のDSCN1756.JPGは、1116(or 1126)年なので、1076年というのもあり得るのか？</note>
</notesStmt>
<sourceDesc>
<p>{ "saji:aspectRatioType": [ "A" ], "saji:fond": [ "Tursko 1" ] }</p>
</sourceDesc>
</fileDesc>
</teiHeader>
<facsimile>
<surfaceGrp facs="https://diyhistory.org/public/phr2/iiif/1287/manifest">
<surface>
<graphic n="https://diyhistory.org/public/phr2/iiif/1287/canvas/p1" url="https://diyhistory.org/public/phr2/files/original/1517b328a45a6a941c4d715210b3cd394cf67e6a.jpg" />
<zone lrx="1600" lry="3145" ulx="666" uly="712" xml:id="zone_irt_3lh_cjb" />
<zone lrx="1236" lry="1184" ulx="811" uly="740" xml:id="zone_krb_klh_cjb" />
<zone lrx="1069" lry="1167" ulx="897" uly="1019" xml:id="zone_ajs_klh_cjb" />
</surface>
</surfaceGrp>
</facsimile>
<text>
<body>
<div1 facs="#zone_irt_3lh_cjb" type="hüccet">
<p>
<lb />... fī <date cert="low" from="1666-06-23" from-custom="1076-12-21" to-custom="1076-12-30" type="created">evāhir el-Hicce sene sitte ve sabʿīn ve elif</date> ...<lb />
</p>
<div2 facs="#zone_krb_klh_cjb" type="sign">
<p>
<lb />...<lb />
</p>
<div3 facs="#zone_ajs_klh_cjb" type="stamp">
<p>
<lb />...<lb />
</p>
</div3>
</div2>
</div1>
</body>
</text>
</TEI>