<TEI xmlns="http://www.tei-c.org/ns/1.0">
<teiHeader>
<fileDesc>
<titleStmt>
<title>DSCN1877</title>
</titleStmt>
<publicationStmt>
<p>Publication Information</p>
</publicationStmt>
<notesStmt>
<note type="summary">木こりが死亡したので、keşf（検分）を求める内容。</note>
<note type="mine">法廷とvaliから人が派遣されたために、buyurulduが付いていると思われる。</note>
</notesStmt>
<sourceDesc>
<p>{ "saji:aspectRatioType": [ "A" ], "saji:fond": [ "Tursko 1" ], "saji:memo": [ "典型", ]
          }</p>
</sourceDesc>
</fileDesc>
</teiHeader>
<facsimile>
<surfaceGrp facs="https://diyhistory.org/public/phr2/iiif/1407/manifest">
<surface>
<graphic n="https://diyhistory.org/public/phr2/iiif/1407/canvas/p1" url="https://diyhistory.org/public/phr2/files/original/a40892eed20d6d584c10513090ae7a8462b15323.jpg" />
<zone lrx="1518" lry="2872" ulx="600" uly="-18" xml:id="zone_vrs_42w_cjb" />
<zone lrx="1136" lry="1066" ulx="832" uly="604" xml:id="zone_rdp_q2w_cjb" />
<zone lrx="1100" lry="1055" ulx="934" uly="897" xml:id="zone_urm_r2w_cjb" />
<zone lrx="910" lry="1069" ulx="603" uly="628" xml:id="zone_x2g_s2w_cjb" />
<zone lrx="910" lry="1064" ulx="717" uly="893" xml:id="zone_fmk_t2w_cjb" />
<zone lrx="1633" lry="720" ulx="962" uly="95" xml:id="zone_kjd_v2w_cjb" />
</surface>
<surface>
<graphic n="https://diyhistory.org/public/phr2/iiif/1407/canvas/p2" url="https://diyhistory.org/public/phr2/files/original/eb69123dd2695182f7d825ee07af03b48cae05aa.jpg" />
<zone lrx="2739" lry="1400" ulx="723" uly="633" xml:id="zone_sks_w2w_cjb" />
</surface>
</surfaceGrp>
</facsimile>
<text>
<body>
<div1 facs="#zone_vrs_42w_cjb" type="hüccet">
<p>
<lb />... <date type="created" when="1823-07-09" when-custom="1238-11-01">fi'l-yevmi'l-hādī<lb />
<lb />min şehr Zi'l-kaʿade'l-şerīfe sene semān ve sılsīn ve mieteyn ve elif</date><lb />
</p>
<div2 facs="#zone_rdp_q2w_cjb" type="sign">
<p>
<lb />...<lb />
</p>
<div3 facs="#zone_urm_r2w_cjb" type="stamp">
<p>
<lb />...<lb />
</p>
</div3>
</div2>
<div2 facs="#zone_x2g_s2w_cjb" type="sign">
<p>
<lb />...<lb />
</p>
<div3 facs="#zone_fmk_t2w_cjb" type="stamp">
<p>
<lb />...<lb />
</p>
</div3>
</div2>
</div1>
<div1 facs="#zone_kjd_v2w_cjb" type="buyuruldu">
<p>
<lb />buyuruldu fī <date type="created" when="1823-07-13" when-custom="1238-11-05">5 Za sene 38</date><lb />
</p>
</div1>
<div1 facs="#zone_sks_w2w_cjb" type="summary_Croatian">
<p>
<lb />...<lb />
</p>
</div1>
</body>
</text>
</TEI>