<TEI xmlns="http://www.tei-c.org/ns/1.0">
  <teiHeader>
    <fileDesc>
      <titleStmt>
        <title>DSCN0455</title>
      </titleStmt>
      <publicationStmt>
        <p>Publication Information</p>
      </publicationStmt>
      <sourceDesc>
        <p>{ "saji:aspectRatioType": [ "n/a" ], "saji:fond": [ "Tursko 6" ], "saji:memo": [ "・何を示しているか分からない。" ], "saji:transcription": [ "NEMA\r\n155\r\n143\r\n132\r\n79\r\n51\r\n999-D.C." ] }</p>
      </sourceDesc>
    </fileDesc>
  </teiHeader>
  <facsimile>
    <surfaceGrp facs="https://diyhistory.org/public/phr2/iiif/2862/manifest">
      <surface>
        <graphic n="https://diyhistory.org/public/phr2/iiif/2862/canvas/p1" url="https://diyhistory.org/public/phr2/files/original/f0e9b8405963f990b1f2063f43b36c0b2e35f8c8.jpg" />
      </surface>
    </surfaceGrp>
  </facsimile>
  <text>
    <body>
      <div1 type="summary_Croatian">
        <p>
          <lb />...<lb />
        </p>
      </div1>
    </body>
  </text>
</TEI>