<TEI xmlns="http://www.tei-c.org/ns/1.0">
  <teiHeader>
    <fileDesc>
      <titleStmt>
        <title>DSCN0684</title>
      </titleStmt>
      <publicationStmt>
        <p>Publication Information</p>
      </publicationStmt>
      <sourceDesc>
        <p>{ "saji:aspectRatioType": [ "?" ], "saji:fond": [ "Tursko 8" ], "saji:memo": [ "・何を示しているか不明。\r\n・ボスニア語梗概？" ] }</p>
      </sourceDesc>
    </fileDesc>
  </teiHeader>
  <facsimile>
    <surfaceGrp facs="https://diyhistory.org/public/phr2/iiif/3085/manifest">
      <surface>
        <graphic n="https://diyhistory.org/public/phr2/iiif/3085/canvas/p1" url="https://diyhistory.org/public/phr2/files/original/3905693048d435b869a72d3a812c9dde83f9e4a4.jpg" />
      </surface>
      <surface>
        <graphic n="https://diyhistory.org/public/phr2/iiif/3085/canvas/p2" url="https://diyhistory.org/public/phr2/files/original/57a888bcd0a52a077b8df9925d4ced4be325d026.jpg" />
      </surface>
      <surface>
        <graphic n="https://diyhistory.org/public/phr2/iiif/3085/canvas/p3" url="https://diyhistory.org/public/phr2/files/original/8c3cd7bbf5b4f73340812064352af9b7bc78fd1b.jpg" />
      </surface>
    </surfaceGrp>
  </facsimile>
  <text>
    <body>
      <div1 type="unknown_Croatian">
        <p>
          <lb />...<lb />
        </p>
      </div1>
    </body>
  </text>
</TEI>