<TEI xmlns="http://www.tei-c.org/ns/1.0">
  <teiHeader>
    <fileDesc>
      <titleStmt>
        <title>DSCN0863</title>
      </titleStmt>
      <publicationStmt>
        <p>Publication Information</p>
      </publicationStmt>
      <notesStmt>
        <note type="summary">フォルダ9表紙</note>
      </notesStmt>
      <sourceDesc>
        <p>{ "saji:aspectRatioType": [ "n/a" ], "saji:date_H": [ "n/a" ], "saji:date_M": [ "n/a" ], "saji:fond": [ "Tursko 9" ], "saji:item": [ "フォルダ表紙" ], "saji:lang": [ "Croatian" ], "saji:memo": [ "フォルダ表紙" ], "saji:nameFull": [ "n/a" ], "saji:placeFull": [ "n/a" ], "saji:relationWithAnotherItems": [ "フォンド表紙" ], "saji:transcription": [ "Tursko 9\r\nTurske ifprave (?)" ] }</p>
      </sourceDesc>
    </fileDesc>
  </teiHeader>
  <facsimile>
    <surfaceGrp facs="https://diyhistory.org/public/phr2/iiif/3250/manifest">
      <surface>
        <graphic n="https://diyhistory.org/public/phr2/iiif/3250/canvas/p1" url="https://diyhistory.org/public/phr2/files/original/9158ffb59860baeb7b00e5ad53fd37ace73a06ae.jpg" />
      </surface>
    </surfaceGrp>
  </facsimile>
  <text>
    <body>
      <div1 type="folder_cover">
        <p>
          <lb />...<lb />
        </p>
      </div1>
    </body>
  </text>
</TEI>