<TEI xmlns="http://www.tei-c.org/ns/1.0">
  <teiHeader>
    <fileDesc>
      <titleStmt>
        <title>DSCN0541</title>
      </titleStmt>
      <publicationStmt>
        <p>Publication Information</p>
      </publicationStmt>
      <sourceDesc>
        <p>{ "saji:aspectRatioType": [ "B" ], "saji:fond": [ "Tursko 6" ] }</p>
      </sourceDesc>
    </fileDesc>
  </teiHeader>
  <facsimile>
    <surfaceGrp facs="https://diyhistory.org/public/phr2/iiif/2947/manifest">
      <surface>
        <graphic n="https://diyhistory.org/public/phr2/iiif/2947/canvas/p1" url="https://diyhistory.org/public/phr2/files/original/60a03eacd02478957d2faa316de12e03ca244beb.jpg" />
        <zone lrx="2447" lry="1630" ulx="24" uly="-15" xml:id="zone_jw3_w53_2mb" />
        <zone lrx="788" lry="1588" ulx="570" uly="1376" xml:id="zone_nmx_x53_2mb" />
        <zone lrx="562" lry="1570" ulx="368" uly="1392" xml:id="zone_t5j_z53_2mb" />
      </surface>
    </surfaceGrp>
  </facsimile>
  <text>
    <body>
      <div1 facs="#zone_jw3_w53_2mb" type="unknown">
        <p>
          <lb />
          <lb />... fī <date cert="low" type="created" when="1838-04-11" when-custom="1254-01-17">17 M 54</date>
        </p>
        <div2 type="sign">
          <div3 facs="#zone_nmx_x53_2mb" type="stamp">
            <p>
              <lb />...<lb />
            </p>
          </div3>
        </div2>
        <div2 type="sign">
          <div3 facs="#zone_t5j_z53_2mb" type="stamp">
            <p>
              <lb />...<lb />
            </p>
          </div3>
        </div2>
      </div1>
    </body>
  </text>
</TEI>