<TEI xmlns="http://www.tei-c.org/ns/1.0">
<teiHeader>
<fileDesc>
<titleStmt>
<title>DSCN1855</title>
</titleStmt>
<publicationStmt>
<p>Publication Information</p>
</publicationStmt>
<sourceDesc>
<p>{ "saji:aspectRatioType": [ "C" ], "saji:fond": [ "Tursko 1" ], "saji:type": [
               "ṣūret-i (‘arż-ı ḥāl+buyuruldu)" ] }</p>
</sourceDesc>
</fileDesc>
</teiHeader>
<facsimile>
<surfaceGrp facs="https://diyhistory.org/public/phr2/iiif/1385/manifest">
<surface>
<graphic n="https://diyhistory.org/public/phr2/iiif/1385/canvas/p1" url="https://diyhistory.org/public/phr2/files/original/7b8231c843a0e986ba0e5c04a8a47a408c1d2c5e.jpg" />
<zone lrx="1995" lry="3175" ulx="80" uly="440" xml:id="zone_cmm_xkq_cjb" />
<zone lrx="1655" lry="3170" ulx="100" uly="1565" xml:id="zone_xfl_zkq_cjb" />
<zone lrx="562" lry="3170" ulx="182" uly="2905" xml:id="zone_psp_blq_cjb" />
<zone lrx="1638" lry="1582" ulx="127" uly="510" xml:id="zone_unb_dlq_cjb" />
<zone lrx="1107" lry="775" ulx="307" uly="524" xml:id="zone_ysc_2lq_cjb" />
<zone lrx="1984" lry="1452" ulx="1602" uly="1123" xml:id="zone_pwl_flq_cjb" />
<zone lrx="1977" lry="1336" ulx="1861" uly="1197" xml:id="zone_rwp_glq_cjb" />
</surface>
</surfaceGrp>
</facsimile>
<text>
<body>
<div1 facs="#zone_cmm_xkq_cjb" type="ʿarz-ı_hāl_buyuruldu_sūret">
<div1 facs="#zone_xfl_zkq_cjb" type="ʿarz-ı_hāl_sūret">
<p>
<lb />...<lb />
</p>
<div2 facs="#zone_psp_blq_cjb" type="sign_sūret">
<p>
<lb />...<lb />
</p>
</div2>
</div1>
<div1 facs="#zone_unb_dlq_cjb" type="buyuruldu_sūret">
<p>
<lb />... fī <date type="created" when="1785-01-08" when-custom="1199-02-27">27 S sene 199</date><lb />
</p>
<div3 facs="#zone_ysc_2lq_cjb" type="stamp_sūret">
<p>
<lb />...<lb />
</p>
</div3>
</div1>
<div2 facs="#zone_pwl_flq_cjb" type="sign">
<p>
<lb />...<lb />
</p>
<div3 facs="#zone_rwp_glq_cjb" type="stamp">
<p>
<lb />...<lb />
</p>
</div3>
</div2>
</div1>
</body>
</text>
</TEI>