<TEI xmlns="http://www.tei-c.org/ns/1.0">
	<teiHeader>
		<fileDesc>
			<titleStmt>
				<title>DSCN0079</title>
			</titleStmt>
			<publicationStmt>
				<p>Publication Information</p>
			</publicationStmt>
			<notesStmt>
				<note type="summary">計算書</note>
				<note type="mine">何の計算書かは文脈が分からないと分からない。</note>
			</notesStmt>
			<sourceDesc>
				<p>{ "saji:aspectRatioType": [ "B" ], "saji:fond": [ "Tursko 3" ] }</p>
			</sourceDesc>
		</fileDesc>
		<profileDesc>
			<textClass>
				<classCode scheme="">その他</classCode>
			</textClass>
		</profileDesc>
	</teiHeader>
	<facsimile>
		<surfaceGrp facs="https://diyhistory.org/public/phr2/iiif/1563/manifest">
			<surface>
				<graphic n="https://diyhistory.org/public/phr2/iiif/1563/canvas/p1" url="https://diyhistory.org/public/phr2/files/original/73e28eada1f90fbed9275160c8015f5eb2a9806b.jpg"/>
				<zone lrx="2436" lry="3027" ulx="36" uly="554" xml:id="zone_n3c_32z_k3b"/>
			</surface>
			<surface>
				<graphic n="https://diyhistory.org/public/phr2/iiif/1563/canvas/p2" url="https://diyhistory.org/public/phr2/files/original/0af8b944288ac438e65d19ac3b90270e0092aafd.jpg"/>
				<zone lrx="2342" lry="3233" ulx="8" uly="350" xml:id="zone_sbx_k2z_k3b"/>
			</surface>
		</surfaceGrp>
	</facsimile>
	<text>
		<body>
			<div1 cert="unknown" facs="#zone_n3c_32z_k3b" type="note">
				<p>
					<lb/>...
					<lb/>
				</p>
			</div1>
			<div1 cert="unknown" facs="#zone_sbx_k2z_k3b" type="note">
				<p>
					<lb/>...
					<lb/>
				</p>
			</div1>
		</body>
	</text>
</TEI>
