<TEI xmlns="http://www.tei-c.org/ns/1.0">
  <teiHeader>
    <fileDesc>
      <titleStmt>
        <title>DSCN0663</title>
      </titleStmt>
      <publicationStmt>
        <p>Publication Information</p>
      </publicationStmt>
      <notesStmt>
        <note type="summary">関税の領収書。103個の鉄製鋤などの国内関税？</note>
      </notesStmt>
      <sourceDesc>
        <p>{ "saji:aspectRatioType": [ "D" ], "saji:fond": [ "Tursko 7" ], "saji:memo": [ "典型" ] }</p>
      </sourceDesc>
    </fileDesc>
  </teiHeader>
  <facsimile>
    <surfaceGrp facs="https://diyhistory.org/public/phr2/iiif/3067/manifest">
      <surface>
        <graphic n="https://diyhistory.org/public/phr2/iiif/3067/canvas/p1" url="https://diyhistory.org/public/phr2/files/original/543b2f1e2fa446f7608a11bd4ec197d08d555dd2.jpg" />
        <zone lrx="1945" lry="3200" ulx="354" uly="209" xml:id="zone_xcn_cgq_2mb" />
        <zone lrx="1150" lry="2760" ulx="966" uly="2594" xml:id="zone_urv_dgq_2mb" />
        <zone lrx="876" lry="2776" ulx="551" uly="2469" xml:id="zone_j3k_2gq_2mb" />
      </surface>
      <surface>
        <graphic n="https://diyhistory.org/public/phr2/iiif/3067/canvas/p2" url="https://diyhistory.org/public/phr2/files/original/3e299d2368a2871dfe6eda7147669c81391e15b5.jpg" />
        <zone lrx="2815" lry="2054" ulx="207" uly="1008" xml:id="zone_w3w_fgq_2mb" />
      </surface>
    </surfaceGrp>
  </facsimile>
  <text>
    <body>
      <div1 facs="#zone_xcn_cgq_2mb" next="#zone_w3w_fgq_2mb" type="unknown">
        <p>
          <lb />
          <lb />... fī <date type="created" when="1867-06-05" when-custom="1284-02-03">3 Şubat sene 284</date>
        </p>
        <div2 type="sign">
          <div3 facs="#zone_urv_dgq_2mb" type="stamp">
            <p>
              <lb />...<lb />
            </p>
          </div3>
        </div2>
        <div2 type="sign">
          <div3 facs="#zone_j3k_2gq_2mb" type="stamp">
            <p>
              <lb />...<lb />
            </p>
          </div3>
        </div2>
      </div1>
      <div1 facs="#zone_w3w_fgq_2mb" type="summary_Croatian">
        <p>
          <lb />...<lb />
        </p>
      </div1>
    </body>
  </text>
</TEI>