<TEI xmlns="http://www.tei-c.org/ns/1.0">
	<teiHeader>
		<fileDesc>
			<titleStmt>
				<title>DSCN0167</title>
			</titleStmt>
			<publicationStmt>
				<p>Publication Information</p>
			</publicationStmt>
			<notesStmt>
				<note type="summary">絶対に取り消せない売却および移転 beyʿ-i bāt katʿiyle beyʿ ü ferāğ</note>
				<note type="summary" cert="medium">複数の人物の共同保有する私有地・国有地・牧草地などの、教会の修道士たちに対する売却および移転、ならびに今後の納税についての証文tapu</note>
				<note type="mine">やや綴りに乱れがあるか？一部読めないところがある。【要】書き手の綴りミスを考慮して読み直す。</note>
			</notesStmt>
			<sourceDesc>
				<p>{ "saji:aspectRatioType": [ "C" ], "saji:fond": [ "Tursko 3" ] }</p>
			</sourceDesc>
		</fileDesc>
		<profileDesc>
			<textClass>
				<classCode scheme="">土地譲渡・売買</classCode>
			</textClass>
		</profileDesc>
	</teiHeader>
	<facsimile>
		<surfaceGrp facs="https://diyhistory.org/public/phr2/iiif/1648/manifest">
			<surface>
				<graphic url="https://diyhistory.org/public/phr2/files/original/8262643f24e5897adf4d883278f4d0c89d1243c3.jpg" n="https://diyhistory.org/public/phr2/iiif/1648/canvas/p1"/>
				<zone xml:id="zone_rpx_grd_fjb" lry="3200" lrx="2274" uly="173" ulx="110"/>
				<zone xml:id="zone_j4l_3rd_fjb" lry="2835" lrx="351" uly="2626" ulx="105"/>
				<zone xml:id="zone_uht_hk5_nqb" lry="1829" lrx="872" uly="1734" ulx="712"/>
				<zone xml:id="zone_nmk_xk5_nqb" lry="1811" lrx="548" uly="1692" ulx="135"/>
				<zone xml:id="zone_ztd_hl5_nqb" lry="1959" lrx="1478" uly="1864" ulx="1186"/>
				<zone xml:id="zone_ism_rl5_nqb" lry="1910" lrx="560" uly="1819" ulx="436"/>
				<zone xml:id="zone_sqs_k1v_nqb" lry="2034" lrx="1083" uly="1926" ulx="577"/>
				<zone xml:id="zone_cxl_s1v_nqb" lry="2155" lrx="1457" uly="2024" ulx="1140"/>
				<zone xml:id="zone_rjr_t1v_nqb" lry="2137" lrx="1107" uly="2033" ulx="867"/>
				<zone xml:id="zone_ejc_glv_nqb" lry="2799" lrx="2003" uly="2691" ulx="1700"/>
				<zone xml:id="zone_t13_nlv_nqb" lry="2710" lrx="2037" uly="2606" ulx="1699"/>
			</surface>
			<surface>
				<graphic n="https://diyhistory.org/public/phr2/iiif/1648/canvas/p2" url="https://diyhistory.org/public/phr2/files/original/c73a101ebf1bf192b9b14a862e0ae670f83ae7a2.jpg"/>
				<zone lrx="2025" lry="1920" ulx="816" uly="458" xml:id="zone_vwd_krd_fjb"/>
			</surface>
		</surfaceGrp>
	</facsimile>
	<text>
		<body>
			<div1 type="EMIN_tapu" facs="#zone_rpx_grd_fjb">
				<p>
					<lb/>Hüve
					<lb/>Vech-i tahrīr-i hurūf budur ki
					<lb/>işbu <date from-custom="1233-03" to-custom="1233-06-11" when="0654-06-22">bin iki yüz otuz üç senesinde Mart hesābile(?) māh-ı Cemaziye'l-āhirinin on birinci gününde</date>
					der
					<lb/>ʿuhde-i iltizāmımızda bulunan <placeName>Kirşevo</placeName> mukātaʿasında <placeName facs="#zone_uht_hk5_nqb">KOYNSNA</placeName> karyesinde <persName
						facs="#zone_nmk_xk5_nqb">NUHIK İbrāhīm</persName>'in
					<lb/>ve <persName>ʿAlī</persName>'nin ve <persName facs="#zone_ztd_hl5_nqb">DENİR NUSİK</persName> Oğluları <persName>Sālih</persName>'in ve <persName>Hüseyin</persName>'in ve
						<persName facs="#zone_ism_rl5_nqb">KOMALI</persName>'nin taht-ı tasarrıfında
					<lb/>ve yine <persName>İbrāhīm'in zevcesi</persName>nin <persName facs="#zone_sqs_k1v_nqb">ʿĀyşe'nin bint-i NEMDHAN</persName> üçüncü ... tarafından(?)
					<lb/>zevc <persName>İbrāhīm</persName> ve <persName facs="#zone_cxl_s1v_nqb">KYL'l-TOMŞ</persName> ve <persName facs="#zone_rjr_t1v_nqb">MARKO ...</persName> ve
						<persName>ʿĀyşe</persName>'nin taht-ı tasarrıfında bulunan mülk-i
					<lb/>emlāk ve arāzī-i mīrīye ve beyne'l-ahāli ve'l-cīrān maʿlūmetü'l-hudūd ve koru ...
					<lb/>ve her ne ki ... hudūd dāhilinde işbu dārende-i hurūf ruhbānlara(?) kilisaya meşrūt[e] olmak
					<lb/>üzere beş yüz seksen guruş mukābelesinde beyʿ-i bāt katʿiyle beyʿ ferāğ ve ...
					<lb/>... oğulları ve İbrāhīm KINDI zevce tarafından tamāmen akçe ahz mesfūr ruhbānlar tapu ile(?)
					<lb/>tālib ve rāgib olmağla biz dahi me'mūr olduğumuz hasebile biz dahi ... görüp ve tapuyı
					<lb/>tahrīr ve kānūn-ı Pādişāhı üzere resm ahz ve tapuyı mesfūrlerin yedine ve yerleri mā-dām ki
					<lb/>sene be-sene aʿşār-ı şerʿiyesin ve rüsūmāt-ı ʿörfiyesin taraf-ı mīrīye rāciʿ olan
					<lb/>muharrerine(?) edā eyle tarafımızdan ve taraf-ı āhardan bir kimesne māniʿ olmayasız <date when-custom="1233-11-10" type="created">10 Ca sene 1233</date>
				</p>
				<div2 type="sign" facs="#zone_j4l_3rd_fjb">
					<p>
						<lb/>...
						<lb/>Mollā(?) <persName>ʿOsmān</persName>
						<lb/>El-me'mūr </p>
				</div2>
				<div2 type="şühūdu'l-hāl">
					<p>
						<lb/>şühūdu'l-hāl
						<lb/>KOMAYLI Kara <persName>İbrāhīm</persName> Ağa Paşa
						<lb/>Kirşevolu Feyzullāh Ağa
						<lb/>Kirşevo <persName>Dervīş</persName> Ağa Serdār-ı Sābık
						<lb/>... <persName facs="#zone_ejc_glv_nqb">Sālih</persName> Beşe
						<lb/>ÇİZMU <persName facs="#zone_t13_nlv_nqb">ʿAbdüllāh</persName> ʿAlemdār
						<lb/>ve garyihim </p>
				</div2>
			</div1>
			<div1 type="summary_Croatian" facs="#zone_vwd_krd_fjb">
				<p>
					<lb/>Tapia od zemglic n
					<lb/>czvarkovichim <date type="summary_Croatian" when="1819">1819</date>.
					<lb/><date type="summary_Crotatian" when="0654-06-22" when-custom="1233">1233</date>.
					<lb/>Nno 5.
					<lb/>40 </p>
			</div1>
		</body>
		<back>
			<listPerson>
				<person/>
			</listPerson>
			<listPlace>
				<place/>
			</listPlace>
		</back>
	</text>
</TEI>
