<TEI xmlns="http://www.tei-c.org/ns/1.0">
    <teiHeader>
        <fileDesc>
            <titleStmt>
                <title>DSCN0098</title>
            </titleStmt>
            <publicationStmt>
                <p>Publication Information</p>
            </publicationStmt>
            <notesStmt>
                <note type="mine">【要】再撮影：裏面にスタンプが写っていないが、おそらく署名の裏にスタンプが押してある。要再撮影。</note>
            </notesStmt>
            <sourceDesc>
                <p>{ "saji:aspectRatioType": [ "B" ], "saji:fond": [ "Tursko 3" ] }</p>
            </sourceDesc>
        </fileDesc>
    </teiHeader>
    <facsimile>
        <surfaceGrp facs="https://diyhistory.org/public/phr2/iiif/1582/manifest">
            <surface>
                <graphic n="https://diyhistory.org/public/phr2/iiif/1582/canvas/p1"
                    url="https://diyhistory.org/public/phr2/files/original/12d0609a8f2194e06085ec1c3612d89dc2bc304b.jpg"/>
                <zone lrx="1893" lry="2957" ulx="150" uly="1221" xml:id="zone_hvm_rbv_l3b"/>
                <zone lrx="718" lry="2876" ulx="433" uly="2653" xml:id="zone_n31_jt5_2jb"/>
            </surface>
            <surface>
                <graphic n="https://diyhistory.org/public/phr2/iiif/1582/canvas/p2"
                    url="https://diyhistory.org/public/phr2/files/original/e6f80fcd26b9d33d1848e6f0125ed41321228387.jpg"/>
                <zone lrx="2406" lry="744" ulx="606" uly="244" xml:id="zone_pkn_tbv_l3b"/>
            </surface>
        </surfaceGrp>
    </facsimile>
    <text>
        <body>
            <div1 cert="low" facs="#zone_pkn_tbv_l3b" type="mürāsele">
                <p> <lb/>... fī <date type="created" when="1787-07-22" when-custom="1201-10-07"
                    >7 Ş sene 1201</date><lb/> </p>
                <div2 type="sign">
                    <p> <lb/>...<lb/> </p>
                    <div3 facs="#zone_n31_jt5_2jb" type="stamp">
                        <p> <lb/>...<lb/> </p>
                    </div3>
                </div2>
            </div1>
            <div1 facs="#zone_hvm_rbv_l3b" type="summary_Cratian">
                <p> <lb/>...<lb/> </p>
            </div1>
        </body>
    </text>
</TEI>
