<TEI xmlns="http://www.tei-c.org/ns/1.0">
<teiHeader>
<fileDesc>
<titleStmt>
<title>DSCN0081</title>
</titleStmt>
<publicationStmt>
<p>Publication Information</p>
</publicationStmt>
<sourceDesc>
<p>{ "saji:aspectRatioType": [ "D" ], "saji:fond": [ "Tursko 3" ], "saji:memo": [ "典型" ]
          }</p>
</sourceDesc>
</fileDesc>
</teiHeader>
<facsimile>
<surfaceGrp facs="https://diyhistory.org/public/phr2/iiif/1565/manifest">
<surface>
<graphic n="https://diyhistory.org/public/phr2/iiif/1565/canvas/p1" url="https://diyhistory.org/public/phr2/files/original/729ffe2737f4fac02f4f6634b2b746c00ca14489.jpg" />
<zone lrx="2124" lry="1852" ulx="330" uly="76" xml:id="zone_gzx_y2z_k3b" />
<zone lrx="697" lry="1728" ulx="357" uly="1174" xml:id="zone_dc5_br5_2jb" />
</surface>
</surfaceGrp>
</facsimile>
<text>
<body>
<div1 facs="#zone_gzx_y2z_k3b" type="fetvā">
<p>
<lb />olmaz<lb />
</p>
<div2 facs="#zone_dc5_br5_2jb" type="sign">
<p>
<lb />...<lb />
</p>
</div2>
</div1>
</body>
</text>
</TEI>