<TEI xmlns="http://www.tei-c.org/ns/1.0">
  <teiHeader>
    <fileDesc>
      <titleStmt>
        <title>DSCN0479</title>
      </titleStmt>
      <publicationStmt>
        <p>Publication Information</p>
      </publicationStmt>
      <sourceDesc>
        <p>{ "saji:aspectRatioType": [ "A" ], "saji:fond": [ "Tursko 6" ] }</p>
      </sourceDesc>
    </fileDesc>
  </teiHeader>
  <facsimile>
    <surfaceGrp facs="https://diyhistory.org/public/phr2/iiif/2886/manifest">
      <surface>
        <graphic n="https://diyhistory.org/public/phr2/iiif/2886/canvas/p1" url="https://diyhistory.org/public/phr2/files/original/27299dfea23705e2b851855119f0890a2419fe78.jpg" />
        <zone lrx="1580" lry="3140" ulx="510" uly="810" xml:id="zone_vbz_rgc_2mb" />
        <zone lrx="1118" lry="1333" ulx="693" uly="860" xml:id="zone_kdp_wgc_2mb" />
        <zone lrx="1038" lry="1314" ulx="845" uly="1145" xml:id="zone_y2q_xgc_2mb" />
      </surface>
      <surface>
        <graphic n="https://diyhistory.org/public/phr2/iiif/2886/canvas/p2" url="https://diyhistory.org/public/phr2/files/original/85208b4848f5565fb711d5ffde6e0d2a771449c5.jpg" />
        <zone lrx="2739" lry="1394" ulx="400" uly="488" xml:id="zone_tn2_1hc_2mb" />
      </surface>
    </surfaceGrp>
  </facsimile>
  <text>
    <body>
      <div1 facs="#zone_vbz_rgc_2mb" next="#zone_tn2_1hc_2mb" type="hüccet">
        <p>
          <lb />... hurira fī <date type="created" when="1847-09-09" when-custom="1263-09">Şehr Ramazānı'l-mubārek sene
          <lb />selās ve sittīn ve mieteyn ve elif</date>
        </p>
        <div2 facs="#zone_kdp_wgc_2mb" type="sign">
          <p>
            <lb />...<lb />
          </p>
          <div3 facs="#zone_y2q_xgc_2mb" type="stamp">
            <p>
              <lb />...<lb />
            </p>
          </div3>
        </div2>
        <div2 type="şühūdu’l-hāl">
          <p>
            <lb />...<lb />
          </p>
        </div2>
      </div1>
      <div1 facs="#zone_tn2_1hc_2mb" type="summary_Croatian">
        <p>
          <lb />...
          <lb />... <date type="summary_Coatian" when="1847">1847</date> ...
        </p>
      </div1>
    </body>
  </text>
</TEI>