<TEI xmlns="http://www.tei-c.org/ns/1.0">
<teiHeader>
<fileDesc>
<titleStmt>
<title>DSCN1925</title>
</titleStmt>
<publicationStmt>
<p>Publication Information</p>
</publicationStmt>
<notesStmt>
<note type="mine">【要】DSCN1921.JPGは、DSCN1925.JPGの写しの可能性あり。要確認。</note>
</notesStmt>
<sourceDesc>
<p>{ "saji:aspectRatioType": [ "A" ], "saji:fond": [ "Tursko 1" ] }</p>
</sourceDesc>
</fileDesc>
</teiHeader>
<facsimile>
<surfaceGrp facs="https://diyhistory.org/public/phr2/iiif/1455/manifest">
<surface>
<graphic n="https://diyhistory.org/public/phr2/iiif/1455/canvas/p1" url="https://diyhistory.org/public/phr2/files/original/f9a008c8ab15fa38d4d64e12fb13f09b9c29b38d.jpg" />
<zone lrx="1670" lry="3210" ulx="590" uly="120" xml:id="zone_pkd_qvx_cjb" />
</surface>
<surface>
<graphic n="https://diyhistory.org/public/phr2/iiif/1455/canvas/p2" url="https://diyhistory.org/public/phr2/files/original/cbf3fa8d423e8605c93893b8bc021ee29c042e39.jpg" />
<zone lrx="1464" lry="1102" ulx="879" uly="317" xml:id="zone_oyf_tvx_cjb" />
<zone lrx="1358" lry="1089" ulx="1125" uly="875" xml:id="zone_bxx_tvx_cjb" />
</surface>
<surface>
<graphic n="https://diyhistory.org/public/phr2/iiif/1455/canvas/p3" url="https://diyhistory.org/public/phr2/files/original/2492a1838c8817bdd3a0dc7829b6627f96f03920.jpg" />
</surface>
<surface>
<graphic n="https://diyhistory.org/public/phr2/iiif/1455/canvas/p4" url="https://diyhistory.org/public/phr2/files/original/1e1afaae08da1af7047145bd246e09bff203afd5.jpg" />
</surface>
<surface>
<graphic n="https://diyhistory.org/public/phr2/iiif/1455/canvas/p5" url="https://diyhistory.org/public/phr2/files/original/13976dd867a07a55135713a9989f1fed256b4817.jpg" />
<zone lrx="2789" lry="1788" ulx="617" uly="966" xml:id="zone_ntq_vvx_cjb" />
</surface>
</surfaceGrp>
</facsimile>
<text>
<body>
<div1 facs="#zone_pkd_qvx_cjb" type="hüccet">
<p>
<lb />... fī <date type="created" when="1841-01-01" when-custom="1256-11-09">yevmi'l-tāsiʿ min şehr Zi'l-kaʿade<lb />
<lb />sene sitte ve hamsīn ve mieteyn ve elif</date><lb />
</p>
<div2 facs="#zone_oyf_tvx_cjb" type="sign">
<p>
<lb />...<lb />
</p>
<div3 facs="#zone_bxx_tvx_cjb" type="stamp">
<p>
<lb />...<lb />
</p>
</div3>
</div2>
</div1>
<div1 facs="#zone_ntq_vvx_cjb" type="summary_Croatian">
<p>
<lb />... <date type="summary_Croatian" when="1841">1841</date>.<lb />
</p>
</div1>
</body>
</text>
</TEI>