<TEI xmlns="http://www.tei-c.org/ns/1.0">
	<teiHeader>
		<fileDesc>
			<titleStmt>
				<title>DSCN0284</title>
			</titleStmt>
			<publicationStmt>
				<p>Publication Information</p>
			</publicationStmt>
			<notesStmt>
				<note type="summary">エミンから修道院長に対する請負契約</note>
			</notesStmt>
			<sourceDesc>
				<p>{ "saji:aspectRatioType": [ "B" ], "saji:fond": [ "Tursko 3" ] }</p>
			</sourceDesc>
		</fileDesc>
	</teiHeader>
	<facsimile>
		<surfaceGrp facs="https://diyhistory.org/public/phr2/iiif/1763/manifest">
			<surface>
				<graphic n="https://diyhistory.org/public/phr2/iiif/1763/canvas/p1" url="https://diyhistory.org/public/phr2/files/original/c33e8c9248345af795f5ef50fed49414c3ae423b.jpg"/>
				<zone lrx="1833" lry="3083" ulx="208" uly="275" xml:id="zone_hqd_435_xjb"/>
				<zone lrx="529" lry="3068" ulx="262" uly="2622" xml:id="zone_eh2_p35_xjb"/>
			</surface>
			<surface>
				<graphic n="https://diyhistory.org/public/phr2/iiif/1763/canvas/p2" url="https://diyhistory.org/public/phr2/files/original/a5e73ce079c92bd3b1749668717ce2f06125cfd8.jpg"/>
				<zone lrx="2296" lry="3191" ulx="2029" uly="2950" xml:id="zone_ngg_q35_xjb"/>
				<zone lrx="1504" lry="408" ulx="46" uly="112" xml:id="zone_tk1_r35_xjb"/>
			</surface>
		</surfaceGrp>
	</facsimile>
	<text>
		<body>
			<div1 facs="#zone_hqd_435_xjb" subtype="temessük" type="EMIN">
				<p>
					<lb/>Hüve
					<lb/>Vech-i tahrīr-i hurūf budur ki
					<lb/>der ʿuhde ve iltizāmımızda bulunan Kirşevo mukātaʿasında ... DUBUNİÇE
					<lb/>ve RUNABA nām kurāların hāsıl olan ʿaşār-ı şerʿiye ve rüsūmāt sā'ire
					<lb/>tapu nāmeden gayri işbu <date from="1800-08-19" from-custom="1215-03" to-custom="1216-02" type="created">bin iki yüz on beş senesinin Martı ibtidāsından
						<lb/>Şubatı gāyesine değin</> zabt ve rabtına ve rüsūm-ü ʿaşārı ahz ve kabzına
						<lb/>tālib ve rāgib olan Kirşevo Kinisa'nın başı rāhib zimmī PARAPLİYA
						<lb/>iltizāman alnup ve bedel-i iltizām olan yüz yiğirmi guruş tarafımıza
						<lb/>tamāmen edā ve teslīm olnub sene-i nihāyetine ve verince(?) zabt rabt
						<lb/>ve rüsūmāt ahz ve ... işbu temessükmüz mesfūrun yedine virildi
						<lb/>tarafımızdan ve taraf-ı āhardan kimesne māniʿ olunmaya
				</p>
				<div2 facs="#zone_eh2_p35_xjb" type="sign">
					<p>
						<lb/>...
						<lb/>Dervīş
						<lb/>Mehmed
						<lb/>El-me'mūr
						<lb/>m
					</p>
					<div3 facs="#zone_ngg_q35_xjb" type="stamp">
						<p>
							<lb/>...
							<lb/>
							<lb/>
							<lb/>
							<lb/>
						</p>
					</div3>
				</div2>
			</div1>
			<div1 facs="#zone_tk1_r35_xjb" type="summary_Croatian">
				<p>
					<lb/>... od ... <date cert="medium" type="summary_Croatian" when="1801">1801</date>.
				</p>
			</div1>
		</body>
	</text>
</TEI>
