<TEI xmlns="http://www.tei-c.org/ns/1.0">
  <teiHeader>
    <fileDesc>
      <titleStmt>
        <title>DSCN0528</title>
      </titleStmt>
      <publicationStmt>
        <p>Publication Information</p>
      </publicationStmt>
      <sourceDesc>
        <p>{ "saji:aspectRatioType": [ "B" ], "saji:fond": [ "Tursko 6" ] }</p>
      </sourceDesc>
    </fileDesc>
  </teiHeader>
  <facsimile>
    <surfaceGrp facs="https://diyhistory.org/public/phr2/iiif/2934/manifest">
      <surface>
        <graphic n="https://diyhistory.org/public/phr2/iiif/2934/canvas/p1" url="https://diyhistory.org/public/phr2/files/original/1f401b240a6cd81d60731951c9907ecb643948fc.jpg" />
        <zone lrx="1962" lry="2958" ulx="110" uly="40" xml:id="zone_czz_jq3_2mb" />
        <zone lrx="733" lry="2935" ulx="256" uly="2688" xml:id="zone_srx_lq3_2mb" />
        <zone lrx="1444" lry="1813" ulx="135" uly="352" xml:id="zone_ew1_nq3_2mb" />
      </surface>
      <surface>
        <graphic n="https://diyhistory.org/public/phr2/iiif/2934/canvas/p2" url="https://diyhistory.org/public/phr2/files/original/4cc618ccf8a1612d28b16faccbabc288f4600ae1.jpg" />
        <zone lrx="536" lry="205" ulx="344" uly="44" xml:id="zone_mvp_4q3_2mb" />
        <zone lrx="2313" lry="3155" ulx="393" uly="2855" xml:id="zone_jqw_pq3_2mb" />
      </surface>
    </surfaceGrp>
  </facsimile>
  <text>
    <body>
      <div1 facs="#zone_czz_jq3_2mb" next="#zone_ew1_nq3_2mb" type="iʿlām_maʿrūz">
        <p>
          <lb />... hurira fī <date type="created" when="1790-01-01" when-custom="1204-04-15">15 R sene 1204</date><lb />
        </p>
        <div2 facs="#zone_srx_lq3_2mb" type="sign">
          <p>
            <lb />...<lb />
          </p>
          <div3 facs="#zone_mvp_4q3_2mb" type="stamp">
            <p>
              <lb />...<lb />
            </p>
          </div3>
        </div2>
      </div1>
      <div1 facs="#zone_ew1_nq3_2mb" next="#zone_jqw_pq3_2mb" type="buyuruldu">
        <p>
          <lb />
          <lb />... fī <date type="created" when="1790-01-07" when-custom="1204-04-21">21 R sene 1204</date>
        </p>
      </div1>
      <div1 facs="#zone_jqw_pq3_2mb" type="summary_Croatian">
        <p>
          <lb />...<lb />
        </p>
      </div1>
    </body>
  </text>
</TEI>