<TEI xmlns="http://www.tei-c.org/ns/1.0">
  <teiHeader>
    <fileDesc>
      <titleStmt>
        <title>DSCN0403</title>
      </titleStmt>
      <publicationStmt>
        <p>Publication Information</p>
      </publicationStmt>
      <sourceDesc>
        <p>{ "saji:aspectRatioType": [ "F" ], "saji:fond": [ "Tursko 3" ] }</p>
      </sourceDesc>
    </fileDesc>
  </teiHeader>
  <facsimile>
    <surfaceGrp facs="https://diyhistory.org/public/phr2/iiif/1879/manifest">
      <surface>
        <graphic n="https://diyhistory.org/public/phr2/iiif/1879/canvas/p1" url="https://diyhistory.org/public/phr2/files/original/0a72940b8d25776dbedd29e0802de6f341774d18.jpg" />
        <zone lrx="2183" lry="2966" ulx="217" uly="533" xml:id="zone_n2b_p33_qkb" />
        <zone lrx="2166" lry="2937" ulx="363" uly="1981" xml:id="zone_y5j_q33_qkb" />
        <zone lrx="2166" lry="2900" ulx="1463" uly="2377" xml:id="zone_bgf_s33_qkb" />
      </surface>
    </surfaceGrp>
  </facsimile>
  <text>
    <body>
      <div1 facs="#zone_n2b_p33_qkb" subtype="cizye_ödeme" type="makbūz">
        <p>
          <lb />... fī <date cert="low" type="created" when="1842-02-10" when-custom="1257">... sene 57</date><lb />
        </p>
        <div2 facs="#zone_y5j_q33_qkb" type="sign">
          <p>
            <lb />Bende ... Ahmad<lb />
          </p>
          <div3 facs="#zone_bgf_s33_qkb" type="stamp">
            <p>
              <lb /><lb />
            </p>
          </div3>
        </div2>
      </div1>        
    </body>
  </text>
</TEI>