<TEI xmlns="http://www.tei-c.org/ns/1.0">
	<teiHeader>
		<fileDesc>
			<titleStmt>
				<title>DSCN0273</title>
			</titleStmt>
			<publicationStmt>
				<p>Publication Information</p>
			</publicationStmt>
			<notesStmt>
				<note type="summary">クレシェヴォの鉄鉱山のある土地の農作物の徴税権の、修道院に対する付与?</note>
			</notesStmt>
			<sourceDesc>
				<p>{ "saji:aspectRatioType": [ "C" ], "saji:fond": [ "Tursko 3" ] }</p>
			</sourceDesc>
		</fileDesc>
	</teiHeader>
	<facsimile>
		<surfaceGrp facs="https://diyhistory.org/public/phr2/iiif/1752/manifest">
			<surface>
				<graphic n="https://diyhistory.org/public/phr2/iiif/1752/canvas/p1" url="https://diyhistory.org/public/phr2/files/original/60e9c9bad18a9303e512555fd9abf5dd0d80b466.jpg"/>
				<zone lrx="1783" lry="2545" ulx="183" uly="1583" xml:id="zone_knk_1f5_xjb"/>
				<zone lrx="735" lry="2520" ulx="216" uly="2112" xml:id="zone_gqn_bf5_xjb"/>
				<zone lrx="729" lry="2466" ulx="522" uly="2261" xml:id="zone_ow1_cf5_xjb"/>
			</surface>
			<surface>
				<graphic n="https://diyhistory.org/public/phr2/iiif/1752/canvas/p2" url="https://diyhistory.org/public/phr2/files/original/f54daa8742adca821a7934ac70dc86e84d703543.jpg"/>
				<zone lrx="2139" lry="1261" ulx="867" uly="1033" xml:id="zone_dyd_df5_xjb"/>
			</surface>
		</surfaceGrp>
	</facsimile>
	<text>
		<body>
			<div1 facs="#zone_knk_1f5_xjb" subtype="temessük" type="EMIN">
				<p>
					<lb/>Bāʿisu'l-... hurūf budur ki
					<lb/>işbu <date from-custom="1252-03" to-custom="1253-02">bin iki yüz elli iki senede Martı ibtidāsından Şubatı gāyesine değin</date> bā buyuruldu ... ʿuhde ve iltizāmımızda
					bulunan maʿden-i
					<lb/>āhen-i Kirşevo mukātaʿası ...-dan ruhbānāt zirāʿatlarında bulunan arāzī-i mīrīyenin ... mezbūre mahsūben ʿöşr hāsılātını
					<lb/>işbu dārende-i temessük ruhbānāt-ı mezbūre bedel-i iltizām ... mukābelesinde ahāle ve iltizām ... der ʿuhde ve iltizām
					<lb/>ve bedel-i merkūmı tamāmen edā ve teslīm eylediklerine ... ruhbānāt-ı mezbūresi(?) kadīm vechiyle ... ve zirāʿatlarından bulunan arāzī-i mīrīye(?)
					<lb/>hāsılātının ʿöşr mahsūlātı ahz ve kabz ve ...içün tarafımızdan ... olunamak içün işbu temessük yedlerine virildi fī <date type="created" when="1837-05-02"
						when-custom="1253-01-27">27 M sene 253</date>
				</p>
				<div2 facs="#zone_gqn_bf5_xjb" type="sign">
					<p>
						<lb/>...
						<lb/>... Mehmed FASIL
						<lb/>Emīn-i(?) ...
						<lb/>mezkūre
						<lb/>m </p>
					<div3 facs="#zone_ow1_cf5_xjb" type="stamp">
						<p>
							<lb/>...
							<lb/>Mehmed FASIL
							<lb/>El-seyyid </p>
					</div3>
				</div2>
			</div1>
			<div1 facs="#zone_dyd_df5_xjb" type="summary_Croatian">
				<p>
					<lb/>Delutina <date type="summary_Croatian" when="1837">1837</date> od ... </p>
			</div1>
		</body>
	</text>
</TEI>
