<TEI xmlns="http://www.tei-c.org/ns/1.0">
<teiHeader>
<fileDesc>
<titleStmt>
<title>DSCN1762</title>
</titleStmt>
<publicationStmt>
<p>Publication Information</p>
</publicationStmt>
<sourceDesc>
<p>{ "saji:aspectRatioType": [ "B" ], "saji:fond": [ "Tursko 1" ] }</p>
</sourceDesc>
</fileDesc>
</teiHeader>
<facsimile>
<surfaceGrp facs="https://diyhistory.org/public/phr2/iiif/1294/manifest">
<surface>
<graphic n="https://diyhistory.org/public/phr2/iiif/1294/canvas/p1" url="https://diyhistory.org/public/phr2/files/original/3760661f12291c9f9903b2f7a76023a08c1443ca.jpg" />
<zone lrx="1875" lry="2941" ulx="54" uly="175" xml:id="zone_fn1_cqh_cjb" />
<zone lrx="376" lry="2865" ulx="77" uly="2626" xml:id="zone_aw2_dqh_cjb" />
<zone lrx="1858" lry="2345" ulx="62" uly="100" xml:id="zone_bk3_2qh_cjb" />
</surface>
<surface>
<graphic n="https://diyhistory.org/public/phr2/iiif/1294/canvas/p2" url="https://diyhistory.org/public/phr2/files/original/a006293a1e6aab9fb5a227e8329adb2a275eabbf.jpg" />
<zone lrx="3150" lry="1033" ulx="45" uly="616" xml:id="zone_lx1_mqh_cjb" />
</surface>
</surfaceGrp>
</facsimile>
<text>
<body>
<div1 facs="#zone_fn1_cqh_cjb" type="ʿarz-ı_hāl">
<p>
<lb />...<lb />
</p>
<div2 facs="#zone_aw2_dqh_cjb" type="sign">
<p>
<lb />...<lb />
</p>
</div2>
</div1>
<div1 facs="#zone_bk3_2qh_cjb" type="buyuruldu">
<p>
<lb />... buyuruldu fī <date type="created" when="1762-08-03" when-custom="1176-01-13">13 M sene 176</date><lb />
</p>
</div1>
<div1 facs="#zone_lx1_mqh_cjb" type="summary_Serbian">
<p>
<lb />... <date type="summary_Croatian" when="1762">1762</date> Krescev.<lb />
</p>
</div1>
</body>
</text>
</TEI>