<TEI xmlns="http://www.tei-c.org/ns/1.0">
<teiHeader>
<fileDesc>
<titleStmt>
<title>DSCN1871</title>
</titleStmt>
<publicationStmt>
<p>Publication Information</p>
</publicationStmt>
<sourceDesc>
<p>{ "saji:aspectRatioType": [ "C" ], "saji:fond": [ "Tursko 1" ] }</p>
</sourceDesc>
</fileDesc>
</teiHeader>
<facsimile>
<surfaceGrp facs="https://diyhistory.org/public/phr2/iiif/1401/manifest">
<surface>
<graphic n="https://diyhistory.org/public/phr2/iiif/1401/canvas/p1" url="https://diyhistory.org/public/phr2/files/original/b596e781e76b89d5a33dabce1efea567bb53b282.jpg" />
<zone lrx="1670" lry="3020" ulx="180" uly="190" xml:id="zone_nk5_scw_cjb" />
<zone lrx="634" lry="2934" ulx="356" uly="2749" xml:id="zone_rkv_tcw_cjb" />
</surface>
<surface>
<graphic n="https://diyhistory.org/public/phr2/iiif/1401/canvas/p2" url="https://diyhistory.org/public/phr2/files/original/42eaa2c9370002b2e702fe5a0e05551b0fb31696.jpg" />
</surface>
<surface>
<graphic n="https://diyhistory.org/public/phr2/iiif/1401/canvas/p3" url="https://diyhistory.org/public/phr2/files/original/809ba570693e3fb50dcd4370a41112781b2e739a.jpg" />
<zone lrx="2956" lry="1922" ulx="95" uly="1166" xml:id="zone_yfh_vcw_cjb" />
</surface>
<surface>
<graphic n="https://diyhistory.org/public/phr2/iiif/1401/canvas/p4" url="https://diyhistory.org/public/phr2/files/original/d05032ae1bd34d4e8e13183c0b5e0e29851857e1.jpg" />
<zone lrx="575" lry="513" ulx="427" uly="381" xml:id="zone_m1w_wcw_cjb" />
</surface>
</surfaceGrp>
</facsimile>
<text>
<body>
<div1 facs="#zone_nk5_scw_cjb" type="mürāsele">
<p>
<lb />... fī <date type="created" when="1797-11-30" when-custom="1212-06-11">11 min<lb />
<lb />Cemaziye'l-āhir sene 1212</date><lb />
</p>
<div2 facs="#zone_rkv_tcw_cjb" type="sign">
<p>
<lb />...<lb />
</p>
<div3 facs="#zone_yfh_vcw_cjb" type="stamp">
<p>
<lb />...<lb />
</p>
</div3>
</div2>
</div1>
<div1 facs="#zone_m1w_wcw_cjb" type="summary_Croatian">
<p>
<lb /><date type="summary_Croatian" when="1798">1798</date><lb />
</p>
</div1>
</body>
</text>
</TEI>