<TEI xmlns="http://www.tei-c.org/ns/1.0">
	<teiHeader>
		<fileDesc>
			<titleStmt>
				<title>DSCN0214</title>
			</titleStmt>
			<publicationStmt>
				<p>Publication Information</p>
			</publicationStmt>
			<notesStmt>
				<note type="summary">土地移転 ferāğ</note>
				<note type="summary">非ムスリムの土地とその徴税権の、クレシェヴォ修道院の修道士に対する譲渡に関する証文 tapu nāme</note>
				<note type="mine">文字が独特の崩れ方をしていたり、不要な点がついていたりして、読みにくい。語彙もEMIN文書によく使われるものと少し違う。語彙はDSCN0216と似ている？【要】読み直し。</note>
				<note type="mine">裏面のクロアチア語要約に、地名がクロアチア語で記されている。表面の地名解読の手掛かりになりそう。</note>
				<note type="mine">また裏面では、他文書では"gr:"としか記されていない部分が、"gros:"と略さずに記されている。</note>
				<note type="mine">用紙にアルファベットの透かし"EGA"が入っている。</note>
			</notesStmt>
			<sourceDesc>
				<p>{ "saji:aspectRatioType": [ "B" ], "saji:fond": [ "Tursko 3" ] }</p>
			</sourceDesc>
		</fileDesc>
		<profileDesc>
			<textClass>
				<classCode scheme="">土地譲渡・売買</classCode>
			</textClass>
		</profileDesc>		
	</teiHeader>
	<facsimile>
		<surfaceGrp facs="https://diyhistory.org/public/phr2/iiif/1693/manifest">
			<surface>
				<graphic url="https://diyhistory.org/public/phr2/files/original/ee6d92d4ea907ecaacdc8f3978af0109dd97ec96.jpg" n="https://diyhistory.org/public/phr2/iiif/1693/canvas/p1"/>
				<zone xml:id="zone_w1m_hbk_kjb" lry="3141" lrx="2300" uly="333" ulx="150"/>
				<zone xml:id="zone_vh2_jbk_kjb" lry="2945" lrx="496" uly="2606" ulx="209"/>
				<zone xml:id="zone_twy_y4p_grb" lry="1635" lrx="830" uly="1505" ulx="601"/>
				<zone xml:id="zone_vzn_grp_grb" lry="2181" lrx="1824" uly="1981" ulx="1394"/>
				<zone xml:id="zone_qsz_pvp_grb" lry="3110" lrx="2261" uly="2986" ulx="1916"/>
				<zone xml:id="zone_jfk_rvp_grb" lry="3002" lrx="2232" uly="2814" ulx="1925"/>
				<zone xml:id="zone_e4s_tvp_grb" lry="2817" lrx="2184" uly="2643" ulx="1908"/>
				<zone xml:id="zone_tct_vvp_grb" lry="2645" lrx="2239" uly="2495" ulx="1916"/>
				<zone xml:id="zone_jly_wvp_grb" lry="2495" lrx="2196" uly="2351" ulx="1934"/>
			</surface>
			<surface>
				<graphic url="https://diyhistory.org/public/phr2/files/original/390d5f30c866a327f0b6a0c98f2cfce0dd1d4bc5.jpg" n="https://diyhistory.org/public/phr2/iiif/1693/canvas/p2"/>
				<zone xml:id="zone_n3d_kbk_kjb" lry="1850" lrx="3173" uly="477" ulx="45"/>
				<zone xml:id="zone_fk5_pkh_grb" lry="843" lrx="533" uly="710" ulx="70"/>
				<zone xml:id="zone_mxy_qkh_grb" lry="896" lrx="1180" uly="688" ulx="629"/>
				<zone xml:id="zone_jzx_rkh_grb" lry="888" lrx="2221" uly="746" ulx="1479"/>
			</surface>
		</surfaceGrp>
	</facsimile>
	<text>
		<body>
			<div1 type="EMIN_tapu_nāme" facs="#zone_w1m_hbk_kjb">
				<p>
					<lb/>Hüve
					<lb/>Vech-i tahrīr-i hurūf budur ki
					<lb/>der ʿuhde ve iltizāmımızda bulunan <placeName>Kirşevo</placeName> mukātaʿası kurālarında <placeName facs="#zone_twy_y4p_grb">KUYSİNE</placeName> karyesi hudūd dāhilinde
					<lb/>vākiʿ iki kıtʿa... demekle maʿrūf hudūd … ila mutasarrıf olan
					<lb/>... zimmī ... işbu dārende-i hurūf <placeName>Kirşevo</placeName> kilisanın
					<lb/>gardiyān zimmī(?) <persName facs="#zone_vzn_grp_grb">PRAINYA</persName> ve sāi'ir ruhbānlarına krık dört buçuk guruş mukābeleside tasarrıfına
					<lb/>ferāğ ve tefevvuz ve tesellüm virüb mesfūrlar kabūl eyledikden sonra tasarrıfyçün tarafımızdan
					<lb/>ve ... etmelerile biz dahi me'mūrimiz hasebiyle tapu ile tafvīz edüb
					<lb/>mā-dām ki sāl be-sāl ʿaşār-ı şerʿiye ve rüsūmāt-ı sā'ir ... geldüğü …
					<lb/>üzere sāhib-i arzı <sic>olnlara</sic><corr>olanlara</corr> edā etmeleriyle tarafımızdan işbu tapu nāme
					<lb/>virildi taraf-ı āhardan kimesne māniʿ olunmaya <date when-custom="1214" type="created" when="1800-05-23">sene 1214</date>
				</p>
				<div2 type="sign" facs="#zone_vh2_jbk_kjb">
					<p>
						<lb/>...
						<lb/><persName>ʿATAADE</persName>
						<lb/>Emīn-i
						<lb/><placeName>Kirşevo</placeName>
					</p>
				</div2>
				<div2 type="şühūdu'l-hāl">
					<p>
						<lb/>Şühūdu'l-hāl
						<lb/><persName facs="#zone_qsz_pvp_grb">TOMİÇ</persName> Andriye
						<lb/><persName facs="#zone_jfk_rvp_grb">TİDİÇ</persName> Peter
						<lb/><persName facs="#zone_e4s_tvp_grb">ŞLAVİÇE</persName> Peter
						<lb/><persName facs="#zone_tct_vvp_grb">TOYİÇ</persName> Martan
						<lb/><persName facs="#zone_jly_wvp_grb">Marko</persName> BUÇU </p>
				</div2>
			</div1>
			<div1 type="summary_Croatian" facs="#zone_n3d_kbk_kjb">
				<p>
					<lb/>Maritat kako ... od ... okicha rava
					<lb/><placeName facs="#zone_fk5_pkh_grb">Haruna</placeName> i <placeName facs="#zone_mxy_qkh_grb">Luçizu</placeName> do <placeName facs="#zone_jzx_rkh_grb">Miatova</placeName>
					<date when="1800" type="summary_Croatian">1800</date> za goga
					<lb/>da do gros: 44 par 20
					<lb/>Nno 5. <date when-custom="1214" type="summary_Croatian" when="1800-05-23">1214</date>.
					<lb/>85 </p>
			</div1>
		</body>
	</text>
</TEI>
