<TEI xmlns="http://www.tei-c.org/ns/1.0">
  <teiHeader>
    <fileDesc>
      <titleStmt>
        <title>DSCN0442</title>
      </titleStmt>
      <publicationStmt>
        <p>Publication Information</p>
      </publicationStmt>
      <sourceDesc>
        <p>{ "saji:aspectRatioType": [ "B" ], "saji:fond": [ "Tursko 6" ] }</p>
      </sourceDesc>
    </fileDesc>
  </teiHeader>
  <facsimile>
    <surfaceGrp facs="https://diyhistory.org/public/phr2/iiif/2849/manifest">
      <surface>
        <graphic n="https://diyhistory.org/public/phr2/iiif/2849/canvas/p1" url="https://diyhistory.org/public/phr2/files/original/8d3ec551f12e39ef20153410d2d9dea0c74661ea.jpg" />
        <zone lrx="1750" lry="2633" ulx="341" uly="2170" xml:id="zone_rf4_2vb_2mb" />
        <zone lrx="827" lry="2610" ulx="394" uly="2455" xml:id="zone_xs5_fvb_2mb" />
      </surface>
      <surface>
        <graphic n="https://diyhistory.org/public/phr2/iiif/2849/canvas/p2" url="https://diyhistory.org/public/phr2/files/original/aeb14e3397a1eea64c970b257c5feb0bca183a90.jpg" />
        <zone lrx="2106" lry="744" ulx="923" uly="322" xml:id="zone_efg_hvb_2mb" />
      </surface>
      <surface>
        <graphic n="https://diyhistory.org/public/phr2/iiif/2849/canvas/p3" url="https://diyhistory.org/public/phr2/files/original/1f6829063a2ec193b98f79bbfc365877b025dd0e.jpg" />
        <zone lrx="801" lry="686" ulx="617" uly="528" xml:id="zone_fwv_3vb_2mb" />
      </surface>
    </surfaceGrp>
  </facsimile>
  <text>
    <body>
      <div1 facs="#zone_rf4_2vb_2mb" next="#zone_efg_hvb_2mb" type="iʿlām_maʿrūz">
        <p>
          <lb />
          <lb />... fī <date type="created" when="1797-02-12" when-custom="1211-08-15">15 Ş sene 211</date>
        </p>
        <div2 facs="#zone_xs5_fvb_2mb" type="sign">
          <p>
            <lb />...<lb />
          </p>
          <div3 facs="#zone_fwv_3vb_2mb" type="stamp">
            <p>
              <lb />...<lb />
            </p>
          </div3>
        </div2>
      </div1>
      <div1 facs="#zone_efg_hvb_2mb" type="summary_Croatian">
        <p>
          <lb />...<lb />
        </p>
      </div1>
    </body>
  </text>
</TEI>