<TEI xmlns="http://www.tei-c.org/ns/1.0">
<teiHeader>
<fileDesc>
<titleStmt>
<title>DSCN0109</title>
</titleStmt>
<publicationStmt>
<p>Publication Information</p>
</publicationStmt>
<notesStmt>
<note type="mine">【要】典型・日付：自己言及なし。要検討。</note>
</notesStmt>
<sourceDesc>
<p>{ "saji:aspectRatioType": [ "B" ], "saji:fond": [ "Tursko 3" ] }</p>
</sourceDesc>
</fileDesc>
</teiHeader>
<facsimile>
<surfaceGrp facs="https://diyhistory.org/public/phr2/iiif/1593/manifest">
<surface>
<graphic n="https://diyhistory.org/public/phr2/iiif/1593/canvas/p1" url="https://diyhistory.org/public/phr2/files/original/4d952c8189aa23e774ca96a36519e726e9b23065.jpg" />
<zone lrx="1839" lry="2815" ulx="193" uly="84" xml:id="zone_nxm_5bv_2jb" />
<zone lrx="836" lry="2802" ulx="600" uly="2595" xml:id="zone_ynt_vbv_2jb" />
</surface>
<surface>
<graphic n="https://diyhistory.org/public/phr2/iiif/1593/canvas/p2" url="https://diyhistory.org/public/phr2/files/original/0a3acd37768f52a45893c0ed39a3593cb26c4a89.jpg" />
<zone lrx="2928" lry="1777" ulx="2537" uly="281" xml:id="zone_ml2_xbv_2jb" />
</surface>
</surfaceGrp>
</facsimile>
<text>
<body>
<div1 facs="#zone_nxm_5bv_2jb" type="unknown">
<p>
<lb />...<lb />
</p>
<div3 facs="#zone_ynt_vbv_2jb" type="stamp">
<p>
<lb />...<lb />
</p>
</div3>
</div1>
<div1 facs="#zone_ml2_xbv_2jb" type="unknown">
<p>
<lb />... <lb />
</p>
</div1>
</body>
</text>
</TEI>