<TEI xmlns="http://www.tei-c.org/ns/1.0">
  <teiHeader>
    <fileDesc>
      <titleStmt>
        <title>DSCN0682</title>
      </titleStmt>
      <publicationStmt>
        <p>Publication Information</p>
      </publicationStmt>
      <notesStmt>
        <note type="summary">フォルダ8表紙</note>
      </notesStmt>
      <sourceDesc>
        <p>{ "saji:aspectRatioType": [ "n/a" ], "saji:fond": [ "Tursko 8" ], "saji:relationWithAnotherItems": [ "フォンド表紙" ] }</p>
      </sourceDesc>
    </fileDesc>
  </teiHeader>
  <facsimile>
    <surfaceGrp facs="https://diyhistory.org/public/phr2/iiif/3083/manifest">
      <surface>
        <graphic n="https://diyhistory.org/public/phr2/iiif/3083/canvas/p1" url="https://diyhistory.org/public/phr2/files/original/8a260c2ae70ff696df2b1b7340cd44ff6a534419.jpg" />
      </surface>
      <surface>
        <graphic n="https://diyhistory.org/public/phr2/iiif/3083/canvas/p2" url="https://diyhistory.org/public/phr2/files/original/23dbc9736e8b196e93cd9995dde351ef5d84e29a.jpg" />
      </surface>
    </surfaceGrp>
  </facsimile>
  <text>
    <body>
      <div1 type="folder_cover">
        <p>
          <lb />... <lb />
        </p>
      </div1>
    </body>
  </text>
</TEI>