<TEI xmlns="http://www.tei-c.org/ns/1.0">
<teiHeader>
<fileDesc>
<titleStmt>
<title>DSCN1673</title>
</titleStmt>
<publicationStmt>
<p>Publication Information</p>
</publicationStmt>
<sourceDesc>
<p>{ "saji:aspectRatioType": [ "C" ], "saji:fond": [ "Tursko 1" ], "saji:memo": [ "典型" ],
          "saji:type": [ "‘arż-ı ḥāl ve buyuruldu ve iʿlām" ] }</p>
</sourceDesc>
</fileDesc>
</teiHeader>
<facsimile>
<surfaceGrp facs="https://diyhistory.org/public/phr2/iiif/1210/manifest">
<surface>
<graphic n="https://diyhistory.org/public/phr2/iiif/1210/canvas/p1" url="https://diyhistory.org/public/phr2/files/original/5287af498ad7121ce4f4ee916cee3aebe5453088.jpg" />
<zone lrx="1448" lry="2934" ulx="18" uly="1765" xml:id="zone_a1q_rbx_1jb" />
<zone lrx="1132" lry="2156" ulx="44" uly="181" xml:id="zone_fls_5bx_1jb" />
<zone lrx="2132" lry="2581" ulx="1057" uly="1062" xml:id="zone_bj5_wbx_1jb" />
<zone lrx="1615" lry="2428" ulx="1456" uly="2295" xml:id="zone_qjc_zbx_1jb" />
<zone lrx="2150" lry="1225" ulx="1050" uly="90" xml:id="zone_xfg_1cx_1jb" />
</surface>
<surface>
<graphic n="https://diyhistory.org/public/phr2/iiif/1210/canvas/p2" url="https://diyhistory.org/public/phr2/files/original/ecc9576482ae5e6bbb9ae5df5dfd17f01e5b2e06.jpg" />
<zone lrx="3012" lry="1200" ulx="145" uly="844" xml:id="zone_imk_ccx_1jb" />
</surface>
</surfaceGrp>
</facsimile>
<text>
<body>
<div1 facs="#zone_a1q_rbx_1jb" type="ʿarz-ı_hāl">
<p>
<lb />...<lb />
</p>
</div1>
<div1 facs="#zone_fls_5bx_1jb" type="buyuruldu">
<p>
<lb />buyuruldu fī <date type="created" when="1758-11-29" when-custom="1172-03-29">29 Ra 172</date><lb />
</p>
</div1>
<div1 facs="#zone_bj5_wbx_1jb" type="iʿlām">
<p>
<lb />... fī <date type="created" when="1759-02-02" when-custom="1172-06-05">5 Rebī'ü'l-āhir sene 1172</date><lb />
</p>
<div3 facs="#zone_qjc_zbx_1jb" type="stamp">
<p>
<lb />...<lb />
</p>
</div3>
</div1>
<div1 facs="#zone_xfg_1cx_1jb" type="buyuruldu">
<p>
<lb />buyuruldu fī <date type="created" when="1759-02-04" when-custom="1172-06-07">7 R 172</date><lb />
</p>
</div1>
<div1 facs="#zone_imk_ccx_1jb" type="summary_Croatian">
<p>
<lb />...<lb />
</p>
</div1>
</body>
</text>
</TEI>