<TEI xmlns="http://www.tei-c.org/ns/1.0">
  <teiHeader>
    <fileDesc>
      <titleStmt>
        <title>DSCN0467</title>
      </titleStmt>
      <publicationStmt>
        <p>Publication Information</p>
      </publicationStmt>
      <notesStmt>
        <note type="mine">【要】DECN0466.JPGの続き。ファイルを統合する。</note>
      </notesStmt>
      <sourceDesc>
        <p>{ "saji:aspectRatioType": [ "C" ], "saji:fond": [ "Tursko 6" ] }</p>
      </sourceDesc>
    </fileDesc>
  </teiHeader>
  <facsimile>
    <surfaceGrp facs="https://diyhistory.org/public/phr2/iiif/2874/manifest">
      <surface>
        <graphic n="https://diyhistory.org/public/phr2/iiif/2874/canvas/p1" url="https://diyhistory.org/public/phr2/files/original/259b4fb2e34018fb79846502ec33f86d10f11ba3.jpg" />
      </surface>
      <surface>
        <graphic n="https://diyhistory.org/public/phr2/iiif/2874/canvas/p2" url="https://diyhistory.org/public/phr2/files/original/1fe4a55475b25f908f03c76993de885e9cc6021a.jpg" />
      </surface>
      <surface>
        <graphic n="https://diyhistory.org/public/phr2/iiif/2874/canvas/p3" url="https://diyhistory.org/public/phr2/files/original/eb17c2af37a9766290852c0311e896dc979dc7aa.jpg" />
      </surface>
      <surface>
        <graphic n="https://diyhistory.org/public/phr2/iiif/2874/canvas/p4" url="https://diyhistory.org/public/phr2/files/original/6321f2ee1522af62064b2e65bc715e56ce82fb14.jpg" />
      </surface>
      <surface>
        <graphic n="https://diyhistory.org/public/phr2/iiif/2874/canvas/p5" url="https://diyhistory.org/public/phr2/files/original/02519d085400e4916315c339ddc1a08e758e065e.jpg" />
      </surface>
      <surface>
        <graphic n="https://diyhistory.org/public/phr2/iiif/2874/canvas/p6" url="https://diyhistory.org/public/phr2/files/original/c4d5902188351c068039bf78391665f8e7c74e26.jpg" />
      </surface>
      <surface>
        <graphic n="https://diyhistory.org/public/phr2/iiif/2874/canvas/p7" url="https://diyhistory.org/public/phr2/files/original/a1527d1ec9a35adf73c52835a1f501f4ec559330.jpg" />
      </surface>
    </surfaceGrp>
  </facsimile>
  <text>
    <body>
      <p />
    </body>
  </text>
</TEI>