<TEI xmlns="http://www.tei-c.org/ns/1.0">
	<teiHeader>
		<fileDesc>
			<titleStmt>
				<title>DSCN1021</title>
			</titleStmt>
			<publicationStmt>
				<p>Publication Information</p>
			</publicationStmt>
			<sourceDesc>
				<p>{ "saji:aspectRatioType": [ "B" ], "saji:fond": [ "Tursko 1" ] }</p>
			</sourceDesc>
		</fileDesc>
	</teiHeader>
	<facsimile>
		<surfaceGrp facs="https://diyhistory.org/public/phr2/iiif/1137/manifest">
			<surface>
				<graphic n="https://diyhistory.org/public/phr2/iiif/1137/canvas/p1" url="https://diyhistory.org/public/phr2/files/original/468e982749c1826c590deb815f82c9be5380087e.jpg"/>
				<zone lrx="1650" lry="2725" ulx="283" uly="166" xml:id="zone_gy3_j33_1jb"/>
			</surface>
			<surface>
				<graphic n="https://diyhistory.org/public/phr2/iiif/1137/canvas/p2" url="https://diyhistory.org/public/phr2/files/original/479d3c2769ebc799a29bf8f6d0fe65f9f8d54ae4.jpg"/>
				<zone lrx="867" lry="1032" ulx="683" uly="871" xml:id="zone_z21_l33_1jb"/>
			</surface>
		</surfaceGrp>
	</facsimile>
	<text>
		<body>
			<div1 facs="#zone_gy3_j33_1jb" type="mürāsele">
				<p>
					<lb/>... fī<date type="created" when="1774-12-21" when-custom="1188-10-18">18 min Şevvāl'l-mükerrem sene 1188</date>
					<lb/>
				</p>
			</div1>
			<div3 facs="#zone_z21_l33_1jb" type="stamp">
				<p>
					<lb/>...
					<lb/>
				</p>
			</div3>
		</body>
	</text>
</TEI>
