<TEI xmlns="http://www.tei-c.org/ns/1.0">
  <teiHeader>
    <fileDesc>
      <titleStmt>
        <title>DSCN0762</title>
      </titleStmt>
      <publicationStmt>
        <p>Publication Information</p>
      </publicationStmt>
      <sourceDesc>
        <p>{ "saji:aspectRatioType": [ "G" ], "saji:fond": [ "Tursko 8" ] }</p>
      </sourceDesc>
    </fileDesc>
  </teiHeader>
  <facsimile>
    <surfaceGrp facs="https://diyhistory.org/public/phr2/iiif/3157/manifest">
      <surface>
        <graphic n="https://diyhistory.org/public/phr2/iiif/3157/canvas/p1" url="https://diyhistory.org/public/phr2/files/original/c52f5ef739bb1741349ff0e38ffeb77ee789eff1.jpg" />
        <zone lrx="2723" lry="1933" ulx="400" uly="633" xml:id="zone_h3r_1zq_2mb" />
      </surface>
      <surface>
        <graphic n="https://diyhistory.org/public/phr2/iiif/3157/canvas/p2" url="https://diyhistory.org/public/phr2/files/original/d3b221668e8c818dc4c3bc49a071543cc3305800.jpg" />
        <zone lrx="1881" lry="2868" ulx="638" uly="1387" xml:id="zone_jrr_czq_2mb" />
        <zone lrx="1402" lry="1861" ulx="994" uly="1435" xml:id="zone_mnv_dzq_2mb" />
        <zone lrx="1673" lry="2776" ulx="1288" uly="2388" xml:id="zone_icw_dzq_2mb" />
      </surface>
    </surfaceGrp>
  </facsimile>
  <text>
    <body>
      <div1 facs="#zone_h3r_1zq_2mb" next="#zone_jrr_czq_2mb" type="ʿilmühaber">
        <p>
          <lb />... <date type="created" when="1870-03-31" when-custom="1286">sene 1286</date> ...
          <lb />
        </p>
      </div1>
      <div1 facs="#zone_jrr_czq_2mb" type="unknown">
        <p>
          <lb />... <date type="created" when="1869-06-09" when-custom="1286-02">Şubat sene 86</date> ... 
          <lb />
        </p>
        <div2 type="sign">
          <div3 facs="#zone_mnv_dzq_2mb" type="stamp">
            <p>
              <lb />...<lb />
            </p>
          </div3>
        </div2>
        <div2 type="sign">
          <div3 facs="#zone_icw_dzq_2mb" type="stamp">
            <p>
              <lb />...<lb />
            </p>
          </div3>
        </div2>
      </div1>
    </body>
  </text>
</TEI>