<TEI xmlns="http://www.tei-c.org/ns/1.0">
	<teiHeader>
		<fileDesc>
			<titleStmt>
				<title>DSCN0246</title>
			</titleStmt>
			<publicationStmt>
				<p>Publication Information</p>
			</publicationStmt>
			<notesStmt>
				<note type="summary">非ムスリムの徴税請負についての契約証書</note>
			</notesStmt>
			<sourceDesc>
				<p>{ "saji:aspectRatioType": [ "B" ], "saji:fond": [ "Tursko 3" ] }</p>
			</sourceDesc>
		</fileDesc>
		<profileDesc>
			<textClass>
				<classCode scheme="">徴税請負</classCode>
			</textClass>
		</profileDesc>
	</teiHeader>
	<facsimile>
		<surfaceGrp facs="https://diyhistory.org/public/phr2/iiif/1725/manifest">
			<surface>
				<graphic url="https://diyhistory.org/public/phr2/files/original/c57ca07e27bb32c5f37f92423067d687b0b01cde.jpg" n="https://diyhistory.org/public/phr2/iiif/1725/canvas/p1"/>
				<zone xml:id="zone_iq5_bhk_kjb" lry="2832" lrx="1954" uly="61" ulx="35"/>
				<zone xml:id="zone_oxj_dhk_kjb" lry="2790" lrx="550" uly="2372" ulx="257"/>
				<zone xml:id="zone_cgt_qtq_lrb" lry="1556" lrx="768" uly="1395" ulx="516"/>
				<zone xml:id="zone_b1p_g5q_lrb" lry="1777" lrx="757" uly="1630" ulx="470"/>
			</surface>
		</surfaceGrp>
	</facsimile>
	<text>
		<body>
			<div1 type="EMIN_zabt_temessük" facs="#zone_iq5_bhk_kjb">
				<p>
					<lb/>Hüve
					<lb/>Vech-i tahrīr-i hurūf budur ki
					<lb/>hāl iltizāmı ʿuhde ... <placeName>Kirşevo</placeName> mukātaʿasında ve <placeName facs="#zone_cgt_qtq_lrb">BDUSULK</placeName> karyesinde hāsıl(?) olan
					<lb/>mahsūlātı ve rüsūmātı ahz ve kabz tālib olan zimmī <persName facs="#zone_b1p_g5q_lrb">Īwān YLKU</persName> mesfūre otuz beş
					<lb/>guruş mukābelesinde zimmī mesfūre ... eyledüm <date from-custom="1187-03-01" to-custom="1188-02-29">bin yüz sekisen yedi senesinde Martı
						<lb/>ibtidāsından Şubatı gāyesine değein</date> zikr olunan karyede hāsıl olan mahsūlātı ve rüsūmātı
					<lb/>ahz ve kabz zimmī mesfūre zabt temessüğümüz virildi tarafımızdan ve taraf-ı āhardan
					<lb/>bir kimesne māniʿ ve müdāhale olunmaya tahrīren fī <date when-custom="1188-01-14" type="created" when="1774-03-26">14 M sene 1188</date>
				</p>
				<div2 facs="#zone_oxj_dhk_kjb" type="sign">
					<p>
						<lb/>...
						<lb/><persName>Süleymān</persName>
						<lb/>Vālī ...
						<lb/>El-meʿmūr </p>
				</div2>
			</div1>
		</body>
	</text>
</TEI>
