<TEI xmlns="http://www.tei-c.org/ns/1.0">
	<teiHeader>
		<fileDesc>
			<titleStmt>
				<title>DSCN0216</title>
			</titleStmt>
			<publicationStmt>
				<p>Publication Information</p>
			</publicationStmt>
			<notesStmt>
				<note type="summary">土地売買および移転 beyʿ ferāğ</note>
				<note type="summary">非ムスリムの私有地とその徴税権の、クレシェヴォ修道院の修道士に対する売却と譲渡に関する承認文書</note>
				<note type="mine">語彙がDSCN0214と似ている？</note>
			</notesStmt>
			<sourceDesc>
				<p>{ "saji:aspectRatioType": [ "B" ], "saji:fond": [ "Tursko 3" ] }</p>
			</sourceDesc>
		</fileDesc>
		<profileDesc>
			<textClass>
				<classCode scheme="">土地譲渡・売買</classCode>
			</textClass>
		</profileDesc>		
	</teiHeader>
	<facsimile>
		<surfaceGrp facs="https://diyhistory.org/public/phr2/iiif/1695/manifest">
			<surface>
				<graphic url="https://diyhistory.org/public/phr2/files/original/a573674666d3c8386c490fcc1e9b954e997ee901.jpg" n="https://diyhistory.org/public/phr2/iiif/1695/canvas/p1"/>
				<zone xml:id="zone_ccz_pbk_kjb" lry="3145" lrx="1991" uly="-9" ulx="245"/>
				<zone xml:id="zone_pdx_tbk_kjb" lry="3127" lrx="598" uly="2820" ulx="264"/>
				<zone xml:id="zone_zn2_hbq_grb" lry="1916" lrx="1132" uly="1748" ulx="905"/>
				<zone xml:id="zone_ud1_4cq_grb" points="502,1890 518,1797 411,1739 279,1786 309,1900 1939,1825 1911,1967 1697,2006 1737,1825"/>
			</surface>
			<surface>
				<graphic n="https://diyhistory.org/public/phr2/iiif/1695/canvas/p2" url="https://diyhistory.org/public/phr2/files/original/ab3a53ebffcd0b5a82c1a48e3a8dae5924caaf43.jpg"/>
				<zone lrx="2639" lry="2022" ulx="528" uly="816" xml:id="zone_z3p_vbk_kjb"/>
			</surface>
		</surfaceGrp>
	</facsimile>
	<text>
		<body>
			<div1 type="EMIN" cert="unknown" facs="#zone_ccz_pbk_kjb">
				<p>
					<lb/>Hüve
					<lb/>Vech-i tahrīr-i hurūf <sic>old</sic><corr>oldur</corr> ki
					<lb/>işbu <date when-custom="1230" type="created" when="1815-12-01">bin iki yüz otuz senesinde</date> der ʿuhde ve iltizāmımızda bulunan
					<lb/>Kirşevo mukātaʿsı derūnunde vākiʿ <placeName facs="#zone_zn2_hbq_grb">KOSINA</placeName> karyesinde Zimmī <persName facs="#zone_ud1_4cq_grb">ʿAnton</persName>
					<lb/>BRKİÇ ... ve taht-ı tasarrıf ... bulunan bāb-ı mülk ü emlāk
					<lb/>... üzerinde ve sākin ...
					<lb/>... bulunan ... işbu dārende-i hurūf
					<lb/>kilisanın rāhiblarına <sic>dör</sic><corr>dört</corr> yüz elli guruş resm-i bedel mukābelesinde
					<lb/>beyʿ ferāğım ve tasarrıf edüb mesfūr <persName><sic>ʿAnson</sic><corr>ʿAnton</corr></persName> ber vech-i zikr olunan mezbūre
					<lb/>kilisa <persName>rāhib</persName> teferrüg ve zabt(?) ve zirāʿatiyçün tarafımızdan işbu ...
					<lb/><sic>bize</sic><corr>biz</corr> dahi mukātaʿa emīni olduğumuz hasebiyle izin virüb bir her senesinde
					<lb/>tarafımıza ʿāit ve rāciʿ olan <sic>ʿaşārusūmātı</sic><corr>ʿaşār ü rüsūmātı</corr> edā ve teslīm
					<lb/>zabta(?) ve tasarrıfına bir kimesne māniʿ <sic>ola</sic><corr>olunmaya</corr>
				</p>
				<div2 type="sign" facs="#zone_pdx_tbk_kjb">
					<p>
						<lb/>...
						<lb/><persName>Mustafa</persName> Emīn-i
						<lb/><placeName>Kirşevo</placeName>
						<lb/>Hālā(?) </p>
				</div2>
			</div1>
			<div1 type="summary_Croatian" facs="#zone_z3p_vbk_kjb">
				<p>
					<lb/>T. Derkicha u hoj
					<lb/><date when-custom="1230" type="summary_Croatian" when="1815-12-01">1230</date> Nno 10.
					<lb/>81 </p>
			</div1>
		</body>
	</text>
</TEI>
