<TEI xmlns="http://www.tei-c.org/ns/1.0">
  <teiHeader>
    <fileDesc>
      <titleStmt>
        <title>DSCN0474</title>
      </titleStmt>
      <publicationStmt>
        <p>Publication Information</p>
      </publicationStmt>
      <sourceDesc>
        <p>{ "saji:aspectRatioType": [ "?" ], "saji:fond": [ "Tursko 6" ], "saji:memo": [ "・何を示しているか分からない。\r\n・ボスニア語梗概？" ] }</p>
      </sourceDesc>
    </fileDesc>
  </teiHeader>
  <facsimile>
    <surfaceGrp facs="https://diyhistory.org/public/phr2/iiif/2881/manifest">
      <surface>
        <graphic n="https://diyhistory.org/public/phr2/iiif/2881/canvas/p1" url="https://diyhistory.org/public/phr2/files/original/3fd8e5b4ae3366c0c098f686d7dea9b0e3689597.jpg" />
      </surface>
      <surface>
        <graphic n="https://diyhistory.org/public/phr2/iiif/2881/canvas/p2" url="https://diyhistory.org/public/phr2/files/original/abd1603de068fe49ed900a1107e7c199db5de269.jpg" />
      </surface>
    </surfaceGrp>
  </facsimile>
  <text>
    <body>
      <div1 type="summary_Croatian">
        <p>
          <lb />...<lb />
        </p>
      </div1>
    </body>
  </text>
</TEI>