<TEI xmlns="http://www.tei-c.org/ns/1.0">
<teiHeader>
<fileDesc>
<titleStmt>
<title>DSCN0930</title>
</titleStmt>
<publicationStmt>
<p>Publication Information</p>
</publicationStmt>
<notesStmt>
<note type="mine">マフムート2世期</note>
</notesStmt>
<sourceDesc>
<p>{ "saji:aspectRatioType": [ "C" ], "saji:calligraphy": [ "プリント" ], "saji:date_H": [
          "1158-N-28" ], "saji:foldingMethod": [ "2x2" ], "saji:fond": [ "Tursko 1" ], "saji:huve":
          [ "0" ], "saji:item": [ "・タイトル\r\n・ページ番号\r\n・本文\r\n・書き込み1\r\n・書き込み2" ], "saji:lang": [
          "ota" ], "saji:memo": [ "典型", "マフムート2世期" ], "saji:number": [ "254" ],
          "saji:relationWithAnotherItems": [ "1枚目(p. 1253) 表全体像" ], "saji:stamp_c": [ "0" ],
          "saji:stamp_o": [ "0" ], "saji:type": [ "taḳvīm-i veḳāyiʿ" ], "saji:witness": [ "0" ]
          }</p>
</sourceDesc>
</fileDesc>
</teiHeader>
<facsimile>
<surfaceGrp facs="https://diyhistory.org/public/phr2/iiif/1048/manifest">
<surface>
<graphic n="https://diyhistory.org/public/phr2/iiif/1048/canvas/p1" url="https://diyhistory.org/public/phr2/files/original/36e41bb010a2b62bf362d708861502ca3e29705d.jpg" />
<zone lrx="2154" lry="2800" ulx="436" uly="263" xml:id="zone_xtr_c1z_y3b" />
</surface>
<surface>
<graphic n="https://diyhistory.org/public/phr2/iiif/1048/canvas/p2" url="https://diyhistory.org/public/phr2/files/original/d2d396642d09e45895e125c92e24cd4ceb560ce6.jpg" />
</surface>
<surface>
<graphic n="https://diyhistory.org/public/phr2/iiif/1048/canvas/p3" url="https://diyhistory.org/public/phr2/files/original/62b576391b2ff0e2af0c0822cc9daf70778d419b.jpg" />
</surface>
<surface>
<graphic n="https://diyhistory.org/public/phr2/iiif/1048/canvas/p4" url="https://diyhistory.org/public/phr2/files/original/5c0ef391ccd660dd24a9c99ae9bf0d6ba5125b22.jpg" />
</surface>
<surface>
<graphic n="https://diyhistory.org/public/phr2/iiif/1048/canvas/p5" url="https://diyhistory.org/public/phr2/files/original/a24898c8bbf4d25ab969c4819bb05d9d8aea0484.jpg" />
</surface>
<surface>
<graphic n="https://diyhistory.org/public/phr2/iiif/1048/canvas/p6" url="https://diyhistory.org/public/phr2/files/original/065919f577f271e153373f022665881875065fce.jpg" />
</surface>
<surface>
<graphic n="https://diyhistory.org/public/phr2/iiif/1048/canvas/p7" url="https://diyhistory.org/public/phr2/files/original/75cee77a7d2e97b529206ae8338a172daddf0a59.jpg" />
</surface>
<surface>
<graphic n="https://diyhistory.org/public/phr2/iiif/1048/canvas/p8" url="https://diyhistory.org/public/phr2/files/original/282611c0fef94403ed18759cc5a5dbc5cc7d31d8.jpg" />
</surface>
<surface>
<graphic n="https://diyhistory.org/public/phr2/iiif/1048/canvas/p9" url="https://diyhistory.org/public/phr2/files/original/09b9ff722598a65590b5cf7de0a30b61e0928e8e.jpg" />
</surface>
<surface>
<graphic n="https://diyhistory.org/public/phr2/iiif/1048/canvas/p10" url="https://diyhistory.org/public/phr2/files/original/37b32004116525529c9358844106a4799cca6588.jpg" />
</surface>
<surface>
<graphic n="https://diyhistory.org/public/phr2/iiif/1048/canvas/p11" url="https://diyhistory.org/public/phr2/files/original/6f109d3a6ba589d51564f3f319423671daa4968f.jpg" />
</surface>
<surface>
<graphic n="https://diyhistory.org/public/phr2/iiif/1048/canvas/p12" url="https://diyhistory.org/public/phr2/files/original/6b70bc9878acc15a1f36a34d945a42361520dbe4.jpg" />
</surface>
</surfaceGrp>
</facsimile>
<text>
<body>
<div1 facs="#zone_xtr_c1z_y3b" type="takvīm-i_vekāyi">
<l>... fī <date type="created" when="1837-12-25" when-custom="1253-09-28">28 N sene 1253</date></l>
</div1>
</body>
</text>
</TEI>