<TEI xmlns="http://www.tei-c.org/ns/1.0">
	<teiHeader>
		<fileDesc>
			<titleStmt>
				<title>DSCN0186</title>
			</titleStmt>
			<publicationStmt>
				<p>Publication Information</p>
			</publicationStmt>
			<notesStmt>
				<note type="summary">絶対に取り消せない売却および移転 beyʿ-i bāt katʿiyle beyʿ</note>
				<note type="summary">非ムスリムが保有していたミーリー地の、他の非ムスリムに対する売却に関する承認文書</note>
				<note type="mine">綴りがめちゃくちゃ。でも"demekle maʿrūf"のような他にはない表現がある。【要】差し引きつつ読み直す。</note>
				<note type="mine">また"işbu dārende-i hurūf"の後に人名のような表記もある。この部分は従来、gardiyan nam-i mesfurなどと省略される部分なので、他とはかなり書式が異なる。重要な文書なのかも？</note>
				<note type="mine">本文中も証人şühūdu'l-hālも、非ムスリムの名前ばかりなので、文書の形式や字が乱れていると予想される。非ムスリムが作成したものか？</note>
				<note type="mine">【要】作成者の署名が読めないので、ムスリムなのか非ムスリムなのか要確認。※本文記述からエミンであることは確実。</note>
			</notesStmt>
			<sourceDesc>
				<p>{ "saji:aspectRatioType": [ "B" ], "saji:fond": [ "Tursko 3" ] }</p>
			</sourceDesc>
		</fileDesc>
		<profileDesc>
			<textClass>
				<classCode scheme="">土地譲渡・売買</classCode>
			</textClass>
		</profileDesc>
	</teiHeader>
	<facsimile>
		<surfaceGrp facs="https://diyhistory.org/public/phr2/iiif/1666/manifest">
			<surface>
				<graphic url="https://diyhistory.org/public/phr2/files/original/c0a5dc9cf785a1de1a070ca1c3efed43afc12f2c.jpg" n="https://diyhistory.org/public/phr2/iiif/1666/canvas/p1"/>
				<zone xml:id="zone_hgd_pvm_3jb" lry="2933" lrx="2150" uly="150" ulx="267"/>
				<zone xml:id="zone_hxm_qvm_3jb" lry="2900" lrx="545" uly="2663" ulx="336"/>
				<zone xml:id="zone_xwk_nsq_qqb" lry="2024" lrx="1520" uly="1887" ulx="1346"/>
				<zone xml:id="zone_fqx_ctq_qqb" lry="2122" lrx="1592" uly="1967" ulx="1035"/>
				<zone xml:id="zone_lsc_wtq_qqb" lry="1981" lrx="581" uly="1777" ulx="289"/>
				<zone xml:id="zone_arr_m5q_qqb" lry="2285" lrx="1515" uly="2104" ulx="1203"/>
				<zone xml:id="zone_um2_fwq_qqb" lry="2365" lrx="1111" uly="2160" ulx="471"/>
			</surface>
			<surface>
				<graphic n="https://diyhistory.org/public/phr2/iiif/1666/canvas/p2" url="https://diyhistory.org/public/phr2/files/original/75b16eac203912da45760518682d21e343c43388.jpg"/>
				<zone lrx="2484" lry="2200" ulx="228" uly="772" xml:id="zone_dvy_rvm_3jb"/>
			</surface>
		</surfaceGrp>
	</facsimile>
	<text>
		<body>
			<div1 type="EMIN_izin_tapu_nāme" facs="#zone_hgd_pvm_3jb">
				<p>
					<lb/>Hüve
					<lb/>Vech-i tahrīr-i hurūf oldur ki
					<lb/>işbu <date when-custom="1201" cert="medium" type="created" when="1793-08-06">bin iki yüz bir senesine mahsūben</date> der ʿuhde ve iltizāmımızda bulunan
						<placeName>Kirşevo</placeName> mukātaʿası
					<lb/>... <placeName facs="#zone_xwk_nsq_qqb">KOYSINA</placeName> ... arz-ı mīrīye mutasarrıfya(?) olan bir kıtʿa tarlası mutasarrıfıya(?) olan
					<lb/>
					<persName facs="#zone_fqx_ctq_qqb" corresp="#mutasarrıf_Mato">zimmī MATO veled-i PETRE ZAKUÇNK</persName> demekle maʿrūf bir taraf-ı <persName facs="#zone_lsc_wtq_qqb">zimmī MATOH
						OLYK SRAKE</persName>
					<lb/>ve bir tarafıya(?) <persName facs="#zone_arr_m5q_qqb">DMTYE PALOH TZRATINA</persName> tarlası ve bir tarafıya(?) <persName>müşter-i mezbūr</persName> ... tarlası ve taraf-ı
					...
					<lb/>ve birinci(?) işbu dārende-i hurūf <persName cert="unknown" facs="#zone_um2_fwq_qqb">ÇOH DKARRA ZIMMI VIRLİK MINA</persName> nām-ı mesfūr
					<lb/>yiğirmi asadī guruş mukābelesinde beyʿ-i bāt katʿiyle beyʿ edüp biz dahi emīn-i
					<lb/>mukātaʿası buluduğumuz hasebiyle beyʿlerine cā'iz görüp ve mesfūr ... tasarrıfına(?)
					<lb/>izin tapu nām[e] yedine virildi mā-dām ki sāl be-sālan taraf-ı mīrī[ye] rāciʿ olan edāyı teslīm
					<lb/>edere(?) </p>
				<div2 type="sign" facs="#zone_hxm_qvm_3jb">
					<p>
						<lb/>...
						<lb/>Me'mūr-i(?) Mukātaʿa-i Kirşevo(?) </p>
				</div2>
				<div2 type="şühūdu'l-hāl">
					<p>
						<lb/>Şühūdu'l-hāl
						<lb/><persName>Zimmī MAYK ʿAnton</persName>
						<lb/><persName>ʿAUTIK ʿAndriye</persName>
						<lb/><persName>KIKI ʿAnton</persName>
						<lb/><persName>Petre DULKRE</persName>
						<lb/><persName>MIVO Īwān</persName>
					</p>
				</div2>
			</div1>
			<div1 type="summary_Croatian" facs="#zone_dvy_rvm_3jb">
				<p>
					<lb/>Temesuch od prove u Kojeini.
					<lb/>Nno 22.
					<lb/>115 </p>
			</div1>
		</body>
		<back>
			<listPerson>
				<person xml:id="mutasarrıf_Mato">
					<name>zimmī MATO veled-i PETRE ZAKUÇNK</name>
					<occupation>mutasarrıf</occupation>
					<socecStatus>zimmī</socecStatus>
					<state type="他の登場人物との関係性">
						<ab>veled-i PETRE ZAKUÇNK</ab>
					</state>
					<state type="文書内の立場">
						<ab>KOYSINE村内のミーリー地のムタサッルフ</ab>
					</state>
					<state type="文書内の立場">
						<ab>土地の売却者</ab>
					</state>
				</person>
				<person xml:id="mutasarrıf_MATOH">
					<name>zimmī MATOH OLYK SRAKE</name>
					<occupation>mutasarrıf</occupation>
					<socecStatus>zimmī</socecStatus>
					<state type="他の登場人物との関係性">
						<ab>mutasarrıf_Matoの周囲の土地のムタサッルフ</ab>
					</state>
					<state type="文書内の立場">
						<ab>KOYSINE村内の土地のムタサッルフ</ab>
					</state>
				</person>
				<person xml:id="mutasarrıf_DMTYE">
					<name>DMTYE PALOH TZRATINA</name>
					<occupation>mutasarrıf</occupation>
					<state type="他の登場人物との関係性">
						<ab>mutasarrıf_Matoの周囲の土地（田）のムタサッルフ</ab>
					</state>
					<state type="文書内の立場">
						<ab>KOYSINE村内の土地のムタサッルフ</ab>
					</state>
				</person>
				<person xml:id="mutasarrıf_müşter">
					<name>müşter-i mezbūr</name>
					<occupation>mutasarrıf</occupation>
					<state type="他の登場人物との関係性">
						<ab>mutasarrıf_Matoの周囲の土地のムタサッルフ</ab>
					</state>
					<state type="文書内の立場">
						<ab>KOYSINE村内の土地のムタサッルフ</ab>
					</state>
				</person>
				<person xml:id="mutasarrıf_ÇOH">
					<name>ÇOH DKARRA ZIMMI VIRLİK MINA</name>
					<occupation>mutasarrıf</occupation>
					<socecStatus>zimmī</socecStatus>
					<state type="他の登場人物との関係性">
						<ab>mutasarrıf_Matoの周囲の土地のムタサッルフ</ab>
					</state>
					<state type="文書内の立場">
						<ab>KOYSINE村内のミーリー地のムタサッルフ</ab>
					</state>
					<state type="文書内の立場">
						<ab>土地の購入者</ab>
					</state>
					<state type="文書内の立場">
						<ab>文書の受領者</ab>
					</state>
				</person>
			</listPerson>
			<listRelation>
				<!-- iltizām という関係を作成し、activeが主語、passiveが目的語-->
				<relation name="iltizām" active="#emīn_XXX" passive="#mutasarrıf_Mato" type="before"/>
				<!-- beyʿ ü ferāğ という関係を作成し、activeが主語、passiveが目的語-->
				<relation name="landsale" active="#mutasarrıf_Mato" passive="#mutasarrıf_ÇOH"/>
				<!-- iltizām という関係を作成し、activeが主語、passiveが目的語-->
				<relation name="iltizām" active="#emīn_XXX" passive="#mutasarrıf_ÇOH"/>
				<!-- issue という関係を作成し、activeが主語、passiveが目的語-->
				<relation name="issue" active="#emīn_XXX" passive="#mutasarrıf_ÇOH"/>
				<!-- 隣接する土地 という関係を作成し、activeが主語、passiveが目的語-->
				<relation name="隣接する土地" active="#Matoの土地" passive="#MATOHの土地" type="before"/>
				<relation name="隣接する土地" active="#Matoの土地" passive="#DMTYEの土地" type="before"/>
				<relation name="隣接する土地" active="#Matoの土地" passive="#müşterの土地" type="before"/>
			</listRelation>
			<listPlace>
				<place xml:id="Matoの土地">
					<placeName>bir kıtʿa tarlası mutasarrıfıya(?) olan zimmī MATO veled-i PETRE ZAKUÇNK demekle maʿrūf</placeName>
					<trait>
						<label>土地の種類</label>
						<desc>tarla</desc>
						<desc>arāzī-yi mīrīyesi</desc>
					</trait>
					<trait>
						<label>土地の単位</label>
						<desc>bir kıtʿa tarlası</desc>
					</trait>
					<trait>
						<label>土地の所有者</label>
						<desc><persName corresp="#mutasarrıf_Mato"/></desc>
					</trait>
					<trait>
						<label>金額</label>
						<desc><measure type="price" unit="#asadī_guruş"><num value="20">yiğirmi</num></measure></desc>
					</trait>
					<region>Bosna Vilāyeti</region>
					<settlement>Bosna Sancağı</settlement>
					<district type="kadılık">Saraybosna Kadılığı</district>
					<district type="mukātaʿa">Kirşevo mukātaʿası</district>
					<district type="karye">KOYSINA karyesi</district>
				</place>
				<place xml:id="MATOHの土地">
					<placeName>bir taraf-ı zimmī MATOH OLYK SRAKE</placeName>
					<trait>
						<label>土地の種類</label>
						<desc>arāzī-yi mīrīyesi</desc>
					</trait>
					<trait>
						<label>土地の所有者</label>
						<desc><persName corresp="#mutasarrıf_MATOH"/></desc>
					</trait>
					<region>Bosna Vilāyeti</region>
					<settlement>Bosna Sancağı</settlement>
					<district type="kadılık">Saraybosna Kadılığı</district>
					<district type="mukātaʿa">Kirşevo mukātaʿası</district>
					<district type="karye">KOYSINA karyesi</district>
				</place>
			</listPlace>
		</back>
	</text>
</TEI>
