<TEI xmlns="http://www.tei-c.org/ns/1.0">
	<teiHeader>
		<fileDesc>
			<titleStmt>
				<title>DSCN0226</title>
			</titleStmt>
			<publicationStmt>
				<p>Publication Information</p>
			</publicationStmt>
			<notesStmt>
				<note type="summary">絶対に取り消せない売却および移転 beyʿ-i bāt katʿiyle beyʿ</note>
				<note type="summary">非ムスリムの土地の、クレシェヴォ修道院の修道士に対する売却に関する承認文書、またそこからの徴税権の承認文書</note>
				<note type="mine">字がかなり崩れていて読みにくい。【要】読み直し。</note>
				<note type="mine">裏面のクロアチア語訳が、比較的きれいに書かれていて読み取りやすい。他の文書の裏面を類推する際のお手本になる。</note>
			</notesStmt>
			<sourceDesc>
				<p>{ "saji:aspectRatioType": [ "B" ], "saji:fond": [ "Tursko 3" ] }</p>
			</sourceDesc>
		</fileDesc>
		<profileDesc>
			<textClass>
				<classCode scheme="">土地譲渡・売買</classCode>
			</textClass>
		</profileDesc>		
	</teiHeader>
	<facsimile>
		<surfaceGrp facs="https://diyhistory.org/public/phr2/iiif/1705/manifest">
			<surface>
				<graphic url="https://diyhistory.org/public/phr2/files/original/fe99239fc62dddd5d51ea58cd9e1c47599a538bb.jpg" n="https://diyhistory.org/public/phr2/iiif/1705/canvas/p1"/>
				<zone xml:id="zone_tyr_pdk_kjb" lry="2807" lrx="2270" uly="1076" ulx="347"/>
				<zone xml:id="zone_o2d_rdk_kjb" lry="2561" lrx="752" uly="2280" ulx="523"/>
				<zone xml:id="zone_drq_jc3_jrb" lry="1532" lrx="1311" uly="1403" ulx="1094"/>
				<zone xml:id="zone_es2_14k_jrb" lry="1648" lrx="1222" uly="1492" ulx="786"/>
				<zone xml:id="zone_pbl_c4k_jrb" lry="1744" lrx="1826" uly="1661" ulx="1641"/>
				<zone xml:id="zone_bcj_d4k_jrb" lry="1775" lrx="1603" uly="1668" ulx="1372"/>
				<zone xml:id="zone_vvc_kpk_jrb" lry="1755" lrx="1104" uly="1631" ulx="886"/>
				<zone xml:id="zone_khj_lpk_jrb" lry="1744" lrx="880" uly="1620" ulx="616"/>
				<zone xml:id="zone_sb5_mpk_jrb" lry="1671" lrx="572" uly="1564" ulx="400"/>
				<zone xml:id="zone_hd3_hqk_jrb" lry="1889" lrx="1267" uly="1745" ulx="780"/>
				<zone xml:id="zone_iwv_3qk_jrb" lry="1832" lrx="572" uly="1685" ulx="386"/>
				<zone xml:id="zone_jl4_f5k_jrb" lry="2737" lrx="2157" uly="2521" ulx="1863"/>
				<zone xml:id="zone_s4k_h5k_jrb" lry="2692" lrx="2226" uly="2378" ulx="1889"/>
				<zone xml:id="zone_hlz_35k_jrb" lry="2463" lrx="2179" uly="2196" ulx="1883"/>
				<zone xml:id="zone_g51_k5k_jrb" lry="2234" lrx="2163" uly="2044" ulx="1874"/>
				<zone xml:id="zone_t2x_k5k_jrb" lry="2150" lrx="2237" uly="1906" ulx="1859"/>
			</surface>
			<surface>
				<graphic n="https://diyhistory.org/public/phr2/iiif/1705/canvas/p2" url="https://diyhistory.org/public/phr2/files/original/946109b765d902eeadb83809229133797c0b85da.jpg"/>
				<zone lrx="3100" lry="1488" ulx="173" uly="544" xml:id="zone_d5t_sdk_kjb"/>
			</surface>
		</surfaceGrp>
	</facsimile>
	<text>
		<body>
			<div1 type="EMIN" facs="#zone_tyr_pdk_kjb">
				<p>
					<lb/>Vech-i tahrīr-i hurūf oldur ki
					<lb/>işbu <date when-custom="1213" cert="low" type="created" when="1799-06-02">bin iki yüz on üç senesine</date> mahsūben(?) der ʿuhde ve iltizāmımızda olunan
					<lb/><placeName>Kirşevo</placeName> mukātaʿsı kurālarından <placeName facs="#zone_drq_jc3_jrb">DZJUCE</placeName> karyesi hudūd dāhilinde bir mikdār
					<lb/>arz-ı mīrīye mutasarrıf(?) olunan <persName facs="#zone_es2_14k_jrb">OTE oğul MATO</persName> ve karındaş oğlu
					<lb/><persName facs="#zone_pbl_c4k_jrb">MIHAT</persName> ve <persName facs="#zone_bcj_d4k_jrb">İstepān</persName> nām-ı merkūmları <persName facs="#zone_vvc_kpk_jrb"
						>İLYİÇ</persName> ve <persName facs="#zone_khj_lpk_jrb">VTLMİÇ</persName> nām <persName facs="#zone_sb5_mpk_jrb">Mihayir</persName>
					<lb/>... <placeName>Kirlevo</placeName> kilisanın <persName facs="#zone_hd3_hqk_jrb">...</persName> gardiyān <persName facs="#zone_iwv_3qk_jrb">PRAŞAKO</persName>
					<lb/>nām-ı mezbūre otuz(?) guruş bedel mukābelesinde beyʿ-i bāt katʿiyle
					<lb/>beyʿ edüb bizlar dahi emīn-i mukātaʿası bulunduğumuz hasebiyle beyʿlerin(?)
					<lb/>cā'iz görüb mā-dām ki sāl be-sāl taraf-ı mukātaʿaya rāciʿ olan(?)
					<lb/>ʿöşr-i şerʿi ve rüsūmāt edā ve teslīm edeler tarafımızdan ve taraf-ı
					<lb/>āhardan kimesne māniʿ olmaya </p>
				<div2 type="sign" facs="#zone_o2d_rdk_kjb">
					<p>
						<lb/>...
						<lb/>Süleymān
						<lb/>Emīn-i
						<lb/><placeName>Kirşevo</placeName>
					</p>
				</div2>
				<div2 type="şühūdu'l-hāl">
					<p>
						<lb/>Şühūdu'l-hāl
						<lb/><persName facs="#zone_jl4_f5k_jrb">ZPU ʿAnton</persName>
						<lb/><persName facs="#zone_s4k_h5k_jrb">KTSAN ʿANYURUJU</persName>
						<lb/><persName facs="#zone_hlz_35k_jrb">Marko ʿan
							<lb/>DRROBÇE</persName>
						<lb/><persName facs="#zone_g51_k5k_jrb">Īwān MDIDE</persName>
						<lb/><persName facs="#zone_t2x_k5k_jrb">Īwān MUKNDİÇ</persName>
					</p>
				</div2>
			</div1>
			<div1 type="summary_Croatian" facs="#zone_d5t_sdk_kjb">
				<p>
					<lb/>4
					<lb/>Tapija Kako Kupismo od Male i Mi=
					<lb/>jaka Okiea u Tnieem 4. parečeka zem=
					<lb/>lje. <date when-custom="1213" type="summary_Croatian" when="1799-06-02">1213</date>.
					<lb/>Nno 3. </p>
			</div1>
		</body>
	</text>
</TEI>
