<TEI xmlns="http://www.tei-c.org/ns/1.0">
	<teiHeader>
		<fileDesc>
			<titleStmt>
				<title>DSCN0919</title>
			</titleStmt>
			<publicationStmt>
				<p>Publication Information</p>
			</publicationStmt>
			<notesStmt>
				<note type="summary">土地／田／</note>
			</notesStmt>
			<sourceDesc>
				<p>{ "saji:aspectRatioType": [ "B" ], "saji:calligraphy": [ "Rıkʿa" ], "saji:foldingMethod": [ "4x2" ], "saji:fond": [ "Tursko 1" ], "saji:from": [ "emin" ], "saji:lineage": [ "8" ],
					"saji:memo": [ "典型" ], "saji:type": [ "mektūb" ] }</p>
			</sourceDesc>
		</fileDesc>
	</teiHeader>
	<facsimile>
		<surfaceGrp facs="https://diyhistory.org/public/phr2/iiif/1037/manifest">
			<surface>
				<graphic n="https://diyhistory.org/public/phr2/iiif/1037/canvas/p1" url="https://diyhistory.org/public/phr2/files/original/280214c2b6cfe5bb112f963cb7a36776cdbfd50b.jpg"/>
				<zone lrx="1891" lry="2612" ulx="129" uly="1508" xml:id="zone_xdt_5ty_y3b"/>
				<zone lrx="695" lry="2593" ulx="312" uly="2393" xml:id="zone_gfz_k35_jjb"/>
			</surface>
			<surface>
				<graphic n="https://diyhistory.org/public/phr2/iiif/1037/canvas/p2" url="https://diyhistory.org/public/phr2/files/original/8f332ea79b32262250342335c5ea6f2ba9f73538.jpg"/>
				<zone lrx="2923" lry="1350" ulx="78" uly="944" xml:id="zone_t13_wty_y3b"/>
			</surface>
		</surfaceGrp>
	</facsimile>
	<text>
		<body>
			<div1 cert="medium" facs="#zone_xdt_5ty_y3b" type="EMIN_mektūb">
				<p>
					<lb/>Bāis-ı hurūf oldur ki
					<lb/>İşbu <date from="1785-11-01" from-custom="1199">bin yüz doksan dokuz senesinden</date> mutasarrıf olduğumuz Kirşevo mukātaʿası karyelerinden
					<lb/>Viş ve Pranka karyesinden RONO demek ile maʿrūf bir kıtʿa tarlaya mutasarrıf olan
					<lb/>GAŞO veled-i Yako nām zimmī hüsn-ı rızasıyla yine Kirşevo kasabasında kilisada olan
					<lb/>huddāma yiğirmi guruş mukābelesinde resmile ferāgat ve hakk-ı tasarrıfnı ferāgat idüb
					<lb/>sāhib-i arz olduğumuz hasebiyle beyʿ-i mezbūru tecvīz ... mezbūr tarlanın
					<lb/>sāl-be-sāl aʿşar-ı şerʿiyesin sāhib-i arz olanlara edā ve teslīm eylediklerinde
					<lb/>tasarrıfına kimesne māniʿ olmaya hurira fī <date type="created" when="1785-02-17" when-custom="1199-04-08">8 Rebī'ü'l-āhir sene 1199</date>
				</p>
				<div2 facs="#zone_gfz_k35_jjb" type="sign">
					<p>
						<lb/>Kirşevo emīni ʿAbdüllāh ʿAlemdār </p>
				</div2>
				<div2 type="Şühūdu'l-hāl">
					<p>
						<lb/>Şühūdu’l-hāl
						<lb/>Mehmed Beşe ibn ʿAbdüllāh ʿAlemdār
						<lb/>Hasan ...
						<lb/>Zimmī ... İstebān
						<lb/>Berber Mehmed Beşe
						<lb/>Ahmed Beşe </p>
				</div2>
			</div1>
			<div1 facs="#zone_t13_wty_y3b" type="summary_Serbian">
				<l>... <date type="summary_Serbian" when="1785">1785</date></l>
			</div1>
		</body>
	</text>
</TEI>
