<TEI xmlns="http://www.tei-c.org/ns/1.0">
	<teiHeader>
		<fileDesc>
			<titleStmt>
				<title>DSCN0381</title>
			</titleStmt>
			<publicationStmt>
				<p>Publication Information</p>
			</publicationStmt>
			<notesStmt>
				<note type="summary">辞書なしではほとんど読めていないので、後で【要】要約。</note>
			</notesStmt>
			<sourceDesc>
				<p>{ "saji:aspectRatioType": [ "B" ], "saji:fond": [ "Tursko 3" ] }</p>
			</sourceDesc>
		</fileDesc>
	</teiHeader>
	<facsimile>
		<surfaceGrp facs="https://diyhistory.org/public/phr2/iiif/1858/manifest">
			<surface>
				<graphic n="https://diyhistory.org/public/phr2/iiif/1858/canvas/p1" url="https://diyhistory.org/public/phr2/files/original/b61385f093ae477acca8f4de94a326229d5bd647.jpg"/>
				<zone lrx="2367" lry="3133" ulx="17" uly="400" xml:id="zone_gq4_js1_qkb"/>
				<zone lrx="396" lry="3109" ulx="166" uly="2776" xml:id="zone_gxd_ls1_qkb"/>
				<zone lrx="384" lry="3101" ulx="182" uly="2907" xml:id="zone_t2b_ms1_qkb"/>
			</surface>
			<surface>
				<graphic n="https://diyhistory.org/public/phr2/iiif/1858/canvas/p2" url="https://diyhistory.org/public/phr2/files/original/ef76d6d2a1961f94ef321268ba41191e5209ed2d.jpg"/>
				<zone lrx="2037" lry="791" ulx="1383" uly="145" xml:id="zone_kty_ns1_qkb"/>
			</surface>
		</surfaceGrp>
	</facsimile>
	<text>
		<body>
			<div1 cert="low" facs="#zone_gq4_js1_qkb" next="#zone_kty_ns1_qkb" type="nāme">
				<p>
					<lb/>Bāʿis-i tahrīr ... ve mūcibi ...oldur ki
					<lb/>Kirşevo varoş mahalātından(?) TKYK mahallesi sākinlerinden AFKA VELEDT_İ FRANUKABRU nām nasrāniyye ...
					<lb/>meclis-i şerʿ-i şerīf ... mahalle-i mezbūre sākinlerinden işbu rāfiʿ'l-kitāb(?) PAVU veled-i YAKODUKA
					<lb/>nām kimesnenin ... nām ve takrīr kelām(?) edüb ʿakd ...
					<lb/>hudūdine değin ... mahallesinde vākiʿ bir taraf ...
					<lb/>... ve bir taraf yine ... ve bir taraf TAŞKO Īwān ...
					<lb/>ve bir taraf nasrāniye YLKANIN Mollā ... ve ... Nikila İSTR ... harciyesiyle
					<lb/>mahdūd ve mümtāz ... bir öte ve bir ... ve harciyesiyle mahdūd bi'l-cümle ...
					<lb/>tarafından īcāb ve kabūl ... işbu PAVU nām
					<lb/>kimesneye dört yüz guruş bedeli mukābelesinde beyʿ ... şerʿiye ile beyʿ temlīk ve teslīm
					<lb/>eylediğimde ol dahi ber-minvāl-i muharrer ... ve kabz ve ... ve semen-i beyʿ-i mezkūri
					<lb/>dört yüz guruş tamāmen ve kâmilen yedime(?) defʿ ve teslīm ben dahi bi'l-tamām yedinden ahz ve kabz ve ...
					<lb/>... eyledim semen-i beyʿ-i mezkūr-i mersūm PAVU'nun zemninde ... ve ...
					<lb/>kalmadığından baʿd ... bir öte ve ... mahdūd-u mezkūrda bir ...
					<lb/>ve ʿalāka ve ... kalmamıştır müşter-i merkūm PAVU'nun mülk-i ... ve müşteri ...
					<lb/>... mutasarrıf olsun dedikte ...
					<lb/>... iʿtā olundu ... zālika ve hurira <date type="created" when-custom="1275-06-17">fi'l-yevmi'l-sābiʿ ve'l-ʿaşr min şehri
						<lb/>Cemaziye'l-sānī sene hamıs ve sabʿīn ve mieteyn ve elif</date>
				</p>
				<div2 facs="#zone_gxd_ls1_qkb" type="sign">
					<p>
						<lb/>...
						<lb/>Kirşevo </p>
					<div3 facs="#zone_t2b_ms1_qkb" type="stamp">
						<p>
							<lb/>ʿAbdüllāh
							<lb/>Mustafa </p>
					</div3>
				</div2>
				<div2 type="şühūdu'l-hāl">
					<p>
						<lb/>Şühūdu'l-hāl
						<lb/>PAROTAŞKO ʿan varoş
						<lb/>Peter ŞANO ʿan mezbūr
						<lb/>Anton KALİYE ʿan mezbūr
						<lb/>BNKOLİÇ KORO ʿan mezbūr
						<lb/>İlya Kara İwanoviç
						<lb/>ve gayrihim </p>
				</div2>
				<div2 type="note">
					<p>
						<lb/>Guruş
						<lb/>500
						<lb/>Yüz guruştan beş yüz guruşe kadar
						<lb/>... yazılmak içün ...
						<lb/>kıymet-i pare
						<lb/>20
						<lb/>
					</p>
				</div2>
			</div1>
			<div1 facs="#zone_kty_ns1_qkb" type="summary_Croatian">
				<p>
					<lb/>...
					<lb/>68 </p>
			</div1>
		</body>
	</text>
</TEI>
