<TEI xmlns="http://www.tei-c.org/ns/1.0">
<teiHeader>
<fileDesc>
<titleStmt>
<title>DSCN0924</title>
</titleStmt>
<publicationStmt>
<p>Publication Information</p>
</publicationStmt>
<sourceDesc>
<p>{ "saji:aspectRatioType": [ "C" ], "saji:calligraphy": [ "Rıkʿa" ], "saji:foldingMethod":
          [ "4x3" ], "saji:fond": [ "Tursko 1" ], "saji:huve": [ "1" ], "saji:lang": [ "ota" ],
          "saji:lineage": [ "5" ], "saji:memo": [ "典型" ], "saji:number": [ "243" ],
          "saji:relationWithAnotherItems": [ "表全体像" ], "saji:stamp_c": [ "1" ], "saji:stamp_o": [
          "0" ], "saji:type": [ "iʿlām", "Maʿrūż-ı" ], "saji:witness": [ "0" ] }</p>
</sourceDesc>
</fileDesc>
</teiHeader>
<facsimile>
<surfaceGrp facs="https://diyhistory.org/public/phr2/iiif/1042/manifest">
<surface>
<graphic n="https://diyhistory.org/public/phr2/iiif/1042/canvas/p1" url="https://diyhistory.org/public/phr2/files/original/5bb99a6390207b317fec6457eed7e0d04355c118.jpg" />
<zone lrx="1677" lry="2967" ulx="100" uly="134" xml:id="zone_rrm_gwy_y3b" />
</surface>
<surface>
<graphic n="https://diyhistory.org/public/phr2/iiif/1042/canvas/p2" url="https://diyhistory.org/public/phr2/files/original/8d56a5ade9949247703b899979222cfa12896145.jpg" />
</surface>
<surface>
<graphic n="https://diyhistory.org/public/phr2/iiif/1042/canvas/p3" url="https://diyhistory.org/public/phr2/files/original/80b404c500a07333cf4542b85abf75b17af8485a.jpg" />
<zone lrx="3267" lry="933" ulx="62" uly="555" xml:id="zone_ddh_3wy_y3b" />
</surface>
</surfaceGrp>
</facsimile>
<text>
<body>
<div1 facs="#zone_rrm_gwy_y3b" type="iʿlām">
<l>Maʿrūz-ı ...</l>
<l>... fī <date type="created" when="1795-10-31" when-custom="1210-04-18">18 R 1210</date></l>
</div1>
<div1 facs="#zone_ddh_3wy_y3b" type="summary_Croatian">
<l>... <date type="summary_Croatian" when="1796">1796</date></l>
</div1>
</body>
</text>
</TEI>