<TEI xmlns="http://www.tei-c.org/ns/1.0">
<teiHeader>
<fileDesc>
<titleStmt>
<title>DSCN0998</title>
</titleStmt>
<publicationStmt>
<p>Publication Information</p>
</publicationStmt>
<sourceDesc>
<p>{ "saji:aspectRatioType": [ "B" ], "saji:fond": [ "Tursko 1" ] }</p>
</sourceDesc>
</fileDesc>
</teiHeader>
<facsimile>
<surfaceGrp facs="https://diyhistory.org/public/phr2/iiif/1114/manifest">
<surface>
<graphic n="https://diyhistory.org/public/phr2/iiif/1114/canvas/p1" url="https://diyhistory.org/public/phr2/files/original/feea260918c6f8fee29d77d273287ba2f533ce8f.jpg" />
<zone lrx="1845" lry="2718" ulx="236" uly="27" xml:id="zone_hym_rzf_z3b" />
<zone lrx="767" lry="2662" ulx="580" uly="2505" xml:id="zone_rxc_tzf_z3b" />
</surface>
<surface>
<graphic n="https://diyhistory.org/public/phr2/iiif/1114/canvas/p2" url="https://diyhistory.org/public/phr2/files/original/1168c5ea1c1b880b789e4037a1dd772a07f40f1b.jpg" />
</surface>
<surface>
<graphic n="https://diyhistory.org/public/phr2/iiif/1114/canvas/p3" url="https://diyhistory.org/public/phr2/files/original/5c7c0df4d15cb523681930b1cfde5d5c1f83d85b.jpg" />
<zone lrx="2734" lry="1316" ulx="34" uly="994" xml:id="zone_tlb_vzf_z3b" />
</surface>
</surfaceGrp>
</facsimile>
<text>
<body>
<div1 facs="#zone_hym_rzf_z3b" type="unknown">
<l><date when="1833-08-15" when-custom="1249-03">Bin ikiyüz kırk dokuz seneden Mart</date> ...</l>
<l>... olundu fī <date cert="low" type="created" when="1810-05-01" when-custom="1225-03-27">27 Ra 25</date></l>
<div3 facs="#zone_rxc_tzf_z3b" type="stamp" />
</div1>
<div1 facs="#zone_tlb_vzf_z3b" type="summary_Croatian">
<l>... <date cert="low" type="summary_Croatian" when="1834">1834</date></l>
</div1>
</body>
</text>
</TEI>