<TEI xmlns="http://www.tei-c.org/ns/1.0">
<teiHeader>
<fileDesc>
<titleStmt>
<title>DSCN1662</title>
</titleStmt>
<publicationStmt>
<p>Publication Information</p>
</publicationStmt>
<sourceDesc>
<p>{ "saji:aspectRatioType": [ "C" ], "saji:fond": [ "Tursko 1" ] }</p>
</sourceDesc>
</fileDesc>
</teiHeader>
<facsimile>
<surfaceGrp facs="https://diyhistory.org/public/phr2/iiif/1200/manifest">
<surface>
<graphic n="https://diyhistory.org/public/phr2/iiif/1200/canvas/p1" url="https://diyhistory.org/public/phr2/files/original/71a8e979006df78ffb0809b5d01d6a98e3d0c3e7.jpg" />
<zone lrx="2208" lry="2646" ulx="39" uly="223" xml:id="zone_lfd_qxw_1jb" />
</surface>
</surfaceGrp>
</facsimile>
<text>
<body>
<div1 facs="#zone_lfd_qxw_1jb" type="takrīr_tercüme_sūret">
<p>
<lb />...<lb />
</p>
</div1>
</body>
</text>
</TEI>