<TEI xmlns="http://www.tei-c.org/ns/1.0">
<teiHeader>
<fileDesc>
<titleStmt>
<title>DSCN0084</title>
</titleStmt>
<publicationStmt>
<p>Publication Information</p>
</publicationStmt>
<sourceDesc>
<p>{ "saji:aspectRatioType": [ "B" ], "saji:fond": [ "Tursko 3" ] }</p>
</sourceDesc>
</fileDesc>
</teiHeader>
<facsimile>
<surfaceGrp facs="https://diyhistory.org/public/phr2/iiif/1568/manifest">
<surface>
<graphic n="https://diyhistory.org/public/phr2/iiif/1568/canvas/p1" url="https://diyhistory.org/public/phr2/files/original/d1bfb915061577e29a04c02dd31ac795044e0865.jpg" />
<zone lrx="1854" lry="2546" ulx="208" uly="230" xml:id="zone_g2z_vjz_k3b" />
<zone lrx="843" lry="2543" ulx="507" uly="2099" xml:id="zone_t5w_nr5_2jb" />
</surface>
<surface>
<graphic n="https://diyhistory.org/public/phr2/iiif/1568/canvas/p2" url="https://diyhistory.org/public/phr2/files/original/126847a3a98c5ac70aeacb2de9692e43c03ce1eb.jpg" />
<zone lrx="2200" lry="409" ulx="109" uly="100" xml:id="zone_jld_yjz_k3b" />
<zone lrx="1989" lry="2407" ulx="1767" uly="2225" xml:id="zone_ktz_zjz_k3b" />
</surface>
</surfaceGrp>
</facsimile>
<text>
<body>
<div1 facs="#zone_g2z_vjz_k3b" type="mektūb">
<p>
<lb />... işbu mektūbımız ... yedine ...<lb />
<lb />...<lb />
<lb />... fī <date cert="unknown" type="created" when-custom="1175---22">22 ... sene 1175</date><lb />
</p>
<div2 facs="#zone_t5w_nr5_2jb" type="sign">
<p>
<lb />...<lb />
</p>
<div3 facs="#zone_ktz_zjz_k3b" type="stamp">
<p>
<lb />... İsmaʿīl ...<lb />
</p>
</div3>
</div2>
</div1>
<div1 cert="unknown" facs="#zone_jld_yjz_k3b" type="unknown">
<p>
<lb />... bu mektūb <placename type="proper">Kirşevo</placename>'de ... devletim zimmī
               İvan veled-i Kayu(?) nām zimmī ...<lb />
</p>
</div1>
</body>
</text>
</TEI>