<TEI xmlns="http://www.tei-c.org/ns/1.0">
	<teiHeader>
		<fileDesc>
			<titleStmt>
				<title>DSCN0346</title>
			</titleStmt>
			<publicationStmt>
				<p>Publication Information</p>
			</publicationStmt>
			<notesStmt>
				<note type="mine">DSCN0344.JPGの原本か</note>
			</notesStmt>
			<sourceDesc>
				<p>{ "saji:aspectRatioType": [ "C" ], "saji:fond": [ "Tursko 3" ], "saji:memo": [ "典型" ] }</p>
			</sourceDesc>
		</fileDesc>
	</teiHeader>
	<facsimile>
		<surfaceGrp facs="https://diyhistory.org/public/phr2/iiif/1825/manifest">
			<surface>
				<graphic n="https://diyhistory.org/public/phr2/iiif/1825/canvas/p1" url="https://diyhistory.org/public/phr2/files/original/4960a5d7a142f8ff9302e07c9bed5e538d0338da.jpg"/>
				<zone lrx="2225" lry="2666" ulx="108" uly="275" xml:id="zone_ulj_4kr_kkb"/>
				<zone lrx="1001" lry="2635" ulx="587" uly="2387" xml:id="zone_sqr_pkr_kkb"/>
				<zone lrx="990" lry="2625" ulx="799" uly="2466" xml:id="zone_xw3_qkr_kkb"/>
				<zone lrx="1721" lry="1687" ulx="631" uly="655" xml:id="zone_ccs_rkr_kkb"/>
			</surface>
			<surface>
				<graphic n="https://diyhistory.org/public/phr2/iiif/1825/canvas/p2" url="https://diyhistory.org/public/phr2/files/original/0d9a8aedd3dd315d958f41ab18f6b525c472c64f.jpg"/>
				<zone lrx="2717" lry="2333" ulx="189" uly="777" xml:id="zone_h3b_tkr_kkb"/>
			</surface>
		</surfaceGrp>
	</facsimile>
	<text>
		<body>
			<div1 facs="#zone_ulj_4kr_kkb" subtype="tapu_senedi" type="ʿilmühaber">
				<p>
					<lb/>... fī <date type="created" when="1855-12-06" when-custom="1272-03-27">27 R sene 72</date>
				</p>
				<div2 facs="#zone_sqr_pkr_kkb" type="sign">
					<p>
						<lb/>... </p>
					<div3 facs="#zone_xw3_qkr_kkb" type="stamp">
						<p>
							<lb/>... </p>
					</div3>
				</div2>
				<div2 facs="#zone_h3b_tkr_kkb" type="unknown">
					<p>
						<lb/>... </p>
				</div2>
			</div1>
			<div1 facs="#zone_ccs_rkr_kkb" type="summary_Croatian">
				<p>
					<lb/>... <date type="summary_Croatian" when="1856">1856</date>. </p>
			</div1>
		</body>
	</text>
</TEI>
