<TEI xmlns="http://www.tei-c.org/ns/1.0">
  <teiHeader>
    <fileDesc>
      <titleStmt>
        <title>DSCN0737</title>
      </titleStmt>
      <publicationStmt>
        <p>Publication Information</p>
      </publicationStmt>
      <sourceDesc>
        <p>{ "saji:aspectRatioType": [ "?" ], "saji:fond": [ "Tursko 8" ], "saji:memo": [ "・何を示しているか不明。\r\n・ボスニア語梗概？" ] }</p>
      </sourceDesc>
    </fileDesc>
  </teiHeader>
  <facsimile>
    <surfaceGrp facs="https://diyhistory.org/public/phr2/iiif/3134/manifest">
      <surface>
        <graphic n="https://diyhistory.org/public/phr2/iiif/3134/canvas/p1" url="https://diyhistory.org/public/phr2/files/original/45e6698b64b1b25e440439edc1f907e348be3212.jpg" />
      </surface>
      <surface>
        <graphic n="https://diyhistory.org/public/phr2/iiif/3134/canvas/p2" url="https://diyhistory.org/public/phr2/files/original/216d90a02110e268215a80be4991ffc0630799e4.jpg" />
      </surface>
      <surface>
        <graphic n="https://diyhistory.org/public/phr2/iiif/3134/canvas/p3" url="https://diyhistory.org/public/phr2/files/original/af10aae080699dbc361ccd2c9af2c7f67a35f4c9.jpg" />
      </surface>
    </surfaceGrp>
  </facsimile>
  <text>
    <body>
      <div1 type="unknown_Croatian">
        <p>
          <lb />...<lb />
        </p>
      </div1>
    </body>
  </text>
</TEI>