<TEI xmlns="http://www.tei-c.org/ns/1.0">
  <teiHeader>
    <fileDesc>
      <titleStmt>
        <title>DSCN0836</title>
      </titleStmt>
      <publicationStmt>
        <p>Publication Information</p>
      </publicationStmt>
      <sourceDesc>
        <p>{ "saji:aspectRatioType": [ "C" ], "saji:fond": [ "Tursko 8" ], "saji:memo": [ "・金字のトゥーラ、装飾を含んでいる\r\n・かなり重要な文書と推定される", "典型" ] }</p>
      </sourceDesc>
    </fileDesc>
  </teiHeader>
  <facsimile>
    <surfaceGrp facs="https://diyhistory.org/public/phr2/iiif/3226/manifest">
      <surface>
        <graphic n="https://diyhistory.org/public/phr2/iiif/3226/canvas/p1" url="https://diyhistory.org/public/phr2/files/original/1f590de6a1e23e092f730c862c7dc973d4b668ee.jpg" />
        <zone lrx="2154" lry="3181" ulx="209" uly="63" xml:id="zone_s2l_f3r_2mb" />
      </surface>
      <surface>
        <graphic n="https://diyhistory.org/public/phr2/iiif/3226/canvas/p2" url="https://diyhistory.org/public/phr2/files/original/4d92abd051ca67993c60b92bda1684557a7ed68b.jpg" />
      </surface>
      <surface>
        <graphic n="https://diyhistory.org/public/phr2/iiif/3226/canvas/p3" url="https://diyhistory.org/public/phr2/files/original/d30395560d333402a22cccefecfc1e6386a7ab80.jpg" />
      </surface>
      <surface>
        <graphic n="https://diyhistory.org/public/phr2/iiif/3226/canvas/p4" url="https://diyhistory.org/public/phr2/files/original/0d01388ad28d90d1d46fd0c77ba82829d347a9f6.jpg" />
      </surface>
      <surface>
        <graphic n="https://diyhistory.org/public/phr2/iiif/3226/canvas/p5" url="https://diyhistory.org/public/phr2/files/original/be247f7520adbf1b328f4bcc1a61707cc9a7daf3.jpg" />
        <zone lrx="2489" lry="972" ulx="2034" uly="300" xml:id="zone_dl2_33r_2mb" />
      </surface>
    </surfaceGrp>
  </facsimile>
  <text>
    <body>
      <div1 facs="#zone_s2l_f3r_2mb" type="berāt">
        <p>
          <lb />
          <lb />... hurira <date type="created" when="1867-01-05" when-custom="1283-08-29">fi'l-yevmi'l-tāsiʿ ve'l-ʿaşrīn min şehri Şaʿbānı'l-muʿazzam sene suls ve semānīn ve mieteyn ve elif</date>
        </p>
      </div1>
      <div1 facs="#zone_dl2_33r_2mb" type="memo_Croatian">
        <p>
          <lb />... <date type="summary_Croatian" when="1868">1868</date>
          <lb />
        </p>
      </div1>
    </body>
  </text>
</TEI>