<TEI xmlns="http://www.tei-c.org/ns/1.0">
<teiHeader>
<fileDesc>
<titleStmt>
<title>DSCN1906</title>
</titleStmt>
<publicationStmt>
<p>Publication Information</p>
</publicationStmt>
<sourceDesc>
<p>{ "saji:aspectRatioType": [ "C" ], "saji:fond": [ "Tursko 1" ] }</p>
</sourceDesc>
</fileDesc>
</teiHeader>
<facsimile>
<surfaceGrp facs="https://diyhistory.org/public/phr2/iiif/1436/manifest">
<surface>
<graphic n="https://diyhistory.org/public/phr2/iiif/1436/canvas/p1" url="https://diyhistory.org/public/phr2/files/original/658e0ff935ceb2033e56fec62f8cf3f59095a152.jpg" />
<zone lrx="1625" lry="3025" ulx="242" uly="200" xml:id="zone_txs_qdx_cjb" />
<zone lrx="718" lry="2955" ulx="357" uly="2749" xml:id="zone_xvq_rdx_cjb" />
</surface>
<surface>
<graphic n="https://diyhistory.org/public/phr2/iiif/1436/canvas/p2" url="https://diyhistory.org/public/phr2/files/original/aed67dcc230935d145e85706ad28293b031deb58.jpg" />
<zone lrx="2850" lry="1755" ulx="389" uly="172" xml:id="zone_o4r_sdx_cjb" />
</surface>
</surfaceGrp>
</facsimile>
<text>
<body>
<div1 facs="#zone_txs_qdx_cjb" type="mürāsele">
<p>
<lb />... <date type="created" when="1767-06-19" when-custom="1181-01-22">fi'l-yevmi'l-sānī ve'l-ʿaşrīn min Muharremi'l-harām sene 1181</date><lb />
</p>
<div2 facs="#zone_xvq_rdx_cjb" type="sign">
<p>
<lb />...<lb />
</p>
</div2>
</div1>
<div1 facs="#zone_o4r_sdx_cjb" type="summary_Croatian">
<p>
<lb />... <date type="summary_Croatian" when="1768-05-16" when-custom="1181">1181</date> ... <date type="summary_Croatian" when="1767">1767</date><lb />
</p>
</div1>
</body>
</text>
</TEI>