<TEI xmlns="http://www.tei-c.org/ns/1.0">
  <teiHeader>
    <fileDesc>
      <titleStmt>
        <title>DSCN0618</title>
      </titleStmt>
      <publicationStmt>
        <p>Publication Information</p>
      </publicationStmt>
      <sourceDesc>
        <p>{ "saji:aspectRatioType": [ "B" ], "saji:fond": [ "Tursko 7" ] }</p>
      </sourceDesc>
    </fileDesc>
  </teiHeader>
  <facsimile>
    <surfaceGrp facs="https://diyhistory.org/public/phr2/iiif/3022/manifest">
      <surface>
        <graphic n="https://diyhistory.org/public/phr2/iiif/3022/canvas/p1" url="https://diyhistory.org/public/phr2/files/original/42d13cbb9c835452204b58eb3fff1f564c32f283.jpg" />
        <zone lrx="1909" lry="3027" ulx="54" uly="72" xml:id="zone_x24_21k_2mb" />
        <zone lrx="2194" lry="1578" ulx="1854" uly="1102" xml:id="zone_mcq_h1k_2mb" />
        <zone lrx="2183" lry="1354" ulx="2075" uly="1240" xml:id="zone_zhj_31k_2mb" />
      </surface>
    </surfaceGrp>
  </facsimile>
  <text>
    <body>
      <div1 facs="#zone_x24_21k_2mb" next="#zone_zhj_31k_2mb" type="beyāz_üzerine_buyuruldu_sūret">
        <p>
          <lb />
          <lb />... fī <date type="created" when="1806-02-07" when-custom="1220-11-19">19 Za sene 1220</date>
        </p>
      </div1>
      <div1 facs="#zone_mcq_h1k_2mb" type="note">
        <p>
          <lb />...<lb />
        </p>
        <div2 type="sign">
          <p>
            <lb />...<lb />
          </p>
          <div3 facs="#zone_zhj_31k_2mb" type="stamp">
            <p>
              <lb />...<lb />
            </p>
          </div3>
        </div2>
      </div1>
    </body>
  </text>
</TEI>