<TEI xmlns="http://www.tei-c.org/ns/1.0">
	<teiHeader>
		<fileDesc>
			<titleStmt>
				<title>DSCN1879</title>
			</titleStmt>
			<publicationStmt>
				<p>Publication Information</p>
			</publicationStmt>
			<notesStmt>
				<note type="mine">【要】典型：EMINなのか？</note>
			</notesStmt>
			<sourceDesc>
				<p>{ "saji:aspectRatioType": [ "C" ], "saji:fond": [ "Tursko 1" ] }</p>
			</sourceDesc>
		</fileDesc>
	</teiHeader>
	<facsimile>
		<surfaceGrp facs="https://diyhistory.org/public/phr2/iiif/1409/manifest">
			<surface>
				<graphic n="https://diyhistory.org/public/phr2/iiif/1409/canvas/p1" url="https://diyhistory.org/public/phr2/files/original/e3549641576e002c709512ce567c31600014c81d.jpg"/>
				<zone lrx="2142" lry="2991" ulx="258" uly="150" xml:id="zone_i3p_bgw_cjb"/>
				<zone lrx="583" lry="2913" ulx="328" uly="2722" xml:id="zone_qpq_cgw_cjb"/>
			</surface>
			<surface>
				<graphic n="https://diyhistory.org/public/phr2/iiif/1409/canvas/p2" url="https://diyhistory.org/public/phr2/files/original/3de01f80544652a1c3e0b864f7a4a67dae00ff6b.jpg"/>
				<zone lrx="2945" lry="1122" ulx="312" uly="533" xml:id="zone_plt_dgw_cjb"/>
			</surface>
		</surfaceGrp>
	</facsimile>
	<text>
		<body>
			<div1 cert="unknown" facs="#zone_i3p_bgw_cjb" type="EMIN">
				<p>
					<lb/>Hüve
					<lb/>
					<lb/>Bāʿis ... hurūf budur ki
					<lb/>
					<lb/>madīne-i Saray Bosna kazā ... Foyniçe nāhiyesine tābiʿ varoş Kirşevo'da vākiʿ kinisada mütemekkinlerin rāhiblerinden
					<lb/>
					<lb/>YOSB ve Anton ve GORU ve sā'irlere ... beş sene hizmet eyledüğüm ... mezkūre
					<lb/>
					<lb/>hizmet mukābelesinde bi-... Müslimīn ... geldi yüz elli guruş ... mesfūrdan rāhiblerden taleb ve ...
					<lb/>
					<lb/>eylediğide ... hālā Müslimūn altmış beş guruş
					<lb/>
					<lb/>.... eylediğimizde mesfūrdan rāhibler taraflarından sulh mezkūre ve ... olan madīne-i Saray'da
					<lb/>
					<lb/>... mahallesi mütemekkinlerinden ... bedel-i sulh olan meblağ-ı mezkūr altmış beş guruş akçe ... ve teslīm
					<lb/>
					<lb/>... yedinden beş senenin ... mukābelesinde yedinden ahz ve kabūl ve mesfūrdan YOSB ve ʿAnton ve GORU
					<lb/>
					<lb/>ve sā'irlerinin zimmetlerinde bir akçe ve bir habbe ...
					<lb/>
					<lb/>
					<lb/>
					<lb/>... fī <date type="created" when="1786-06-17" when-custom="1200-08-20">20 Şaʿabān sene 1200</date>
					<lb/>
				</p>
				<div2 facs="#zone_qpq_cgw_cjb" type="sign">
					<p>
						<lb/>...
						<lb/>
					</p>
				</div2>
			</div1>
			<div1 facs="#zone_plt_dgw_cjb" type="summary_Croatian">
				<p>
					<lb/>...
					<lb/>
				</p>
			</div1>
		</body>
	</text>
</TEI>
