<TEI xmlns="http://www.tei-c.org/ns/1.0">
<teiHeader>
<fileDesc>
<titleStmt>
<title>DSCN1887</title>
</titleStmt>
<publicationStmt>
<p>Publication Information</p>
</publicationStmt>
<notesStmt>
<note type="mine">【要】日付：buyurulduの月が読み取れない。</note>
</notesStmt>
<sourceDesc>
<p>{ "saji:aspectRatioType": [ "C" ], "saji:fond": [ "Tursko 1" ] }</p>
</sourceDesc>
</fileDesc>
</teiHeader>
<facsimile>
<surfaceGrp facs="https://diyhistory.org/public/phr2/iiif/1417/manifest">
<surface>
<graphic n="https://diyhistory.org/public/phr2/iiif/1417/canvas/p1" url="https://diyhistory.org/public/phr2/files/original/58ba3520b3a60d8dd5481ef2fba9e6a9e301885d.jpg" />
<zone lrx="1905" lry="2907" ulx="237" uly="2105" xml:id="zone_vhn_mtw_cjb" />
<zone lrx="550" lry="2845" ulx="390" uly="2657" xml:id="zone_c1n_qtw_cjb" />
<zone lrx="1295" lry="2245" ulx="236" uly="631" xml:id="zone_ufk_rtw_cjb" />
</surface>
<surface>
<graphic n="https://diyhistory.org/public/phr2/iiif/1417/canvas/p2" url="https://diyhistory.org/public/phr2/files/original/2e6a481602039e1af675ffed193aadcdab43761d.jpg" />
<zone lrx="2967" lry="1316" ulx="106" uly="661" xml:id="zone_k2d_ttw_cjb" />
</surface>
</surfaceGrp>
</facsimile>
<text>
<body>
<div1 facs="#zone_vhn_mtw_cjb" type="ʿarz-ı_hāl">
<p>
<lb />...<lb />
</p>
<div2 facs="#zone_c1n_qtw_cjb" type="sign">
<p>
<lb />...<lb />
</p>
</div2>
</div1>
<div1 facs="#zone_ufk_rtw_cjb" type="buyuruldu">
<p>
<lb />buyuruldu fī <date type="created" when="1831-05-16" when-custom="1246--05">5 ... sene 1246</date><lb />
</p>
</div1>
<div1 facs="#zone_k2d_ttw_cjb" type="summary_Croatian">
<p>
<lb /><date type="summary_Croatian" when="1830">1830</date>.<lb />
</p>
</div1>
</body>
</text>
</TEI>