<TEI xmlns="http://www.tei-c.org/ns/1.0">
  <teiHeader>
    <fileDesc>
      <titleStmt>
        <title>DSCN0498</title>
      </titleStmt>
      <publicationStmt>
        <p>Publication Information</p>
      </publicationStmt>
      <sourceDesc>
        <p>{ "saji:aspectRatioType": [ "B" ], "saji:fond": [ "Tursko 6" ] }</p>
      </sourceDesc>
    </fileDesc>
  </teiHeader>
  <facsimile>
    <surfaceGrp facs="https://diyhistory.org/public/phr2/iiif/2905/manifest">
      <surface>
        <graphic n="https://diyhistory.org/public/phr2/iiif/2905/canvas/p1" url="https://diyhistory.org/public/phr2/files/original/1df4a1aef2cd888e03b4422dc4fd37dfc9d8cafb.jpg" />
        <zone lrx="1685" lry="3107" ulx="78" uly="1471" xml:id="zone_zys_4qc_2mb" />
        <zone lrx="482" lry="3055" ulx="236" uly="2728" xml:id="zone_ml5_pqc_2mb" />
        <zone lrx="1674" lry="1485" ulx="155" uly="733" xml:id="zone_kys_qqc_2mb" />
      </surface>
    </surfaceGrp>
  </facsimile>
  <text>
    <body>
      <div1 cert="low" facs="#zone_zys_4qc_2mb" next="#zone_kys_qqc_2mb" type="mürāsele">
        <p>
          <lb />...<lb />
        </p>
        <div2 facs="#zone_ml5_pqc_2mb" type="sign">
          <p>
            <lb />...<lb />
          </p>
        </div2>
      </div1>
      <div1 facs="#zone_kys_qqc_2mb" type="buyuruldu">
        <p>
          <lb />
          <lb />... fī <date type="created" when="1784-01-06" when-custom="1198-02-13">13 S sene 198</date>
        </p>
      </div1>
    </body>
  </text>
</TEI>