<TEI xmlns="http://www.tei-c.org/ns/1.0">
<teiHeader>
<fileDesc>
<titleStmt>
<title>DSCN1654</title>
</titleStmt>
<publicationStmt>
<p>Publication Information</p>
</publicationStmt>
<sourceDesc>
<p>{ "saji:aspectRatioType": [ "B" ], "saji:fond": [ "Tursko 1" ] }</p>
</sourceDesc>
</fileDesc>
</teiHeader>
<facsimile>
<surfaceGrp facs="https://diyhistory.org/public/phr2/iiif/1193/manifest">
<surface>
<graphic n="https://diyhistory.org/public/phr2/iiif/1193/canvas/p1" url="https://diyhistory.org/public/phr2/files/original/9b6fbe434e837547be33db281da0d61663b8a79e.jpg" />
<zone lrx="1600" lry="2658" ulx="167" uly="166" xml:id="zone_cvn_nnk_1jb" />
</surface>
<surface>
<graphic n="https://diyhistory.org/public/phr2/iiif/1193/canvas/p2" url="https://diyhistory.org/public/phr2/files/original/b6beeb82e2622c39d9d741b434ade3ef5ee8043b.jpg" />
<zone lrx="820" lry="1823" ulx="497" uly="1567" xml:id="zone_tgg_pnk_1jb" />
</surface>
<surface>
<graphic n="https://diyhistory.org/public/phr2/iiif/1193/canvas/p3" url="https://diyhistory.org/public/phr2/files/original/1abdd781a3ed4758598c8b44e67b02802d627eaf.jpg" />
<zone lrx="3223" lry="761" ulx="95" uly="488" xml:id="zone_lhj_qnk_1jb" />
</surface>
</surfaceGrp>
</facsimile>
<text>
<body>
<div1 facs="#zone_cvn_nnk_1jb" type="mürāsele">
<p>
<lb />... fī <date type="created" when="1784-01-30" when-custom="1198-03-08">8 Rebi'ü'l-evvel sene 1198</date><lb />
</p>
<div3 facs="#zone_tgg_pnk_1jb" type="stamp">
<p>
<lb />...<lb />
</p>
</div3>
</div1>
<div1 facs="#zone_lhj_qnk_1jb" type="summary_Croatian">
<p>
<lb />...<lb />
</p>
</div1>
</body>
</text>
</TEI>