<TEI xmlns="http://www.tei-c.org/ns/1.0">
<teiHeader>
<fileDesc>
<titleStmt>
<title>DSCN1768</title>
</titleStmt>
<publicationStmt>
<p>Publication Information</p>
</publicationStmt>
<sourceDesc>
<p>{ "saji:aspectRatioType": [ "C" ], "saji:fond": [ "Tursko 1" ], "saji:memo": [ "典型" ] }</p>
</sourceDesc>
</fileDesc>
</teiHeader>
<facsimile>
<surfaceGrp facs="https://diyhistory.org/public/phr2/iiif/1300/manifest">
<surface>
<graphic n="https://diyhistory.org/public/phr2/iiif/1300/canvas/p1" url="https://diyhistory.org/public/phr2/files/original/fb2f81399a82b34bee47107cd0b8200143bbb962.jpg" />
<zone lrx="1700" lry="2833" ulx="25" uly="0" xml:id="zone_ahr_cc3_cjb" />
<zone lrx="506" lry="2706" ulx="123" uly="2542" xml:id="zone_zwd_2c3_cjb" />
<zone lrx="1050" lry="1801" ulx="309" uly="1290" xml:id="zone_pwz_2c3_cjb" />
</surface>
<surface>
<graphic n="https://diyhistory.org/public/phr2/iiif/1300/canvas/p2" url="https://diyhistory.org/public/phr2/files/original/5a9db4f85f29d741983e255c46fab4907d8dd147.jpg" />
</surface>
<surface>
<graphic n="https://diyhistory.org/public/phr2/iiif/1300/canvas/p3" url="https://diyhistory.org/public/phr2/files/original/300fe38ff487e4d836be5b23ea536325825e562c.jpg" />
<zone lrx="3245" lry="2027" ulx="89" uly="1088" xml:id="zone_pnr_gc3_cjb" />
</surface>
<surface>
<graphic n="https://diyhistory.org/public/phr2/iiif/1300/canvas/p4" url="https://diyhistory.org/public/phr2/files/original/ecf12e8c2727feda0ecbd3afa901e6a05957ed4f.jpg" />
<zone lrx="802" lry="1035" ulx="674" uly="916" xml:id="zone_tfh_jc3_cjb" />
</surface>
</surfaceGrp>
</facsimile>
<text>
<body>
<div1 facs="#zone_ahr_cc3_cjb" type="iʿlām">
<p>
<lb />... <date type="created" when="1784-02-06" when-custom="1198-03-15">fi'l-yevmi'l-hāmis ve ʿaşar<lb />
<lb />min māh Rebi'ü'l-evvel sene semān ve tisʿīn ve mie ve elif</date><lb />
</p>
<div2 facs="#zone_zwd_2c3_cjb" type="sign">
<p>
<lb />...<lb />
</p>
<div3 facs="#zone_tfh_jc3_cjb" type="stamp">
<p>
<lb />...<lb />
</p>
</div3>
</div2>
</div1>
<div1 facs="#zone_pwz_2c3_cjb" type="buyuruldu">
<p>
<lb />buyuruldu fī <date type="created" when="1784-02-29" when-custom="1198-04-08">8 R sene 198</date><lb />
</p>
</div1>
<div1 facs="#zone_pnr_gc3_cjb" type="summary_Croatian">
<p>
<lb />... <date type="summary_Croatian" when="1784">1784</date><lb />
</p>
</div1>
</body>
</text>
</TEI>