<TEI xmlns="http://www.tei-c.org/ns/1.0">
  <teiHeader>
    <fileDesc>
      <titleStmt>
        <title>DSCN0589</title>
      </titleStmt>
      <publicationStmt>
        <p>Publication Information</p>
      </publicationStmt>
      <sourceDesc>
        <p>{ "saji:aspectRatioType": [ "C" ], "saji:fond": [ "Tursko 6" ], "saji:memo": [ "典型" ] }</p>
      </sourceDesc>
    </fileDesc>
  </teiHeader>
  <facsimile>
    <surfaceGrp facs="https://diyhistory.org/public/phr2/iiif/2993/manifest">
      <surface>
        <graphic n="https://diyhistory.org/public/phr2/iiif/2993/canvas/p1" url="https://diyhistory.org/public/phr2/files/original/f5efd31153627cd187a5edc82c3ef42642508be7.jpg" />
        <zone lrx="1809" lry="3136" ulx="118" uly="1345" xml:id="zone_ejh_hpj_2mb" />
        <zone lrx="509" lry="3091" ulx="168" uly="2812" xml:id="zone_mv4_3pj_2mb" />
        <zone lrx="1763" lry="1468" ulx="163" uly="318" xml:id="zone_x5w_kpj_2mb" />
        <zone lrx="2104" lry="1297" ulx="1727" uly="976" xml:id="zone_j5x_4pj_2mb" />
        <zone lrx="2102" lry="1214" ulx="1982" uly="1075" xml:id="zone_jbx_vpj_2mb" />
      </surface>
    </surfaceGrp>
  </facsimile>
  <text>
    <body>
      <div1 facs="#zone_ejh_hpj_2mb" next="#zone_x5w_kpj_2mb" type="ʿarz-ıhāl_sūret">
        <p>
          <lb />...<lb />
        </p>
        <div2 facs="#zone_mv4_3pj_2mb" type="sign">
          <p>
            <lb />...<lb />
          </p>
        </div2>
      </div1>
      <div1 facs="#zone_x5w_kpj_2mb" next="#zone_j5x_4pj_2mb" type="buyuruldu_sūret">
        <p>
          <lb />
          <lb />... fī <date type="created" when="1785-01-08" when-custom="1199-02-27">27 S sene 199</date>
        </p>
      </div1>
      <div1 facs="#zone_j5x_4pj_2mb" type="note">
        <p>
          <lb />...<lb />
        </p>
        <div2 type="sign">
          <p>
            <lb />...<lb />
          </p>
          <div3 facs="#zone_jbx_vpj_2mb" type="stamp">
            <p>
              <lb />...<lb />
            </p>
          </div3>
        </div2>
      </div1>
    </body>
  </text>
</TEI>