<TEI xmlns="http://www.tei-c.org/ns/1.0">
  <teiHeader>
    <fileDesc>
      <titleStmt>
        <title>DSCN0633</title>
      </titleStmt>
      <publicationStmt>
        <p>Publication Information</p>
      </publicationStmt>
      <sourceDesc>
        <p>{ "saji:aspectRatioType": [ "C" ], "saji:fond": [ "Tursko 7" ] }</p>
      </sourceDesc>
    </fileDesc>
  </teiHeader>
  <facsimile>
    <surfaceGrp facs="https://diyhistory.org/public/phr2/iiif/3037/manifest">
      <surface>
        <graphic n="https://diyhistory.org/public/phr2/iiif/3037/canvas/p1" url="https://diyhistory.org/public/phr2/files/original/9e26c0637f64c9fd9397e10e40efa523e34ef641.jpg" />
        <zone lrx="1877" lry="3112" ulx="144" uly="189" xml:id="zone_jhd_qgk_2mb" />
        <zone lrx="492" lry="3046" ulx="195" uly="2910" xml:id="zone_ftm_rgk_2mb" />
        <zone lrx="1311" lry="2205" ulx="156" uly="555" xml:id="zone_u5s_sgk_2mb" />
        <zone lrx="1144" lry="861" ulx="812" uly="581" xml:id="zone_g3y_tgk_2mb" />
      </surface>
      <surface>
        <graphic n="https://diyhistory.org/public/phr2/iiif/3037/canvas/p2" url="https://diyhistory.org/public/phr2/files/original/6bb4c35f3c89b6268331622b8ad98798698ffe44.jpg" />
      </surface>
      <surface>
        <graphic n="https://diyhistory.org/public/phr2/iiif/3037/canvas/p3" url="https://diyhistory.org/public/phr2/files/original/e8500efd346b6bb2ac612215fb3922e048839ad0.jpg" />
        <zone lrx="2300" lry="1244" ulx="1145" uly="1038" xml:id="zone_uz2_vgk_2mb" />
      </surface>
    </surfaceGrp>
  </facsimile>
  <text>
    <body>
      <div1 facs="#zone_ftm_rgk_2mb" next="#zone_u5s_sgk_2mb" type="iʿlām_maʿrūz">
        <p>
          <lb />... fī <lb />
        </p>
        <div2 facs="#zone_jhd_qgk_2mb" type="sign">
          <p>
            <lb />...<lb />
          </p>
        </div2>
      </div1>
      <div1 facs="#zone_u5s_sgk_2mb" next="#zone_uz2_vgk_2mb" type="buyuruldu">
        <p>
          <lb />...<lb />
        </p>
        <div2 type="sign">
          <div3 facs="#zone_g3y_tgk_2mb" type="stamp">
            <p>
              <lb />...fī  <date type="created" when="1825-12-02" when-custom="1241-04-21">21 R sene 241</date><lb />
            </p>
          </div3>
        </div2>
      </div1>
      <div1 facs="#zone_uz2_vgk_2mb" type="summary_Croatian">
        <p>
          <lb />... <date type="summary_Croatian" when="1825">1825</date>.
        </p>
      </div1>
    </body>
  </text>
</TEI>