<TEI xmlns="http://www.tei-c.org/ns/1.0">
	<teiHeader>
		<fileDesc>
			<titleStmt>
				<title>DSCN0154</title>
			</titleStmt>
			<publicationStmt>
				<p>Publication Information</p>
			</publicationStmt>
			<notesStmt>
				<note type="summary">絶対に取り消せない売却および移転 beyʿ katʿiyle beyʿ ü ferāğ</note>
				<note type="summary">ミーリー地、私有地、果樹園、森林などの土地</note>
				<note type="summary">Sālih İbn Süleymānから、ズィンミー（クレシェヴォ教会の僧侶たち？）への売却および移転の許可</note>
			</notesStmt>
			<sourceDesc>
				<p>{ "saji:aspectRatioType": [ "B" ], "saji:fond": [ "Tursko 3" ] }</p>
			</sourceDesc>
		</fileDesc>
		<profileDesc>
			<textClass>
				<classCode scheme="">土地譲渡・売買</classCode>
			</textClass>
		</profileDesc>
	</teiHeader>
	<facsimile>
		<surfaceGrp facs="https://diyhistory.org/public/phr2/iiif/1636/manifest">
			<surface>
				<graphic n="https://diyhistory.org/public/phr2/iiif/1636/canvas/p1" url="https://diyhistory.org/public/phr2/files/original/74acf687c45c0dc2ac7772504bd86a3a8df7ad96.jpg"/>
				<zone lrx="2158" lry="2975" ulx="83" uly="1308" xml:id="zone_qvx_25w_2jb"/>
				<zone lrx="710" lry="2945" ulx="365" uly="2547" xml:id="zone_jq1_g5w_2jb"/>
				<zone lrx="1804" lry="1150" ulx="284" uly="213" xml:id="zone_b3x_g5w_2jb"/>
			</surface>
		</surfaceGrp>
	</facsimile>
	<text>
		<body>
			<div1 type="EMIN_hurūf" facs="#zone_qvx_25w_2jb">
				<p>
					<lb/>[Hüve]
					<lb/>Vech-i tahrīr-i hurūf oldur(?) ki
					<lb/>işbu <date when-custom="1235" when="1820-10-07">bin iki yüz otuz beş senesinde</date> der ʿuhde ve iltizāmımızda bulunan <placeName>Kirşevo</placeName>
					<lb/>mukātaʿası kurālarında cemāʿat-i müslimīn ... hudūd dāhilinde arāzī mīrīsine
					<lb/>ve emlāk ve bağçe ve orman ... ve ... ile <persName>Sālih İbn Süleymān</persName> nām
					<lb/>kimesne KİNDī taht-ı tasarrıfında bulunan işbu dārende-i hurūf zimmī kilisana(?) ...
					<lb/>ruhbānlara(?) yalnız bin yedi yüz elli guruş resmiyle(?) bedel mukābelesinde
					<lb/>beyʿ katʿiyle beyʿ ü ferāğ-ı mezkūre biz dahi me'mūrımız hasebiyle beyʿ tecvīz
					<lb/>tarafımızdan ve taraf-ı āhardan kimesne māniʿ olmaya(?) ve selām
					<lb/><date when-custom="1235" when="1820-10-07" type="created">sene 1235</date>
					<lb/>
				</p>
				<div2 type="sign" facs="#zone_jq1_g5w_2jb">
					<p>
						<lb/>El-...
						<lb/><persName>Mustafa</persName> Ağa
						<lb/>El-me'mūr-i(?) Kirşevo Emīn
						<lb/>M </p>
				</div2>
				<div2 type="şühūdu'l-hāl">
					<p>
						<lb/>Şühūdu'l-hāl
						<lb/><persName>Hüseyin</persName> Ağa SRDNCAH
						<lb/>buyurunda(?)
						<lb/>Baş <persName>İbrāhīm</persName> Ağa ...
						<lb/><persName>Mustafa</persName> Ağa Serdār Kirşevolu
						<lb/>KURĀDA <persName>Mehmed</persName> Beşe ...
						<lb/><persName>Mustafa</persName> ʿAlemdār Hacıoğlun(?)
						<lb/><persName>Mustafa</persName> ʿAlemdār Hākimi'l-vākit
						<lb/><persName>ʿOsman</persName> NUVALİ Zāde </p>
				</div2>
			</div1>
			<div1 type="summary_Croatian" facs="#zone_b3x_g5w_2jb">
				<p>
					<lb/>Tapia od zemglie zvane Imamo-
					<lb/>vina iva, koliko remglia, koliko
					<lb/>thumma, u Trvavkoirchim i po
					<lb/>kojimi, koju kupismo godine gos(?)
					<lb/><date when="1820" type="summary_Croatian">1820</date>. na 1000(?). gro: ohim Emi-
					<lb/>nu, momeim, i arza po kavam.
					<lb/>Av1275(1235?).
					<lb/>Nno 2. </p>
			</div1>
		</body>
	</text>
</TEI>
