<TEI xmlns="http://www.tei-c.org/ns/1.0">
<teiHeader>
<fileDesc>
<titleStmt>
<title>DSCN1716</title>
</titleStmt>
<publicationStmt>
<p>Publication Information</p>
</publicationStmt>
<notesStmt>
<note type="mine">【要】フェルマーンなどの写し？Dustūrで始まるパターン。典型要検討。</note>
</notesStmt>
<sourceDesc>
<p>{ "saji:aspectRatioType": [ "C" ], "saji:fond": [ "Tursko 1" ] }</p>
</sourceDesc>
</fileDesc>
</teiHeader>
<facsimile>
<surfaceGrp facs="https://diyhistory.org/public/phr2/iiif/1249/manifest">
<surface>
<graphic n="https://diyhistory.org/public/phr2/iiif/1249/canvas/p1" url="https://diyhistory.org/public/phr2/files/original/4d17140f0be0713243efb52d62b732424049e2e3.jpg" />
<zone lrx="2283" lry="3158" ulx="83" uly="0" xml:id="zone_oq3_5f2_bjb" />
</surface>
<surface>
<graphic n="https://diyhistory.org/public/phr2/iiif/1249/canvas/p2" url="https://diyhistory.org/public/phr2/files/original/b121008c8929c9711701ef18ea5f79e59c1d031d.jpg" />
<zone lrx="2837" lry="856" ulx="2475" uly="511" xml:id="zone_eqd_wf2_bjb" />
<zone lrx="2829" lry="743" ulx="2737" uly="631" xml:id="zone_zjv_wf2_bjb" />
</surface>
</surfaceGrp>
</facsimile>
<text>
<body>
<div1 cert="unknown" facs="#zone_oq3_5f2_bjb" type="fermān_sūret">
<p>
<lb />...<lb />
</p>
<div2 facs="#zone_eqd_wf2_bjb" type="sign">
<p>
<lb />...<lb />
</p>
<div3 facs="#zone_zjv_wf2_bjb" type="stamp">
<p>
<lb />...<lb />
</p>
</div3>
</div2>
</div1>
</body>
</text>
</TEI>