<TEI xmlns="http://www.tei-c.org/ns/1.0">
	<teiHeader>
		<fileDesc>
			<titleStmt>
				<title>DSCN0896</title>
			</titleStmt>
			<publicationStmt>
				<p>Publication Information</p>
			</publicationStmt>
			<notesStmt>
				<note type="summary">徴税請負</note>
			</notesStmt>
			<sourceDesc>
				<p>{ "saji:aspectRatioType": [ "B" ], "saji:calligraphy": [ "Rıkʿa" ], "saji:date_H": [ "1202-?-21" ], "saji:date_M": [ "1788-07-27" ], "saji:foldingMethod": [ "4" ], "saji:fond": [
					"Tursko 1" ], "saji:huve": [ "1" ], "saji:item": [ "\"hüve\"", "本文", "証人", "クレシェヴォのスタンプ" ], "saji:lang": [ "ota" ], "saji:lineage": [ "8" ], "saji:memo": [
					"本文横に3名(?)の証人の名前：\"Şuhūdu'l-ḥāl\"" ], "saji:number": [ "309" ], "saji:relationWithAnotherItems": [ "DSCN0896.JPG_表", "表全体像" ], "saji:stamp_c": [ "1" ], "saji:transcription": [
					"Vech taḥrīr ḥurūf oldur ki\nİşbu biñ(?) iki yüz iki senesinde ..." ], "saji:type": [ "hüccet" ] }</p>
			</sourceDesc>
		</fileDesc>
	</teiHeader>
	<facsimile>
		<surfaceGrp facs="https://diyhistory.org/public/phr2/iiif/1014/manifest">
			<surface>
				<graphic n="https://diyhistory.org/public/phr2/iiif/1014/canvas/p1" url="https://diyhistory.org/public/phr2/files/original/2f00d5bd92d777d0f849b4163905dfcf1fad1674.jpg"/>
				<zone lrx="2041" lry="2841" ulx="212" uly="150" xml:id="zone_nxl_t34_c3b"/>
				<zone lrx="446" lry="2316" ulx="216" uly="2016" xml:id="zone_jst_qd5_jjb"/>
			</surface>
			<surface>
				<graphic n="https://diyhistory.org/public/phr2/iiif/1014/canvas/p2" url="https://diyhistory.org/public/phr2/files/original/3f6760a591f7c265b12d65cc0daad9efeef3beb4.jpg"/>
				<zone lrx="3145" lry="1427" ulx="100" uly="777" xml:id="zone_pwq_xj3_x3b"/>
			</surface>
			<surface>
				<graphic n="https://diyhistory.org/public/phr2/iiif/1014/canvas/p3" url="https://diyhistory.org/public/phr2/files/original/a4d32b7debd9351bf8158d74b0dc563b4a171222.jpg"/>
				<zone lrx="1762" lry="2133" ulx="1600" uly="1979" xml:id="zone_hlj_wlh_j3b"/>
			</surface>
		</surfaceGrp>
	</facsimile>
	<text>
		<body>
			<div1 cert="unknown" facs="#zone_nxl_t34_c3b" type="EMIN">
				<p>
					<lb/>Vech-i tahrīr-i hurūf oldur ki
					<lb/>
					<lb/>işbu <date cert="unknown" from="1787-12-10" from-custom="1202-03-01" to-custom="--02-29">bin iki yüz iki senesinde Mārtı ibtidāsından Şubātı gāyet[in]e varınca</date>,
					der-ʿuhde ve iltizāmımızda
					<lb/>
					<lb/>bulunan <placename>Kirşevo</placename> mukāta‘asında kiliseye merbūt olan karyelerin ʿaşār ve şerʿiyye [sic, aʿşār-ı şerʿiyye] ve rüsūmātı sāir
					<lb/>
					<lb/><date when="1788-09-29" when-custom="1202">sene-i mezbūr</date> iltizāmına tālib olan kilisanın baş ruhbānı <persname cert="low" role="Kirşevo kilisanın baş ruhbānı"
						>Perpetre</persname>
					<measure quantity="80" type="iltizam" unit="ġuruş">seksen guruş</measure> mukābelesinde
					<lb/>
					<lb/>der-ʿuhde ve iltizām olunub, ve aḳçasını ber-vech-i peşīn tarafımıza edā ve teslīm idüb, işbu
					<lb/>
					<lb/><date when="1788-09-29" when-custom="1202">bin iki yüz iki senesinin</date> hāsıl olan mahsūlātının ʿaşār-ı şerʿiyyesin [sic, aʿşār-ı şerʿiyyesin] ve rüsūm-ı sāire-
					<lb/>
					<lb/>sin mesfūr zimmī <persname cert="low" role="Ḳirşevo kilisanın baş ruhbānı">Perpetre</persname> zabt ve ʿaşār-ı şerʿiyyesin [sic, aʿşār-ı şerʿiyyesin] ahz ve kabz idüb,
					ṭarafımızdan
					<lb/>
					<lb/>ve ṭaraf-ı āhardan bir kimesne mānʿī olmaya ve müzāhım olmayalar tahrīr fī <date cert="medium" type="created" when="1787-12-30" when-custom="1202-03-21">21 Ra 1202</date>
					<lb/>
				</p>
				<div2 facs="#zone_jst_qd5_jjb" type="sign">
					<p>
						<lb/>Kirşevo emīni <persname cert="low" role="Kirşevo emīni">Ahmad ...</persname>
						<lb/>
					</p>
				</div2>
				<div2 type="Şühūdu’l-hāl">
					<p>
						<lb/>Şühūdu’l-hāl
						<lb/>
						<lb/><persname>el-Hāci Müderres Efendi</persname>
						<lb/>
						<lb/><persname>Nuvābīzāde Süleyman Ağa</persname>
						<lb/>
						<lb/><persname>Breāder-i ʿAtāllāh Ağa</persname>
						<lb/>
					</p>
				</div2>
			</div1>
			<div3 facs="#zone_hlj_wlh_j3b" type="stamp">
				<p>
					<lb/>...
					<lb/>
				</p>
			</div3>
			<div1 facs="#zone_pwq_xj3_x3b" type="summary_Serbian">
				<p>
					<lb/><date type="summary_Serbian" when="1788-06-27">27 Juna 1788</date> ...
					<lb/>
				</p>
			</div1>
		</body>
	</text>
</TEI>
