<?xml version="1.0" encoding="UTF-8"?>
<?xml-model href="http://www.tei-c.org/release/xml/tei/custom/schema/relaxng/tei_all.rng" type="application/xml" schematypens="http://relaxng.org/ns/structure/1.0"?>
<?xml-model href="http://www.tei-c.org/release/xml/tei/custom/schema/relaxng/tei_all.rng" type="application/xml"
	schematypens="http://purl.oclc.org/dsdl/schematron"?>
<TEI xmlns="http://www.tei-c.org/ns/1.0">
	<teiHeader>
		<fileDesc>
			<titleStmt>
				<title>DSCN2483</title>
			</titleStmt>
			<publicationStmt>
				<p>Publication Information</p>
			</publicationStmt>
			<notesStmt>
				<note type="summary">諸税の支払い証明書？</note>
			</notesStmt>
			<sourceDesc>
				<p/>
			</sourceDesc>
		</fileDesc>
		<xenoData>{ "saji:aspectRatioType": [ "B" ], "saji:fond": [ "Tursko 5" ], "saji:memo": [
					"・はがきサイズと思われる同サイズの文書は、6枚ずつ並べられて撮影されている。\r\n・このフォンド内の文書は、最初の1点を除いて、すべて同様の方法で撮影されており、1枚ずつの画像はない。\r\n・これらの文書は基本的に、「4つのオスマン朝スタンプ／日付／何らかの定型／短いオスマン語」の要素から構成されている。\r\n・これらの文書サイズは、暫定的に「B」としておく。",
					"典型" ] }</xenoData>
	</teiHeader>
	<facsimile>
		<surface/>
		<surface/>
	</facsimile>
	<text n="1" facs="#zone_v1w_sgb_2mb #zone_rxz_vhb_2mb">
		<body>
			<div1 facs="#zone_v1w_sgb_2mb" type="sened">
				<p>
					<lb/>
					... fī
					<lb/>
				</p>
				<div2 type="sign">
					<div3 facs="#zone_olc_vgb_2mb" type="stamp">
						<p>
							<lb/>
							...
							<lb/>
						</p>
					</div3>
				</div2>
				<div2 type="sign">
					<div3 facs="#zone_hrs_vgb_2mb" type="stamp">
						<p>
							<lb/>
							...
							<lb/>
						</p>
					</div3>
				</div2>
				<div2 type="sign">
					<div3 facs="#zone_uvj_wgb_2mb" type="stamp">
						<p>
							<lb/>
							...
							<lb/>
						</p>
					</div3>
				</div2>
				<div2 type="sign">
					<div3 facs="#zone_msy_wgb_2mb" type="stamp">
						<p>
							<lb/>
							...
							<lb/>
						</p>
					</div3>
				</div2>
				<div2 type="sign">
					<div3 facs="#zone_sfc_xhb_2mb" type="stamp">
						<p>
							<lb/>
							...
							<lb/>
						</p>
					</div3>
				</div2>
			</div1>
			<div1 type="sened" facs="#zone_rxz_vhb_2mb">
				<p>
					<lb/>
					... fī
					<lb/>
				</p>
				<div2 type="sign">
					<div3 type="stamp" facs="#zone_sfc_xhb_2mb">
						<p>
							<lb/>
							...
							<lb/>
						</p>
					</div3>
				</div2>
			</div1>
		</body>
	</text>
	<text n="2" facs="#zone_vfb_ygb_2mb #zone_y5c_xhb_2mb">
		<body>
			<div1 facs="#zone_vfb_ygb_2mb" type="sened">
				<p>
					<lb/>
					... fī
					<lb/>
				</p>
				<div2 type="sign">
					<div3 facs="#zone_pbm_1hb_2mb" type="stamp">
						<p>
							<lb/>
							...
							<lb/>
						</p>
					</div3>
				</div2>
				<div2 type="sign">
					<div3 facs="#zone_ddj_bhb_2mb" type="stamp">
						<p>
							<lb/>
							...
							<lb/>
						</p>
					</div3>
				</div2>
			</div1>
			<div1 type="sened" facs="#zone_y5c_xhb_2mb">
				<div2 type="sign">
					<div3 facs="#zone_zfl_zhb_2mb" type="stamp">
						<p>
							<lb/>
							...
							<lb/>
						</p>
					</div3>
				</div2>
			</div1>
		</body>
	</text>
	<text n="3" facs="#zone_k1f_dhb_2mb #zone_yxs_13b_2mb">
		<body>
			<div1 facs="#zone_k1f_dhb_2mb" type="sened">
				<p>
					<lb/>
					... fī
					<lb/>
				</p>
				<div2 type="sign">
					<div3 facs="#zone_a22_2hb_2mb" type="stamp">
						<p>
							<lb/>
							...
							<lb/>
						</p>
					</div3>
				</div2>
				<div2 type="sign">
					<div3 facs=" #zone_hf5_2hb_2mb" type="stamp">
						<p>
							<lb/>
							...
							<lb/>
						</p>
					</div3>
				</div2>
				<div2 type="sign">
					<div3 facs="#zone_lgs_fhb_2mb" type="stamp">
						<p>
							<lb/>
							...
							<lb/>
						</p>
					</div3>
				</div2>
				<div2 type="sign">
					<div3 facs="#zone_d14_ghb_2mb" type="stamp">
						<p>
							<lb/>
							...
							<lb/>
						</p>
					</div3>
				</div2>
			</div1>
			<div1 type="sened" facs="#zone_yxs_13b_2mb">
				<div2 type="sign">
					<div3 facs="#zone_ttb_d3b_2mb" type="stamp">
						<p>
							<lb/>
							...
							<lb/>
						</p>
					</div3>
				</div2>
			</div1>
		</body>
	</text>
	<text n="4" facs="#zone_dcx_hhb_2mb #zone_d1c_23b_2mb">
		<body>
			<div1 facs="#zone_dcx_hhb_2mb" type="sened">
				<p>
					<lb/>
					... fī
					<lb/>
				</p>
				<div2 type="sign">
					<div3 facs=" #zone_r1j_jhb_2mb" type="stamp">
						<p>
							<lb/>
							...
							<lb/>
						</p>
					</div3>
				</div2>
				<div2 type="sign">
					<div3 facs="#zone_fpm_lhb_2mb" type="stamp">
						<p>
							<lb/>
							...
							<lb/>
						</p>
					</div3>
				</div2>
				<div2 type="sign">
					<div3 facs="#zone_ydl_khb_2mb" type="stamp">
						<p>
							<lb/>
							...
							<lb/>
						</p>
					</div3>
				</div2>
				<div2 type="sign">
					<div3 facs="#zone_fpm_lhb_2mb" type="stamp">
						<p>
							<lb/>
							...
							<lb/>
						</p>
					</div3>
				</div2>
				<div2 type="sign">
					<div3 facs="#zone_bnk_mhb_2mb" type="stamp">
						<p>
							<lb/>
							...
							<lb/>
						</p>
					</div3>
				</div2>
			</div1>
			<div1 type="sened" facs="#zone_d1c_23b_2mb">
				<p>
					<lb/>
					... fī
					<lb/>
				</p>
				<div2 type="sign">
					<div3 facs="#zone_wqh_33b_2mb" type="stamp">
						<p>
							<lb/>
							...
							<lb/>
						</p>
					</div3>
				</div2>
			</div1>
		</body>
	</text>
	<text n="5" facs="#zone_scm_nhb_2mb #zone_nwt_j3b_2mb">
		<body>
			<div1 facs=" #zone_scm_nhb_2mb" type="sened">
				<p>
					<lb/>
					... fī
					<lb/>
				</p>
				<div2 type="sign">
					<div3 facs="#zone_op4_4hb_2mb" type="stamp">
						<p>
							<lb/>
							...
							<lb/>
						</p>
					</div3>
				</div2>
				<div2 type="sign">
					<div3 facs="#zone_jqf_phb_2mb" type="stamp">
						<p>
							<lb/>
							...
							<lb/>
						</p>
					</div3>
				</div2>
				<div2 type="sign">
					<div3 facs="#zone_rkv_phb_2mb" type="stamp">
						<p>
							<lb/>
							...
							<lb/>
						</p>
					</div3>
				</div2>
				<div2 type="sign">
					<div3 facs="#zone_bph_qhb_2mb" type="stamp">
						<p>
							<lb/>
							...
							<lb/>
						</p>
					</div3>
				</div2>
			</div1>
			<div1 type="sened" facs="#zone_nwt_j3b_2mb">
				<p>
					<lb/>
					... fī
					<lb/>
				</p>
				<div2 type="sign">
					<div3 facs="#zone_wpc_l3b_2mb" type="stamp">
						<p>
							<lb/>
							...
							<lb/>
						</p>
					</div3>
				</div2>
			</div1>
		</body>
	</text>
	<text n="6" facs=" #zone_jxc_rhb_2mb #zone_ycc_m3b_2mb">
		<body>
			<div1 facs="#zone_jxc_rhb_2mb" type="sened">
				<p>
					<lb/>
					... fī
					<lb/>
				</p>
				<div2 type="sign">
					<div3 facs="#zone_esm_shb_2mb" type="stamp">
						<p>
							<lb/>
							...
							<lb/>
						</p>
					</div3>
				</div2>
				<div2 type="sign">
					<div3 facs="#zone_us1_thb_2mb" type="stamp">
						<p>
							<lb/>
							...
							<lb/>
						</p>
					</div3>
				</div2>
				<div2 type="sign">
					<div3 facs="#zone_lsm_thb_2mb" type="stamp">
						<p>
							<lb/>
							...
							<lb/>
						</p>
					</div3>
				</div2>
				<div2 type="sign">
					<div3 type="stamp" facs="#zone_yyb_5hb_2mb">
						<p>
							<lb/>
							...
							<lb/>
						</p>
					</div3>
				</div2>
			</div1>
			<div1 type="sened" facs="#zone_ycc_m3b_2mb">
				<p>
					<lb/>
					... fī
					<lb/>
				</p>
				<div2 type="sign">
					<div3 type="stamp" facs="#zone_gdc_43b_2mb">
						<p>
							<lb/>
							...
							<lb/>
						</p>
					</div3>
				</div2>
			</div1>
		</body>
	</text>
</TEI>
