<TEI xmlns="http://www.tei-c.org/ns/1.0">
  <teiHeader>
    <fileDesc>
      <titleStmt>
        <title>DSCN0422</title>
      </titleStmt>
      <publicationStmt>
        <p>Publication Information</p>
      </publicationStmt>
      <notesStmt>
        <note type="summary">フォルダ6表紙</note>
      </notesStmt>
      <sourceDesc>
        <p>{ "saji:aspectRatioType": [ "n/a" ], "saji:fond": [ "Tursko 6" ], "saji:relationWithAnotherItems": [ "フォンド表紙" ] }</p>
      </sourceDesc>
    </fileDesc>
  </teiHeader>
  <facsimile>
    <surfaceGrp facs="https://diyhistory.org/public/phr2/iiif/2830/manifest">
      <surface>
        <graphic n="https://diyhistory.org/public/phr2/iiif/2830/canvas/p1" url="https://diyhistory.org/public/phr2/files/original/bb68bcccea5d953b2aceed1aa190b2d6d8bc2b15.jpg" />
      </surface>
    </surfaceGrp>
  </facsimile>
  <text>
    <body>
      <div1 type="folder_cover">
        <p>
          <lb />... fī <lb />
        </p>
      </div1>
    </body>
  </text>
</TEI>