<TEI xmlns="http://www.tei-c.org/ns/1.0">
<teiHeader>
<fileDesc>
<titleStmt>
<title>DSCN1902</title>
</titleStmt>
<publicationStmt>
<p>Publication Information</p>
</publicationStmt>
<notesStmt>
<note type="summary">ボスナのカトリック・ミッレト全体の話。上野論文にあるような、ミッレトの代表がスルタンに対して免除の継続を求めるような内容のもの。</note>
<note type="mine">改革勅令（1856年）後。</note>
<note type="mine">おそらく、裏面で修道院が同定しているような‘arż-ı ḥālではない。</note>
<note type="mine">【要】重要な内容かもしれないので、きちんと転写する。</note>
</notesStmt>
<sourceDesc>
<p>{ "saji:aspectRatioType": [ "C" ], "saji:fond": [ "Tursko 1" ], "saji:memo": [ "典型" ] }</p>
</sourceDesc>
</fileDesc>
</teiHeader>
<facsimile>
<surfaceGrp facs="https://diyhistory.org/public/phr2/iiif/1432/manifest">
<surface>
<graphic n="https://diyhistory.org/public/phr2/iiif/1432/canvas/p1" url="https://diyhistory.org/public/phr2/files/original/fece04b85b90100053d744abd578d8d644f4d713.jpg" />
<zone lrx="1975" lry="3175" ulx="38" uly="1012" xml:id="zone_rpn_pcx_cjb" />
</surface>
<surface>
<graphic n="https://diyhistory.org/public/phr2/iiif/1432/canvas/p2" url="https://diyhistory.org/public/phr2/files/original/c170f8fab9a2f598cb22bc30213ffd9b04ac501f.jpg" />
</surface>
<surface>
<graphic n="https://diyhistory.org/public/phr2/iiif/1432/canvas/p3" url="https://diyhistory.org/public/phr2/files/original/f99a82cdfabf268a31028ed200cfefbb99d0fc6d.jpg" />
</surface>
<surface>
<graphic n="https://diyhistory.org/public/phr2/iiif/1432/canvas/p4" url="https://diyhistory.org/public/phr2/files/original/70cb407844072b0b031a18585e0774a18076b133.jpg" />
<zone lrx="2234" lry="1772" ulx="500" uly="183" xml:id="zone_onn_rcx_cjb" />
</surface>
</surfaceGrp>
</facsimile>
<text>
<body>
<div1 cert="low" type="takrīr_sūret">
<p>
<lb />... fī <date type="created" when="1869-06-19" when-custom="1286-03-10">10 Rebi'ü'l-evvel sene 86</date><lb />
</p>
</div1>
<div1 facs="#zone_onn_rcx_cjb" type="summay_Croatian">
<p>
<lb /><date type="summary_Croatian" when="1869">1869</date><lb />
</p>
</div1>
</body>
</text>
</TEI>