<TEI xmlns="http://www.tei-c.org/ns/1.0">
	<teiHeader>
		<fileDesc>
			<titleStmt>
				<title>DSCN1810</title>
			</titleStmt>
			<publicationStmt>
				<p>Publication Information</p>
			</publicationStmt>
			<notesStmt>
				<note type="mine">【要】日付：月、DSCN1809.JPG, DSCN1816/JPGと同じ書き方をしているが読み取れない。</note>
			</notesStmt>
			<sourceDesc>
				<p>{ "saji:aspectRatioType": [ "D" ], "saji:fond": [ "Tursko 1" ] }</p>
			</sourceDesc>
		</fileDesc>
	</teiHeader>
	<facsimile>
		<surfaceGrp facs="https://diyhistory.org/public/phr2/iiif/1341/manifest">
			<surface>
				<graphic n="https://diyhistory.org/public/phr2/iiif/1341/canvas/p1" url="https://diyhistory.org/public/phr2/files/original/f7cb09b76007a40b670d07f7c5ab32781e247498.jpg"/>
				<zone lrx="1639" lry="2869" ulx="331" uly="223" xml:id="zone_a4p_1l4_cjb"/>
				<zone lrx="1575" lry="2773" ulx="1435" uly="2587" xml:id="zone_sfx_bl4_cjb"/>
				<zone lrx="1568" lry="2771" ulx="1442" uly="2657" xml:id="zone_fvm_cl4_cjb"/>
				<zone lrx="1300" lry="2771" ulx="1132" uly="2603" xml:id="zone_vgd_dl4_cjb"/>
				<zone lrx="1276" lry="2754" ulx="1157" uly="2643" xml:id="zone_qdq_dl4_cjb"/>
				<zone lrx="956" lry="2825" ulx="788" uly="2622" xml:id="zone_udf_2l4_cjb"/>
				<zone lrx="946" lry="2813" ulx="798" uly="2677" xml:id="zone_qss_2l4_cjb"/>
				<zone lrx="642" lry="2786" ulx="503" uly="2614" xml:id="zone_y2k_fl4_cjb"/>
				<zone lrx="632" lry="2778" ulx="511" uly="2667" xml:id="zone_lky_fl4_cjb"/>
			</surface>
		</surfaceGrp>
	</facsimile>
	<text>
		<body>
			<div1 facs="#zone_a4p_1l4_cjb" type="ʿilmühaber_tapu_senedi">
				<p>
					<lb/>... fī <date type="created" when="1864-05-26" when-custom="1280--20">20 ... sene 1280</date>
					<lb/>
				</p>
				<div2 facs="#zone_sfx_bl4_cjb" type="sign">
					<p>
						<lb/>...
						<lb/>
					</p>
					<div3 facs="#zone_fvm_cl4_cjb" type="stamp">
						<p>
							<lb/>...
							<lb/>
						</p>
					</div3>
				</div2>
				<div2 facs="#zone_vgd_dl4_cjb" type="sign">
					<p>
						<lb/>...
						<lb/>
					</p>
					<div3 facs="#zone_qdq_dl4_cjb" type="stamp">
						<p>
							<lb/>...
							<lb/>
						</p>
					</div3>
				</div2>
				<div2 facs="#zone_udf_2l4_cjb" type="sign">
					<p>
						<lb/>...
						<lb/>
					</p>
					<div3 facs="#zone_qss_2l4_cjb" type="stamp">
						<p>
							<lb/>...
							<lb/>
						</p>
					</div3>
				</div2>
				<div2 facs="#zone_y2k_fl4_cjb" type="sign">
					<p>
						<lb/>...
						<lb/>
					</p>
					<div3 facs="#zone_lky_fl4_cjb" type="stamp">
						<p>
							<lb/>...
							<lb/>
						</p>
					</div3>
				</div2>
			</div1>
		</body>
	</text>
</TEI>
