<TEI xmlns="http://www.tei-c.org/ns/1.0">
  <teiHeader>
    <fileDesc>
      <titleStmt>
        <title>DSCN0488</title>
      </titleStmt>
      <publicationStmt>
        <p>Publication Information</p>
      </publicationStmt>
      <sourceDesc>
        <p>{ "saji:aspectRatioType": [ "?" ], "saji:fond": [ "Tursko 6" ], "saji:memo": [ "・何を示しているか分からない。\r\n・ボスニア語梗概？" ] }</p>
      </sourceDesc>
    </fileDesc>
  </teiHeader>
  <facsimile>
    <surfaceGrp facs="https://diyhistory.org/public/phr2/iiif/2895/manifest">
      <surface>
        <graphic n="https://diyhistory.org/public/phr2/iiif/2895/canvas/p1" url="https://diyhistory.org/public/phr2/files/original/e4d2e9b38ec50cf1badb88ba2004b44b2b9fd4a5.jpg" />
      </surface>
    </surfaceGrp>
  </facsimile>
  <text>
    <body>
      <div1 type="summary_Croatian">
        <p>
          <lb />... fī <lb />
        </p>
      </div1>
    </body>
  </text>
</TEI>