<TEI xmlns="http://www.tei-c.org/ns/1.0">
  <teiHeader>
    <fileDesc>
      <titleStmt>
        <title>DSCN0743</title>
      </titleStmt>
      <publicationStmt>
        <p>Publication Information</p>
      </publicationStmt>
      <sourceDesc>
        <p>{ "saji:aspectRatioType": [ "G" ], "saji:fond": [ "Tursko 8" ], "saji:memo": [ "典型" ] }</p>
      </sourceDesc>
    </fileDesc>
  </teiHeader>
  <facsimile>
    <surfaceGrp facs="https://diyhistory.org/public/phr2/iiif/3140/manifest">
      <surface>
        <graphic n="https://diyhistory.org/public/phr2/iiif/3140/canvas/p1" url="https://diyhistory.org/public/phr2/files/original/386cf4df7283ede14a8b2ed84479f303f6c640ac.jpg" />
        <zone lrx="2895" lry="1800" ulx="550" uly="488" xml:id="zone_xrm_tsq_2mb" />
      </surface>
      <surface>
        <graphic n="https://diyhistory.org/public/phr2/iiif/3140/canvas/p2" url="https://diyhistory.org/public/phr2/files/original/c42aa30838ad5a8a16b109fd4fd1f387102575fc.jpg" />
        <zone lrx="2108" lry="2650" ulx="475" uly="350" xml:id="zone_c3p_5sq_2mb" />
        <zone lrx="1759" lry="1904" ulx="1343" uly="1552" xml:id="zone_sd3_wsq_2mb" />
        <zone lrx="1027" lry="2615" ulx="579" uly="2159" xml:id="zone_ckb_xsq_2mb" />
      </surface>
    </surfaceGrp>
  </facsimile>
  <text>
    <body>
      <div1 facs="#zone_xrm_tsq_2mb" next="#zone_c3p_5sq_2mb" type="ʿilmühaber">
        <p>
          <lb />
          <lb />... <date type="created" when="1872-03-09" when-custom="1288">sene 1288</date>
        </p>
      </div1>
      <div1 facs="#zone_c3p_5sq_2mb" type="ʿilmühaber">
        <p>
          <lb />
          <lb />... fī <date type="created" when="1872-04-30" when-custom="1289-02-22">22 Şübat sene 89</date> ...
        </p>
        <div2 type="sign">
          <div3 facs="#zone_sd3_wsq_2mb" type="stamp">
            <p>
              <lb />...<lb />
            </p>
          </div3>
        </div2>
        <div2 type="sign">
          <div3 facs="#zone_ckb_xsq_2mb" type="stamp">
            <p>
              <lb />...<lb />
            </p>
          </div3>
        </div2>
      </div1>
    </body>
  </text>
</TEI>