<TEI xmlns="http://www.tei-c.org/ns/1.0">
  <teiHeader>
    <fileDesc>
      <titleStmt>
        <title>DSCN0853</title>
      </titleStmt>
      <publicationStmt>
        <p>Publication Information</p>
      </publicationStmt>
      <sourceDesc>
        <p>{ "saji:aspectRatioType": [ "?" ], "saji:fond": [ "Tursko 8" ], "saji:memo": [ "・何を示しているか不明。\r\n・ボスニア語梗概？" ] }</p>
      </sourceDesc>
    </fileDesc>
  </teiHeader>
  <facsimile>
    <surfaceGrp facs="https://diyhistory.org/public/phr2/iiif/3242/manifest">
      <surface>
        <graphic n="https://diyhistory.org/public/phr2/iiif/3242/canvas/p1" url="https://diyhistory.org/public/phr2/files/original/8f0021777c31419ac4b1058f8a2083cf9c98ce9e.jpg" />
      </surface>
      <surface>
        <graphic n="https://diyhistory.org/public/phr2/iiif/3242/canvas/p2" url="https://diyhistory.org/public/phr2/files/original/0458417e214328f9da37a06289e8143e13984a98.jpg" />
      </surface>
      <surface>
        <graphic n="https://diyhistory.org/public/phr2/iiif/3242/canvas/p3" url="https://diyhistory.org/public/phr2/files/original/3c2073637dc08750918f8871e7e93162299bd8ff.jpg" />
      </surface>
      <surface>
        <graphic n="https://diyhistory.org/public/phr2/iiif/3242/canvas/p4" url="https://diyhistory.org/public/phr2/files/original/1c21c519ef9c172cff1bf70f93d8e8c16ff2d230.jpg" />
      </surface>
      <surface>
        <graphic n="https://diyhistory.org/public/phr2/iiif/3242/canvas/p5" url="https://diyhistory.org/public/phr2/files/original/2d574b4df49063f698142e0b1368692e6b3748fc.jpg" />
      </surface>
      <surface>
        <graphic n="https://diyhistory.org/public/phr2/iiif/3242/canvas/p6" url="https://diyhistory.org/public/phr2/files/original/c244f7534fc8aaafb42ae924c14fc1ff070b6243.jpg" />
      </surface>
      <surface>
        <graphic n="https://diyhistory.org/public/phr2/iiif/3242/canvas/p7" url="https://diyhistory.org/public/phr2/files/original/2b56c1153201b0084207894a144834ffeef68ea7.jpg" />
      </surface>
      <surface>
        <graphic n="https://diyhistory.org/public/phr2/iiif/3242/canvas/p8" url="https://diyhistory.org/public/phr2/files/original/071d2e96e93149871d99c95f81e0d007b05caa9e.jpg" />
      </surface>
    </surfaceGrp>
  </facsimile>
  <text>
    <body>
      <div1 type="unknown_Croatian">
        <p>
          <lb />...<lb />
        </p>
      </div1>
    </body>
  </text>
</TEI>