<TEI xmlns="http://www.tei-c.org/ns/1.0">
  <teiHeader>
    <fileDesc>
      <titleStmt>
        <title>DSCN0704</title>
      </titleStmt>
      <publicationStmt>
        <p>Publication Information</p>
      </publicationStmt>
      <sourceDesc>
        <p>{ "saji:aspectRatioType": [ "?" ], "saji:fond": [ "Tursko 8" ], "saji:memo": [ "・何を示しているか不明。\r\n・ボスニア語梗概？" ] }</p>
      </sourceDesc>
    </fileDesc>
  </teiHeader>
  <facsimile>
    <surfaceGrp facs="https://diyhistory.org/public/phr2/iiif/3105/manifest">
      <surface>
        <graphic n="https://diyhistory.org/public/phr2/iiif/3105/canvas/p1" url="https://diyhistory.org/public/phr2/files/original/d6a3ba662ace8c9af15b76a70e603b590f6a652e.jpg" />
      </surface>
      <surface>
        <graphic n="https://diyhistory.org/public/phr2/iiif/3105/canvas/p2" url="https://diyhistory.org/public/phr2/files/original/c221cc83ead7a8a67316abf0e98bfb8b0227c5d5.jpg" />
      </surface>
      <surface>
        <graphic n="https://diyhistory.org/public/phr2/iiif/3105/canvas/p3" url="https://diyhistory.org/public/phr2/files/original/3652232937a671d28f5870b4678d5060bc6b7b63.jpg" />
      </surface>
      <surface>
        <graphic n="https://diyhistory.org/public/phr2/iiif/3105/canvas/p4" url="https://diyhistory.org/public/phr2/files/original/a6e42d37294c42627818d70557d51ec364524faf.jpg" />
      </surface>
      <surface>
        <graphic n="https://diyhistory.org/public/phr2/iiif/3105/canvas/p5" url="https://diyhistory.org/public/phr2/files/original/bfa27b1795660cf378eeeda31cb931cf24d67786.jpg" />
      </surface>
    </surfaceGrp>
  </facsimile>
  <text>
    <body>
      <div1 type="unknown_Croatian">
        <p>
          <lb />...<lb />
        </p>
      </div1>
    </body>
  </text>
</TEI>