<TEI xmlns="http://www.tei-c.org/ns/1.0">
<teiHeader>
<fileDesc>
<titleStmt>
<title>DSCN1018</title>
</titleStmt>
<publicationStmt>
<p>Publication Information</p>
</publicationStmt>
<sourceDesc>
<p>{ "saji:aspectRatioType": [ "C" ], "saji:fond": [ "Tursko 1" ] }</p>
</sourceDesc>
</fileDesc>
</teiHeader>
<facsimile>
<surfaceGrp facs="https://diyhistory.org/public/phr2/iiif/1134/manifest">
<surface>
<graphic n="https://diyhistory.org/public/phr2/iiif/1134/canvas/p1" url="https://diyhistory.org/public/phr2/files/original/2a89122e2fefa258b1e43e63ed1ef5e3e446b161.jpg" />
<zone lrx="2318" lry="2690" ulx="336" uly="154" xml:id="zone_w42_dxg_z3b" />
<zone lrx="1447" lry="130" ulx="993" uly="17" xml:id="zone_fhc_fxg_z3b" />
</surface>
<surface>
<graphic n="https://diyhistory.org/public/phr2/iiif/1134/canvas/p2" url="https://diyhistory.org/public/phr2/files/original/1ee307ec8bc78bcc1d3a0200dd1e308b58e0b8b5.jpg" />
</surface>
<surface>
<graphic n="https://diyhistory.org/public/phr2/iiif/1134/canvas/p3" url="https://diyhistory.org/public/phr2/files/original/d7eb7b999ad0e1bd221bff01e57a42486097ec8b.jpg" />
</surface>
</surfaceGrp>
</facsimile>
<text>
<body>
<div1 cert="low" facs="#zone_w42_dxg_z3b" type="unkonown_Croatian">
<l>... <date type="created" when="1858-08-09" when-custom="1274">1274</date></l>
</div1>
<div1 facs="#zone_fhc_fxg_z3b" type="summary_Ottoman" />
</body>
</text>
</TEI>