<TEI xmlns="http://www.tei-c.org/ns/1.0">
<teiHeader>
<fileDesc>
<titleStmt>
<title>DSCN1836</title>
</titleStmt>
<publicationStmt>
<p>Publication Information</p>
</publicationStmt>
<notesStmt>
<note type="mine">【要】日付：全ての日付を作成日としてタグ付けしている、本文を読んで作成日を要確認。</note>
</notesStmt>
<sourceDesc>
<p>{ "saji:aspectRatioType": [ "C" ], "saji:fond": [ "Tursko 1" ] }</p>
</sourceDesc>
</fileDesc>
</teiHeader>
<facsimile>
<surfaceGrp facs="https://diyhistory.org/public/phr2/iiif/1367/manifest">
<surface>
<graphic n="https://diyhistory.org/public/phr2/iiif/1367/canvas/p1" url="https://diyhistory.org/public/phr2/files/original/fa605f1edbc6d9c76ec9c73adce7045eb6c0b2d1.jpg" />
<zone lrx="2188" lry="1758" ulx="106" uly="370" xml:id="zone_pff_zwp_cjb" />
<zone lrx="880" lry="1592" ulx="726" uly="1448" xml:id="zone_avf_1xp_cjb" />
</surface>
</surfaceGrp>
</facsimile>
<text>
<body>
<div1 cert="low" facs="#zone_pff_zwp_cjb" type="şukka">
<p>
<lb />... fī <date type="created" when="1877-03-03" when-custom="1294-02-18">18 Safer sene 294</date> ve fī <date cert="unknown" type="created" when="1876-01-16" when-custom="1292--20">20 ... sene 92</date><lb />
</p>
<div3 facs="#zone_avf_1xp_cjb" type="stamp">
<p>
<lb />...<lb />
</p>
</div3>
</div1>
</body>
</text>
</TEI>