<TEI xmlns="http://www.tei-c.org/ns/1.0">
  <teiHeader>
    <fileDesc>
      <titleStmt>
        <title>DSCN0586</title>
      </titleStmt>
      <publicationStmt>
        <p>Publication Information</p>
      </publicationStmt>
      <sourceDesc>
        <p>{ "saji:aspectRatioType": [ "C" ], "saji:fond": [ "Tursko 6" ] }</p>
      </sourceDesc>
    </fileDesc>
  </teiHeader>
  <facsimile>
    <surfaceGrp facs="https://diyhistory.org/public/phr2/iiif/2990/manifest">
      <surface>
        <graphic n="https://diyhistory.org/public/phr2/iiif/2990/canvas/p1" url="https://diyhistory.org/public/phr2/files/original/825794eafc7d2a205a0661e68a94c00b47b32590.jpg" />
        <zone lrx="1630" lry="2900" ulx="80" uly="20" xml:id="zone_ntp_p4j_2mb" />
      </surface>
      <surface>
        <graphic n="https://diyhistory.org/public/phr2/iiif/2990/canvas/p2" url="https://diyhistory.org/public/phr2/files/original/ed257473b1d8b8fd14cfa5244cb49d7037780943.jpg" />
        <zone lrx="613" lry="2143" ulx="275" uly="1783" xml:id="zone_hqy_r4j_2mb" />
      </surface>
      <surface>
        <graphic n="https://diyhistory.org/public/phr2/iiif/2990/canvas/p3" url="https://diyhistory.org/public/phr2/files/original/9dca45efe01717ebb5b3ef90c2fe5ed47a4dc438.jpg" />
        <zone lrx="3128" lry="683" ulx="1545" uly="194" xml:id="zone_kj2_t4j_2mb" />
      </surface>
    </surfaceGrp>
  </facsimile>
  <text>
    <body>
      <div1 facs="#zone_ntp_p4j_2mb" next="#zone_kj2_t4j_2mb" type="ʿarz-ıhāl">
        <p>
          <lb />...<lb />
        </p>
        <div2 facs="#zone_hqy_r4j_2mb" type="sign">
          <p>
            <lb />...<lb />
          </p>
        </div2>
      </div1>
      <div1 facs="#zone_kj2_t4j_2mb" type="summary_Croatian">
        <p>
          <lb />... 
          <lb /><date type="summary_Croatian" when="1791">1791</date>
        </p>
      </div1>
    </body>
  </text>
</TEI>