<TEI xmlns="http://www.tei-c.org/ns/1.0">
	<teiHeader>
		<fileDesc>
			<titleStmt>
				<title>DSCN0886</title>
			</titleStmt>
			<publicationStmt>
				<p>Publication Information</p>
			</publicationStmt>
			<notesStmt>
				<note type="summary">Nuh bin Hasanというムスリムの行方不明事件に関し、遺族が代理人を通じて複数の修道士を殺人罪で訴えたが原告側が敗訴・修道院側が勝訴した訴訟の、判決文と同一案件について再度の訴えを禁ずるブユルルドゥ。</note>
				<note type="mine">修道士たちが自らの潔白を示す証拠として保管していたと思われる。本文中には、この2年前にも同一案件について2通のヒュッジェト（事件調査に関するもので裁判が行われたわけではない？）がカーイムマカームから発行されていた旨が示されている。</note>
				<note type="mine">DSCN1846.JPGは、同一案件に関するibra temessüküと見られ、このhüccetとの前後関係については【要】検討であるが、秋葉先生によれば裁判(=本ヒュッジェト)の後に作成されたものではないかとのこと。また、発行者（署名）は、最初の単語は分からないが、本ヒュッジェトの遺族代理人を務めたAhmed Abdülfettahzade an-Çayniçeではないかとのこと。</note>
				<note type="mine">また、すでに本ヒュッジェトがあり、その裏に行政官(=ボスナのカーイムマカーム)の命令まで書いてもらっているのに、さらに敗訴側に念書(DSCN1846.JPG)のようなものを出させているのは念が入っていて面白い、こういうことは法定台帳から見えてこないので興味深いとのこと。</note>
				</notesStmt>
			<sourceDesc>
				<p>{ "saji:aspectRatioType": [ "A" ], "saji:calligraphy": [ "Rıkʿa" ], "saji:date_H": [ "1188-Ca-17" ], "saji:date_M": [ "1774-07-26" ], "saji:foldingMethod": [ "7" ], "saji:fond": [
					"Tursko 1" ], "saji:huve": [ "1" ], "saji:item": [ "\"hüve\"", "本文", "証人", "オスマン朝スタンプ", "クレシェヴォのスタンプ" ], "saji:lang": [ "ota" ], "saji:lineage": [ "21" ], "saji:memo": [
					"冒頭左上に、特徴的な形をした4行の定型文", "最後に、6名の証人の名前：\"Şuhūdu'l-ḥāl\"", "典型" ], "saji:number": [ "509" ], "saji:openingPhrase": [ "fi'l-aṣl" ], "saji:placeFull": [ "Çaniça(?) ḳażā", "(?) sancaḳ"
					], "saji:relationWithAnotherItems": [ "DSCN0886.JPG_表", "表全体像" ], "saji:stamp_c": [ "1" ], "saji:stamp_o": [ "1" ] }</p>
			</sourceDesc>
		</fileDesc>
	</teiHeader>
	<facsimile>
		<surfaceGrp facs="https://diyhistory.org/public/phr2/iiif/1005/manifest">
			<surface>
				<graphic url="https://diyhistory.org/public/phr2/files/original/c961cb50b1afafc568313909ec20b70d72c73fcc.jpg" n="https://diyhistory.org/public/phr2/iiif/1005/canvas/p1"/>
				<zone xml:id="zone_mxh_nz1_x3b" lry="3000" lrx="1477" uly="51" ulx="591"/>
				<zone xml:id="zone_djm_4z1_x3b" lry="1081" lrx="1130" uly="500" ulx="786"/>
				<zone xml:id="zone_xpj_vfj_v5b" lry="1073" lrx="1003" uly="961" ulx="870"/>
			</surface>
			<surface>
				<graphic n="https://diyhistory.org/public/phr2/iiif/1005/canvas/p2" url="https://diyhistory.org/public/phr2/files/original/a2f5904620bb12d421e677196087127ed9d8a6ca.jpg"/>
			</surface>
			<surface>
				<graphic url="https://diyhistory.org/public/phr2/files/original/800132247e6d6bf336e848ebde1638418d0ad685.jpg" n="https://diyhistory.org/public/phr2/iiif/1005/canvas/p3"/>
				<zone xml:id="zone_enx_rz1_x3b" lry="2058" lrx="2100" uly="611" ulx="94"/>
				<zone xml:id="zone_gct_sz1_x3b" lry="2008" lrx="2063" uly="679" ulx="600"/>
				<zone xml:id="zone_j4p_ygj_v5b" lry="1318" lrx="1579" uly="1116" ulx="1385"/>
			</surface>
			<surface>
				<graphic n="https://diyhistory.org/public/phr2/iiif/1005/canvas/p4" url="https://diyhistory.org/public/phr2/files/original/508bb61f9d41d3822e4bfe1657e81c866bfd85c0.jpg"/>
				<zone lrx="3050" lry="1311" ulx="217" uly="822" xml:id="zone_qkj_5z1_x3b"/>
			</surface>
		</surfaceGrp>
	</facsimile>
	<text>
		<body>
			<div1 facs="#zone_mxh_nz1_x3b" type="hüccet">
				<p>
					<lb/>Hüve
					<lb/>Sebeb-i tahrīr-i kitāb-ı şerʿī ｂudur ki
					<lb/>fi'l-asl Çayniçe kazāsında KOVŞNİÇE karyesin ahālisinden olub medīne-i Saray Bosna kazāsına müzāf Foyniçe
					<lb/>nāhiyesine tābiʿ Kirşevoda bekârlık tarīkiyle ber vech-i ticāret meks ü ikāmet edüb bundan akdem gaybet-i münkatiʿa ile
					<lb/>gā'ib ʿani'l-beled olan Nūh bin Hasan nām kimesnenin li-ebeveyn er karındaşı Mehmed ibn-i Hasan ve li-ebeveyn kız karındaşı
					<lb/>Havva tarafılarından husūs-ı ātiyü'l-beyānı taleb ve daʿvāya bi-ma-hüve en-nehcü'ş-şerʿī bā hüccet-i şerʿiye vekâleti sābit
					<lb/>u sübūt vekâletine hükm-i şerʿī lāhik olan Çayniçe kasabası ahālisinden Ahmed Beşe ibn-i ʿAbdülfettāh nām kimesne
					<lb/>meclis-i şerʿ hātir-i lāzımü't-tevkīrde Kirşevo varoş kubrunda vākiʿ kilisa rāhiblerinden işbu rāfi'ū's-sifr
					<lb/>YOZEB veled-i Īvān ve varoş-ı Kirşevo mütemekkinlerinden MATYE veled-i PRANO ve İstepān veled-i Īvān ve Nikola
					<lb/>veled-i MATYE ve Īvān veled-i PAVLA ve İstepān veled-i Toma ve Anton veled-i PAVR ve Nikola veled-i PRANO ve sā'irleri
					<lb/>muvācehelerinde bi'l-vekâle üzerlerine daʿvā ve takrīr-i kelām edüb tārīh-i kitābdan iki buçuk ay mukaddem ʿilmimize
					<lb/>lāhik olub müvekkelān-ı mezbūrān Mehmed ve Havva karndaşlar-ı mezbūr Nūh nām gā'ibi işbu zimmīler katl ve iʿdām
					<lb/>etmeleriyle su'āl olunub mūcib-i şerʿisi icrā olunması bi'l-vekâle matlūbumdur dedikde gıbbe's-su'āl
					<lb/>ve ʿakībi'l-inkâr vekîl-i mezbūr Ahmed Beşe'den daʿvāsına mütābık beyyine taleb olundukta ityān-ı
					<lb/>beyyineden bi'l-külliye izhār-ı ʿacz edüb yemīne dahi tālib olmamağla husūs-ı mezkūr tārīh-i kitābdan iki sene
					<lb/>mukaddem eyālet-i Bosna kāimmakāmı mīr-i mīrān-ı kerāmdan saʿādetlü Mustafa Paşa ve baʿdeh ke-zālik eyālet-i
					<lb/>mezbūre kāimmakām-ı mīr-i ʿalem Mehmed Paşa tarafılarından bā buyuruldu-yı hatīr taʿīn olunan mübāşirān maʿrifeti ve maʿrifet-i
					<lb/>şerʿile teftīş ve gā'ib-i mezbūr Nūh tafahhus olunduğunu iki kıtʿa hüccet-i şerʿiye ibrāz olunub feth ve kırāʿat
					<lb/>olundukta ve refʿ-i meşrūhelerine mütābık ve şerʿ-i şerīfe müvāfik bulunub mezbūr Nūh'un ancak gaybeti
					<lb/>sābit ve zāhir olub reʿāyā-ı mesfūrūndan bilā-beyyine dem ü diyet mütālebesınden bir nesne
					<lb/>şerʿan lāzım gelmeyüb ve vekil-i mezbūr Ahmed Beşe'nin bī-vech-i şerʿi muʿāraza ve müdāhalesi menʿ ve defʿ
					<lb/>birle mā-vakaʿ bi't-taleb ketb olundu zālika ve hurrire fī <date type="created" when="1774-07-25" when-custom="1188-05-17">el-yevmi's-sābiʿ ʿöşr min Cemaziye'l-evvel
						<lb/>li-sene samān ve samāniyya ve mi'e ve elfin</date>
					<note type="translation">もともとチャイニチェ・カザーのKOVŞNİÇE村の住民であり、サライボスナ・カザーに属するフォイニチェ・ナーヒエに属するクレシェヴォに独身男性の商人として滞在し、先日から完全な沈黙によってこの地域から姿を消しているヌーフ・ビン・ハサンという名前の人物の、両親を同じくする兄弟メフメド・イブン・ハサンと姉妹ハッヴァにより、後述の件が求められ、訴訟がシャリーアに従い聖なるヒュッジェトによって代理人が定められ、シャリーアに基づいて代理人となったチャイニチェ・カサバの住民であるアフメド・ベシェ・イブン・アブデュルフェッターフという名前の人物が、敬意を払うべき聖なる法廷へ出廷するにおよび、クレシェヴォ・ヴァロシュ近郊の境界の修道士たちの内、この（事件の）当事者であるYOZEB veled-i Īvān、クレシェヴォ・ヴァロシュの住民であるMATYE veled-i PRANO、İstepān veled-i Īvān、Nikola veled-i MATYE、Īvān veled-i PAVLA、İstepān veled-i Toma ve Anton veled-i PAVR、Nikola veled-i PRANO、その他の者たちが対面し、代理人(=アフメト・ベシェ)が彼ら(=被告人の非ムスリムたち)に対して訴え陳述して曰く、「記録(=このヒュッジェト)の日付より2か月半前に（ヌーフの事件が）我々の知るところとなり、前述の被代理人である前述の者の兄弟たちメフメドとハッヴァは、前述のヌーフという名の行方不明者をこれらのズィンミーたちが殺害したと言ったので、尋問がなされシャリーアにしたがって（刑罰が）執行されることが代理人である私によって求められた」と述べたが、その後（その訴えが）否認されたため、前述の代理人アフメト・ベシェに対し彼の主張に沿う証拠が求められたが、代理人から証拠の提出は全くできないと表明され、（代理人は被告側に）宣誓さえ求めなかった。前述の件については、記録(=このヒュッジェト)の日付の2年前にも、ボスナ・エヤーレトの偉大なるカーイムマカームである幸運の持ち主たるムスタファ・パシャと、彼の後に同じくボスナ・エヤーレトのカーイムマカームであったメフメト・パシャの重要なブユルルドゥによって任命されたミュバーシルとカーディーによって調査がなされ、前述の失踪者ヌーフの調査について2通の聖なるヒュッジェトが示され、（巻かれていたヒュッジェトが）開かれ読み上げられるにおよび、refʿ-i meşrūhelerine mütābık 聖なるシャリーアに従って、前述のヌーフの失踪（殺人ではなく単なる失踪）が確定され、前述のレアーヤーたちからなんの証拠もなしに血の代償を求めることは何らシャリーアの要請するところではないため、前述の代理人アフメト・ベシェがシャリーアに反して異議申し立て・介入を行うことが禁止・拒絶され、それとともに本件について要請に従って（このヒュッジェトとして）書かれた。これは、1188年第5月17日に書かれた。</note>
				</p>
				<div2 type="şühūdu'l-hāl">
					<p>
						<lb/>Şühūdu'l-hāl
						<lb/>Mollā Mehmed ibn-i ʿÖmer Efendī
						<lb/>Mollā Ahmed ibn-i ʿÖmer ʿan Foyniçe
						<lb/>Mollā ʿÖmer ibn-i ʿAlī Efendī ʿan Foyniçe
						<lb/>Fahrü'l-akran Abdüllah Ağa Serdār-ı Foyniçe
						<lb/>Fahrü'l-akran Süleymān Ağa Emīn-i Kirşevo
						<lb/>Fahrü'l-akran Ağa Emīn-i Foyniçe
						<lb/>Sālih Beşe ibn-i Mustafa ...
						<lb/>Mehmed Beşe ibn-i Şāhin ʿan Foyniçe
						<lb/>Ahmed Efendī El-imām bi-cāmiʿ-i Sukiye(?) </p>
				</div2>
				<div2 type="tasdīk_sign" facs="#zone_djm_4z1_x3b">
					<p>
						<lb/>El-emru hasbemā hurrire fīhi
						<lb/>Feyzullāh Lütfullāh Efendizāde el-kadı bi-madīne-i Saray Bosna nemmekahū el-fakīr ileyhi subhānehū ve te'ālā
						<lb/>gufira lehumā
						<note type="translation">（趣旨は）以下に書かれた通りである；彼らに赦しを与える賞賛されしいと高き神の僕たる、サライボスナのカーディーである、フェイズッラー・リュトフッラー・エフェンディザーデによって書かれた。</note>
					</p>
					<div3 type="stamp" facs="#zone_xpj_vfj_v5b">
						<p>
							<lb/>Feizullāh </p>
					</div3>
				</div2>
			</div1>
			<div1 facs="#zone_enx_rz1_x3b" type="buyuruldu">
				<p>
					<lb/>Hüccet-i şerʿiye mūcibince ʿamel ve muʿārazasın menʿ ve defʿ olunmak
					<lb/>fī <date type="created" when-custom="1188-05-17">17 Ca 188</date>
					<note type="translation">聖なるヒュッジェトによって執行し、異議申し立てを禁止・拒絶する。1188年5月17日。</note>
				</p>
				<div2 type="sign" facs="#zone_gct_sz1_x3b">
					<p>
						<lb/>...
						<lb/>... İbrāhīm Kāimmakām eyālet-i Bosna ... </p>
					<div3 type="stamp" facs="#zone_j4p_ygj_v5b">
						<p>
							<lb/>Seyyid İbrāhīm
							<lb/>... </p>
					</div3>
				</div2>
			</div1>
			<div1 facs="#zone_qkj_5z1_x3b" type="summary_Serbian">
				<p>
					<lb/><date type="summary_Serbian" when="1774">1774</date>: ... 24 Agusta ...
					<lb/>
					<lb/>... <date type="summary_Serbian" when="1774">1774</date>
				</p>
			</div1>
		</body>
	</text>
</TEI>
