<TEI xmlns="http://www.tei-c.org/ns/1.0">
	<teiHeader>
		<fileDesc>
			<titleStmt>
				<title>DSCN1915</title>
			</titleStmt>
			<publicationStmt>
				<p>Publication Information</p>
			</publicationStmt>
			<notesStmt>
				<note type="summary">クレシェヴォ・ナーヒエにおいてティマール地を保有しているメフメドが、ティマール地内にあるムスリム村のひとつKOMAY村のユズ・カラムというズィンミーの保有するミーリー地の保有権とウシュルの支払い義務を、クレシェヴォ教会長Gardiyanに移譲することを認可した書状。</note>
				<note type="translation">
					<p>我々（メフメド）のティマール地にあるクレシェヴォ郷にあるムスリム村のひとつKOMAY村において</p>
					<p>ミーリー地を保有しているユズ・カラムというズィンミーのミーリー地のHUL田などについて</p>
					<p>メフメドの認可を経て、ユズ・カラムからクレシェヴォ教会長Gardiyānへ、土地の保有権とウシュル支払義務が移譲された。</p>
				</note>
				<note type="mine">【要】典型・日付、ともに不明。要確認。</note>
				<note type="mine">DSCN1919.JPGと同じ村・人物・話題か？KOMAY／KOMAR、YÜZÜ KALAM／PUFER ve KAIM veled-i YTR</note>
			</notesStmt>
			<sourceDesc>
				<p>{ "saji:aspectRatioType": [ "C" ], "saji:fond": [ "Tursko 1" ] }</p>
			</sourceDesc>
		</fileDesc>
	</teiHeader>
	<facsimile>
		<surfaceGrp facs="https://diyhistory.org/public/phr2/iiif/1445/manifest">
			<surface>
				<graphic n="https://diyhistory.org/public/phr2/iiif/1445/canvas/p1" url="https://diyhistory.org/public/phr2/files/original/3eb6013c0941fc27614895832a09b87403ad3b7d.jpg"/>
				<zone lrx="2946" lry="2277" ulx="400" uly="269" xml:id="zone_gyq_qhx_cjb"/>
				<zone lrx="825" lry="2258" ulx="476" uly="1908" xml:id="zone_d5z_rhx_cjb"/>
			</surface>
			<surface>
				<graphic n="https://diyhistory.org/public/phr2/iiif/1445/canvas/p2" url="https://diyhistory.org/public/phr2/files/original/f4aea5323d85a9336b29bf103c690b04db78b221.jpg"/>
				<zone lrx="2867" lry="2183" ulx="17" uly="1061" xml:id="zone_fy1_thx_cjb"/>
			</surface>
		</surfaceGrp>
	</facsimile>
	<text>
		<body>
			<div1 facs="#zone_gyq_qhx_cjb" next="#zone_fy1_thx_cjb" subtype="temessük" type="EMIN">
				<p>
					<lb/>Vech-i tahrīr-i hurūf oldur ki
					<lb/>bā-berāt-ı şerīf-i ʿālīşān mutasarrıf olduğumız tımārımız kurālarında Kirşevo nāhiyesine tābiʿ Müslimīn Kirşevo
					<lb/>kurālarında <placeName>KOMAY</placeName> karyesi hudūd dāhilinde arāz-ı mīrīye mutasarrıflarından <persName>YÜZÜ KALAM veled-i YTZ</persName> nām zimmīnin
					<lb/>taht u tasarrıfında bulunan arāz-ı mīrīsini örüsüyle ve korusuyla ve sā'ir tevābīʿ ve levāhikiyle hudūd ...
					<lb/>hissesinin bi'l-cümle karye-i mezbūre hudū[d]unda <placeName>HUL</placeName> tarılasında mādā ı ... yukaruki küçük hāneden
					<lb/>mādā bulunan maʿlūmu'l-hudūd ve'l-mekân hâl u hayātında ve kemāl-ı ʿakl ... hısn u rızāsıyla
					<lb/>varoş-u Kirşevo kilisasının işbu dârende-i hurūf <persName>Gardiyān</persName> nām baş rāhib meccānan habbe şerʿīye
					<lb/>sıyla ... habbe ü teslīm kıtʿa ʿalākasıyla işbu dārede-i temessük <persName>Garadiyān</persName> nām mesfūre meccānan
					<lb/>habbe ü ferāgat ve tafvīz ve zabt ve tasarrıfından ... edüb mesfūre zimmī ... ber-minvāl-i muharrir ittihāb
					<lb/>ve teferrug u tefevvuz ve zabt ve tasarrıf içün tarafımızdan istīzān etmekle biz dahi sāhibi'l-ʿarz olduğumız
					<lb/>hasebiyle mesfūrānın ferāgı u tezarruʿ tecvīz birle arāzī-i mesfūre fārig <persName>YÜZÜ</persName>'nın ferāgat baş rāhib
					<lb/>tafvīz ü zabt ve tasarrıfından virüb mā-dām ki be-her sene tarafımıza ʿāid u rāciʿ olan aʿşār-ı şerʿiyesin
					<lb/>ve rusūmāt-ı sā'iresin edā ile ve teslīm ile zabt ve tasarrıfına ve zirāʿatına tarafımızdan ve taraf-ı āhardan ferd ü ahad bir kimesne
					<lb/>māniʿ ü medhal olunmaya fī </p>
				<div2 facs="#zone_d5z_rhx_cjb" type="sign">
					<p>
						<lb/>El-... El-hac <persName>Mehemd</persName> El-me'mūr M
						<lb/>
					</p>
				</div2>
				<div2 type="şühūdu’l-hāl">
					<p>
						<lb/>Şühūdu’l-hāl
						<lb/>Mollā <persName>İbrāhīm TRNU zāde</persName>
						<lb/><persName>ʿAtman Bin RUNMELİ ZāH</persName>
						<lb/>... ʿan ...
						<lb/>Zimmī <persName>İwān</persName> ... ʿan karye ÇÜRÜNALA
						<lb/>... ʿan ...
						<lb/>Zimmī <persName>İwān KUİLŞ</persName>
						<lb/>Zimmī <persName>İwān PULSU</persName> ʿan Kirşevo
						<lb/><persName>YUB ŞEKİK</persName> ʿan Kirşevo
						<lb/>ve gayruhum </p>
				</div2>
			</div1>
			<div1 facs="#zone_fy1_thx_cjb" type="summary_Croatian">
				<p>
					<lb/>...
					<lb/>...
					<lb/><date type="summary_Croatian" when="1843">1843</date>.
					<lb/>Nno 9.
					<lb/>A </p>
			</div1>
		</body>
	</text>
</TEI>
