<TEI xmlns="http://www.tei-c.org/ns/1.0">
  <teiHeader>
    <fileDesc>
      <titleStmt>
        <title>DSCN0764</title>
      </titleStmt>
      <publicationStmt>
        <p>Publication Information</p>
      </publicationStmt>
      <sourceDesc>
        <p>{ "saji:aspectRatioType": [ "G" ], "saji:fond": [ "Tursko 8" ], "saji:memo": [ "典型" ] }</p>
      </sourceDesc>
    </fileDesc>
  </teiHeader>
  <facsimile>
    <surfaceGrp facs="https://diyhistory.org/public/phr2/iiif/3159/manifest">
      <surface>
        <graphic n="https://diyhistory.org/public/phr2/iiif/3159/canvas/p1" url="https://diyhistory.org/public/phr2/files/original/8d87fb0bd3053e76295cc0f015138f28ad07c4b5.jpg" />
        <zone lrx="2166" lry="2280" ulx="366" uly="413" xml:id="zone_cy3_5zq_2mb" />
        <zone lrx="906" lry="1711" ulx="576" uly="1425" xml:id="zone_h3p_vzq_2mb" />
      </surface>
    </surfaceGrp>
  </facsimile>
  <text>
    <body>
      <div1 facs="#zone_cy3_5zq_2mb" type="unknown">
        <p>
          <lb />
          <lb />... fī <date cert="unknown" type="created" when="1872-02-19" when-custom="1288--10">10 ... sene 88</date>
        </p>
        <div2 type="sign">
          <div3 facs="#zone_h3p_vzq_2mb" type="stamp">
            <p>
              <lb />...<lb />
            </p>
          </div3>
        </div2>
      </div1>
    </body>
  </text>
</TEI>