<TEI xmlns="http://www.tei-c.org/ns/1.0">
  <teiHeader>
    <fileDesc>
      <titleStmt>
        <title>DSCN0865</title>
      </titleStmt>
      <publicationStmt>
        <p>Publication Information</p>
      </publicationStmt>
      <sourceDesc>
        <p>{ "saji:aspectRatioType": [ "?" ], "saji:fond": [ "Tursko 9" ], "saji:memo": [ "・何を示しているか不明。\r\n・ボスニア語梗概？" ] }</p>
      </sourceDesc>
    </fileDesc>
  </teiHeader>
  <facsimile>
    <surfaceGrp facs="https://diyhistory.org/public/phr2/iiif/3252/manifest">
      <surface>
        <graphic n="https://diyhistory.org/public/phr2/iiif/3252/canvas/p1" url="https://diyhistory.org/public/phr2/files/original/260dfa44c355863c4dc83ab252f9e3d5e255db11.jpg" />
      </surface>
      <surface>
        <graphic n="https://diyhistory.org/public/phr2/iiif/3252/canvas/p2" url="https://diyhistory.org/public/phr2/files/original/b192bfa2b1ec1098ffab1d5552180877a6ab603d.jpg" />
      </surface>
      <surface>
        <graphic n="https://diyhistory.org/public/phr2/iiif/3252/canvas/p3" url="https://diyhistory.org/public/phr2/files/original/1a75c98fca3a3f6737eef387dbc9608eb87d8610.jpg" />
      </surface>
      <surface>
        <graphic n="https://diyhistory.org/public/phr2/iiif/3252/canvas/p4" url="https://diyhistory.org/public/phr2/files/original/8213868b12ba2a0eaec1e760b9676a90c2e6baac.jpg" />
      </surface>
      <surface>
        <graphic n="https://diyhistory.org/public/phr2/iiif/3252/canvas/p5" url="https://diyhistory.org/public/phr2/files/original/a62a9178944270f42c0c0b39726637c3a4a3b55d.jpg" />
      </surface>
      <surface>
        <graphic n="https://diyhistory.org/public/phr2/iiif/3252/canvas/p6" url="https://diyhistory.org/public/phr2/files/original/06fa26abbd66f83e43b26971a0680c6e1cf3935b.jpg" />
      </surface>
      <surface>
        <graphic n="https://diyhistory.org/public/phr2/iiif/3252/canvas/p7" url="https://diyhistory.org/public/phr2/files/original/c7ddadf83afbd6d83fa9f476bc9c075cfe919f12.jpg" />
      </surface>
      <surface>
        <graphic n="https://diyhistory.org/public/phr2/iiif/3252/canvas/p8" url="https://diyhistory.org/public/phr2/files/original/f3aef0c3ecb13a43f008240993a4467478ec60ff.jpg" />
      </surface>
      <surface>
        <graphic n="https://diyhistory.org/public/phr2/iiif/3252/canvas/p9" url="https://diyhistory.org/public/phr2/files/original/94a9a2d96661bb447110f83c05732a4b8652a76a.jpg" />
      </surface>
      <surface>
        <graphic n="https://diyhistory.org/public/phr2/iiif/3252/canvas/p10" url="https://diyhistory.org/public/phr2/files/original/c82dda7827f03f289d6ce1e859145bd29d96bd48.jpg" />
      </surface>
      <surface>
        <graphic n="https://diyhistory.org/public/phr2/iiif/3252/canvas/p11" url="https://diyhistory.org/public/phr2/files/original/71e43d9489c9e983cb19a24f845a8e8b73aabd0e.jpg" />
      </surface>
      <surface>
        <graphic n="https://diyhistory.org/public/phr2/iiif/3252/canvas/p12" url="https://diyhistory.org/public/phr2/files/original/753f5b85d02bb89a941f12d9186654bd1b232f26.jpg" />
      </surface>
      <surface>
        <graphic n="https://diyhistory.org/public/phr2/iiif/3252/canvas/p13" url="https://diyhistory.org/public/phr2/files/original/a0e8aa4fa5f810f877b904ee8cdd9aa4b14f4e2a.jpg" />
      </surface>
      <surface>
        <graphic n="https://diyhistory.org/public/phr2/iiif/3252/canvas/p14" url="https://diyhistory.org/public/phr2/files/original/28af7598335d623b653f885eec978bd83e5756cf.jpg" />
      </surface>
      <surface>
        <graphic n="https://diyhistory.org/public/phr2/iiif/3252/canvas/p15" url="https://diyhistory.org/public/phr2/files/original/5a749da9cf8f1dc333789f57f061e2a68e986780.jpg" />
      </surface>
      <surface>
        <graphic n="https://diyhistory.org/public/phr2/iiif/3252/canvas/p16" url="https://diyhistory.org/public/phr2/files/original/e6fa85b15c5b2df1ebdfad656e407905ba3d3ac4.jpg" />
      </surface>
      <surface>
        <graphic n="https://diyhistory.org/public/phr2/iiif/3252/canvas/p17" url="https://diyhistory.org/public/phr2/files/original/b96ed8ac30ba6983f94f6abd9593ad6e48b7c2fe.jpg" />
      </surface>
      <surface>
        <graphic n="https://diyhistory.org/public/phr2/iiif/3252/canvas/p18" url="https://diyhistory.org/public/phr2/files/original/52744701f5652146c3d37e9018203c073055b577.jpg" />
      </surface>
      <surface>
        <graphic n="https://diyhistory.org/public/phr2/iiif/3252/canvas/p19" url="https://diyhistory.org/public/phr2/files/original/63f3206c199a8fa0d1389b89b4a70590cecb6072.jpg" />
      </surface>
      <surface>
        <graphic n="https://diyhistory.org/public/phr2/iiif/3252/canvas/p20" url="https://diyhistory.org/public/phr2/files/original/cbb1f6f818cb48366e69c74a9d7e7e18302d48bb.jpg" />
      </surface>
    </surfaceGrp>
  </facsimile>
  <text>
    <body>
      <div1 type="unknown_Croatian">
        <p>
          <lb />...<lb />
        </p>
      </div1>
    </body>
  </text>
</TEI>