<TEI xmlns="http://www.tei-c.org/ns/1.0">
    <teiHeader>
        <fileDesc>
            <titleStmt>
                <title>DSCN0296</title>
            </titleStmt>
            <publicationStmt>
                <p>Publication Information</p>
            </publicationStmt>
            <sourceDesc>
                <p>{ "saji:aspectRatioType": [ "C" ], "saji:fond": [ "Tursko 3" ] }</p>
            </sourceDesc>
        </fileDesc>
    </teiHeader>
    <facsimile>
        <surfaceGrp facs="https://diyhistory.org/public/phr2/iiif/1775/manifest">
            <surface>
                <graphic n="https://diyhistory.org/public/phr2/iiif/1775/canvas/p1" url="https://diyhistory.org/public/phr2/files/original/60b587f6f6bff79f1901925e8488d2148386158b.jpg" />
                <zone lrx="1963" lry="2981" ulx="127" uly="136" xml:id="zone_x3x_z4s_yjb" />
                <zone lrx="834" lry="2947" ulx="561" uly="2695" xml:id="zone_hb2_dps_yjb" />
                <zone lrx="1506" lry="876" ulx="491" uly="156" xml:id="zone_o5l_2ps_yjb" />
            </surface>
            <surface>
                <graphic n="https://diyhistory.org/public/phr2/iiif/1775/canvas/p2" url="https://diyhistory.org/public/phr2/files/original/f565114695ff1230d97d384767a3144dfe167fd0.jpg" />
            </surface>
            <surface>
                <graphic n="https://diyhistory.org/public/phr2/iiif/1775/canvas/p3" url="https://diyhistory.org/public/phr2/files/original/cfd31bc8e54d18f0fe98a585818e6b27b5938653.jpg" />
            </surface>
            <surface>
                <graphic n="https://diyhistory.org/public/phr2/iiif/1775/canvas/p4" url="https://diyhistory.org/public/phr2/files/original/d7036de3f5900d8599d88d06cd894a381411e61a.jpg" />
                <zone lrx="2684" lry="1344" ulx="489" uly="833" xml:id="zone_rdr_hps_yjb" />
            </surface>
        </surfaceGrp>
    </facsimile>
    <text>
        <body>
            <div1 facs="#zone_x3x_z4s_yjb" type="tapu_senedi">
                <p>
                    <lb />... fī <date type="created" when="1855-02-12" when-custom="1271-05-25">25 Ca sene 1271</date><lb />
                </p>
                <div2 type="sign">
                    <div3 facs="#zone_hb2_dps_yjb" type="stamp">
                        <p>
                            <lb />... <lb />
                        </p>
                    </div3>
                </div2>
                <div2 facs="#zone_o5l_2ps_yjb" type="tuğra">
                    <p>
                        <lb />...<lb />
                    </p>
                </div2>
            </div1>
            <div1 facs="#zone_rdr_hps_yjb" type="summary_Croatian">
                <p>
                    <lb />... <date type="summary_Croatian" when="1855-09-11" when-custom="1271">1271</date>.<lb />
                </p>
            </div1>
        </body>
    </text>
</TEI>