<TEI xmlns="http://www.tei-c.org/ns/1.0">
	<teiHeader>
		<fileDesc>
			<titleStmt>
				<title>DSCN0119</title>
			</titleStmt>
			<publicationStmt>
				<p>Publication Information</p>
			</publicationStmt>
			<notesStmt>
				<note type="summary">商工業者（エスナフ）の氏名・住所・税・temettüat</note>
				<note type="mine">毎年書き込むタイプの書式。</note>
				<note type="mine">【要】temettüat defteriを調べる</note>
			</notesStmt>
			<sourceDesc>
				<p>{ "saji:aspectRatioType": [ "A" ], "saji:fond": [ "Tursko 3" ], "saji:memo": [ "典型" ] }</p>
			</sourceDesc>
		</fileDesc>
		<profileDesc>
			<textClass>
				<classCode scheme="">その他/classCode>
			</textClass>
		</profileDesc>
	</teiHeader>
	<facsimile>
		<surfaceGrp facs="https://diyhistory.org/public/phr2/iiif/1603/manifest">
			<surface>
				<graphic n="https://diyhistory.org/public/phr2/iiif/1603/canvas/p1" url="https://diyhistory.org/public/phr2/files/original/53450a4ba1bb9167a92bc3fb6dbc52bdcba73807.jpg"/>
				<zone lrx="1642" lry="3021" ulx="503" uly="108" xml:id="zone_cwr_pgv_2jb"/>
			</surface>
		</surfaceGrp>
	</facsimile>
	<text>
		<body>
			<div1 facs="#zone_cwr_pgv_2jb" type="tezkire_ruhsatiye_esnaf">
				<p>
					<lb/>... fī
					<lb/>
				</p>
			</div1>
		</body>
	</text>
</TEI>
