<TEI xmlns="http://www.tei-c.org/ns/1.0">
<teiHeader>
<fileDesc>
<titleStmt>
<title>DSCN1800</title>
</titleStmt>
<publicationStmt>
<p>Publication Information</p>
</publicationStmt>
<sourceDesc>
<p>{ "saji:aspectRatioType": [ "A" ], "saji:fond": [ "Tursko 1" ], "saji:memo": [
          "典型\r\n・行末が左上りになるのが面白い" ] }</p>
</sourceDesc>
</fileDesc>
</teiHeader>
<facsimile>
<surfaceGrp facs="https://diyhistory.org/public/phr2/iiif/1331/manifest">
<surface>
<graphic n="https://diyhistory.org/public/phr2/iiif/1331/canvas/p1" url="https://diyhistory.org/public/phr2/files/original/e31c9500b4a0d6e1f92ff059a42e4df91c4c16a9.jpg" />
<zone lrx="1609" lry="3090" ulx="509" uly="309" xml:id="zone_srk_t1j_cjb" />
<zone lrx="990" lry="852" ulx="663" uly="372" xml:id="zone_zlc_v1j_cjb" />
<zone lrx="943" lry="844" ulx="822" uly="742" xml:id="zone_cjs_v1j_cjb" />
<zone lrx="1576" lry="783" ulx="1186" uly="332" xml:id="zone_gjf_w1j_cjb" />
<zone lrx="1486" lry="770" ulx="1363" uly="665" xml:id="zone_anx_w1j_cjb" />
</surface>
<surface>
<graphic n="https://diyhistory.org/public/phr2/iiif/1331/canvas/p2" url="https://diyhistory.org/public/phr2/files/original/476be372664c7c415089a1036d9e6251b6ee7f1a.jpg" />
<zone lrx="2912" lry="1816" ulx="1867" uly="177" xml:id="zone_whw_y1j_cjb" />
<zone lrx="2854" lry="1791" ulx="1917" uly="505" xml:id="zone_ofy_z1j_cjb" />
<zone lrx="2470" lry="1529" ulx="2208" uly="1295" xml:id="zone_fcg_bbj_cjb" />
<zone lrx="1862" lry="1350" ulx="783" uly="191" xml:id="zone_ugb_cbj_cjb" />
</surface>
</surfaceGrp>
</facsimile>
<text>
<body>
<div1 facs="#zone_srk_t1j_cjb" type="hüccet">
<p>
<lb />... <date type="created" when="1777-04-07" when-custom="1191-02-29">fİ'l-yevmi'l-tāsiʿ ve ʿaşrīn min Saferi'l-... sene
            ahadā ve tisʿīn<lb />
<lb />ve mie ve elif</date><lb />
</p>
<div2 facs="#zone_zlc_v1j_cjb" type="sign">
<p>
<lb />...<lb />
</p>
<div3 facs="#zone_cjs_v1j_cjb" type="stamp">
<p>
<lb />...<lb />
</p>
</div3>
</div2>
<div2 facs="#zone_gjf_w1j_cjb" type="sign">
<p>
<lb />...<lb />
</p>
<div3 facs="#zone_anx_w1j_cjb" type="stamp">
<p>
<lb />...<lb />
</p>
</div3>
</div2>
</div1>
<div1 cert="low" facs="#zone_whw_y1j_cjb" type="buyuruldu">
<p>
<lb />... fī <date type="created" when="1777-06-22" when-custom="1191-05-17">17 Ca sene 191</date><lb />
</p>
<div2 facs="#zone_ofy_z1j_cjb" type="sign">
<p>
<lb />...<lb />
</p>
<div3 facs="#zone_fcg_bbj_cjb" type="stamp">
<p>
<lb />...<lb />
</p>
</div3>
</div2>
</div1>
<div1 facs="#zone_ugb_cbj_cjb" type="summary_Croatian">
<p>
<lb />... <date type="summary_Croatian" when="1777">1777</date> ...<lb />
</p>
</div1>
</body>
</text>
</TEI>