<TEI xmlns="http://www.tei-c.org/ns/1.0">
	<teiHeader>
		<fileDesc>
			<titleStmt>
				<title>DSCN0182</title>
			</titleStmt>
			<publicationStmt>
				<p>Publication Information</p>
			</publicationStmt>
			<notesStmt>
				<note type="summary">絶対に取り消せない売却および移転 beyʿ-i bāt katʿiyle beyʿ</note>
				<note type="summary">非ムスリムが保有していた田の、クレシェヴォ修道院の修道士に対する売却に関する承認文書、またそこからの徴税権の承認文書</note>
				<note type="mine">DSCN0181と同じ内容。年月日・人名・地名なども重複している。※金額は異なる?【要】読み比べると同時に、同じ内容の文書が作成された経緯を考える手掛かりにする。</note>
			</notesStmt>
			<sourceDesc>
				<p>{ "saji:aspectRatioType": [ "B" ], "saji:fond": [ "Tursko 3" ] }</p>
			</sourceDesc>
		</fileDesc>
		<profileDesc>
			<textClass>
				<classCode scheme="">土地譲渡・売買</classCode>
			</textClass>
		</profileDesc>
	</teiHeader>
	<facsimile>
		<surfaceGrp facs="https://diyhistory.org/public/phr2/iiif/1662/manifest">
			<surface>
				<graphic url="https://diyhistory.org/public/phr2/files/original/b4070eaf359ee3d34ed28fbd123d9342e8f35967.jpg" n="https://diyhistory.org/public/phr2/iiif/1662/canvas/p1"/>
				<zone xml:id="zone_rck_ssm_3jb" lry="2313" lrx="2146" uly="113" ulx="266"/>
				<zone xml:id="zone_knn_5sm_3jb" lry="2293" lrx="806" uly="1975" ulx="568"/>
				<zone xml:id="zone_rqq_n5j_qqb" lry="1481" lrx="1174" uly="1389" ulx="1111"/>
				<zone xml:id="zone_fb1_x5j_qqb" lry="1445" lrx="752" uly="1311" ulx="534"/>
				<zone xml:id="zone_u5j_bvj_qqb" lry="1415" lrx="438" uly="1331" ulx="307"/>
				<zone xml:id="zone_fnr_dvj_qqb" lry="1582" lrx="1501" uly="1475" ulx="1227"/>
				<zone xml:id="zone_jld_gvj_qqb" lry="1558" lrx="910" uly="1460" ulx="809"/>
				<zone xml:id="zone_hp1_t1k_qqb" lry="2195" lrx="1995" uly="1992" ulx="1759"/>
				<zone xml:id="zone_ldv_t1k_qqb" lry="2098" lrx="2042" uly="1870" ulx="1759"/>
				<zone xml:id="zone_ptq_51k_qqb" lry="1927" lrx="2088" uly="1727" ulx="1746"/>
			</surface>
			<surface>
				<graphic n="https://diyhistory.org/public/phr2/iiif/1662/canvas/p2" url="https://diyhistory.org/public/phr2/files/original/8dc57d04f1413a270ee251989db2b518a56e3293.jpg"/>
				<zone lrx="2289" lry="1744" ulx="234" uly="805" xml:id="zone_ojd_wsm_3jb"/>
			</surface>
		</surfaceGrp>
	</facsimile>
	<text>
		<body>
			<div1 type="EMIN_zabt_tezkire" facs="#zone_rck_ssm_3jb">
				<p>
					<lb/>Hüve
					<lb/>Vech-i tahrīr-i hurūf oldur ki
					<lb/>işbu <date when-custom="1265" type="created" when="1849-11-14">bin iki yüz altmış beş senesinde</date> der ʿuhde ve iltizāmımızda bulunan <placeName>Kirşevo</placeName>
					mukātaʿası <placeName>Kirşevo</placeName> varoş
					<lb/>hudūd dāhilinde arāzī-i mīrīye bir kıtʿa tarla <placeName facs="#zone_rqq_n5j_qqb">LPA</placeName> demekle mutasarrıf olan zimmī <persName facs="#zone_fb1_x5j_qqb">YUZU
						SAYNIK</persName> bir taraf <persName facs="#zone_u5j_bvj_qqb">DOMIN</persName>
					<lb/>tarlasi ve taraf-ı sānī <persName facs="#zone_fnr_dvj_qqb">Īwān LULUŞİK</persName> tarlası ve taraf-ı sālis <persName facs="#zone_jld_gvj_qqb">ZABU</persName> tarlası ve
					taraf-ı rābiʿ tarīk-i ʿām hudūd ila
					<lb/>mahdūd ve mümtāz olup işbu dārende-i hurūf <placeName>Kirşevo</placeName> varoş kilisadan <persName>gardiyān</persName> nām-ı mesfūre resm
					<lb/>tezkire ile iki yüz elli beş(?) guruş mukābelesinde beyʿ-i bāt katʿiyle beyʿ edüp biz dahi me'mūrimiz
					<lb/>hasebiyle resmi baʿde'l-ahz mesfūr gardiyān tafvīz ve yedine işbu zabt-ı tezkire virildi
					<lb/>mā-dām ki be-her sene mīrīye rāciʿ olan ʿöşr-i rüsūmāt edā tarafımızdan ve taraf-ı āharda kimesne
					<lb/>māniʿ olunmaya </p>
				<div2 type="sign" facs="#zone_knn_5sm_3jb">
					<p>
						<lb/>El-me'mūr <persName>Mehmed</persName>
						<lb/>Emīn-i Mukā-
						<lb/>taʿa-i Kirşevo
						<lb/>Hālā
						<lb/>M </p>
				</div2>
				<div2 type="İühūdu'l-hāl">
					<p>
						<lb/>Şühūdu'l-hāl
						<lb/>MRZAN Mollā <persName facs="#zone_hp1_t1k_qqb">Mehmed</persName>
						<lb/>Zimmī <persName facs="#zone_ldv_t1k_qqb">PERİÇE</persName> ŞÖYNİK
						<lb/>Zimmī <persName facs="#zone_ptq_51k_qqb">TNYAN</persName>
						<lb/>ve gayrihim </p>
				</div2>
			</div1>
			<div1 type="summary_Croatian" facs="#zone_ojd_wsm_3jb">
				<p>
					<lb/>Od Toze Sanje na Lejw <date when="1849" type="summary_Croatian">1849</date>.
					<lb/>Nno 24.
					<lb/>107 </p>
			</div1>
		</body>
	</text>
</TEI>
