<TEI xmlns="http://www.tei-c.org/ns/1.0">
  <teiHeader>
    <fileDesc>
      <titleStmt>
        <title>DSCN0766</title>
      </titleStmt>
      <publicationStmt>
        <p>Publication Information</p>
      </publicationStmt>
      <notesStmt>
        <note type="summary">フォルダ8内、あるいはその内に収められていた封筒内の画像。</note>
      </notesStmt>
      <sourceDesc>
        <p>{ "saji:aspectRatioType": [ "n/a" ], "saji:fond": [ "Tursko 8" ], "saji:relationWithAnotherItems": [ "フォンド内の画像" ] }</p>
      </sourceDesc>
    </fileDesc>
  </teiHeader>
  <facsimile>
    <surfaceGrp facs="https://diyhistory.org/public/phr2/iiif/3161/manifest">
      <surface>
        <graphic n="https://diyhistory.org/public/phr2/iiif/3161/canvas/p1" url="https://diyhistory.org/public/phr2/files/original/3294582789904f8c0dcb45edb0953a917a8aca30.jpg" />
      </surface>
    </surfaceGrp>
  </facsimile>
  <text>
    <body>
      <div1 type="folder_cover">
        <p>
          <lb />...<lb />
        </p>
      </div1>
    </body>
  </text>
</TEI>