<TEI xmlns="http://www.tei-c.org/ns/1.0">
<teiHeader>
<fileDesc>
<titleStmt>
<title>DSCN1917</title>
</titleStmt>
<publicationStmt>
<p>Publication Information</p>
</publicationStmt>
<sourceDesc>
<p>{ "saji:aspectRatioType": [ "C" ], "saji:fond": [ "Tursko 1" ] }</p>
</sourceDesc>
</fileDesc>
</teiHeader>
<facsimile>
<surfaceGrp facs="https://diyhistory.org/public/phr2/iiif/1447/manifest">
<surface>
<graphic n="https://diyhistory.org/public/phr2/iiif/1447/canvas/p1" url="https://diyhistory.org/public/phr2/files/original/f2c1bd3a317cd49b8b85b890acb2c2c74a24761c.jpg" />
</surface>
<surface>
<graphic n="https://diyhistory.org/public/phr2/iiif/1447/canvas/p2" url="https://diyhistory.org/public/phr2/files/original/c3282d89befdcc727fcfe278eb9a28bf4734c5b2.jpg" />
</surface>
</surfaceGrp>
</facsimile>
<text>
<body>
<div1 type="unknown_Croatian">
<p>
<lb />...<lb />
</p>
</div1>
</body>
</text>
</TEI>