<TEI xmlns="http://www.tei-c.org/ns/1.0">
  <teiHeader>
    <fileDesc>
      <titleStmt>
        <title>DSCN0420</title>
      </titleStmt>
      <publicationStmt>
        <p>Publication Information</p>
      </publicationStmt>
      <notesStmt>
        <note type="mine">家畜に関する契約書？家畜の世話を任せることについて</note>
        <note type="mine">読めると面白い、普通は残ってないような文書</note>
      </notesStmt>
      <sourceDesc>
        <p>{ "saji:aspectRatioType": [ "A" ], "saji:fond": [ "Tursko 3" ], "saji:memo": [ "典型" ] }</p>
      </sourceDesc>
    </fileDesc>
  </teiHeader>
  <facsimile>
    <surfaceGrp facs="https://diyhistory.org/public/phr2/iiif/1896/manifest">
      <surface>
        <graphic n="https://diyhistory.org/public/phr2/iiif/1896/canvas/p1" url="https://diyhistory.org/public/phr2/files/original/07f6ced6d2e3a2a955dc210ee4194a0b3544612e.jpg" />
        <zone lrx="1870" lry="2323" ulx="508" uly="69" xml:id="zone_uky_w1h_skb" />
      </surface>
    </surfaceGrp>
  </facsimile>
  <text>
    <body>
      <div1 facs="#zone_uky_w1h_skb" type="unkown">
        <p>
          <lb />İşbu <date from="1849-11-14" from-custom="1265" type="created">bin iki yüz altmış beş seneden</date> ... <lb />
        </p>
      </div1>
    </body>
  </text>
</TEI>