<?xml version="1.0" encoding="UTF-8"?>
<?xml-model href="http://www.tei-c.org/release/xml/tei/custom/schema/relaxng/tei_all.rng" type="application/xml" schematypens="http://relaxng.org/ns/structure/1.0"?>
<?xml-model href="http://www.tei-c.org/release/xml/tei/custom/schema/relaxng/tei_all.rng" type="application/xml"
	schematypens="http://purl.oclc.org/dsdl/schematron"?>
<TEI xmlns="http://www.tei-c.org/ns/1.0">
	<teiHeader>
		<fileDesc>
			<titleStmt>
				<title>Tursko1-068</title>
			</titleStmt>
			<publicationStmt>
				<p>Publication Information</p>
			</publicationStmt>
			<sourceDesc>
				<p/>
			</sourceDesc>
		</fileDesc>
		<xenoData>{ "saji:aspectRatioType": [ "E" ], "saji:fond": [ "Tursko 1" ] }</xenoData>
	</teiHeader>
	<facsimile>
		<surface>
			<graphic url="../../../Tursko%201/DSCN1664.JPG"/>
			<zone ulx="-18" uly="-18" lrx="1509" lry="3236" xml:id="zone_x1f_zyw_1jb"/>
			<zone ulx="125" uly="125" lrx="1704" lry="683" xml:id="zone_qnz_2zw_1jb"/>
		</surface>
		<surface>
			<graphic url="../../../Day%202/IMG_0477.JPG"/>
		</surface>
		<surface>
			<graphic url="../../../Day%202/IMG_0478.JPG"/>
		</surface>
		<surface>
			<graphic url="../../../Tursko%201/DSCN1665.JPG"/>
			<zone ulx="1361" uly="1361" lrx="2845" lry="2061" xml:id="zone_w4l_gzw_1jb"/>
		</surface>
		<surface>
			<graphic url="../../../Tursko%201/DSCN1666.JPG"/>
		</surface>
		<surface>
			<graphic url="../../../Tursko%201/DSCN1667.JPG"/>
			<zone ulx="616" uly="616" lrx="1116" lry="787" xml:id="zone_wxl_czw_1jb"/>
		</surface>
		<surface>
			<graphic url="../../../Tursko%201/DSCN1668.JPG"/>
		</surface>
		<surface>
			<graphic url="../../../Tursko%201/DSCN1670.JPG"/>
			<zone ulx="478" uly="478" lrx="2007" lry="2242" xml:id="zone_lkk_k1x_1jb"/>
		</surface>
	</facsimile>
	<text>
		<body>
			<div1 facs="#zone_x1f_zyw_1jb" type="hüccet">
				<p>
					<lb/>
					... fi'l					<date type="created" when="1852-06-24" when-custom="1268-09-07">yevmi'l-sābiʿ min şehr
                  Ramazāni'l-mübārek sene semān sittīn ve mieteyn ve elif</date>
					<lb/>
				</p>
				<div3 facs="#zone_wxl_czw_1jb" type="stamp">
					<p>
						<lb/>
						...
						<lb/>
					</p>
				</div3>
			</div1>
			<div1 facs="#zone_qnz_2zw_1jb" type="buyuruldu">
				<p>
					<lb/>
					... fī					<date type="created" when="1852-06-25" when-custom="1268-09-08">8 N 68</date>
					<lb/>
				</p>
				<div3 facs="#zone_w4l_gzw_1jb" type="stamp">
					<p>
						<lb/>
						...
						<lb/>
					</p>
				</div3>
				<div1 facs="#zone_lkk_k1x_1jb" type="summary_Croatian">
					<p>
						<lb/>
						na						<date type="summary_Croatian" when="1852-08-18">18. Kolovoza 1852</date>
						. Kako ...
						<lb/>
						<lb/>
						...						<date type="summary_Croatian" when="1852-10-13" when-custom="1268">1268</date>
						<lb/>
					</p>
				</div1>
			</div1>
		</body>
	</text>
</TEI>
