<?xml version="1.0" encoding="UTF-8"?>
<?xml-model href="http://www.tei-c.org/release/xml/tei/custom/schema/relaxng/tei_all.rng" type="application/xml" schematypens="http://relaxng.org/ns/structure/1.0"?>
<?xml-model href="http://www.tei-c.org/release/xml/tei/custom/schema/relaxng/tei_all.rng" type="application/xml"
	schematypens="http://purl.oclc.org/dsdl/schematron"?>
<TEI xmlns="http://www.tei-c.org/ns/1.0">
	<teiHeader>
		<fileDesc>
			<titleStmt>
				<title>Tursko3-220</title>
			</titleStmt>
			<publicationStmt>
				<p>Publication Information</p>
			</publicationStmt>
			<sourceDesc>
				<p/>
			</sourceDesc>
		</fileDesc>
		<xenoData>{ "saji:aspectRatioType": [ "B" ], "saji:fond": [ "Tursko 3" ] }</xenoData>
	</teiHeader>
	<facsimile>
		<surface>
			<graphic url="../../../Tursko%203/DSCN0090.JPG"/>
			<zone ulx="1376" uly="1376" lrx="2277" lry="2430" xml:id="zone_old_sdm_l3b"/>
			<zone ulx="1925" uly="1925" lrx="533" lry="2345" xml:id="zone_fxj_ks5_2jb"/>
		</surface>
		<surface>
			<graphic url="../../../Day%207/IMG_0072.JPG"/>
		</surface>
		<surface>
			<graphic url="../../../Day%207/IMG_0073.JPG"/>
		</surface>
		<surface>
			<graphic url="../../../Tursko%203/DSCN0091.JPG"/>
			<zone ulx="577" uly="577" lrx="3117" lry="1116" xml:id="zone_ys4_tdm_l3b"/>
		</surface>
	</facsimile>
	<text>
		<body>
			<div1 type="EMIN_tahvīl" cert="low" facs="#zone_old_sdm_l3b">
				<p>
					<lb/>
					Hüve
					<lb/>
					Bāis-i tahvīl oldur ki
					<lb/>
					<placeName>
						<placeName type="proper">Kirşevo</placeName>
						 varoş kilisa
					</placeName>
					nın gardiyānı					<persName cert="unknown" role="Kirşevo varoş kilisanın gardiyān">Fra.
						ʿAndriye</persName>
					ye üzerinde olan					<placeName cert="unknown" type="proper">DIREDVL</placeName>
					 karyesinden
					<lb/>
					...					<persName>İbrāhīm Ağa</persName>
					'nın uşaklarından beş yüz guruş bu defa tarafımıza tamāmen
					<lb/>
					ve kâmilen … ve iʿtā eyledüğye yedine işbu müşʿir tahvīl virildi
				</p>
				<div2 type="sign" facs="#zone_fxj_ks5_2jb">
					<p>
						<lb/>
						<persName cert="unknown">...</persName>
					</p>
				</div2>
				<div2 type="şühūdu'l-hāl">
					<p>
						<lb/>
						Şühūdu'l-hāl
						<lb/>
						<persName>İmām Hoca ʿAlemdār</persName>
						<lb/>
						<persName>... ʿAbd b. ʿAlemdār</persName>
						<lb/>
						<persName>ve gayrhim ...</persName>
					</p>
				</div2>
			</div1>
			<div1 type="summary_Croatian" facs="#zone_ys4_tdm_l3b">
				<p>
					<lb/>
					...
					<lb/>
					...					<date type="summary_Croatian" when="1832">1832</date>
					.				</p>
			</div1>
		</body>
	</text>
</TEI>
