<?xml version="1.0" encoding="UTF-8"?>
<?xml-model href="http://www.tei-c.org/release/xml/tei/custom/schema/relaxng/tei_all.rng" type="application/xml" schematypens="http://relaxng.org/ns/structure/1.0"?>
<?xml-model href="http://www.tei-c.org/release/xml/tei/custom/schema/relaxng/tei_all.rng" type="application/xml"
	schematypens="http://purl.oclc.org/dsdl/schematron"?>
<TEI xmlns="http://www.tei-c.org/ns/1.0">
	<teiHeader>
		<fileDesc>
			<titleStmt>
				<title>Tursko1-140</title>
			</titleStmt>
			<publicationStmt>
				<p>Publication Information</p>
			</publicationStmt>
			<sourceDesc>
				<p/>
			</sourceDesc>
		</fileDesc>
		<xenoData>{ "saji:aspectRatioType": [ "C" ], "saji:fond": [ "Tursko 1" ], "saji:type": [
               "ṣūret-i (‘arż-ı ḥāl+buyuruldu)" ] }</xenoData>
	</teiHeader>
	<facsimile>
		<surface>
			<graphic url="../../../Tursko%201/DSCN1855.JPG"/>
			<zone ulx="440" uly="440" lrx="1995" lry="3175" xml:id="zone_cmm_xkq_cjb"/>
			<zone ulx="1565" uly="1565" lrx="1655" lry="3170" xml:id="zone_xfl_zkq_cjb"/>
			<zone ulx="2905" uly="2905" lrx="562" lry="3170" xml:id="zone_psp_blq_cjb"/>
			<zone ulx="510" uly="510" lrx="1638" lry="1582" xml:id="zone_unb_dlq_cjb"/>
			<zone ulx="524" uly="524" lrx="1107" lry="775" xml:id="zone_ysc_2lq_cjb"/>
			<zone ulx="1123" uly="1123" lrx="1984" lry="1452" xml:id="zone_pwl_flq_cjb"/>
			<zone ulx="1197" uly="1197" lrx="1977" lry="1336" xml:id="zone_rwp_glq_cjb"/>
		</surface>
		<surface>
			<graphic url="../../../Day%203/IMG_0128.JPG"/>
		</surface>
		<surface>
			<graphic url="../../../Day%203/IMG_0130.JPG"/>
		</surface>
	</facsimile>
	<text>
		<body>
			<div1 facs="#zone_cmm_xkq_cjb" type="ʿarz-ı_hāl_buyuruldu_sūret">
				<div1 facs="#zone_xfl_zkq_cjb" type="ʿarz-ı_hāl_sūret">
					<p>
						<lb/>
						...
						<lb/>
					</p>
					<div2 facs="#zone_psp_blq_cjb" type="sign_sūret">
						<p>
							<lb/>
							...
							<lb/>
						</p>
					</div2>
				</div1>
				<div1 facs="#zone_unb_dlq_cjb" type="buyuruldu_sūret">
					<p>
						<lb/>
						... fī						<date type="created" when="1785-01-08" when-custom="1199-02-27">27 S sene 199</date>
						<lb/>
					</p>
					<div3 facs="#zone_ysc_2lq_cjb" type="stamp_sūret">
						<p>
							<lb/>
							...
							<lb/>
						</p>
					</div3>
				</div1>
				<div2 facs="#zone_pwl_flq_cjb" type="sign">
					<p>
						<lb/>
						...
						<lb/>
					</p>
					<div3 facs="#zone_rwp_glq_cjb" type="stamp">
						<p>
							<lb/>
							...
							<lb/>
						</p>
					</div3>
				</div2>
			</div1>
		</body>
	</text>
</TEI>
