<?xml version="1.0" encoding="UTF-8"?>
<?xml-model href="http://www.tei-c.org/release/xml/tei/custom/schema/relaxng/tei_all.rng" type="application/xml" schematypens="http://relaxng.org/ns/structure/1.0"?>
<?xml-model href="http://www.tei-c.org/release/xml/tei/custom/schema/relaxng/tei_all.rng" type="application/xml"
	schematypens="http://purl.oclc.org/dsdl/schematron"?>
<TEI xmlns="http://www.tei-c.org/ns/1.0">
	<teiHeader>
		<fileDesc>
			<titleStmt>
				<title>Tursko1-138</title>
			</titleStmt>
			<publicationStmt>
				<p>Publication Information</p>
			</publicationStmt>
			<notesStmt>
				<note type="mine">【要】地方官が送るタイプのもの？要確認。</note>
			</notesStmt>
			<sourceDesc>
				<p/>
			</sourceDesc>
		</fileDesc>
		<xenoData>{ "saji:aspectRatioType": [ "C" ], "saji:fond": [ "Tursko 1" ] }</xenoData>
	</teiHeader>
	<facsimile>
		<surface>
			<graphic url="../../../Tursko%201/DSCN1851.JPG"/>
			<zone ulx="54" uly="54" lrx="2136" lry="3227" xml:id="zone_igv_z3q_cjb"/>
			<zone ulx="2939" uly="2939" lrx="1556" lry="3188" xml:id="zone_brh_bjq_cjb"/>
			<zone ulx="3041" uly="3041" lrx="1543" lry="3174" xml:id="zone_ujv_bjq_cjb"/>
			<zone ulx="117" uly="117" lrx="2254" lry="819" xml:id="zone_bxx_cjq_cjb"/>
		</surface>
		<surface>
			<graphic url="../../../Day%203/IMG_0124.JPG"/>
		</surface>
		<surface>
			<graphic url="../../../Day%203/IMG_0125.JPG"/>
		</surface>
		<surface>
			<graphic url="../../../Tursko%201/DSCN1852.JPG"/>
			<zone ulx="512" uly="512" lrx="1262" lry="1266" xml:id="zone_ryj_2jq_cjb"/>
		</surface>
	</facsimile>
	<text>
		<body>
			<div1 cert="low" facs="#zone_igv_z3q_cjb" type="takrīr">
				<p>
					<lb/>
					... fī					<date type="created" when="1794-06-06" when-custom="1208-11-08">8 Za sene 1208</date>
					<lb/>
				</p>
				<div2 facs="#zone_brh_bjq_cjb" type="sign">
					<p>
						<lb/>
						...
						<lb/>
					</p>
					<div3 facs="#zone_ujv_bjq_cjb" type="stamp">
						<p>
							<lb/>
							...
							<lb/>
						</p>
					</div3>
				</div2>
			</div1>
			<div1 facs="#zone_ryj_2jq_cjb" type="unknown">
				<p>
					<lb/>
					8642
					<lb/>
				</p>
			</div1>
			<div1 facs="#zone_bxx_cjq_cjb" type="summary_Croatian">
				<p>
					<lb/>
					<date type="summary_Croatian" when="1794">1794</date>
					<lb/>
				</p>
			</div1>
		</body>
	</text>
</TEI>
