<?xml version="1.0" encoding="UTF-8"?>
<?xml-model href="http://www.tei-c.org/release/xml/tei/custom/schema/relaxng/tei_all.rng" type="application/xml" schematypens="http://relaxng.org/ns/structure/1.0"?>
<?xml-model href="http://www.tei-c.org/release/xml/tei/custom/schema/relaxng/tei_all.rng" type="application/xml"
	schematypens="http://purl.oclc.org/dsdl/schematron"?>
<TEI xmlns="http://www.tei-c.org/ns/1.0">
	<teiHeader>
		<fileDesc>
			<titleStmt>
				<title>Tursko1-007</title>
			</titleStmt>
			<publicationStmt>
				<p>Publication Information</p>
			</publicationStmt>
			<sourceDesc>
				<p/>
			</sourceDesc>
		</fileDesc>
		<xenoData>{ "saji:aspectRatioType": [ "A" ], "saji:calligraphy": [ "Rıkʿa/Dīvānī" ], "saji:date_H":
          [ "1175-R-13" ], "saji:date_M": [ "1762-01-09" ], "saji:foldingMethod": [ "6" ],
          "saji:fond": [ "Tursko 1" ], "saji:item": [ "定型文(?)", "オスマン朝スタンプ", "本文", "証人",
          "クレシェヴォのスタンプ" ], "saji:lang": [ "ota" ], "saji:lineage": [ "25" ], "saji:memo": [
          "最後に、？名の証人の名前：\"Şuhūdu'l-ḥāl\"",
          "日付：裏面のボスニア語梗概では、「1760年」と読んでいるようだが、本文中の年代は「1762(1175)年」と読めるのでそちらを採用した。" ],
          "saji:nameFull": [ "・Mevlānā Meḥmed Efendi ibn Aḥmad Efendi" ], "saji:number": [ "217/214"
          ], "saji:relationWithAnotherItems": [ "DSCN0916.JPG_表", "表全体像" ], "saji:stamp_c": [ "1" ],
          "saji:stamp_o": [ "1" ], "saji:transcription": [ "...\n... şerʿ-i ... Mevlānā Meḥmed
          Efendi ibn Aḥmad Efendi\n... olunub" ], "saji:type": [ "hüccet(?)" ] }</xenoData>
	</teiHeader>
	<facsimile>
		<surface>
			<graphic url="../../../Tursko%201/DSCN0916.JPG"/>
			<zone ulx="700" uly="700" lrx="1508" lry="3130" xml:id="zone_t2z_pry_y3b"/>
			<zone ulx="988" uly="988" lrx="1023" lry="1117" xml:id="zone_rmd_sry_y3b"/>
		</surface>
		<surface>
			<graphic url="../../../Day%201/IMG_0048.JPG"/>
		</surface>
		<surface>
			<graphic url="../../../Day%201/IMG_0050.JPG"/>
		</surface>
		<surface>
			<graphic url="../../../Tursko%201/DSCN0917.JPG"/>
			<zone ulx="-8" uly="-8" lrx="1617" lry="2983" xml:id="zone_r5z_try_y3b"/>
		</surface>
	</facsimile>
	<text>
		<body>
			<div1 facs="#zone_t2z_pry_y3b" type="hüccet">
				<l>
					...					<date type="created" when-custom="117?-04-13">fi'l-yevmi'l-sālis ʿaşar min Rebīʿ'l-āhir</date>
				</l>
				<l>sene ... sabʿīn ve miye ve elif</l>
				<div3 facs="#zone_rmd_sry_y3b" type="stamp"/>
			</div1>
			<div1 type="summary_Serbian">
				<l>
					...					<date type="summary_Serbian" when="1760">1760</date>
				</l>
			</div1>
		</body>
	</text>
</TEI>
