<?xml version="1.0" encoding="UTF-8"?>
<?xml-model href="http://www.tei-c.org/release/xml/tei/custom/schema/relaxng/tei_all.rng" type="application/xml" schematypens="http://relaxng.org/ns/structure/1.0"?>
<?xml-model href="http://www.tei-c.org/release/xml/tei/custom/schema/relaxng/tei_all.rng" type="application/xml"
	schematypens="http://purl.oclc.org/dsdl/schematron"?>
<TEI xmlns="http://www.tei-c.org/ns/1.0">
	<teiHeader>
		<fileDesc>
			<titleStmt>
				<title>Tursko3-190</title>
			</titleStmt>
			<publicationStmt>
				<p>Publication Information</p>
			</publicationStmt>
			<notesStmt>
				<note type="summary">非ムスリムから修道士たちに対する、耕作地と夏営地の譲渡証書。</note>
				<note type="mine">字や文法が非常に乱れている。オスマン語に不慣れな書き手であることが推測される。こういう書き手も修道院をとりまく文書行政の中にいたのだということを示すには好例かもしれない。</note>
			</notesStmt>
			<sourceDesc>
				<p/>
			</sourceDesc>
		</fileDesc>
		<xenoData>{ "saji:aspectRatioType": [ "B" ], "saji:fond": [ "Tursko 3" ] }</xenoData>
	</teiHeader>
	<facsimile>
		<surface>
			<graphic url="../../../Tursko%203/DSCN9041.JPG"/>
			<zone ulx="9" uly="9" lrx="613" lry="179" xml:id="zone_hyn_dnp_xkb"/>
			<zone ulx="2669" uly="2669" lrx="2079" lry="2907" xml:id="zone_wh1_fnp_xkb"/>
		</surface>
		<surface>
			<graphic url="../../../Day%206/IMG_0222.JPG"/>
		</surface>
		<surface>
			<graphic url="../../../Day%206/IMG_0223.JPG"/>
		</surface>
		<surface>
			<graphic url="../../../Tursko%203/DSCN9042.JPG"/>
			<zone ulx="1186" uly="1186" lrx="1813" lry="3166" xml:id="zone_evj_gnp_xkb"/>
			<zone ulx="2911" uly="2911" lrx="529" lry="3145" xml:id="zone_x2x_hnp_xkb"/>
		</surface>
	</facsimile>
	<text>
		<body>
			<div1 facs="#zone_evj_gnp_xkb" next="#zone_wh1_fnp_xkb" type="EMIN_zabt_temessük">
				<p>
					<lb/>
					Vech-i tahrīr-i hurūf(?) budur ki
					<lb/>
					işbu					<date when="1811-01-24" when-custom="1225">bin iki yüz yiğirmi beş senesinin</date>
					 der ʿuhde ve iltiz-
					<lb/>
					āmımızda bulunan Kirşevo mukātaʿası hudūduna dāhil
					<lb/>
					... Īvān(?) ve ... zimmī iştirā ile
					<lb/>
					geldi(?) ... demekle nāmūn(?) tarlaları ve çayırları
					<lb/>
					işbu dārende-i hurūf Kirşevo kilisanın rāhiblerinin(?) ʿalāka(?)-
					<lb/>
					sı olunmakla mesfūranlara mezkūr tarlaların ve çayırlar-
					<lb/>
					ın ʿöşr mahsūlen ... yüz yiğirmi yedi(?) guruş
					<lb/>
					bedel mukābelesinde beyʿ ve iltizām edüb mesfūran zimmī(?)
					<lb/>
					der ʿuhde ve kabūl etmekle(?) işbu zabt temessük mesfūrların(?)
					<lb/>
					yedine iʿtā olundu mezkūr ʿöşr mahsūlen ... ahz ve kabz ve ...
					<lb/>
					tarafımızdan ve taraf-ı āhardan kimesne māniʿ olunmaya
					<lb/>
					fī					<date type="created" when="1810-02-19" when-custom="1225-01-15">15 M sene 225</date>
				</p>
				<div2 facs="#zone_x2x_hnp_xkb" type="sign">
					<p>
						<lb/>
						El-...
						<lb/>
						Emīn Mehmed
					</p>
					<div3 facs="#zone_hyn_dnp_xkb" type="stamp">
						<p>
							<lb/>
							Mehmed Emīn
						</p>
					</div3>
				</div2>
			</div1>
			<div1 facs="#zone_wh1_fnp_xkb" type="summary_Croatian">
				<p>
					<lb/>
					god
					<date type="summary_Croatian" when="1810">1810</date>
					 ... 120 ... 205.
				</p>
			</div1>
		</body>
	</text>
</TEI>
