<?xml version="1.0" encoding="UTF-8"?>
<?xml-model href="http://www.tei-c.org/release/xml/tei/custom/schema/relaxng/tei_all.rng" type="application/xml" schematypens="http://relaxng.org/ns/structure/1.0"?>
<?xml-model href="http://www.tei-c.org/release/xml/tei/custom/schema/relaxng/tei_all.rng" type="application/xml"
	schematypens="http://purl.oclc.org/dsdl/schematron"?>
<TEI xmlns="http://www.tei-c.org/ns/1.0">
	<teiHeader>
		<fileDesc>
			<titleStmt>
				<title>Tursko1-Cover</title>
			</titleStmt>
			<publicationStmt>
				<p>Publication Information</p>
			</publicationStmt>
			<notesStmt>
				<note type="summary">フォルダ「Tursko 1」表紙</note>
				<note type="mine">修道院作成。「18-19 st.」という表記があり、フォルダ中に含まれる史料年代を示していると思われる。また「Komada 169」という表記があり（komada：作品）、フォルダ中に含まれる史料点数を示していると思われる。</note>
				<note type="mine">【要】フォルダ表紙なので、文書数カウントに含めないようにする。</note>
			</notesStmt>
			<sourceDesc>
				<p/>
			</sourceDesc>
		</fileDesc>
		<xenoData>{
  "saji:aspectRatioType": [
    "n/a"
  ],
  "saji:date_H": [
    "n/a"
  ],
  "saji:date_M": [
    "n/a"
  ],
  "saji:fond": [
    "Tursko 1"
  ],
  "saji:lang": [
    "bos"
  ],
  "saji:nameFull": [
    "n/a"
  ],
  "saji:placeFull": [
    "n/a"
  ]
}</xenoData>
	</teiHeader>
	<facsimile>
		<surface>
			<graphic url="../../../Tursko%201/DSCN0885.JPG"/>
		</surface>
		<surface>
			<graphic url="../../../Day%204/IMG_0115.JPG"/>
		</surface>
		<surface>
			<graphic url="../../../Day%204/IMG_0116.JPG"/>
		</surface>
	</facsimile>
	<text>
		<body>
			<p/>
		</body>
	</text>
</TEI>
