<?xml version="1.0" encoding="UTF-8"?>
<?xml-model href="http://www.tei-c.org/release/xml/tei/custom/schema/relaxng/tei_all.rng" type="application/xml" schematypens="http://relaxng.org/ns/structure/1.0"?>
<?xml-model href="http://www.tei-c.org/release/xml/tei/custom/schema/relaxng/tei_all.rng" type="application/xml"
	schematypens="http://purl.oclc.org/dsdl/schematron"?>
<TEI xmlns="http://www.tei-c.org/ns/1.0">
	<teiHeader>
		<fileDesc>
			<titleStmt>
				<title>Tursko3-016</title>
			</titleStmt>
			<publicationStmt>
				<p>Publication Information</p>
			</publicationStmt>
			<sourceDesc>
				<p/>
			</sourceDesc>
		</fileDesc>
		<xenoData>{ "saji:aspectRatioType": [ "B?" ], "saji:fond": [ "Tursko 3" ], "saji:memo": [ "・表裏どちらも部分画像のみで、全体像の画像がない。\r\n・おそらくサイズ「B」の文書と推定できるが、確認のしようがないので「B?」とした。" ] }</xenoData>
	</teiHeader>
	<facsimile>
		<surface>
			<graphic url="../../../Tursko%203/DSCN9315.JPG"/>
			<zone ulx="923" uly="923" lrx="2530" lry="1315" xml:id="zone_ohp_j1m_ylb"/>
		</surface>
		<surface>
			<graphic url="../../../Day%205/IMG_0040.JPG"/>
		</surface>
		<surface>
			<graphic url="../../../Day%205/IMG_0041.JPG"/>
		</surface>
		<surface>
			<graphic url="../../../Tursko%203/DSCN9316.JPG"/>
			<zone ulx="412" uly="412" lrx="2625" lry="2093" xml:id="zone_bpq_l1m_ylb"/>
			<zone ulx="1720" uly="1720" lrx="884" lry="2093" xml:id="zone_x5n_n1m_ylb"/>
			<zone ulx="1693" uly="1693" lrx="522" lry="2075" xml:id="zone_v3l_41m_ylb"/>
		</surface>
	</facsimile>
	<text>
		<body>
			<div1 facs="#zone_bpq_l1m_ylb" next="#zone_ohp_j1m_ylb" type="tapu_nāme">
				<p>
					<lb/>
					...
					<lb/>
				</p>
				<div2 type="sign">
					<p>
						<lb/>
						...
						<lb/>
					</p>
				</div2>
				<div2 type="sign">
					<p>
						<lb/>
						...
						<lb/>
					</p>
				</div2>
			</div1>
			<div1 facs="#zone_ohp_j1m_ylb" type="summary_Croatian">
				<p>
					<lb/>
					...					<date type="summary_Croatian" when="1831">1831</date>
					.
					<lb/>
				</p>
			</div1>
		</body>
	</text>
</TEI>
