<?xml version="1.0" encoding="UTF-8"?>
<?xml-model href="http://www.tei-c.org/release/xml/tei/custom/schema/relaxng/tei_all.rng" type="application/xml" schematypens="http://relaxng.org/ns/structure/1.0"?>
<?xml-model href="http://www.tei-c.org/release/xml/tei/custom/schema/relaxng/tei_all.rng" type="application/xml"
	schematypens="http://purl.oclc.org/dsdl/schematron"?>
<TEI xmlns="http://www.tei-c.org/ns/1.0">
	<teiHeader>
		<fileDesc>
			<titleStmt>
				<title>Tursko1-035</title>
			</titleStmt>
			<publicationStmt>
				<p>Publication Information</p>
			</publicationStmt>
			<sourceDesc>
				<p/>
			</sourceDesc>
		</fileDesc>
		<xenoData>{ "saji:aspectRatioType": [ "A" ], "saji:fond": [ "Tursko 1" ] }</xenoData>
	</teiHeader>
	<facsimile>
		<surface>
			<graphic url="../../../Tursko%201/DSCN1014.JPG"/>
			<zone ulx="133" uly="133" lrx="1511" lry="3200" xml:id="zone_cpp_3vg_z3b"/>
			<zone ulx="486" uly="486" lrx="955" lry="583" xml:id="zone_dqj_kvg_z3b"/>
		</surface>
		<surface>
			<graphic url="../../../Day%202/IMG_0258.JPG"/>
		</surface>
		<surface>
			<graphic url="../../../Day%202/IMG_0260.JPG"/>
		</surface>
		<surface>
			<graphic url="../../../Tursko%201/DSCN1015.JPG"/>
			<zone ulx="411" uly="411" lrx="2506" lry="605" xml:id="zone_xwm_lvg_z3b"/>
		</surface>
	</facsimile>
	<text>
		<body>
			<div1 facs="#zone_cpp_3vg_z3b" type="hüccet">
				<l>
					<date type="created" when="1830-05-03" when-custom="1245-11-11">fi'l-yevmi'l-hādī ʿaşar min Zi'l-kaʿade'l-şerīfe sene hamıs ve arbaʿīn ve miyeteyn ve elif</date>
				</l>
				<div3 facs="#zone_dqj_kvg_z3b" type="stamp"/>
			</div1>
			<div1 facs="#zone_xwm_lvg_z3b" type="summary_Croatian">
				<l>
					...					<date type="summary_Croatian" when="1830">1830</date>
				</l>
			</div1>
		</body>
	</text>
</TEI>
