<?xml version="1.0" encoding="UTF-8"?>
<?xml-model href="http://www.tei-c.org/release/xml/tei/custom/schema/relaxng/tei_all.rng" type="application/xml" schematypens="http://relaxng.org/ns/structure/1.0"?>
<?xml-model href="http://www.tei-c.org/release/xml/tei/custom/schema/relaxng/tei_all.rng" type="application/xml"
	schematypens="http://purl.oclc.org/dsdl/schematron"?>
<TEI xmlns="http://www.tei-c.org/ns/1.0">
	<teiHeader>
		<fileDesc>
			<titleStmt>
				<title>Tursko3-045</title>
			</titleStmt>
			<publicationStmt>
				<p>Publication Information</p>
			</publicationStmt>
			<notesStmt>
				<note type="mine">Tapuの代わりに一時的に与えられた証書の写し？要検討</note>
			</notesStmt>
			<sourceDesc>
				<p/>
			</sourceDesc>
		</fileDesc>
		<xenoData>{ "saji:aspectRatioType": [ "B" ], "saji:fond": [ "Tursko 3" ] }</xenoData>
	</teiHeader>
	<facsimile>
		<surface>
			<graphic url="../../../Tursko%203/DSCN9299.JPG"/>
			<zone ulx="861" uly="861" lrx="2756" lry="1450" xml:id="zone_ilx_2nl_tlb"/>
		</surface>
		<surface>
			<graphic url="../../../Day%205/IMG_0108.JPG"/>
		</surface>
		<surface>
			<graphic url="../../../Day%205/IMG_0109.JPG"/>
		</surface>
		<surface>
			<graphic url="../../../Tursko%203/DSCN9300.JPG"/>
			<zone ulx="271" uly="271" lrx="2200" lry="2599" xml:id="zone_fcm_gnl_tlb"/>
			<zone ulx="2141" uly="2141" lrx="929" lry="2570" xml:id="zone_n44_hnl_tlb"/>
			<zone ulx="2227" uly="2227" lrx="912" lry="2558" xml:id="zone_jzd_3nl_tlb"/>
		</surface>
	</facsimile>
	<text>
		<body>
			<div1 facs="#zone_fcm_gnl_tlb" next="#zone_ilx_2nl_tlb" type="unkown">
				<p>
					<lb/>
					... fī					<date type="created" when="1856-12-06" when-custom="1273-04-09">9 R sene 73</date>
					<lb/>
				</p>
				<div2 facs="#zone_n44_hnl_tlb" type="sign">
					<p>
						<lb/>
						...
						<lb/>
					</p>
					<div3 facs="#zone_jzd_3nl_tlb" type="stamp_sūret">
						<p>
							<lb/>
							...
							<lb/>
						</p>
					</div3>
				</div2>
			</div1>
			<div1 facs="#zone_ilx_2nl_tlb" type="summary_Croatian">
				<p>
					<lb/>
					...					<date type="summary_Croatian" when="1857-08-19" when-custom="1273">1273</date>
					.
					<lb/>
					Nno 6.				</p>
			</div1>
		</body>
	</text>
</TEI>
