<?xml version="1.0" encoding="UTF-8"?>
<?xml-model href="http://www.tei-c.org/release/xml/tei/custom/schema/relaxng/tei_all.rng" type="application/xml" schematypens="http://relaxng.org/ns/structure/1.0"?>
<?xml-model href="http://www.tei-c.org/release/xml/tei/custom/schema/relaxng/tei_all.rng" type="application/xml"
	schematypens="http://purl.oclc.org/dsdl/schematron"?>
<TEI xmlns="http://www.tei-c.org/ns/1.0">
	<teiHeader>
		<fileDesc>
			<titleStmt>
				<title>Tursko3-136</title>
			</titleStmt>
			<publicationStmt>
				<p>Publication Information</p>
			</publicationStmt>
			<notesStmt>
				<note type="mine">【要】表面の画像が欠けている。要再撮影。</note>
			</notesStmt>
			<sourceDesc>
				<p/>
			</sourceDesc>
		</fileDesc>
		<xenoData>{ "saji:aspectRatioType": [ "B" ], "saji:fond": [ "Tursko 3" ] }</xenoData>
	</teiHeader>
	<facsimile>
		<surface>
			<graphic url="../../../Tursko%203/DSCN9107.JPG"/>
			<zone ulx="1188" uly="1188" lrx="2845" lry="1577" xml:id="zone_zl4_hm1_glb"/>
		</surface>
		<surface>
			<graphic url="../../../Day%206/IMG_0103.JPG"/>
		</surface>
		<surface>
			<graphic url="../../../Day%206/IMG_0104.JPG"/>
		</surface>
		<surface>
			<graphic url="../../../Tursko%203/DSCN9108.JPG"/>
			<zone ulx="728" uly="728" lrx="957" lry="935" xml:id="zone_utd_jm1_glb"/>
			<zone ulx="668" uly="668" lrx="678" lry="902" xml:id="zone_p2p_jm1_glb"/>
		</surface>
	</facsimile>
	<text>
		<body>
			<div1 type="unkown">
				<p>
					<lb/>
					...
					<lb/>
				</p>
				<div2 type="sign">
					<div3 facs="#zone_utd_jm1_glb" type="stamp">
						<p>
							<lb/>
							...
							<lb/>
						</p>
					</div3>
				</div2>
				<div2 type="sign">
					<div3 facs="#zone_p2p_jm1_glb" type="stamp">
						<p>
							<lb/>
							...
							<lb/>
						</p>
					</div3>
				</div2>
			</div1>
			<div1 facs="#zone_zl4_hm1_glb" type="sumamry_Croatian">
				<p>
					<lb/>
					...
					<lb/>
				</p>
			</div1>
		</body>
	</text>
</TEI>
