<?xml version="1.0" encoding="UTF-8"?>
<?xml-model href="http://www.tei-c.org/release/xml/tei/custom/schema/relaxng/tei_all.rng" type="application/xml" schematypens="http://relaxng.org/ns/structure/1.0"?>
<?xml-model href="http://www.tei-c.org/release/xml/tei/custom/schema/relaxng/tei_all.rng" type="application/xml"
	schematypens="http://purl.oclc.org/dsdl/schematron"?>
<TEI xmlns="http://www.tei-c.org/ns/1.0">
	<teiHeader>
		<fileDesc>
			<titleStmt>
				<title>Tursko3-155</title>
			</titleStmt>
			<publicationStmt>
				<p>Publication Information</p>
			</publicationStmt>
			<notesStmt>
				<note type="summary">エミンの請負っている徴税について、修道院長がさらに下請けを行ったことについての証文。</note>
				<note type="mine">DSCN9062.JPGと出てくる村karyeの名前や税の名前などが重なっている。【要】綴りなどを見比べる。</note>
			</notesStmt>
			<sourceDesc>
				<p/>
			</sourceDesc>
		</fileDesc>
		<xenoData>{ "saji:aspectRatioType": [ "B" ], "saji:fond": [ "Tursko 3" ] }</xenoData>
	</teiHeader>
	<facsimile>
		<surface>
			<graphic url="../../../Tursko%203/DSCN9061.JPG"/>
			<zone ulx="60" uly="60" lrx="1920" lry="2920" xml:id="zone_xxx_15c_ykb"/>
			<zone ulx="2521" uly="2521" lrx="475" lry="2866" xml:id="zone_wwb_l5c_ykb"/>
		</surface>
		<surface>
			<graphic url="../../../Day%206/IMG_0142.JPG"/>
		</surface>
		<surface>
			<graphic url="../../../Day%206/IMG_0144.JPG"/>
		</surface>
	</facsimile>
	<text>
		<body>
			<div1 facs="#zone_xxx_15c_ykb" type="EMIN_zabt_temessük">
				<p>
					<lb/>
					Hüve
					<lb/>
					Vech-i tahrīr-i hurūf budur ki
					<lb/>
					hālā ʿuhde ve iltizāmımızda bulunan Kirşevo mukātaʿası kurālarında karye-i					<placeName>KRAR</placeName>
					 ve					<placeName>KUBTA</placeName>
					<lb/>
					ve					<placeName>ORAŞKA</placeName>
					 ve					<placeName>RAVANA</placeName>
					 ve					<placeName>ZABDE</placeName>
					 ve					<placeName>DUBUİÇ</placeName>
					 ve					<placeName>KOYSİNE</placeName>
					'de olan
					<placeName>ʿALUKA</placeName>
					 ve					<placeName>DURJUBİÇ</placeName>
					'
					<lb/>
					de olan ..lar başının ve					<placeName>İNİCE</placeName>
					'de hāsıl olan ʿāşār-ı şerʿiyesini ve rüsūmāt-ı
					<lb/>
					sā'irisi tapunāmeden ve YADUHUVAdan gayri işbu					<date from="1815-02-10" from-custom="1230-03-01" to-custom="1231-02-30" type="created">
						bin iki yüz otuz senesinin
						<lb/>
						Martı ibtidāsından Şubatı gāyene değin
					</date>
					 zabt ve rabtına taleb ve rāgib olan
					<lb/>
					işbu dārende-i temessük zimmī					<persName>YARIT</persName>
					 baş-ı rāhib bedel mukābelesinde yalnız
					<lb/>
					yüz yiğirmi guruş ber vech-i peşīn tarafımıza bā tamāmen edā ve teslīm olunda(?) bi-mennihi taʿālā
					<lb/>
					sene-i ... varınca zabt ve rabtına ve rüsū(māt)-ı sā'iresi ahz ve kabzına işbu mesfūr ...
					<lb/>
					yedine zabt temessük viridi tarafımızdan ve taraf-ı āhardan bir kimesne māniʿ ve müdāhale
					<lb/>
					olmayalar				</p>
				<div2 facs="#zone_wwb_l5c_ykb" type="sign">
					<p>
						<lb/>
						...
						<lb/>
						Dervīş
						<lb/>
						Mehmed el-me'mūr
						<lb/>
						M					</p>
				</div2>
			</div1>
		</body>
	</text>
</TEI>
