<?xml version="1.0" encoding="UTF-8"?>
<?xml-model href="http://www.tei-c.org/release/xml/tei/custom/schema/relaxng/tei_all.rng" type="application/xml" schematypens="http://relaxng.org/ns/structure/1.0"?>
<?xml-model href="http://www.tei-c.org/release/xml/tei/custom/schema/relaxng/tei_all.rng" type="application/xml"
	schematypens="http://purl.oclc.org/dsdl/schematron"?>
<TEI xmlns="http://www.tei-c.org/ns/1.0">
	<teiHeader>
		<fileDesc>
			<titleStmt>
				<title>Tursko1-073</title>
			</titleStmt>
			<publicationStmt>
				<p>Publication Information</p>
			</publicationStmt>
			<sourceDesc>
				<p/>
			</sourceDesc>
		</fileDesc>
		<xenoData>{ "saji:aspectRatioType": [ "C" ], "saji:fond": [ "Tursko 1" ] }</xenoData>
	</teiHeader>
	<facsimile>
		<surface>
			<graphic url="../../../Tursko%201/DSCN1678.JPG"/>
			<zone ulx="50" uly="50" lrx="2362" lry="2738" xml:id="zone_xfv_fby_1jb"/>
			<zone ulx="2362" uly="2362" lrx="442" lry="2510" xml:id="zone_jz1_hby_1jb"/>
			<zone ulx="1091" uly="1091" lrx="2347" lry="1434" xml:id="zone_kpx_hby_1jb"/>
			<zone ulx="1110" uly="1110" lrx="2034" lry="1278" xml:id="zone_qs4_3by_1jb"/>
		</surface>
		<surface>
			<graphic url="../../../Day%202/IMG_0488.JPG"/>
		</surface>
		<surface>
			<graphic url="../../../Day%202/IMG_0489.JPG"/>
		</surface>
		<surface>
			<graphic url="../../../Tursko%201/DSCN1679.JPG"/>
			<zone ulx="577" uly="577" lrx="2834" lry="972" xml:id="zone_hcf_nby_1jb"/>
		</surface>
	</facsimile>
	<text>
		<body>
			<div1 facs="#zone_xfv_fby_1jb" type="emirnāme_sūret">
				<p>
					<lb/>
					... fī					<date type="created" when="1857-03-27" when-custom="1273-08-02">2 Ş sene 273</date>
					<lb/>
				</p>
				<div2 facs="#zone_jz1_hby_1jb" type="sign_sūret">
					<p>
						<lb/>
						...
						<lb/>
					</p>
				</div2>
				<div2 facs="#zone_kpx_hby_1jb" type="sign">
					<p>
						<lb/>
						...
						<lb/>
					</p>
					<div3 facs="#zone_hcf_nby_1jb" type="stamp">
						<p>
							<lb/>
							... fī							<lb/>
						</p>
					</div3>
				</div2>
			</div1>
			<div1 facs="#zone_qs4_3by_1jb" type="summary_Croatian">
				<p>
					<lb/>
					...					<date type="summary_Croatian" when="1857">1857</date>
					. ...
					<lb/>
					<lb/>
					<date type="summary_Croatian" when="1857-08-19" when-custom="1273">1273</date>
					<lb/>
				</p>
			</div1>
		</body>
	</text>
</TEI>
