<?xml version="1.0" encoding="UTF-8"?>
<?xml-model href="http://www.tei-c.org/release/xml/tei/custom/schema/relaxng/tei_all.rng" type="application/xml" schematypens="http://relaxng.org/ns/structure/1.0"?>
<?xml-model href="http://www.tei-c.org/release/xml/tei/custom/schema/relaxng/tei_all.rng" type="application/xml"
	schematypens="http://purl.oclc.org/dsdl/schematron"?>
<TEI xmlns="http://www.tei-c.org/ns/1.0">
	<teiHeader>
		<fileDesc>
			<titleStmt>
				<title>Tursko3-013</title>
			</titleStmt>
			<publicationStmt>
				<p>Publication Information</p>
			</publicationStmt>
			<notesStmt>
				<note type="summary">通行許可</note>
			</notesStmt>
			<sourceDesc>
				<p/>
			</sourceDesc>
		</fileDesc>
		<profileDesc>
			<textClass>
				<classCode scheme="">通行許可</classCode>
			</textClass>
		</profileDesc>
		<xenoData>{ "saji:aspectRatioType": [ "B" ], "saji:fond": [ "Tursko 3" ], "saji:memo": [ "典型" ] }</xenoData>
	</teiHeader>
	<facsimile>
		<surface>
			<graphic url="../../../Tursko%203/DSCN9307.JPG"/>
			<zone ulx="635" uly="635" lrx="2030" lry="1565" xml:id="zone_mjb_rkq_h3b"/>
			<zone ulx="1165" uly="1165" lrx="845" lry="1470" xml:id="zone_s3w_rkq_h3b"/>
			<zone ulx="1320" uly="1320" lrx="1175" lry="1530" xml:id="zone_dms_skq_h3b"/>
			<zone ulx="2510" uly="2510" lrx="1960" lry="2845" xml:id="zone_nh4_tkq_h3b"/>
		</surface>
		<surface>
			<graphic url="../../../Day%205/IMG_0034.JPG"/>
		</surface>
		<surface>
			<graphic url="../../../Day%205/IMG_0035.JPG"/>
		</surface>
	</facsimile>
	<text>
		<body>
			<div1 facs="#zone_mjb_rkq_h3b" type="izin_belgesi">
				<p>
					<lb/>
					hüve
					<lb/>
					Dārandegâr tezkire
					<lb/>
					<placename>
						<placename type="proper">Kirşevo</placename>
						 varoş kilise
					</placename>
					den zimmī					<persname cert="unknown">...</persname>
					 bir nefer hizmetkâr ile					<placename cert="high">Sava</placename>
					 tarafına
					<lb/>
					ʿāzim olup kiliseye ... gardiyān ... izin şöd fī					<date when="1835-11-11" when-custom="1251-07-21">21 Receb sene 251</date>
				</p>
				<div2 type="sign">
					<div3 facs="#zone_s3w_rkq_h3b" type="stamp">
						<p>
							<lb/>
							<placename>
								Mahkeme-i nāhiye-i								<placename type="proper">Kirşevo</placename>
							</placename>
						</p>
					</div3>
				</div2>
				<div2 type="sign">
					<div3 facs="#zone_dms_skq_h3b" type="stamp">
						<p>
							<lb/>
							<persname cert="unknown">... Süleyman</persname>
						</p>
					</div3>
				</div2>
			</div1>
			<div1 facs="#zone_nh4_tkq_h3b" type="summary_Croatian">
				<lb/>
				...				<date type="summary_Croatian" when="1835">1835</date>
				<lb/>
			</div1>
		</body>
	</text>
</TEI>
