<?xml version="1.0" encoding="UTF-8"?>
<?xml-model href="http://www.tei-c.org/release/xml/tei/custom/schema/relaxng/tei_all.rng" type="application/xml" schematypens="http://relaxng.org/ns/structure/1.0"?>
<?xml-model href="http://www.tei-c.org/release/xml/tei/custom/schema/relaxng/tei_all.rng" type="application/xml"
	schematypens="http://purl.oclc.org/dsdl/schematron"?>
<TEI xmlns="http://www.tei-c.org/ns/1.0">
	<teiHeader>
		<fileDesc>
			<titleStmt>
				<title>Tursko1-097</title>
			</titleStmt>
			<publicationStmt>
				<p>Publication Information</p>
			</publicationStmt>
			<sourceDesc>
				<p/>
			</sourceDesc>
		</fileDesc>
		<xenoData>{ "saji:aspectRatioType": [ "C" ], "saji:fond": [ "Tursko 1" ], "saji:memo": [ "典型" ] }</xenoData>
	</teiHeader>
	<facsimile>
		<surface>
			<graphic url="../../../Tursko%201/DSCN1768.JPG"/>
			<zone ulx="0" uly="0" lrx="1700" lry="2833" xml:id="zone_ahr_cc3_cjb"/>
			<zone ulx="2542" uly="2542" lrx="506" lry="2706" xml:id="zone_zwd_2c3_cjb"/>
			<zone ulx="1290" uly="1290" lrx="1050" lry="1801" xml:id="zone_pwz_2c3_cjb"/>
		</surface>
		<surface>
			<graphic url="../../../Day%203/IMG_0029.JPG"/>
		</surface>
		<surface>
			<graphic url="../../../Day%203/IMG_0030.JPG"/>
		</surface>
		<surface>
			<graphic url="../../../Tursko%201/DSCN1769.JPG"/>
		</surface>
		<surface>
			<graphic url="../../../Tursko%201/DSCN1770.JPG"/>
			<zone ulx="1088" uly="1088" lrx="3245" lry="2027" xml:id="zone_pnr_gc3_cjb"/>
		</surface>
		<surface>
			<graphic url="../../../Tursko%201/DSCN1771.JPG"/>
			<zone ulx="916" uly="916" lrx="802" lry="1035" xml:id="zone_tfh_jc3_cjb"/>
		</surface>
	</facsimile>
	<text>
		<body>
			<div1 facs="#zone_ahr_cc3_cjb" type="iʿlām">
				<p>
					<lb/>
					...					<date type="created" when="1784-02-06" when-custom="1198-03-15">
						fi'l-yevmi'l-hāmis ve ʿaşar
						<lb/>
						<lb/>
						min māh Rebi'ü'l-evvel sene semān ve tisʿīn ve mie ve elif
					</date>
					<lb/>
				</p>
				<div2 facs="#zone_zwd_2c3_cjb" type="sign">
					<p>
						<lb/>
						...
						<lb/>
					</p>
					<div3 facs="#zone_tfh_jc3_cjb" type="stamp">
						<p>
							<lb/>
							...
							<lb/>
						</p>
					</div3>
				</div2>
			</div1>
			<div1 facs="#zone_pwz_2c3_cjb" type="buyuruldu">
				<p>
					<lb/>
					buyuruldu fī					<date type="created" when="1784-02-29" when-custom="1198-04-08">8 R sene 198</date>
					<lb/>
				</p>
			</div1>
			<div1 facs="#zone_pnr_gc3_cjb" type="summary_Croatian">
				<p>
					<lb/>
					...					<date type="summary_Croatian" when="1784">1784</date>
					<lb/>
				</p>
			</div1>
		</body>
	</text>
</TEI>
