<?xml version="1.0" encoding="UTF-8"?>
<?xml-model href="http://www.tei-c.org/release/xml/tei/custom/schema/relaxng/tei_all.rng" type="application/xml" schematypens="http://relaxng.org/ns/structure/1.0"?>
<?xml-model href="http://www.tei-c.org/release/xml/tei/custom/schema/relaxng/tei_all.rng" type="application/xml"
	schematypens="http://purl.oclc.org/dsdl/schematron"?>
<TEI xmlns="http://www.tei-c.org/ns/1.0">
	<teiHeader>
		<fileDesc>
			<titleStmt>
				<title>Tursko1-004</title>
			</titleStmt>
			<publicationStmt>
				<p>Publication Information</p>
			</publicationStmt>
			<sourceDesc>
				<p/>
			</sourceDesc>
		</fileDesc>
		<xenoData>{ "saji:aspectRatioType": [ "A" ], "saji:calligraphy": [ "Rıkʿa" ], "saji:date_H": [
          "(12)63-N-22" ], "saji:date_M": [ "1847-09-03" ], "saji:foldingMethod": [ "8×2" ],
          "saji:fond": [ "Tursko 1" ], "saji:item": [ "本文" ], "saji:lang": [ "ota" ],
          "saji:lineage": [ "8" ], "saji:memo": [ "日付：下二桁しか記されていないが、100の位が偶数の場合省略する慣習(çift
          yüzyıl)があるので、ヒジュラ暦1200年代であると判断した。また月は「N」と読めるので、Ramazanとして処理したが要検討。", "典型" ],
          "saji:number": [ "n/a" ], "saji:openingPhrase": [ "Devletlü efendim ḫażretleri" ],
          "saji:placeFull": [ "Bosna" ], "saji:relationWithAnotherItems": [ "DSCN0913.JPG_表", "表全体像"
          ], "saji:transcription": [ "Devletlü efendim ḫażretleri\r\n\r\nBosna'da bulnan ...
          papaslar ... bir ḳaç" ], "saji:type": [ "ḳā'ime", "地方から中央へ送られる文書なので、地方には残らないはず。写しの可能性。" ]
          }</xenoData>
	</teiHeader>
	<facsimile>
		<surface>
			<graphic url="../../../Tursko%201/DSCN0913.JPG"/>
			<zone ulx="166" uly="166" lrx="1675" lry="2725" xml:id="zone_bq2_f4y_y3b"/>
		</surface>
		<surface>
			<graphic url="../../../Day%201/IMG_0034.JPG"/>
		</surface>
		<surface>
			<graphic url="../../../Day%201/IMG_0036.JPG"/>
		</surface>
		<surface>
			<graphic url="../../../Tursko%201/DSCN0914.JPG"/>
			<zone ulx="1671" uly="1671" lrx="1633" lry="1820" xml:id="zone_kxy_g4y_y3b"/>
		</surface>
	</facsimile>
	<text>
		<body>
			<div1 facs="#zone_bq2_f4y_y3b" type="kā'ime">
				<l>
					... fī					<date cert="low" type="created" when="1848-02-26" when-custom="1264-03-22">22 Ra 64</date>
				</l>
			</div1>
			<div1 cert="unknown" facs="#zone_kxy_g4y_y3b" type="kā'ime">
				<l>Ve mektūb ...</l>
			</div1>
		</body>
	</text>
</TEI>
