<?xml version="1.0" encoding="UTF-8"?>
<?xml-model href="http://www.tei-c.org/release/xml/tei/custom/schema/relaxng/tei_all.rng" type="application/xml" schematypens="http://relaxng.org/ns/structure/1.0"?>
<?xml-model href="http://www.tei-c.org/release/xml/tei/custom/schema/relaxng/tei_all.rng" type="application/xml"
	schematypens="http://purl.oclc.org/dsdl/schematron"?>
<TEI xmlns="http://www.tei-c.org/ns/1.0">
	<teiHeader>
		<fileDesc>
			<titleStmt>
				<title>Tursko3-170</title>
			</titleStmt>
			<publicationStmt>
				<p>Publication Information</p>
			</publicationStmt>
			<sourceDesc>
				<p/>
			</sourceDesc>
		</fileDesc>
		<xenoData>{ "saji:aspectRatioType": [ "A" ], "saji:fond": [ "Tursko 3" ] }</xenoData>
	</teiHeader>
	<facsimile>
		<surface>
			<graphic url="../../../Tursko%203/DSCN9089.JPG"/>
			<zone ulx="75" uly="75" lrx="1633" lry="3175" xml:id="zone_vg2_dzz_flb"/>
			<zone ulx="163" uly="163" lrx="1217" lry="710" xml:id="zone_qkx_fzz_flb"/>
			<zone ulx="528" uly="528" lrx="871" lry="706" xml:id="zone_rbs_gzz_flb"/>
		</surface>
		<surface>
			<graphic url="../../../Day%206/IMG_0178.JPG"/>
		</surface>
		<surface>
			<graphic url="../../../Day%206/IMG_0179.JPG"/>
		</surface>
	</facsimile>
	<text>
		<body>
			<div1 facs="#zone_vg2_dzz_flb" type="hüccet">
				<p>
					<lb/>
					...  hurira fī					<date cert="low" type="created" when="1726-01-03" when-custom="1138-04">
						Rebī'ü'l-āhir
						<lb/>
						sene semān ve selāsīn ve mie ve elif
					</date>
				</p>
				<div2 facs="#zone_qkx_fzz_flb" type="sign">
					<p>
						<lb/>
						...
						<lb/>
					</p>
					<div3 facs="#zone_rbs_gzz_flb" type="stamp">
						<p>
							<lb/>
							...
							<lb/>
						</p>
					</div3>
				</div2>
				<div2 type="şühūdu’l-hāl">
					<p>
						<lb/>
						...
						<lb/>
					</p>
				</div2>
			</div1>
		</body>
	</text>
</TEI>
