<?xml version="1.0" encoding="UTF-8"?>
<?xml-model href="http://www.tei-c.org/release/xml/tei/custom/schema/relaxng/tei_all.rng" type="application/xml" schematypens="http://relaxng.org/ns/structure/1.0"?>
<?xml-model href="http://www.tei-c.org/release/xml/tei/custom/schema/relaxng/tei_all.rng" type="application/xml"
	schematypens="http://purl.oclc.org/dsdl/schematron"?>
<TEI xmlns="http://www.tei-c.org/ns/1.0">
	<teiHeader>
		<fileDesc>
			<titleStmt>
				<title>Tursko3-070</title>
			</titleStmt>
			<publicationStmt>
				<p>Publication Information</p>
			</publicationStmt>
			<sourceDesc>
				<p/>
			</sourceDesc>
		</fileDesc>
		<xenoData>{ "saji:aspectRatioType": [ "B" ], "saji:fond": [ "Tursko 3" ] }</xenoData>
	</teiHeader>
	<facsimile>
		<surface>
			<graphic url="../../../Tursko%203/DSCN9346.JPG"/>
			<zone ulx="1683" uly="1683" lrx="2025" lry="2820" xml:id="zone_dkm_dq1_zlb"/>
			<zone ulx="2489" uly="2489" lrx="721" lry="2778" xml:id="zone_a21_fq1_zlb"/>
		</surface>
		<surface>
			<graphic url="../../../Day%205/IMG_0160.JPG"/>
		</surface>
		<surface>
			<graphic url="../../../Day%205/IMG_0161.JPG"/>
		</surface>
	</facsimile>
	<text>
		<body>
			<div1 cert="low" facs="#zone_dkm_dq1_zlb" subtype="tezkire" type="EMIN">
				<p>
					<lb/>
					işbu bin yüz seksen yedi senesinde Kirşevo gardiyāne irsāl
					<lb/>
					eyledüğüm ...				</p>
				<div2 facs="#zone_a21_fq1_zlb" type="sign">
					<p>
						<lb/>
						...
						<lb/>
					</p>
				</div2>
			</div1>
		</body>
	</text>
</TEI>
