<?xml version="1.0" encoding="UTF-8"?>
<?xml-model href="http://www.tei-c.org/release/xml/tei/custom/schema/relaxng/tei_all.rng" type="application/xml" schematypens="http://relaxng.org/ns/structure/1.0"?>
<?xml-model href="http://www.tei-c.org/release/xml/tei/custom/schema/relaxng/tei_all.rng" type="application/xml"
	schematypens="http://purl.oclc.org/dsdl/schematron"?>
<TEI xmlns="http://www.tei-c.org/ns/1.0">
	<teiHeader>
		<fileDesc>
			<titleStmt>
				<title>Tursko3-126</title>
			</titleStmt>
			<publicationStmt>
				<p>Publication Information</p>
			</publicationStmt>
			<sourceDesc>
				<p/>
			</sourceDesc>
		</fileDesc>
		<xenoData>{ "saji:aspectRatioType": [ "B" ], "saji:fond": [ "Tursko 3" ] }</xenoData>
	</teiHeader>
	<facsimile>
		<surface>
			<graphic url="../../../Tursko%203/DSCN9165.JPG"/>
			<zone ulx="811" uly="811" lrx="2923" lry="1338" xml:id="zone_lq5_2rq_jlb"/>
		</surface>
		<surface>
			<graphic url="../../../Day%206/IMG_0074.JPG"/>
		</surface>
		<surface>
			<graphic url="../../../Day%206/IMG_0075.JPG"/>
		</surface>
		<surface>
			<graphic url="../../../Tursko%203/DSCN9167.JPG"/>
			<zone ulx="301" uly="301" lrx="1037" lry="515" xml:id="zone_lhm_grq_jlb"/>
		</surface>
		<surface>
			<graphic url="../../../Tursko%203/DSCN9168.JPG"/>
			<zone ulx="227" uly="227" lrx="2209" lry="3245" xml:id="zone_v2w_hrq_jlb"/>
			<zone ulx="2785" uly="2785" lrx="642" lry="3227" xml:id="zone_pgf_jrq_jlb"/>
		</surface>
	</facsimile>
	<text>
		<body>
			<div1 facs="#zone_v2w_hrq_jlb" next="#zone_lq5_2rq_jlb" subtype="zabt_temessük" type="EMIN">
				<p>
					<lb/>
					... işbu					<date type="created" when="1769-05-05" when-custom="1182">bin yüz seksen iki senesinde</date>
					 der ʿuhde
					<lb/>
					ve				</p>
				<div2 facs="#zone_pgf_jrq_jlb" type="sign">
					<p>
						<lb/>
						...
						<lb/>
					</p>
					<div3 facs="#zone_lhm_grq_jlb" type="stamp">
						<p>
							<lb/>
							...
							<lb/>
						</p>
					</div3>
				</div2>
				<div2 type="şühūdu’l-hāl">
					<p>
						<lb/>
						...
						<lb/>
					</p>
				</div2>
			</div1>
			<div1 facs="#zone_lq5_2rq_jlb" type="summary_Croatian">
				<p>
					<lb/>
					...
					<lb/>
				</p>
			</div1>
		</body>
	</text>
</TEI>
