<?xml version="1.0" encoding="UTF-8"?>
<?xml-model href="http://www.tei-c.org/release/xml/tei/custom/schema/relaxng/tei_all.rng" type="application/xml" schematypens="http://relaxng.org/ns/structure/1.0"?>
<?xml-model href="http://www.tei-c.org/release/xml/tei/custom/schema/relaxng/tei_all.rng" type="application/xml"
	schematypens="http://purl.oclc.org/dsdl/schematron"?>
<TEI xmlns="http://www.tei-c.org/ns/1.0">
	<teiHeader>
		<fileDesc>
			<titleStmt>
				<title>Tursko3-245</title>
			</titleStmt>
			<publicationStmt>
				<p>Publication Information</p>
			</publicationStmt>
			<sourceDesc>
				<p/>
			</sourceDesc>
		</fileDesc>
		<xenoData>{ "saji:aspectRatioType": [ "C" ], "saji:fond": [ "Tursko 3" ] }</xenoData>
	</teiHeader>
	<facsimile>
		<surface>
			<graphic url="../../../Tursko%203/DSCN0296.JPG"/>
			<zone ulx="136" uly="136" lrx="1963" lry="2981" xml:id="zone_x3x_z4s_yjb"/>
			<zone ulx="2695" uly="2695" lrx="834" lry="2947" xml:id="zone_hb2_dps_yjb"/>
			<zone ulx="156" uly="156" lrx="1506" lry="876" xml:id="zone_o5l_2ps_yjb"/>
		</surface>
		<surface>
			<graphic url="../../../Day%207/IMG_0127.JPG"/>
		</surface>
		<surface>
			<graphic url="../../../Day%207/IMG_0128.JPG"/>
		</surface>
		<surface>
			<graphic url="../../../Tursko%203/DSCN0297.JPG"/>
		</surface>
		<surface>
			<graphic url="../../../Tursko%203/DSCN0298.JPG"/>
		</surface>
		<surface>
			<graphic url="../../../Tursko%203/DSCN0299.JPG"/>
			<zone ulx="833" uly="833" lrx="2684" lry="1344" xml:id="zone_rdr_hps_yjb"/>
		</surface>
	</facsimile>
	<text>
		<body>
			<div1 facs="#zone_x3x_z4s_yjb" type="tapu_senedi">
				<p>
					<lb/>
					... fī					<date type="created" when="1855-02-12" when-custom="1271-05-25">25 Ca sene 1271</date>
					<lb/>
				</p>
				<div2 type="sign">
					<div3 facs="#zone_hb2_dps_yjb" type="stamp">
						<p>
							<lb/>
							...							<lb/>
						</p>
					</div3>
				</div2>
				<div2 facs="#zone_o5l_2ps_yjb" type="tuğra">
					<p>
						<lb/>
						...
						<lb/>
					</p>
				</div2>
			</div1>
			<div1 facs="#zone_rdr_hps_yjb" type="summary_Croatian">
				<p>
					<lb/>
					...					<date type="summary_Croatian" when="1855-09-11" when-custom="1271">1271</date>
					.
					<lb/>
				</p>
			</div1>
		</body>
	</text>
</TEI>
