<?xml version="1.0" encoding="UTF-8"?>
<?xml-model href="http://www.tei-c.org/release/xml/tei/custom/schema/relaxng/tei_all.rng" type="application/xml" schematypens="http://relaxng.org/ns/structure/1.0"?>
<?xml-model href="http://www.tei-c.org/release/xml/tei/custom/schema/relaxng/tei_all.rng" type="application/xml"
	schematypens="http://purl.oclc.org/dsdl/schematron"?>
<TEI xmlns="http://www.tei-c.org/ns/1.0">
	<teiHeader>
		<fileDesc>
			<titleStmt>
				<title>Tursko1-154</title>
			</titleStmt>
			<publicationStmt>
				<p>Publication Information</p>
			</publicationStmt>
			<sourceDesc>
				<p/>
			</sourceDesc>
		</fileDesc>
		<xenoData>{ "saji:aspectRatioType": [ "A" ], "saji:fond": [ "Tursko 1" ] }</xenoData>
	</teiHeader>
	<facsimile>
		<surface>
			<graphic url="../../../Tursko%201/DSCN1883.JPG"/>
			<zone ulx="357" uly="357" lrx="1500" lry="3133" xml:id="zone_sbt_drw_cjb"/>
			<zone ulx="536" uly="536" lrx="1478" lry="1107" xml:id="zone_itt_frw_cjb"/>
			<zone ulx="961" uly="961" lrx="1386" lry="1096" xml:id="zone_i34_grw_cjb"/>
			<zone ulx="391" uly="391" lrx="1023" lry="1065" xml:id="zone_ytb_hrw_cjb"/>
			<zone ulx="930" uly="930" lrx="896" lry="1048" xml:id="zone_gxx_hrw_cjb"/>
		</surface>
		<surface>
			<graphic url="../../../Day%204/IMG_0009.JPG"/>
		</surface>
		<surface>
			<graphic url="../../../Day%204/IMG_0010.JPG"/>
		</surface>
		<surface>
			<graphic url="../../../Tursko%201/DSCN1884.JPG"/>
			<zone ulx="633" uly="633" lrx="2512" lry="1172" xml:id="zone_rgj_krw_cjb"/>
		</surface>
	</facsimile>
	<text>
		<body>
			<div1 facs="#zone_sbt_drw_cjb" type="hüccet">
				<p>
					<lb/>
					...					<date type="created" when="1807-07-12" when-custom="1222-05-07">
						fi'l-yevmi'l-sābʿa min şehr Cemaziye'l-evvel sene isnā ve ʿaşrīn
						<lb/>
						<lb/>
						ve mieteyn baʿde'l-elif
					</date>
					 min hücceti'l-...
					<lb/>
				</p>
				<div2 facs="#zone_itt_frw_cjb" type="sign">
					<p>
						<lb/>
						...
						<lb/>
					</p>
					<div3 facs="#zone_i34_grw_cjb" type="stamp">
						<p>
							<lb/>
							... fī							<lb/>
						</p>
					</div3>
				</div2>
				<div2 facs="#zone_ytb_hrw_cjb" type="sign">
					<p>
						<lb/>
						... fī						<lb/>
					</p>
					<div3 facs="#zone_gxx_hrw_cjb" type="stamp">
						<p>
							<lb/>
							... fī							<lb/>
						</p>
					</div3>
				</div2>
			</div1>
			<div1 facs="#zone_rgj_krw_cjb" type="summary_Croatian">
				<p>
					<lb/>
					...					<date type="summary_Croatian" when="1807">1807</date>
					.
					<lb/>
				</p>
			</div1>
		</body>
	</text>
</TEI>
