<?xml version="1.0" encoding="UTF-8"?>
<?xml-model href="http://www.tei-c.org/release/xml/tei/custom/schema/relaxng/tei_all.rng" type="application/xml" schematypens="http://relaxng.org/ns/structure/1.0"?>
<?xml-model href="http://www.tei-c.org/release/xml/tei/custom/schema/relaxng/tei_all.rng" type="application/xml"
	schematypens="http://purl.oclc.org/dsdl/schematron"?>
<TEI xmlns="http://www.tei-c.org/ns/1.0">
	<teiHeader>
		<fileDesc>
			<titleStmt>
				<title>Tursko3-206</title>
			</titleStmt>
			<publicationStmt>
				<p>Publication Information</p>
			</publicationStmt>
			<notesStmt>
				<note type="summary">非ムスリムから非ムスリムへ、労働を対価としてミーリー地であるティマールを移譲することの承認</note>
				<note type="mine">特徴的な筆跡。アリフが短くて、ラームが下に長い(ex.下から3行目sāl be-sāl, hāsıl)、レーが下に長い場合がある(ex.下から3行目aʿşāl-ı şerʿiyesin)、ヤーウがレーのようになる場合がある(ex.下から2行目yedine)</note>
			</notesStmt>
			<sourceDesc>
				<p/>
			</sourceDesc>
		</fileDesc>
		<xenoData>{ "saji:aspectRatioType": [ "B" ], "saji:fond": [ "Tursko 3" ] }</xenoData>
	</teiHeader>
	<facsimile>
		<surface>
			<graphic url="../../../Tursko%203/DSCN8995.JPG"/>
			<zone ulx="591" uly="591" lrx="637" lry="866" xml:id="zone_lwx_fly_wkb"/>
		</surface>
		<surface>
			<graphic url="../../../Day%207/IMG_0035.JPG"/>
		</surface>
		<surface>
			<graphic url="../../../Day%207/IMG_0036.JPG"/>
		</surface>
		<surface>
			<graphic url="../../../Tursko%203/DSCN8996.JPG"/>
			<zone ulx="266" uly="266" lrx="2325" lry="3000" xml:id="zone_ajk_hly_wkb"/>
			<zone ulx="2551" uly="2551" lrx="457" lry="2951" xml:id="zone_qmn_3ly_wkb"/>
		</surface>
	</facsimile>
	<text>
		<body>
			<div1 facs="#zone_ajk_hly_wkb" type="EMIN_tapu_nāme">
				<p>
					<lb/>
					Hüve
					<lb/>
					Vech-i tahrīr-i hurūf oldur ki
					<lb/>
					bā-berāt-ı şerīf mutasarrıf olduğum tımārımız kurālaından KOMAR karyesin(?) sākinlerinden
					<lb/>
					... zimmī Marya nām-ı mesfūrenin karye-i mezkūrede hudūdu ve ... dāhirinde
					<lb/>
					arāzī-i mīrīiyesi taht-ı tasarrıfında olmağla ʿinde'l-ahāli(?) ve'l-cīrān(?) maʿlūm...(?) el-hudūd ile(?) ʿaşārisi(?)
					<lb/>
					hakk ve karār edüb karyesiz(?) ...-meklerinden ... zimmī YÜZÜ veled-i Īvān nām zimmīye
					<lb/>
					... üzere hizmet mukābelesinde habbe-i ... sahh-ı(?) şerʿiye ile tafvīz ve teslīm
					<lb/>
					... mesfūrı YÜZÜ hizmet-i mezkūri kabūl ve ... olduktan sonra ben(?) dahi
					<lb/>
					sāhib-i zemīn bulunduğumuz hasebiyle kānūn-u ... üzere cā'iz olub(?)
					<lb/>
					mā-dām ki sāl be-sāl hāsıl olunan aʿşāl-ı şerʿiyesin ve rüsūmāt-ı ʿörfiyesin ...
					<lb/>
					edā ve teslīm olunduktan sonra mesfūr zimmī YÜZÜ'nun yedine mutasarıf içün işbu
					<lb/>
					tapunāme vākiʿ(?) ve iʿtā olunub vakt-i ... ibrāz oluna fī					<date cert="low" type="created" when="1806-01-05" when-custom="1220-10-15">15 L sene 1220</date>
					<lb/>
				</p>
				<div2 facs="#zone_qmn_3ly_wkb" type="sign">
					<p>
						<lb/>
						...
						<lb/>
						Mehmed Emīn
						<lb/>
						...
						<lb/>
						M					</p>
					<div3 facs="#zone_lwx_fly_wkb" type="stamp">
						<p>
							<lb/>
							Emīn
							<lb/>
							Mehmed
							<lb/>
							...
							<lb/>
							1222						</p>
					</div3>
				</div2>
				<div2 type="şühūdu'l-hāl">
					<p>
						<lb/>
						Şühūdu'l-hāl
						<lb/>
						Zimmī MİHAT KULİB
						<lb/>
						ʿan karye-i mezkūr
						<lb/>
						Zimmī YÜZÜ KUKİÇ ʿan karye-i KULİYE
						<lb/>
						Zimmī FRANO ʿĀŞNAN
						<lb/>
						ʿan karye-i mezbūr					</p>
				</div2>
			</div1>
		</body>
	</text>
</TEI>
