<?xml version="1.0" encoding="UTF-8"?>
<?xml-model href="http://www.tei-c.org/release/xml/tei/custom/schema/relaxng/tei_all.rng" type="application/xml" schematypens="http://relaxng.org/ns/structure/1.0"?>
<?xml-model href="http://www.tei-c.org/release/xml/tei/custom/schema/relaxng/tei_all.rng" type="application/xml"
	schematypens="http://purl.oclc.org/dsdl/schematron"?>
<TEI xmlns="http://www.tei-c.org/ns/1.0">
	<teiHeader>
		<fileDesc>
			<titleStmt>
				<title>Tursko1-158</title>
			</titleStmt>
			<publicationStmt>
				<p>Publication Information</p>
			</publicationStmt>
			<sourceDesc>
				<p/>
			</sourceDesc>
		</fileDesc>
		<xenoData>{ "saji:aspectRatioType": [ "C" ], "saji:fond": [ "Tursko 1" ] }</xenoData>
	</teiHeader>
	<facsimile>
		<surface>
			<graphic url="../../../Tursko%201/DSCN1891.JPG"/>
			<zone ulx="345" uly="345" lrx="1954" lry="3145" xml:id="zone_jhv_4ww_cjb"/>
			<zone ulx="2912" uly="2912" lrx="1750" lry="3082" xml:id="zone_lyj_qww_cjb"/>
			<zone ulx="2962" uly="2962" lrx="1729" lry="3068" xml:id="zone_wkx_qww_cjb"/>
			<zone ulx="2917" uly="2917" lrx="1453" lry="3072" xml:id="zone_glp_rww_cjb"/>
			<zone ulx="2852" uly="2852" lrx="1103" lry="3117" xml:id="zone_wrd_sww_cjb"/>
			<zone ulx="2973" uly="2973" lrx="1101" lry="3117" xml:id="zone_lss_sww_cjb"/>
			<zone ulx="2874" uly="2874" lrx="753" lry="3089" xml:id="zone_i43_tww_cjb"/>
			<zone ulx="2949" uly="2949" lrx="746" lry="3084" xml:id="zone_dkb_5ww_cjb"/>
		</surface>
		<surface>
			<graphic url="../../../Day%204/IMG_0017.JPG"/>
		</surface>
		<surface>
			<graphic url="../../../Day%204/IMG_0018.JPG"/>
		</surface>
		<surface>
			<graphic url="../../../Tursko%201/DSCN1892.JPG"/>
			<zone ulx="611" uly="611" lrx="2956" lry="1805" xml:id="zone_u3j_vww_cjb"/>
		</surface>
	</facsimile>
	<text>
		<body>
			<div1 facs="#zone_jhv_4ww_cjb" type="ʿilmühaber_tapu_senedi">
				<p>
					<lb/>
					... fī					<date type="created" when-custom="12xx-xx-xx"> sene 12[空欄]</date>
					<lb/>
				</p>
				<div2 facs="#zone_lyj_qww_cjb" type="sign">
					<p>
						<lb/>
						...
						<lb/>
					</p>
					<div3 facs="#zone_wkx_qww_cjb" type="stamp">
						<p>
							<lb/>
							...
							<lb/>
						</p>
					</div3>
				</div2>
				<div2 facs="#zone_glp_rww_cjb" type="sign">
					<p>
						<lb/>
						...
						<lb/>
					</p>
				</div2>
				<div2 facs="#zone_wrd_sww_cjb" type="sign">
					<p>
						<lb/>
						...
						<lb/>
					</p>
					<div3 facs="#zone_lss_sww_cjb" type="stamp">
						<p>
							<lb/>
							...
							<lb/>
						</p>
					</div3>
				</div2>
				<div2 facs="#zone_i43_tww_cjb" type="sign">
					<p>
						<lb/>
						...
						<lb/>
					</p>
					<div3 facs="#zone_dkb_5ww_cjb" type="stamp">
						<p>
							<lb/>
							...
							<lb/>
						</p>
					</div3>
				</div2>
			</div1>
			<div1 facs="#zone_u3j_vww_cjb" type="summary_Croatian">
				<p>
					<lb/>
					...
					<lb/>
				</p>
			</div1>
		</body>
	</text>
</TEI>
