<?xml version="1.0" encoding="UTF-8"?>
<?xml-model href="http://www.tei-c.org/release/xml/tei/custom/schema/relaxng/tei_all.rng" type="application/xml" schematypens="http://relaxng.org/ns/structure/1.0"?>
<?xml-model href="http://www.tei-c.org/release/xml/tei/custom/schema/relaxng/tei_all.rng" type="application/xml"
	schematypens="http://purl.oclc.org/dsdl/schematron"?>
<TEI xmlns="http://www.tei-c.org/ns/1.0">
	<teiHeader>
		<fileDesc>
			<titleStmt>
				<title>Tursko3-165</title>
			</titleStmt>
			<publicationStmt>
				<p>Publication Information</p>
			</publicationStmt>
			<notesStmt>
				<note type="summary">エミンのマーリキャーネ地内の土地の一括徴税権を修道院長が買取りし、その対価を支払うことについての証文。</note>
				<note type="mine">şühūdu'l-hālにパシャが2人もいる？beşeの間違いか？</note>
			</notesStmt>
			<sourceDesc>
				<p/>
			</sourceDesc>
		</fileDesc>
		<xenoData>{ "saji:aspectRatioType": [ "B" ], "saji:fond": [ "Tursko 3" ] }</xenoData>
	</teiHeader>
	<facsimile>
		<surface>
			<graphic url="../../../Tursko%203/DSCN9079.JPG"/>
			<zone ulx="331" uly="331" lrx="596" lry="557" xml:id="zone_pdr_4dt_flb"/>
			<zone ulx="337" uly="337" lrx="283" lry="566" xml:id="zone_twf_pdt_flb"/>
			<zone ulx="2873" uly="2873" lrx="2152" lry="3191" xml:id="zone_jdf_qdt_flb"/>
		</surface>
		<surface>
			<graphic url="../../../Day%206/IMG_0166.JPG"/>
		</surface>
		<surface>
			<graphic url="../../../Day%206/IMG_0167.JPG"/>
		</surface>
		<surface>
			<graphic url="../../../Tursko%203/DSCN9080.JPG"/>
			<zone ulx="230" uly="230" lrx="2310" lry="3170" xml:id="zone_vmr_rdt_flb"/>
			<zone ulx="2709" uly="2709" lrx="687" lry="3041" xml:id="zone_crv_sdt_flb"/>
			<zone ulx="2670" uly="2670" lrx="330" lry="3016" xml:id="zone_xk3_tdt_flb"/>
		</surface>
	</facsimile>
	<text>
		<body>
			<div1 facs="#zone_vmr_rdt_flb" next="#zone_jdf_qdt_flb" type="EMIN_zabt_temessük">
				<p>
					<lb/>
					Hüve
					<lb/>
					Vech-i tahrīr-i hurūf budur ki
					<lb/>
					işbu					<date when="1793-10-06" when-custom="1208-03-01">bin iki yüz sekiz senesinde Martı ibtidāsında</date>
					 der ʿuhde ve iltizāmımızda bulunan
					<lb/>
					Kirşevo mukātaʿa mālikânesi kurālarında vākiʿ nefs-i Kirşevo kilisanın karyesinde ve ...
					<lb/>
					... olan aʿşār-ı şerʿiye-i mahsūlāt her ne ... ahz ve kabzına taleb ve rāgib
					<lb/>
					mezkūr-i kilisanın rāhib gardiyān					<persName>PRA İLİYA</persName>
					 yüz iğirmi guruş mukābelesinin mahsūlāt
					<lb/>
					ve aʿşār-ı şerʿiyeyi mefsūre ihāle olunub ve bedel-i iltizām tarafımıza tamāmen teslīm
					<lb/>
					olunub işbu zabt temessük ... içün mesfūre iʿtā olundu
					<lb/>
					taraf-ı āhardan kimesne māniʿ olmaya fī					<date type="created" when="1794-07-27" when-custom="1208">sene 1208</date>
				</p>
				<div2 facs="#zone_crv_sdt_flb" type="sign">
					<p>
						<lb/>
						El-fakīr
						<lb/>
						ʿAtāllāh
						<lb/>
						Emīn-i
						<lb/>
						Kirşevo					</p>
					<div3 facs="#zone_pdr_4dt_flb" type="stamp">
						<p>
							<lb/>
							...
							<lb/>
						</p>
					</div3>
				</div2>
				<div2 facs="#zone_xk3_tdt_flb" type="sign">
					<p>
						<lb/>
						El-fakīr
						<lb/>
						Ahmed
						<lb/>
						Emīn-i
						<lb/>
						Kirşevo					</p>
					<div3 facs="#zone_twf_pdt_flb" type="stamp">
						<p>
							<lb/>
							...
							<lb/>
						</p>
					</div3>
				</div2>
				<div2 type="şühūdu'l-hāl">
					<p>
						<lb/>
						Şühūdu'l-hāl
						<lb/>
						Mustafa tābiʿ emīn
						<lb/>
						ʿAbdüllāh Paşa
						<lb/>
						Hasan Pāşa					</p>
				</div2>
			</div1>
			<div1 facs="#zone_jdf_qdt_flb" type="summary_Croatian">
				<p>
					<lb/>
					Do ...					<date type="summary_Croatian" when="1794">1794</date>
					 gros 180, ...
					<lb/>
					... nego 120				</p>
			</div1>
		</body>
	</text>
</TEI>
