<?xml version="1.0" encoding="UTF-8"?>
<?xml-model href="http://www.tei-c.org/release/xml/tei/custom/schema/relaxng/tei_all.rng" type="application/xml" schematypens="http://relaxng.org/ns/structure/1.0"?>
<?xml-model href="http://www.tei-c.org/release/xml/tei/custom/schema/relaxng/tei_all.rng" type="application/xml"
	schematypens="http://purl.oclc.org/dsdl/schematron"?>
<TEI xmlns="http://www.tei-c.org/ns/1.0">
	<teiHeader>
		<fileDesc>
			<titleStmt>
				<title>Tursko3-177</title>
			</titleStmt>
			<publicationStmt>
				<p>Publication Information</p>
			</publicationStmt>
			<notesStmt>
				<note type="summary">エミンの徴税権を修道院長に売却することの承認。</note>
				<note type="mine">署名は1つしかないのに、スタンプは2つある。押し損じたので二度押したか？しかし印影がはっきりせず、同じものかどうか同定できない。</note>
			</notesStmt>
			<sourceDesc>
				<p/>
			</sourceDesc>
		</fileDesc>
		<xenoData>{ "saji:aspectRatioType": [ "B" ], "saji:fond": [ "Tursko 3" ] }</xenoData>
	</teiHeader>
	<facsimile>
		<surface>
			<graphic url="../../../Tursko%203/DSCN9020.JPG"/>
			<zone ulx="270" uly="270" lrx="400" lry="495" xml:id="zone_xky_m54_xkb"/>
			<zone ulx="12" uly="12" lrx="362" lry="250" xml:id="zone_ztq_v54_xkb"/>
			<zone ulx="2854" uly="2854" lrx="2250" lry="3170" xml:id="zone_zl4_w54_xkb"/>
		</surface>
		<surface>
			<graphic url="../../../Day%206/IMG_0192.JPG"/>
		</surface>
		<surface>
			<graphic url="../../../Day%206/IMG_0193.JPG"/>
		</surface>
		<surface>
			<graphic url="../../../Tursko%203/DSCN9021.JPG"/>
		</surface>
		<surface>
			<graphic url="../../../Tursko%203/DSCN9022.JPG"/>
			<zone ulx="1360" uly="1360" lrx="2420" lry="3186" xml:id="zone_elp_dv4_xkb"/>
			<zone ulx="2574" uly="2574" lrx="538" lry="3146" xml:id="zone_lp2_fv4_xkb"/>
		</surface>
	</facsimile>
	<text>
		<body>
			<div1 facs="#zone_elp_dv4_xkb" next="#zone_zl4_w54_xkb" type="EMIN_zabt_temessük">
				<p>
					<lb/>
					Vech-i tahrīr-i hurūf budur ki
					<lb/>
					hālā ʿuhde ve iltizāmımızda olan Kirşevo mukātaʿasında kilisanın merbūt(?)
					<lb/>
					hāsıl olan ʿaşār-ı şerʿiyesi ve rüsūm ve sā'iresi işbu bin iki yüz					<lb/>
					bir senesinde māh-ı Martı ibtidāsında Şubatı gāyesine değin zabt ve rabt ve rüsū-
					<lb/>
					m-ü ʿaşārını ahz ve kabzına tāleb ve rāgib işbu dārende-i temessük Kirşevo kilisanın
					<lb/>
					zimmī gardiyān ... bedel ve iltizām olunub lāzım gelen bedel ve iltizā-
					<lb/>
					mı'l-hakk(?) seksen guruş tarafımıza edā ve teslīm eyledi ...
					<lb/>
					varınca ... ve rüsūm-ü ʿaşārını sā'iresi ahz ve kabz işbu
					<lb/>
					yedine zabt temessığımız virildi tarafımızdan ve taraf-ı āhardan bir kimesne
					<lb/>
					māniʿ olunmayasın(?)					<date type="created" when="1787-05-31" when-custom="1201-08-14">sene 1201 fī 14 māh-ı Ş</date>
				</p>
				<div2 facs="#zone_lp2_fv4_xkb" type="sign">
					<p>
						<lb/>
						...
						<lb/>
						Süleymān
						<lb/>
						... Haccı
						<lb/>
						Kirşevo Emīn
						<lb/>
						M
					</p>
					<div3 facs="#zone_xky_m54_xkb" type="stamp">
						<p>
							<lb/>
							...
							<lb/>
						</p>
					</div3>
					<div3 facs="#zone_ztq_v54_xkb" type="stamp">
						<p>
							<lb/>
							...
							<lb/>
						</p>
					</div3>
				</div2>
				<div2 type="şühūdu'l-hāl">
					<p>
						<lb/>
						Şühūdu'l-hāl
						<lb/>
						BRNK ʿAbdüllāh Beşe
						<lb/>
						Kara Mustafa Beşe
						<lb/>
						ŞKR Mehmed Beşe
						<lb/>
						HŞLK Sālih Beşe
						<lb/>
						JİLU Mehmed Beşe
					</p>
				</div2>
			</div1>
			<div1 facs="#zone_zl4_w54_xkb" type="summary_Croatian">
				<p>
					<lb/>
					... od ... od					<date type="summary_Croatian" when="1787">1787</date>
					.
				</p>
			</div1>
		</body>
	</text>
</TEI>
