<?xml version="1.0" encoding="UTF-8"?>
<?xml-model href="http://www.tei-c.org/release/xml/tei/custom/schema/relaxng/tei_all.rng" type="application/xml" schematypens="http://relaxng.org/ns/structure/1.0"?>
<?xml-model href="http://www.tei-c.org/release/xml/tei/custom/schema/relaxng/tei_all.rng" type="application/xml"
	schematypens="http://purl.oclc.org/dsdl/schematron"?>
<TEI xmlns="http://www.tei-c.org/ns/1.0">
	<teiHeader>
		<fileDesc>
			<titleStmt>
				<title>Tursko3-176</title>
			</titleStmt>
			<publicationStmt>
				<p>Publication Information</p>
			</publicationStmt>
			<notesStmt>
				<note type="summary">修道士たちが川岸(?)に新しく建てた建物の認可istīzānについての許可状。</note>
			</notesStmt>
			<sourceDesc>
				<p/>
			</sourceDesc>
		</fileDesc>
		<xenoData>{ "saji:aspectRatioType": [ "B" ], "saji:fond": [ "Tursko 3" ] }</xenoData>
	</teiHeader>
	<facsimile>
		<surface>
			<graphic url="../../../Tursko%203/DSCN9018.JPG"/>
			<zone ulx="694" uly="694" lrx="2895" lry="1366" xml:id="zone_m45_yq4_xkb"/>
		</surface>
		<surface>
			<graphic url="../../../Day%206/IMG_0190.JPG"/>
		</surface>
		<surface>
			<graphic url="../../../Day%206/IMG_0191.JPG"/>
		</surface>
		<surface>
			<graphic url="../../../Tursko%203/DSCN9019.JPG"/>
			<zone ulx="92" uly="92" lrx="1731" lry="2807" xml:id="zone_jxx_1r4_xkb"/>
			<zone ulx="2508" uly="2508" lrx="442" lry="2757" xml:id="zone_w12_cr4_xkb"/>
		</surface>
	</facsimile>
	<text>
		<body>
			<div1 facs="#zone_jxx_1r4_xkb" next="#zone_m45_yq4_xkb" type="EMIN_izin_tezkire">
				<p>
					<lb/>
					Hüve
					<lb/>
					Vech-i tahrīr-i hurūf oldur ki
					<lb/>
					işbu					<date type="created" when="1805-03-30" when-custom="1219">bin iki yüz on dokuz senesinde</date>
					 ʿuhde ve iltizāmımızda bulunan Kirşevo kilisanın
					<lb/>
					rāhibleri nehr-i KOYSİNCE(?) üzerinde muceddiden(?) ... olunan bināyi yapmak ...
					<lb/>
					... tarafımızdan istīzān etmeleryile biz dahi me'mūrimiz hasebiyle mesfūrler ve binā-i
					<lb/>
					mezkūri ...-etmek izin birle mā-dām ki ... rüzūmdan olduğundan yedlerine işbu izin
					<lb/>
					tezkire virildi tarafımızdan ve taraf-ı āhardan kimesne māniʿ ve müdāhale olunmaya
				</p>
				<div2 facs="#zone_w12_cr4_xkb" type="sign">
					<p>
						<lb/>
						Min ...
						<lb/>
						... Mehmed Ağa
						<lb/>
						El-me'mūr
					</p>
				</div2>
			</div1>
			<div1 facs="#zone_m45_yq4_xkb" type="summary_Croatian">
				<p>
					<lb/>
					...					<date type="summary_Croatian" when="1805">1805</date>
					 ...
					<lb/>
					...
					<lb/>
					...					<date type="summary_Croatian" when="1805">1805</date>
					 ...					<lb/>
					...
				</p>
			</div1>
		</body>
	</text>
</TEI>
