<?xml version="1.0" encoding="UTF-8"?>
<?xml-model href="http://www.tei-c.org/release/xml/tei/custom/schema/relaxng/tei_all.rng" type="application/xml" schematypens="http://relaxng.org/ns/structure/1.0"?>
<?xml-model href="http://www.tei-c.org/release/xml/tei/custom/schema/relaxng/tei_all.rng" type="application/xml"
	schematypens="http://purl.oclc.org/dsdl/schematron"?>
<TEI xmlns="http://www.tei-c.org/ns/1.0">
	<teiHeader>
		<fileDesc>
			<titleStmt>
				<title>Tursko1-164</title>
			</titleStmt>
			<publicationStmt>
				<p>Publication Information</p>
			</publicationStmt>
			<notesStmt>
				<note type="mine">『Siraziye』という法学書を典拠にしている。</note>
			</notesStmt>
			<sourceDesc>
				<p/>
			</sourceDesc>
		</fileDesc>
		<xenoData>{ "saji:aspectRatioType": [ "A" ], "saji:fond": [ "Tursko 1" ], "saji:memo": [ "典型" ] }</xenoData>
	</teiHeader>
	<facsimile>
		<surface>
			<graphic url="../../../Tursko%201/DSCN1961.JPG"/>
			<zone ulx="154" uly="154" lrx="1863" lry="3090" xml:id="zone_zx1_4q2_djb"/>
		</surface>
		<surface>
			<graphic url="../../../Day%204/IMG_0031.JPG"/>
		</surface>
		<surface>
			<graphic url="../../../Day%204/IMG_0032.JPG"/>
		</surface>
		<surface>
			<graphic url="../../../Tursko%201/DSCN1962.JPG"/>
			<zone ulx="644" uly="644" lrx="2728" lry="1166" xml:id="zone_tq5_pq2_djb"/>
		</surface>
	</facsimile>
	<text>
		<body>
			<div1 facs="#zone_zx1_4q2_djb" type="fetvā">
				<p>
					<lb/>
					...
					<lb/>
				</p>
			</div1>
			<div1 facs="#zone_tq5_pq2_djb" type="summary_Croatian">
				<p>
					<lb/>
					...
					<lb/>
				</p>
			</div1>
		</body>
	</text>
</TEI>
