<?xml version="1.0" encoding="UTF-8"?>
<?xml-model href="http://www.tei-c.org/release/xml/tei/custom/schema/relaxng/tei_all.rng" type="application/xml" schematypens="http://relaxng.org/ns/structure/1.0"?>
<?xml-model href="http://www.tei-c.org/release/xml/tei/custom/schema/relaxng/tei_all.rng" type="application/xml"
	schematypens="http://purl.oclc.org/dsdl/schematron"?>
<TEI xmlns="http://www.tei-c.org/ns/1.0">
	<teiHeader>
		<fileDesc>
			<titleStmt>
				<title>Tursko3-204</title>
			</titleStmt>
			<publicationStmt>
				<p>Publication Information</p>
			</publicationStmt>
			<notesStmt>
				<note type="summary">非ムスリムから非ムスリムへの、マーリキャーネの取り分hisseの売却の承認。</note>
				<note type="mine">前半読めていないところが多いので【要】再読。</note>
			</notesStmt>
			<sourceDesc>
				<p/>
			</sourceDesc>
		</fileDesc>
		<xenoData>{ "saji:aspectRatioType": [ "B" ], "saji:fond": [ "Tursko 3" ] }</xenoData>
	</teiHeader>
	<facsimile>
		<surface>
			<graphic url="../../../Tursko%203/DSCN8991.JPG"/>
			<zone ulx="237" uly="237" lrx="566" lry="445" xml:id="zone_fkc_5yx_wkb"/>
			<zone ulx="2387" uly="2387" lrx="2316" lry="2704" xml:id="zone_knf_vyx_wkb"/>
		</surface>
		<surface>
			<graphic url="../../../Day%207/IMG_0031.JPG"/>
		</surface>
		<surface>
			<graphic url="../../../Day%207/IMG_0032.JPG"/>
		</surface>
		<surface>
			<graphic url="../../../Tursko%203/DSCN8992.JPG"/>
			<zone ulx="66" uly="66" lrx="2283" lry="3125" xml:id="zone_f2q_wyx_wkb"/>
			<zone ulx="2684" uly="2684" lrx="351" lry="3057" xml:id="zone_fwb_yyx_wkb"/>
		</surface>
	</facsimile>
	<text>
		<body>
			<div1 facs="#zone_f2q_wyx_wkb" next="#zone_knf_vyx_wkb" type="EMIN_zabt_tezkire">
				<p>
					<lb/>
					Hüve
					<lb/>
					Vech-i tahrīr-i hurūf					<sic>aldur</sic>
					<corr>oldur</corr>
					 ki
					<lb/>
					işbu					<date type="created" when="1798-06-13" when-custom="1212">bin iki yüz on iki senesinde</date>
					 der ʿuhde ve iltizāmımızda
					<lb/>
					bulunan Kirşevo mukātaʿa mālikânesinde hudūdu ... zimmī BAKİÇ
					<lb/>
					TAVYE'nin nehr-i ... üzerinde ...
					<lb/>
					... olan on altınca(?) hisseden bir hisse ... hakk ... işbu
					<lb/>
					dārende-i tezkire zimmī VİRKİÇ İvān bedeli mukābelesinde yalnız yiğirmi
					<lb/>
					iki guruş resmiyle beyʿ katʿiyle beyʿ edüb					<sic>al</sic>
					<corr>ol</corr>
					 dahi minvāl-i muharrer
					<lb/>
					ve ... eyledikten sonra tarafımıza istīzān etmeler bizlerde(?) dahi(?) me'mūrimiz
					<lb/>
					hasebyle tafvīz görüb mā-dām ki be-her sene tarafa mukātaʿa mukātaʿa
					<lb/>
					edā etmeleriyle işbu mesfūrun yedine zabt tezkire virildi
					<lb/>
					tarafımızdan ve taraf-ı āhardan bir kimesne māniʿ olmalar				</p>
				<div2 facs="#zone_fwb_yyx_wkb" type="sign">
					<p>
						<lb/>
						...
						<lb/>
						Dervīş
						<lb/>
						Mehmed
						<lb/>
						El-me'mūr					</p>
					<div3 facs="#zone_fkc_5yx_wkb" type="stamp">
						<p>
							<lb/>
							Dervīş
							<lb/>
							...
							<lb/>
							Mehmed
							<lb/>
							...						</p>
					</div3>
				</div2>
				<div2 type="şühūdu'l-hāl">
					<p>
						<lb/>
						Mustafa TAʿİ Emīn
						<lb/>
						JUYU ʿAnton
						<lb/>
						TOMİÇ Andriye					</p>
				</div2>
			</div1>
			<div1 facs="#zone_knf_vyx_wkb" type="summary_Croatian">
				<p>
					<lb/>
					...				</p>
			</div1>
		</body>
	</text>
</TEI>
