<?xml version="1.0" encoding="UTF-8"?>
<?xml-model href="http://www.tei-c.org/release/xml/tei/custom/schema/relaxng/tei_all.rng" type="application/xml" schematypens="http://relaxng.org/ns/structure/1.0"?>
<?xml-model href="http://www.tei-c.org/release/xml/tei/custom/schema/relaxng/tei_all.rng" type="application/xml"
	schematypens="http://purl.oclc.org/dsdl/schematron"?>
<TEI xmlns="http://www.tei-c.org/ns/1.0">
	<teiHeader>
		<fileDesc>
			<titleStmt>
				<title>Tursko3-092</title>
			</titleStmt>
			<publicationStmt>
				<p>Publication Information</p>
			</publicationStmt>
			<sourceDesc>
				<p/>
			</sourceDesc>
		</fileDesc>
		<xenoData>{ "saji:aspectRatioType": [ "B?" ], "saji:fond": [ "Tursko 3" ], "saji:memo": [ "・表裏ともに全体像の画像がないため、サイズを確定できない。\r\n・おそらくサイズBだと思われるので、暫定的に「B?」とした。" ] }</xenoData>
	</teiHeader>
	<facsimile>
		<surface>
			<graphic url="../../../Tursko%203/DSCN9366.JPG"/>
			<zone ulx="672" uly="672" lrx="2323" lry="1433" xml:id="zone_zb3_tgg_zlb"/>
		</surface>
		<surface>
			<graphic url="../../../Day%206/IMG_0004.JPG"/>
		</surface>
		<surface>
			<graphic url="../../../Day%206/IMG_0005.JPG"/>
		</surface>
	</facsimile>
	<text>
		<body>
			<div1 facs="#zone_zb3_tgg_zlb" type="unkown">
				<p>
					<lb/>
					...
					<lb/>
				</p>
			</div1>
		</body>
	</text>
</TEI>
