<?xml version="1.0" encoding="UTF-8"?>
<?xml-model href="http://www.tei-c.org/release/xml/tei/custom/schema/relaxng/tei_all.rng" type="application/xml" schematypens="http://relaxng.org/ns/structure/1.0"?>
<?xml-model href="http://www.tei-c.org/release/xml/tei/custom/schema/relaxng/tei_all.rng" type="application/xml"
	schematypens="http://purl.oclc.org/dsdl/schematron"?>
<TEI xmlns="http://www.tei-c.org/ns/1.0">
	<teiHeader>
		<fileDesc>
			<titleStmt>
				<title>Tursko1-077</title>
			</titleStmt>
			<publicationStmt>
				<p>Publication Information</p>
			</publicationStmt>
			<notesStmt>
				<note type="mine">【要】フェルマーンなどの写し？Dustūrで始まるパターン。典型要検討。</note>
			</notesStmt>
			<sourceDesc>
				<p/>
			</sourceDesc>
		</fileDesc>
		<xenoData>{ "saji:aspectRatioType": [ "C" ], "saji:fond": [ "Tursko 1" ] }</xenoData>
	</teiHeader>
	<facsimile>
		<surface>
			<graphic url="../../../Tursko%201/DSCN1716.JPG"/>
			<zone ulx="0" uly="0" lrx="2283" lry="3158" xml:id="zone_oq3_5f2_bjb"/>
		</surface>
		<surface>
			<graphic url="../../../Day%202/IMG_0503.JPG"/>
		</surface>
		<surface>
			<graphic url="../../../Day%202/IMG_0506.JPG"/>
		</surface>
		<surface>
			<graphic url="../../../Tursko%201/DSCN1717.JPG"/>
			<zone ulx="511" uly="511" lrx="2837" lry="856" xml:id="zone_eqd_wf2_bjb"/>
			<zone ulx="631" uly="631" lrx="2829" lry="743" xml:id="zone_zjv_wf2_bjb"/>
		</surface>
	</facsimile>
	<text>
		<body>
			<div1 cert="unknown" facs="#zone_oq3_5f2_bjb" type="fermān_sūret">
				<p>
					<lb/>
					...
					<lb/>
				</p>
				<div2 facs="#zone_eqd_wf2_bjb" type="sign">
					<p>
						<lb/>
						...
						<lb/>
					</p>
					<div3 facs="#zone_zjv_wf2_bjb" type="stamp">
						<p>
							<lb/>
							...
							<lb/>
						</p>
					</div3>
				</div2>
			</div1>
		</body>
	</text>
</TEI>
