<?xml version="1.0" encoding="UTF-8"?>
<?xml-model href="http://www.tei-c.org/release/xml/tei/custom/schema/relaxng/tei_all.rng" type="application/xml" schematypens="http://relaxng.org/ns/structure/1.0"?>
<?xml-model href="http://www.tei-c.org/release/xml/tei/custom/schema/relaxng/tei_all.rng" type="application/xml"
	schematypens="http://purl.oclc.org/dsdl/schematron"?>
<TEI xmlns="http://www.tei-c.org/ns/1.0">
	<teiHeader>
		<fileDesc>
			<titleStmt>
				<title>Tursko3-023</title>
			</titleStmt>
			<publicationStmt>
				<p>Publication Information</p>
			</publicationStmt>
			<sourceDesc>
				<p/>
			</sourceDesc>
		</fileDesc>
		<xenoData>{ "saji:aspectRatioType": [ "B" ], "saji:fond": [ "Tursko 3" ] }</xenoData>
	</teiHeader>
	<facsimile>
		<surface>
			<graphic url="../../../Tursko%203/DSCN9333.JPG"/>
			<zone ulx="968" uly="968" lrx="2224" lry="1668" xml:id="zone_gkl_hmm_ylb"/>
		</surface>
		<surface>
			<graphic url="../../../Day%205/IMG_0058.JPG"/>
		</surface>
		<surface>
			<graphic url="../../../Day%205/IMG_0059.JPG"/>
		</surface>
		<surface>
			<graphic url="../../../Tursko%203/DSCN9334.JPG"/>
			<zone ulx="981" uly="981" lrx="2354" lry="2645" xml:id="zone_qp5_lmm_ylb"/>
			<zone ulx="2080" uly="2080" lrx="536" lry="2436" xml:id="zone_xtn_nmm_ylb"/>
		</surface>
	</facsimile>
	<text>
		<body>
			<div1 facs="#zone_qp5_lmm_ylb" next="#zone_gkl_hmm_ylb" type="EMIN">
				<p>
					<lb/>
					işbu					<date type="created" when="1835-04-27" when-custom="1250">bin iki yüz elli senesinde</date>
					 der ...
					<lb/>
				</p>
				<div2 facs="#zone_xtn_nmm_ylb" type="sign">
					<p>
						<lb/>
						...
						<lb/>
					</p>
				</div2>
				<div2 type="şühūdu’l-hāl">
					<p>
						<lb/>
						...
						<lb/>
					</p>
				</div2>
			</div1>
			<div1 facs="#zone_gkl_hmm_ylb" type="summary_Croatian">
				<p>
					<lb/>
					...					<date type="summary_Croatian" when="1836">1836</date>
					.
					<lb/>
					Nno 7.
					<lb/>
					69				</p>
			</div1>
		</body>
	</text>
</TEI>
