<?xml version="1.0" encoding="UTF-8"?>
<?xml-model href="http://www.tei-c.org/release/xml/tei/custom/schema/relaxng/tei_all.rng" type="application/xml" schematypens="http://relaxng.org/ns/structure/1.0"?>
<?xml-model href="http://www.tei-c.org/release/xml/tei/custom/schema/relaxng/tei_all.rng" type="application/xml"
	schematypens="http://purl.oclc.org/dsdl/schematron"?>
<TEI xmlns="http://www.tei-c.org/ns/1.0">
	<teiHeader>
		<fileDesc>
			<titleStmt>
				<title>Tursko1-181</title>
			</titleStmt>
			<publicationStmt>
				<p>Publication Information</p>
			</publicationStmt>
			<notesStmt>
				<note type="summary">クレシェヴォ・ナーヒエにおいてティマール地を保有しているメフメドが、ティマール地内にあるムスリム村のひとつKOMAY村のユズ・カラムというズィンミーの保有するミーリー地の保有権とウシュルの支払い義務を、クレシェヴォ教会長Gardiyanに移譲することを認可した書状。</note>
				<note type="translation">
					<p>我々（メフメド）のティマール地にあるクレシェヴォ郷にあるムスリム村のひとつKOMAY村において</p>
					<p>ミーリー地を保有しているユズ・カラムというズィンミーのミーリー地のHUL田などについて</p>
					<p>メフメドの認可を経て、ユズ・カラムからクレシェヴォ教会長Gardiyānへ、土地の保有権とウシュル支払義務が移譲された。</p>
				</note>
				<note type="mine">【要】典型・日付、ともに不明。要確認。</note>
				<note type="mine">DSCN1919.JPGと同じ村・人物・話題か？KOMAY／KOMAR、YÜZÜ KALAM／PUFER ve KAIM veled-i YTR</note>
			</notesStmt>
			<sourceDesc>
				<p/>
			</sourceDesc>
		</fileDesc>
		<xenoData>{ "saji:aspectRatioType": [ "C" ], "saji:fond": [ "Tursko 1" ] }</xenoData>
	</teiHeader>
	<facsimile>
		<surface>
			<graphic url="../../../Tursko%201/DSCN1915.JPG"/>
			<zone ulx="269" uly="269" lrx="2946" lry="2277" xml:id="zone_gyq_qhx_cjb"/>
			<zone ulx="1908" uly="1908" lrx="825" lry="2258" xml:id="zone_d5z_rhx_cjb"/>
		</surface>
		<surface>
			<graphic url="../../../Day%204/IMG_0075.JPG"/>
		</surface>
		<surface>
			<graphic url="../../../Day%204/IMG_0076.JPG"/>
		</surface>
		<surface>
			<graphic url="../../../Tursko%201/DSCN1916.JPG"/>
			<zone ulx="1061" uly="1061" lrx="2867" lry="2183" xml:id="zone_fy1_thx_cjb"/>
		</surface>
	</facsimile>
	<text>
		<body>
			<div1 facs="#zone_gyq_qhx_cjb" next="#zone_fy1_thx_cjb" subtype="temessük" type="EMIN">
				<p>
					<lb/>
					Vech-i tahrīr-i hurūf oldur ki
					<lb/>
					bā-berāt-ı şerīf-i ʿālīşān mutasarrıf olduğumız tımārımız kurālarında Kirşevo nāhiyesine tābiʿ Müslimīn Kirşevo
					<lb/>
					kurālarında					<placeName>KOMAY</placeName>
					 karyesi hudūd dāhilinde arāz-ı mīrīye mutasarrıflarından					<persName>YÜZÜ KALAM veled-i YTZ</persName>
					 nām zimmīnin
					<lb/>
					taht u tasarrıfında bulunan arāz-ı mīrīsini örüsüyle ve korusuyla ve sā'ir tevābīʿ ve levāhikiyle hudūd ...
					<lb/>
					hissesinin bi'l-cümle karye-i mezbūre hudū[d]unda					<placeName>HUL</placeName>
					 tarılasında mādā ı ... yukaruki küçük hāneden
					<lb/>
					mādā bulunan maʿlūmu'l-hudūd ve'l-mekân hâl u hayātında ve kemāl-ı ʿakl ... hısn u rızāsıyla
					<lb/>
					varoş-u Kirşevo kilisasının işbu dârende-i hurūf					<persName>Gardiyān</persName>
					 nām baş rāhib meccānan habbe şerʿīye
					<lb/>
					sıyla ... habbe ü teslīm kıtʿa ʿalākasıyla işbu dārede-i temessük					<persName>Garadiyān</persName>
					 nām mesfūre meccānan
					<lb/>
					habbe ü ferāgat ve tafvīz ve zabt ve tasarrıfından ... edüb mesfūre zimmī ... ber-minvāl-i muharrir ittihāb
					<lb/>
					ve teferrug u tefevvuz ve zabt ve tasarrıf içün tarafımızdan istīzān etmekle biz dahi sāhibi'l-ʿarz olduğumız
					<lb/>
					hasebiyle mesfūrānın ferāgı u tezarruʿ tecvīz birle arāzī-i mesfūre fārig					<persName>YÜZÜ</persName>
					'nın ferāgat baş rāhib
					<lb/>
					tafvīz ü zabt ve tasarrıfından virüb mā-dām ki be-her sene tarafımıza ʿāid u rāciʿ olan aʿşār-ı şerʿiyesin
					<lb/>
					ve rusūmāt-ı sā'iresin edā ile ve teslīm ile zabt ve tasarrıfına ve zirāʿatına tarafımızdan ve taraf-ı āhardan ferd ü ahad bir kimesne
					<lb/>
					māniʿ ü medhal olunmaya fī				</p>
				<div2 facs="#zone_d5z_rhx_cjb" type="sign">
					<p>
						<lb/>
						El-... El-hac						<persName>Mehemd</persName>
						 El-me'mūr M
						<lb/>
					</p>
				</div2>
				<div2 type="şühūdu’l-hāl">
					<p>
						<lb/>
						Şühūdu’l-hāl
						<lb/>
						Mollā						<persName>İbrāhīm TRNU zāde</persName>
						<lb/>
						<persName>ʿAtman Bin RUNMELİ ZāH</persName>
						<lb/>
						... ʿan ...
						<lb/>
						Zimmī						<persName>İwān</persName>
						 ... ʿan karye ÇÜRÜNALA
						<lb/>
						... ʿan ...
						<lb/>
						Zimmī						<persName>İwān KUİLŞ</persName>
						<lb/>
						Zimmī						<persName>İwān PULSU</persName>
						 ʿan Kirşevo
						<lb/>
						<persName>YUB ŞEKİK</persName>
						 ʿan Kirşevo
						<lb/>
						ve gayruhum					</p>
				</div2>
			</div1>
			<div1 facs="#zone_fy1_thx_cjb" type="summary_Croatian">
				<p>
					<lb/>
					...
					<lb/>
					...
					<lb/>
					<date type="summary_Croatian" when="1843">1843</date>
					.
					<lb/>
					Nno 9.
					<lb/>
					A				</p>
			</div1>
		</body>
	</text>
</TEI>
