<?xml version="1.0" encoding="UTF-8"?>
<?xml-model href="http://www.tei-c.org/release/xml/tei/custom/schema/relaxng/tei_all.rng" type="application/xml" schematypens="http://relaxng.org/ns/structure/1.0"?>
<?xml-model href="http://www.tei-c.org/release/xml/tei/custom/schema/relaxng/tei_all.rng" type="application/xml"
	schematypens="http://purl.oclc.org/dsdl/schematron"?>
<TEI xmlns="http://www.tei-c.org/ns/1.0">
	<teiHeader>
		<fileDesc>
			<titleStmt>
				<title>Tursko3-238</title>
			</titleStmt>
			<publicationStmt>
				<p>Publication Information</p>
			</publicationStmt>
			<sourceDesc>
				<p/>
			</sourceDesc>
		</fileDesc>
		<xenoData>{ "saji:aspectRatioType": [ "F" ], "saji:fond": [ "Tursko 3" ] }</xenoData>
	</teiHeader>
	<facsimile>
		<surface>
			<graphic url="../../../Tursko%203/DSCN0403.JPG"/>
			<zone ulx="533" uly="533" lrx="2183" lry="2966" xml:id="zone_n2b_p33_qkb"/>
			<zone ulx="1981" uly="1981" lrx="2166" lry="2937" xml:id="zone_y5j_q33_qkb"/>
			<zone ulx="2377" uly="2377" lrx="2166" lry="2900" xml:id="zone_bgf_s33_qkb"/>
		</surface>
		<surface>
			<graphic url="../../../Day%207/IMG_0112.JPG"/>
		</surface>
		<surface>
			<graphic url="../../../Day%207/IMG_0113.JPG"/>
		</surface>
	</facsimile>
	<text>
		<body>
			<div1 facs="#zone_n2b_p33_qkb" subtype="cizye_ödeme" type="makbūz">
				<p>
					<lb/>
					... fī					<date cert="low" type="created" when="1842-02-10" when-custom="1257">... sene 57</date>
					<lb/>
				</p>
				<div2 facs="#zone_y5j_q33_qkb" type="sign">
					<p>
						<lb/>
						Bende ... Ahmad
						<lb/>
					</p>
					<div3 facs="#zone_bgf_s33_qkb" type="stamp">
						<p>
							<lb/>
							<lb/>
						</p>
					</div3>
				</div2>
			</div1>
		</body>
	</text>
</TEI>
