<?xml version="1.0" encoding="UTF-8"?>
<?xml-model href="http://www.tei-c.org/release/xml/tei/custom/schema/relaxng/tei_all.rng" type="application/xml" schematypens="http://relaxng.org/ns/structure/1.0"?>
<?xml-model href="http://www.tei-c.org/release/xml/tei/custom/schema/relaxng/tei_all.rng" type="application/xml"
	schematypens="http://purl.oclc.org/dsdl/schematron"?>
<TEI xmlns="http://www.tei-c.org/ns/1.0">
	<teiHeader>
		<fileDesc>
			<titleStmt>
				<title>Tursko1-147</title>
			</titleStmt>
			<publicationStmt>
				<p>Publication Information</p>
			</publicationStmt>
			<notesStmt>
				<note type="mine">【要】DSCN1870.JPGは、現在それぞれ独立した文書IDとして成立しているが、DSCN1869.JPGの裏面のようである。両方のIDを統合して、文書数カウントの中に含めないようにする。</note>
				<note type="mine">【要】DSCN1870.JPGのzone情報は入れていない。ファイルを統合した後に入れる？</note>
			</notesStmt>
			<sourceDesc>
				<p/>
			</sourceDesc>
		</fileDesc>
		<xenoData>{ "saji:aspectRatioType": [ "C" ], "saji:fond": [ "Tursko 1" ], "saji:type": [
               "‘arż-ı ḥāl+buyuruldu+iʿlām" ] }</xenoData>
	</teiHeader>
	<facsimile>
		<surface>
			<graphic url="../../../Tursko%201/DSCN1869.JPG"/>
			<zone ulx="50" uly="50" lrx="1658" lry="3050" xml:id="zone_ub4_h1w_cjb"/>
			<zone ulx="2746" uly="2746" lrx="531" lry="3011" xml:id="zone_jbw_31w_cjb"/>
			<zone ulx="57" uly="57" lrx="1453" lry="1894" xml:id="zone_tmg_k1w_cjb"/>
			<zone ulx="1715" uly="1715" lrx="2405" lry="2757" xml:id="zone_gxx_l1w_cjb"/>
			<zone ulx="2585" uly="2585" lrx="1875" lry="2721" xml:id="zone_ofc_n1w_cjb"/>
			<zone ulx="276" uly="276" lrx="2420" lry="1592" xml:id="zone_i2j_41w_cjb"/>
		</surface>
		<surface>
			<graphic url="../../../Day%203/IMG_0143.JPG"/>
		</surface>
		<surface>
			<graphic url="../../../Day%203/IMG_0144.JPG"/>
		</surface>
		<surface>
			<graphic url="../../../Tursko%201/DSCN1870.JPG"/>
			<zone ulx="2302" uly="2302" lrx="1978" lry="2873" xml:id="zone_l3g_s1w_cjb"/>
			<zone ulx="2686" uly="2686" lrx="1126" lry="2839" xml:id="zone_awj_t1w_cjb"/>
			<zone ulx="1340" uly="1340" lrx="1196" lry="2414" xml:id="zone_wg2_51w_cjb"/>
			<zone ulx="3096" uly="3096" lrx="2292" lry="3211" xml:id="zone_idc_v1w_cjb"/>
			<zone ulx="214" uly="214" lrx="1137" lry="585" xml:id="zone_j5v_v1w_cjb"/>
		</surface>
	</facsimile>
	<text>
		<body>
			<div1 facs="#zone_ub4_h1w_cjb" type="ʿarz-ı_hāl">
				<p>
					<lb/>
					...
					<lb/>
				</p>
				<div2 facs="#zone_jbw_31w_cjb" type="sign">
					<p>
						<lb/>
						...
						<lb/>
					</p>
				</div2>
			</div1>
			<div1 facs="#zone_tmg_k1w_cjb" type="buyuruldu">
				<p>
					<lb/>
					buyuruldu fī					<date type="created" when="1807-07-14" when-custom="1222-05-09">9 Ca sene 222</date>
					<lb/>
				</p>
			</div1>
			<div1 facs="#zone_gxx_l1w_cjb" type="iʿlām">
				<p>
					<lb/>
					... fī					<date type="created" when="1807-07-26" when-custom="1222-05-21">21 sene 1222</date>
					<lb/>
				</p>
				<div3 facs="#zone_ofc_n1w_cjb" type="stamp">
					<p>
						<lb/>
						...
						<lb/>
					</p>
				</div3>
			</div1>
			<div1 facs="#zone_i2j_41w_cjb" type="buyuruldu">
				<p>
					<lb/>
					buyuruldu fī					<date type="created" when="1807-08-03" when-custom="1222-05-29">29 Ca sene 222</date>
					<lb/>
				</p>
			</div1>
			<div1 type="iʿlām">
				<p>
					<lb/>
					... fī					<date type="created" when="1807-08-09" when-custom="1222-06-05">5 C sene 1222</date>
					<lb/>
				</p>
				<div3 type="stamp">
					<p>
						<lb/>
						...
						<lb/>
					</p>
				</div3>
			</div1>
			<div1 type="buyuruldu">
				<p>
					<lb/>
					buyuruldu fī					<date cert="medium" type="created" when="1807-08-09" when-custom="1222-06-05">5 C sene 1222</date>
					<lb/>
				</p>
			</div1>
			<div1 cert="low" type="note">
				<p>
					<lb/>
					...
					<lb/>
				</p>
			</div1>
			<div1 type="summary_Croatian">
				<p>
					<lb/>
					<date type="summary_Croatian" when="1807">1807</date>
					<lb/>
				</p>
			</div1>
		</body>
	</text>
</TEI>
