<?xml version="1.0" encoding="UTF-8"?>
<?xml-model href="http://www.tei-c.org/release/xml/tei/custom/schema/relaxng/tei_all.rng" type="application/xml" schematypens="http://relaxng.org/ns/structure/1.0"?>
<?xml-model href="http://www.tei-c.org/release/xml/tei/custom/schema/relaxng/tei_all.rng" type="application/xml"
	schematypens="http://purl.oclc.org/dsdl/schematron"?>
<TEI xmlns="http://www.tei-c.org/ns/1.0">
	<teiHeader>
		<fileDesc>
			<titleStmt>
				<title>Tursko1-040</title>
			</titleStmt>
			<publicationStmt>
				<p>Publication Information</p>
			</publicationStmt>
			<notesStmt>
				<note type="mine">maʿden関係？</note>
				<note type="mine">Dostūrで始まっており、何か重要な命令などの写しの可能性。内容をきちんと読んで要検討。</note>
				<note type="mine">DSCN1025.JPGと全く同じ画像・文書。重複している。</note>
			</notesStmt>
			<sourceDesc>
				<p/>
			</sourceDesc>
		</fileDesc>
		<xenoData>{ "saji:aspectRatioType": [ "C" ], "saji:date_M": [ "1197-Za-15" ], "saji:fond": [ "Tursko 1" ] }</xenoData>
	</teiHeader>
	<facsimile>
		<surface>
			<graphic url="../../../Tursko%201/DSCN0987.JPG"/>
			<zone ulx="50" uly="50" lrx="2140" lry="2730" xml:id="zone_vdc_jkf_z3b"/>
		</surface>
		<surface>
			<graphic url="../../../Day%202/IMG_0294.JPG"/>
		</surface>
		<surface>
			<graphic url="../../../Day%202/IMG_0298.JPG"/>
		</surface>
		<surface>
			<graphic url="../../../Tursko%201/DSCN0988.JPG"/>
			<zone ulx="1793" uly="1793" lrx="539" lry="1982" xml:id="zone_h3k_lkf_z3b"/>
			<zone ulx="900" uly="900" lrx="2954" lry="1041" xml:id="zone_fzg_mkf_z3b"/>
		</surface>
		<surface>
			<graphic url="../../../Tursko%201/DSCN1025.JPG"/>
		</surface>
		<surface>
			<graphic url="../../../Tursko%201/DSCN1026.JPG"/>
			<zone ulx="427" uly="427" lrx="2962" lry="2072" xml:id="zone_olg_3l3_1jb"/>
			<zone ulx="1762" uly="1762" lrx="733" lry="1950" xml:id="zone_qsl_kl3_1jb"/>
			<zone ulx="937" uly="937" lrx="2933" lry="1093" xml:id="zone_mnf_ml3_1jb"/>
		</surface>
	</facsimile>
	<text>
		<body>
			<div1 cert="unknown" facs="#zone_vdc_jkf_z3b" type="_sūret">
				<l>
					tahrīren					<date type="created" when="1783-10-11" when-custom="1197-11-15">fi'l-yevmi'l-hāmis ʿaşar Zi'l-kaʿade sene sabʿ ve tisʿīn ve miye ve elif</date>
				</l>
				<div3 facs="#zone_h3k_lkf_z3b" type="stamp_sūret"/>
				<div3 facs="#zone_fzg_mkf_z3b" type="stamp"/>
			</div1>
			<div1 cert="unknown" facs="#zone_olg_3l3_1jb" type="_sūret">
				<p>
					<lb/>
					...					<date type="created" when="1783-10-11" when-custom="1197-11-15">fi'l-yevmi'l-hāmis ʿaşar Zi'l-kaʿade sene sabʿ ve tisʿīn ve miye ve elif</date>
					<lb/>
				</p>
				<div3 facs="#zone_qsl_kl3_1jb" type="stamp_sūret">
					<p>
						<lb/>
						...
						<lb/>
					</p>
				</div3>
				<div3 facs="#zone_mnf_ml3_1jb" type="stamp">
					<p>
						<lb/>
						...
						<lb/>
					</p>
				</div3>
			</div1>
		</body>
	</text>
</TEI>
