<?xml version="1.0" encoding="UTF-8"?>
<?xml-model href="http://www.tei-c.org/release/xml/tei/custom/schema/relaxng/tei_all.rng" type="application/xml" schematypens="http://relaxng.org/ns/structure/1.0"?>
<?xml-model href="http://www.tei-c.org/release/xml/tei/custom/schema/relaxng/tei_all.rng" type="application/xml"
	schematypens="http://purl.oclc.org/dsdl/schematron"?>
<TEI xmlns="http://www.tei-c.org/ns/1.0">
	<teiHeader>
		<fileDesc>
			<titleStmt>
				<title>Tursko1-038</title>
			</titleStmt>
			<publicationStmt>
				<p>Publication Information</p>
			</publicationStmt>
			<sourceDesc>
				<p/>
			</sourceDesc>
		</fileDesc>
		<xenoData>{ "saji:aspectRatioType": [ "B" ], "saji:fond": [ "Tursko 1" ] }</xenoData>
	</teiHeader>
	<facsimile>
		<surface>
			<graphic url="../../../Tursko%201/DSCN0991.JPG"/>
			<zone ulx="1392" uly="1392" lrx="1800" lry="2535" xml:id="zone_h1l_lnf_z3b"/>
		</surface>
		<surface>
			<graphic url="../../../Day%202/IMG_0277.JPG"/>
		</surface>
		<surface>
			<graphic url="../../../Day%202/IMG_0279.JPG"/>
		</surface>
		<surface>
			<graphic url="../../../Tursko%201/DSCN0992.JPG"/>
			<zone ulx="737" uly="737" lrx="805" lry="888" xml:id="zone_ivf_nnf_z3b"/>
		</surface>
	</facsimile>
	<text>
		<body>
			<div1 cert="low" facs="#zone_h1l_lnf_z3b" type="mülāsele">
				<p>
					<lb/>
					<lb/>
					...					<date type="created" when="1774-12-21" when-custom="1188-10-18">... fī 18 Şevvāl el-mükerrem sene 1188</date>
					<div2>
						<div3 facs="#zone_ivf_nnf_z3b" type="stamp">
					</div3>
					</div2>
				</p>
			</div1>
		</body>
	</text>
</TEI>
