<?xml version="1.0" encoding="UTF-8"?>
<?xml-model href="http://www.tei-c.org/release/xml/tei/custom/schema/relaxng/tei_all.rng" type="application/xml" schematypens="http://relaxng.org/ns/structure/1.0"?>
<?xml-model href="http://www.tei-c.org/release/xml/tei/custom/schema/relaxng/tei_all.rng" type="application/xml"
	schematypens="http://purl.oclc.org/dsdl/schematron"?>
<TEI xmlns="http://www.tei-c.org/ns/1.0">
	<teiHeader>
		<fileDesc>
			<titleStmt>
				<title>Tursko1-018</title>
			</titleStmt>
			<publicationStmt>
				<p>Publication Information</p>
			</publicationStmt>
			<sourceDesc>
				<p/>
			</sourceDesc>
		</fileDesc>
		<xenoData>{ "saji:aspectRatioType": [ "C" ], "saji:calligraphy": [ "Rıkʿa" ], "saji:foldingMethod":
          [ "4x3" ], "saji:fond": [ "Tursko 1" ], "saji:huve": [ "1" ], "saji:lang": [ "ota" ],
          "saji:lineage": [ "5" ], "saji:memo": [ "典型" ], "saji:number": [ "243" ],
          "saji:relationWithAnotherItems": [ "表全体像" ], "saji:stamp_c": [ "1" ], "saji:stamp_o": [
          "0" ], "saji:type": [ "iʿlām", "Maʿrūż-ı" ], "saji:witness": [ "0" ] }</xenoData>
	</teiHeader>
	<facsimile>
		<surface>
			<graphic url="../../../Tursko%201/DSCN0924.JPG"/>
			<zone ulx="134" uly="134" lrx="1677" lry="2967" xml:id="zone_rrm_gwy_y3b"/>
		</surface>
		<surface>
			<graphic url="../../../Day%201/IMG_0143.JPG"/>
		</surface>
		<surface>
			<graphic url="../../../Day%201/IMG_0146.JPG"/>
		</surface>
		<surface>
			<graphic url="../../../Tursko%201/DSCN0925.JPG"/>
		</surface>
		<surface>
			<graphic url="../../../Tursko%201/DSCN0926.JPG"/>
			<zone ulx="555" uly="555" lrx="3267" lry="933" xml:id="zone_ddh_3wy_y3b"/>
		</surface>
	</facsimile>
	<text>
		<body>
			<div1 facs="#zone_rrm_gwy_y3b" type="iʿlām">
				<l>Maʿrūz-ı ...</l>
				<l>
					... fī					<date type="created" when="1795-10-31" when-custom="1210-04-18">18 R 1210</date>
				</l>
			</div1>
			<div1 facs="#zone_ddh_3wy_y3b" type="summary_Croatian">
				<l>
					...					<date type="summary_Croatian" when="1796">1796</date>
				</l>
			</div1>
		</body>
	</text>
</TEI>
