<?xml version="1.0" encoding="UTF-8"?>
<?xml-model href="http://www.tei-c.org/release/xml/tei/custom/schema/relaxng/tei_all.rng" type="application/xml" schematypens="http://relaxng.org/ns/structure/1.0"?>
<?xml-model href="http://www.tei-c.org/release/xml/tei/custom/schema/relaxng/tei_all.rng" type="application/xml"
	schematypens="http://purl.oclc.org/dsdl/schematron"?>
<TEI xmlns="http://www.tei-c.org/ns/1.0">
	<teiHeader>
		<fileDesc>
			<titleStmt>
				<title>Tursko2-010</title>
			</titleStmt>
			<publicationStmt>
				<p>Publication Information</p>
			</publicationStmt>
			<notesStmt>
				<note type="mine">【要】日付：幅のある日付の表記要確認。</note>
			</notesStmt>
			<sourceDesc>
				<p/>
			</sourceDesc>
		</fileDesc>
		<xenoData>{ "saji:aspectRatioType": [ "C" ], "saji:fond": [ "Tursko 2" ], "saji:memo": [ "典型" ] }</xenoData>
	</teiHeader>
	<facsimile>
		<surface>
			<graphic url="../../../Tursko%202/DSCN8934.JPG"/>
			<zone ulx="508" uly="508" lrx="2267" lry="2891" xml:id="zone_jjh_2f1_2jb"/>
			<zone ulx="2622" uly="2622" lrx="450" lry="2778" xml:id="zone_es1_gf1_2jb"/>
		</surface>
		<surface>
			<graphic url="../../../Day%204/IMG_0166.JPG"/>
		</surface>
		<surface>
			<graphic url="../../../Day%204/IMG_0168.JPG"/>
		</surface>
		<surface>
			<graphic url="../../../Day%204/IMG_0169.JPG"/>
		</surface>
		<surface>
			<graphic url="../../../Tursko%202/DSCN8935.JPG"/>
			<zone ulx="509" uly="509" lrx="2656" lry="781" xml:id="zone_zq4_3f1_2jb"/>
			<zone ulx="580" uly="580" lrx="2635" lry="700" xml:id="zone_ol5_jf1_2jb"/>
		</surface>
		<surface>
			<graphic url="../../../Tursko%202/DSCN8936.JPG"/>
			<zone ulx="555" uly="555" lrx="3128" lry="777" xml:id="zone_snf_lf1_2jb"/>
			<zone ulx="883" uly="883" lrx="2623" lry="1394" xml:id="zone_dvz_lf1_2jb"/>
		</surface>
	</facsimile>
	<text>
		<body>
			<div1 type="fermān_sūret">
				<p>
					<lb/>
					...					<date from="1830-05-03" from-custom="1245-11-11" to-custom="1245-11-20" type="created">evāsit şehr Zi'l-kaʿade'l-şerīfe sene hamıs ve arbaʿīn ve mieteyn ve elif</date>
					<lb/>
				</p>
				<div2 facs="#zone_es1_gf1_2jb" type="sign">
					<p>
						<lb/>
						...
						<lb/>
					</p>
				</div2>
			</div1>
			<div2 facs="#zone_zq4_3f1_2jb" type="sign">
				<p>
					<lb/>
					...
					<lb/>
				</p>
				<div3 facs="#zone_ol5_jf1_2jb" type="stamp">
					<p>
						<lb/>
						...
						<lb/>
					</p>
				</div3>
			</div2>
			<div1 facs="#zone_snf_lf1_2jb" type="summary_Croatian">
				<p>
					<lb/>
					...					<date type="summary_Croatian" when="1830">1830</date>
					.
					<lb/>
				</p>
			</div1>
			<div1 facs="#zone_dvz_lf1_2jb" type="summary_Croatian">
				<p>
					<lb/>
					Datum:					<date from="1830-05-03" from-custom="1245-11-11" to-custom="1245-11-20" type="summary_Croatian">II dekada zilkade 1245</date>
					 -					<date from="1830-06-03" to="1830-06-12" type="summary_Croatian">3.-12. juna 1830</date>
					<lb/>
				</p>
			</div1>
		</body>
	</text>
</TEI>
