<?xml version="1.0" encoding="UTF-8"?>
<?xml-model href="http://www.tei-c.org/release/xml/tei/custom/schema/relaxng/tei_all.rng" type="application/xml" schematypens="http://relaxng.org/ns/structure/1.0"?>
<?xml-model href="http://www.tei-c.org/release/xml/tei/custom/schema/relaxng/tei_all.rng" type="application/xml"
	schematypens="http://purl.oclc.org/dsdl/schematron"?>
<TEI xmlns="http://www.tei-c.org/ns/1.0">
	<teiHeader>
		<fileDesc>
			<titleStmt>
				<title>Tursko1-157</title>
			</titleStmt>
			<publicationStmt>
				<p>Publication Information</p>
			</publicationStmt>
			<sourceDesc>
				<p/>
			</sourceDesc>
		</fileDesc>
		<xenoData>{ "saji:aspectRatioType": [ "C" ], "saji:fond": [ "Tursko 1" ], "saji:memo": [ "典型" ] }</xenoData>
	</teiHeader>
	<facsimile>
		<surface>
			<graphic url="../../../Tursko%201/DSCN1889.JPG"/>
			<zone ulx="210" uly="210" lrx="2050" lry="3190" xml:id="zone_tch_w5w_cjb"/>
			<zone ulx="2939" uly="2939" lrx="1849" lry="3118" xml:id="zone_slq_x5w_cjb"/>
			<zone ulx="2992" uly="2992" lrx="1824" lry="3109" xml:id="zone_kqg_y5w_cjb"/>
			<zone ulx="2951" uly="2951" lrx="1514" lry="3120" xml:id="zone_z3z_y5w_cjb"/>
			<zone ulx="2878" uly="2878" lrx="1114" lry="3170" xml:id="zone_bt5_z5w_cjb"/>
			<zone ulx="3007" uly="3007" lrx="1107" lry="3162" xml:id="zone_k2m_1vw_cjb"/>
			<zone ulx="2885" uly="2885" lrx="785" lry="3151" xml:id="zone_o2b_bvw_cjb"/>
			<zone ulx="2996" uly="2996" lrx="770" lry="3146" xml:id="zone_ky4_bvw_cjb"/>
		</surface>
		<surface>
			<graphic url="../../../Day%204/IMG_0015.JPG"/>
		</surface>
		<surface>
			<graphic url="../../../Day%204/IMG_0016.JPG"/>
		</surface>
		<surface>
			<graphic url="../../../Tursko%201/DSCN1890.JPG"/>
			<zone ulx="294" uly="294" lrx="2900" lry="1794" xml:id="zone_gc1_dvw_cjb"/>
		</surface>
	</facsimile>
	<text>
		<body>
			<div1 facs="#zone_tch_w5w_cjb" type="ʿilmühaber_tapu_senedi">
				<p>
					<lb/>
					... fī					<date type="created" when-custom="12xx-xx-xx"> sene 12[空欄]</date>
					<lb/>
				</p>
				<div2 facs="#zone_slq_x5w_cjb" type="sign">
					<p>
						<lb/>
						...
						<lb/>
					</p>
					<div3 facs="#zone_kqg_y5w_cjb" type="stamp">
						<p>
							<lb/>
							...
							<lb/>
						</p>
					</div3>
				</div2>
				<div2 facs="#zone_z3z_y5w_cjb" type="sign">
					<p>
						<lb/>
						...
						<lb/>
					</p>
				</div2>
				<div2 facs="#zone_bt5_z5w_cjb" type="sign">
					<p>
						<lb/>
						...
						<lb/>
					</p>
					<div3 facs="#zone_k2m_1vw_cjb" type="stamp">
						<p>
							<lb/>
							...
							<lb/>
						</p>
					</div3>
				</div2>
				<div2 facs="#zone_o2b_bvw_cjb" type="sign">
					<p>
						<lb/>
						...
						<lb/>
					</p>
					<div3 facs="#zone_ky4_bvw_cjb" type="stamp">
						<p>
							<lb/>
							...
							<lb/>
						</p>
					</div3>
				</div2>
			</div1>
			<div1 facs="#zone_gc1_dvw_cjb" type="summary_Croatian">
				<p>
					<lb/>
					...					<date type="summary_Croatian" when="1880">1880</date>
					 ...
					<lb/>
				</p>
			</div1>
		</body>
	</text>
</TEI>
