<?xml version="1.0" encoding="UTF-8"?>
<?xml-model href="http://www.tei-c.org/release/xml/tei/custom/schema/relaxng/tei_all.rng" type="application/xml" schematypens="http://relaxng.org/ns/structure/1.0"?>
<?xml-model href="http://www.tei-c.org/release/xml/tei/custom/schema/relaxng/tei_all.rng" type="application/xml"
	schematypens="http://purl.oclc.org/dsdl/schematron"?>
<TEI xmlns="http://www.tei-c.org/ns/1.0">
	<teiHeader>
		<fileDesc>
			<titleStmt>
				<title>Tursko3-099</title>
			</titleStmt>
			<publicationStmt>
				<p>Publication Information</p>
			</publicationStmt>
			<sourceDesc>
				<p/>
			</sourceDesc>
		</fileDesc>
		<xenoData>{ "saji:aspectRatioType": [ "B" ], "saji:fond": [ "Tursko 3" ] }</xenoData>
	</teiHeader>
	<facsimile>
		<surface>
			<graphic url="../../../Tursko%203/DSCN9215.JPG"/>
			<zone ulx="672" uly="672" lrx="2532" lry="1184" xml:id="zone_lf2_zst_klb"/>
		</surface>
		<surface>
			<graphic url="../../../Day%206/IMG_0019.JPG"/>
		</surface>
		<surface>
			<graphic url="../../../Day%206/IMG_0020.JPG"/>
		</surface>
		<surface>
			<graphic url="../../../Tursko%203/DSCN9216.JPG"/>
			<zone ulx="130" uly="130" lrx="1900" lry="2746" xml:id="zone_htx_35t_klb"/>
			<zone ulx="2346" uly="2346" lrx="869" lry="2704" xml:id="zone_iz4_k5t_klb"/>
		</surface>
	</facsimile>
	<text>
		<body>
			<div1 facs="#zone_htx_35t_klb" next="#zone_lf2_zst_klb" subtype="temessük" type="EMIN">
				<p>
					<lb/>
					işbu					<date type="created" when="1808-02-26" when-custom="1222">bin iki yüz yiğirmi iki senesşnde</date>
					 der ...
					<lb/>
				</p>
				<div2 facs="#zone_iz4_k5t_klb" type="sign">
					<p>
						<lb/>
						...
						<lb/>
					</p>
				</div2>
			</div1>
			<div1 facs="#zone_lf2_zst_klb" type="summary_Croatian">
				<p>
					<lb/>
					...					<date type="summary_Croatian" when="1807">1807</date>
					.
					<lb/>
				</p>
			</div1>
		</body>
	</text>
</TEI>
