<?xml version="1.0" encoding="UTF-8"?>
<?xml-model href="http://www.tei-c.org/release/xml/tei/custom/schema/relaxng/tei_all.rng" type="application/xml" schematypens="http://relaxng.org/ns/structure/1.0"?>
<?xml-model href="http://www.tei-c.org/release/xml/tei/custom/schema/relaxng/tei_all.rng" type="application/xml"
	schematypens="http://purl.oclc.org/dsdl/schematron"?>
<TEI xmlns="http://www.tei-c.org/ns/1.0">
	<teiHeader>
		<fileDesc>
			<titleStmt>
				<title>Tursko1-Bind4</title>
			</titleStmt>
			<publicationStmt>
				<p>Publication Information</p>
			</publicationStmt>
			<notesStmt>
				<note type="summary">「A」というバインドの全体像。「バインドA」内の個々の文書の画像がこの後に続く。</note>
				<note type="mine">【要】文書数カウントから外す。</note>
			</notesStmt>
			<sourceDesc>
				<p/>
			</sourceDesc>
		</fileDesc>
		<xenoData>{ "saji:aspectRatioType": [ "n/a" ], "saji:fond": [ "Tursko 1" ] }</xenoData>
	</teiHeader>
	<facsimile>
		<surface>
			<graphic url="../../../Tursko%201/DSCN1910.JPG"/>
		</surface>
		<surface>
			<graphic url="../../../Day%204/IMG_0066.JPG"/>
		</surface>
		<surface>
			<graphic url="../../../Day%204/IMG_0067.JPG"/>
		</surface>
		<surface>
			<graphic url="../../../Tursko%201/DSCN1946.JPG"/>
		</surface>
		<surface>
			<graphic url="../../../Tursko%201/DSCN1947.JPG"/>
		</surface>
	</facsimile>
	<text>
		<body>
			<p/>
		</body>
	</text>
</TEI>
