<?xml version="1.0" encoding="UTF-8"?>
<?xml-model href="http://www.tei-c.org/release/xml/tei/custom/schema/relaxng/tei_all.rng" type="application/xml" schematypens="http://relaxng.org/ns/structure/1.0"?>
<?xml-model href="http://www.tei-c.org/release/xml/tei/custom/schema/relaxng/tei_all.rng" type="application/xml"
	schematypens="http://purl.oclc.org/dsdl/schematron"?>
<TEI xmlns="http://www.tei-c.org/ns/1.0">
	<teiHeader>
		<fileDesc>
			<titleStmt>
				<title>Tursko3-106</title>
			</titleStmt>
			<publicationStmt>
				<p>Publication Information</p>
			</publicationStmt>
			<sourceDesc>
				<p/>
			</sourceDesc>
		</fileDesc>
		<xenoData>{ "saji:aspectRatioType": [ "D" ], "saji:fond": [ "Tursko 3" ] }</xenoData>
	</teiHeader>
	<facsimile>
		<surface>
			<graphic url="../../../Tursko%203/DSCN9206.JPG"/>
			<zone ulx="275" uly="275" lrx="1825" lry="2816" xml:id="zone_zx4_1pt_klb"/>
			<zone ulx="2102" uly="2102" lrx="1579" lry="2523" xml:id="zone_kmx_dpt_klb"/>
		</surface>
		<surface>
			<graphic url="../../../Day%206/IMG_0033.JPG"/>
		</surface>
		<surface>
			<graphic url="../../../Day%206/IMG_0034.JPG"/>
		</surface>
	</facsimile>
	<text>
		<body>
			<div1 facs="#zone_zx4_1pt_klb" type="cizye_senedi">
				<p>
					<lb/>
					...
					<lb/>
				</p>
				<div2 facs="#zone_kmx_dpt_klb" type="stamp">
					<p>
						<lb/>
						...
						<lb/>
					</p>
				</div2>
			</div1>
		</body>
	</text>
</TEI>
