<?xml version="1.0" encoding="UTF-8"?>
<?xml-model href="http://www.tei-c.org/release/xml/tei/custom/schema/relaxng/tei_all.rng" type="application/xml" schematypens="http://relaxng.org/ns/structure/1.0"?>
<?xml-model href="http://www.tei-c.org/release/xml/tei/custom/schema/relaxng/tei_all.rng" type="application/xml"
	schematypens="http://purl.oclc.org/dsdl/schematron"?>
<TEI xmlns="http://www.tei-c.org/ns/1.0">
	<teiHeader>
		<fileDesc>
			<titleStmt>
				<title>Tursko1-079</title>
			</titleStmt>
			<publicationStmt>
				<p>Publication Information</p>
			</publicationStmt>
			<notesStmt>
				<note type="mine">【要】日付：日、何日か要検討。</note>
			</notesStmt>
			<sourceDesc>
				<p/>
			</sourceDesc>
		</fileDesc>
		<xenoData>{ "saji:aspectRatioType": [ "E" ], "saji:fond": [ "Tursko 1" ] }</xenoData>
	</teiHeader>
	<facsimile>
		<surface>
			<graphic url="../../../Tursko%201/DSCN1723.JPG"/>
			<zone ulx="91" uly="91" lrx="1500" lry="2916" xml:id="zone_alf_1l2_bjb"/>
		</surface>
		<surface>
			<graphic url="../../../Day%202/IMG_0512.JPG"/>
		</surface>
		<surface>
			<graphic url="../../../Day%202/IMG_0515.JPG"/>
		</surface>
		<surface>
			<graphic url="../../../Tursko%201/DSCN1724.JPG"/>
		</surface>
		<surface>
			<graphic url="../../../Tursko%201/DSCN1725.JPG"/>
			<zone ulx="397" uly="397" lrx="1452" lry="981" xml:id="zone_hnq_dl2_bjb"/>
			<zone ulx="843" uly="843" lrx="1356" lry="972" xml:id="zone_m4c_2l2_bjb"/>
		</surface>
		<surface>
			<graphic url="../../../Tursko%201/DSCN1726.JPG"/>
		</surface>
		<surface>
			<graphic url="../../../Tursko%201/DSCN1727.JPG"/>
			<zone ulx="1038" uly="1038" lrx="2128" lry="1266" xml:id="zone_imh_gl2_bjb"/>
		</surface>
	</facsimile>
	<text>
		<body>
			<div1 facs="#zone_alf_1l2_bjb" type="hüccet">
				<p>
					<lb/>
					...					<date type="created" when="1859-02-02" when-custom="1275-06-">
						fi'l-yevmi'l-... min şehr
						<lb/>
						<lb/>
						Cemaziye'l-sānī sene
						<lb/>
						<lb/>
						hamis ve sabʿīn ve mieteyn ve elif
					</date>
					<lb/>
				</p>
				<div2 facs="#zone_hnq_dl2_bjb" type="sign">
					<p>
						<lb/>
						...
						<lb/>
					</p>
					<div3 facs="#zone_m4c_2l2_bjb" type="stamp">
						<p>
							<lb/>
							...
							<lb/>
						</p>
					</div3>
				</div2>
			</div1>
			<div1 facs="#zone_imh_gl2_bjb" type="summary_Croatian">
				<p>
					<lb/>
					...
					<lb/>
				</p>
			</div1>
		</body>
	</text>
</TEI>
