<?xml version="1.0" encoding="UTF-8"?>
<?xml-model href="http://www.tei-c.org/release/xml/tei/custom/schema/relaxng/tei_all.rng" type="application/xml" schematypens="http://relaxng.org/ns/structure/1.0"?>
<?xml-model href="http://www.tei-c.org/release/xml/tei/custom/schema/relaxng/tei_all.rng" type="application/xml"
	schematypens="http://purl.oclc.org/dsdl/schematron"?>
<TEI xmlns="http://www.tei-c.org/ns/1.0">
	<teiHeader>
		<fileDesc>
			<titleStmt>
				<title>Tursko3-132</title>
			</titleStmt>
			<publicationStmt>
				<p>Publication Information</p>
			</publicationStmt>
			<notesStmt>
				<note type="summary">エミンの保有するムカーターからの一定期間の徴税権を、修道院長に請負に出すことを承認した証文。</note>
			</notesStmt>
			<sourceDesc>
				<p/>
			</sourceDesc>
		</fileDesc>
		<xenoData>{ "saji:aspectRatioType": [ "B" ], "saji:fond": [ "Tursko 3" ] }</xenoData>
	</teiHeader>
	<facsimile>
		<surface>
			<graphic url="../../../Tursko%203/DSCN9098.JPG"/>
		</surface>
		<surface>
			<graphic url="../../../Day%206/IMG_0094.JPG"/>
		</surface>
		<surface>
			<graphic url="../../../Day%206/IMG_0096.JPG"/>
		</surface>
		<surface>
			<graphic url="../../../Tursko%203/DSCN9099.JPG"/>
			<zone ulx="1091" uly="1091" lrx="1789" lry="1300" xml:id="zone_bt5_zf1_glb"/>
			<zone ulx="1050" uly="1050" lrx="1517" lry="1310" xml:id="zone_zrt_1g1_glb"/>
			<zone ulx="1069" uly="1069" lrx="1145" lry="1302" xml:id="zone_jcl_bg1_glb"/>
			<zone ulx="741" uly="741" lrx="3102" lry="1508" xml:id="zone_edq_cg1_glb"/>
		</surface>
		<surface>
			<graphic url="../../../Tursko%203/DSCN9100.JPG"/>
			<zone ulx="1018" uly="1018" lrx="1954" lry="2963" xml:id="zone_i1g_2g1_glb"/>
			<zone ulx="2613" uly="2613" lrx="1283" lry="2908" xml:id="zone_anw_fg1_glb"/>
			<zone ulx="2605" uly="2605" lrx="964" lry="2875" xml:id="zone_lzx_gg1_glb"/>
			<zone ulx="2389" uly="2389" lrx="586" lry="2686" xml:id="zone_vjv_hg1_glb"/>
		</surface>
	</facsimile>
	<text>
		<body>
			<div1 facs="#zone_i1g_2g1_glb" next="#zone_edq_cg1_glb" type="EMIN_temessük">
				<p>
					<lb/>
					Vech-i tahrīr-i hurūf budur ki
					<lb/>
					işbu					<date from-custom="1194-03-01" to-custom="1195-02-30">bin yüz doksan dört senesinin Martı ibtidāsından Şubatı gāyesine değin</date>
					 der ʿuhde ve iltizāmımızda
					<lb/>
					olan Kirşevo mukātaʿsı kurālarından ruhbānların karyesinin aʿşār-ı şerʿiyesin ve rüsūmāt-ı sā'ireyi(?)
					<lb/>
					olageldiği minvāl üzere taleb ve rāgib olan işbu dārende-i hurūf ruhbānların gardiyānı
					<lb/>
					zimmī					<persName>YÜZP TOMİÇ</persName>
					 nām mesfūre yetmiş guruş bedeli mukābelesinde ber-vech-i peşīn der ʿuhde
					<lb/>
					ve iltizām olunub karye-i mezkūrin aʿşār-ı şerʿiyesini ve rüsūmātı sā'iresini ola geldiği
					<lb/>
					minvāl üzere zabt ve rabtına mesfūr gardiyān YÜZ'ye işbu temessüğümüz yedine virildi karye-i mezkūrenin
					<lb/>
					aʿşār-ı şerʿiyesinden mezbūrin yanında bir akçe ve bir habbe kalmadığı ecilden işbu memhūrlu
					<lb/>
					temessük yedine virildi karye-i mezkūrenin taʿşīr yine tarafımızdan ve taraf-ı āhardan kimesne
					<lb/>
					māniʿ ve müdāhale ve muʿāraza etmeye hurira fī					<date type="created" when="1780-05-06" when-custom="1194-05-03">3 min Cemaziye'l-evvel sene 1194</date>
				</p>
				<div2 facs="#zone_anw_fg1_glb" type="sign">
					<p>
						<lb/>
						...
						<lb/>
						Hasan
						<lb/>
						Emīn-i
						<lb/>
						Kirşevo					</p>
					<div3 facs="#zone_bt5_zf1_glb" type="stamp">
						<p>
							<lb/>
							...
							<lb/>
						</p>
					</div3>
				</div2>
				<div2 facs="#zone_lzx_gg1_glb" type="sign">
					<p>
						<lb/>
						...
						<lb/>
						Ahmed Emīn-i
						<lb/>
						Kirşevo					</p>
					<div3 facs="#zone_zrt_1g1_glb" type="stamp">
						<p>
							<lb/>
							...
							<lb/>
						</p>
					</div3>
				</div2>
				<div2 facs="#zone_jcl_bg1_glb" type="sign">
					<p>
						<lb/>
						...
						<lb/>
						Abdüllāh
						<lb/>
						Emīn-i
						<lb/>
						Kirşevo					</p>
					<div3 facs="#zone_vjv_hg1_glb" type="stamp">
						<p>
							<lb/>
							...
							<lb/>
						</p>
					</div3>
				</div2>
			</div1>
			<div1 facs="#zone_edq_cg1_glb" type="summary_Croatian">
				<p>
					<lb/>
					... : od ...					<date type="summary_Croatian" when="1780">1780</date>
					.				</p>
			</div1>
		</body>
	</text>
</TEI>
