<?xml version="1.0" encoding="UTF-8"?>
<?xml-model href="http://www.tei-c.org/release/xml/tei/custom/schema/relaxng/tei_all.rng" type="application/xml" schematypens="http://relaxng.org/ns/structure/1.0"?>
<?xml-model href="http://www.tei-c.org/release/xml/tei/custom/schema/relaxng/tei_all.rng" type="application/xml"
	schematypens="http://purl.oclc.org/dsdl/schematron"?>
<TEI xmlns="http://www.tei-c.org/ns/1.0">
	<teiHeader>
		<fileDesc>
			<titleStmt>
				<title>Tursko1-148</title>
			</titleStmt>
			<publicationStmt>
				<p>Publication Information</p>
			</publicationStmt>
			<sourceDesc>
				<p/>
			</sourceDesc>
		</fileDesc>
		<xenoData>{ "saji:aspectRatioType": [ "C" ], "saji:fond": [ "Tursko 1" ] }</xenoData>
	</teiHeader>
	<facsimile>
		<surface>
			<graphic url="../../../Tursko%201/DSCN1871.JPG"/>
			<zone ulx="190" uly="190" lrx="1670" lry="3020" xml:id="zone_nk5_scw_cjb"/>
			<zone ulx="2749" uly="2749" lrx="634" lry="2934" xml:id="zone_rkv_tcw_cjb"/>
		</surface>
		<surface>
			<graphic url="../../../Day%203/IMG_0145.JPG"/>
		</surface>
		<surface>
			<graphic url="../../../Day%203/IMG_0146.JPG"/>
		</surface>
		<surface>
			<graphic url="../../../Tursko%201/DSCN1872.JPG"/>
		</surface>
		<surface>
			<graphic url="../../../Tursko%201/DSCN1873.JPG"/>
			<zone ulx="1166" uly="1166" lrx="2956" lry="1922" xml:id="zone_yfh_vcw_cjb"/>
		</surface>
		<surface>
			<graphic url="../../../Tursko%201/DSCN1874.JPG"/>
			<zone ulx="381" uly="381" lrx="575" lry="513" xml:id="zone_m1w_wcw_cjb"/>
		</surface>
	</facsimile>
	<text>
		<body>
			<div1 facs="#zone_nk5_scw_cjb" type="mürāsele">
				<p>
					<lb/>
					... fī					<date type="created" when="1797-11-30" when-custom="1212-06-11">
						11 min
						<lb/>
						<lb/>
						Cemaziye'l-āhir sene 1212
					</date>
					<lb/>
				</p>
				<div2 facs="#zone_rkv_tcw_cjb" type="sign">
					<p>
						<lb/>
						...
						<lb/>
					</p>
					<div3 facs="#zone_yfh_vcw_cjb" type="stamp">
						<p>
							<lb/>
							...
							<lb/>
						</p>
					</div3>
				</div2>
			</div1>
			<div1 facs="#zone_m1w_wcw_cjb" type="summary_Croatian">
				<p>
					<lb/>
					<date type="summary_Croatian" when="1798">1798</date>
					<lb/>
				</p>
			</div1>
		</body>
	</text>
</TEI>
