<?xml version="1.0" encoding="UTF-8"?>
<?xml-model href="http://www.tei-c.org/release/xml/tei/custom/schema/relaxng/tei_all.rng" type="application/xml" schematypens="http://relaxng.org/ns/structure/1.0"?>
<?xml-model href="http://www.tei-c.org/release/xml/tei/custom/schema/relaxng/tei_all.rng" type="application/xml"
	schematypens="http://purl.oclc.org/dsdl/schematron"?>
<TEI xmlns="http://www.tei-c.org/ns/1.0">
	<teiHeader>
		<fileDesc>
			<titleStmt>
				<title>Tursko3-212</title>
			</titleStmt>
			<publicationStmt>
				<p>Publication Information</p>
			</publicationStmt>
			<notesStmt>
				<note type="summary">修道士たちの保有するチフトリキとその関連施設からのウシュルの徴税権を、修道院長に売却（前払い）することの承認。</note>
			</notesStmt>
			<sourceDesc>
				<p/>
			</sourceDesc>
		</fileDesc>
		<xenoData>{ "saji:aspectRatioType": [ "B" ], "saji:fond": [ "Tursko 3" ] }</xenoData>
	</teiHeader>
	<facsimile>
		<surface>
			<graphic url="../../../Tursko%203/DSCN9007.JPG"/>
			<zone ulx="637" uly="637" lrx="575" lry="891" xml:id="zone_vw5_1wy_wkb"/>
			<zone ulx="2875" uly="2875" lrx="1504" lry="3125" xml:id="zone_n13_bwy_wkb"/>
		</surface>
		<surface>
			<graphic url="../../../Day%207/IMG_0049.JPG"/>
		</surface>
		<surface>
			<graphic url="../../../Day%207/IMG_0050.JPG"/>
		</surface>
		<surface>
			<graphic url="../../../Tursko%203/DSCN9008.JPG"/>
			<zone ulx="1150" uly="1150" lrx="2328" lry="2621" xml:id="zone_agr_cwy_wkb"/>
			<zone ulx="2174" uly="2174" lrx="436" lry="2472" xml:id="zone_bfv_dwy_wkb"/>
		</surface>
	</facsimile>
	<text>
		<body>
			<div1 facs="#zone_agr_cwy_wkb" next="#zone_n13_bwy_wkb" type="EMIN_zabt_temessük">
				<p>
					<lb/>
					Vech-i tahrīr-i hurūf					<sic>aldur</sic>
					<corr>oldur</corr>
					 ki
					<lb/>
					işbu					<date type="created" when-custom="1204">
						bin iki yüz						<sic>üç</sic>
						 dört sensinde
					</date>
					 ʿuhde ve iltizāmımızda bulunan
					<lb/>
					Kirşevo mukātaʿasında vākiʿ kilisa rāhiblerinden çiftlikinde ve ʿalākalarında(?) sene-i(?)
					<lb/>
					mezbūrdan ʿöşr-i mahsūlāt işbu sāhıbi'l-hurūf kilisa-i mesfūr rāhiblerden
					<lb/>
					gardiyān zimmī PRAMİHAT nām zimmīye yalnız yüz yiğirmi esedī guruş ber-vech-i peşīn
					<lb/>
					üzere iltizām anlar dahi minvāl-i muharrer üzere kabūl eyledikten sonra mesfūrların yedine(?)
					<lb/>
					işbu zabt temessük iʿtā olundu tarafımızdan ve taraf-ı āhardan zabat ve tasarrıfına kimesne
					<lb/>
					māniʿ olunmaya				</p>
				<div2 facs="#zone_bfv_dwy_wkb" type="sign">
					<p>
						<lb/>
						...
						<lb/>
						Ahmed Emīn-i
						<lb/>
						Kirşevo					</p>
					<div3 facs="#zone_vw5_1wy_wkb" type="stamp">
						<p>
							<lb/>
							...
							<lb/>
						</p>
					</div3>
				</div2>
				<div2 type="şühūdu'l-hāl">
					<p>
						<lb/>
						Şühūdu'l-hāl
						<lb/>
						Süleymān İmām müslimīn
						<lb/>
						Sālih mü'ezzin ʿan müslimīn
						<lb/>
						Hasan Beşe Silahçi ʿan mezbūr					</p>
				</div2>
			</div1>
			<div1 facs="#zone_n13_bwy_wkb" type="summary_Croatian">
				<p>
					<lb/>
					... od ...					<date type="summary_Croatian" when="1790">1790</date>
					.				</p>
			</div1>
		</body>
	</text>
</TEI>
