<?xml version="1.0" encoding="UTF-8"?>
<?xml-model href="http://www.tei-c.org/release/xml/tei/custom/schema/relaxng/tei_all.rng" type="application/xml" schematypens="http://relaxng.org/ns/structure/1.0"?>
<?xml-model href="http://www.tei-c.org/release/xml/tei/custom/schema/relaxng/tei_all.rng" type="application/xml"
	schematypens="http://purl.oclc.org/dsdl/schematron"?>
<TEI xmlns="http://www.tei-c.org/ns/1.0">
	<teiHeader>
		<fileDesc>
			<titleStmt>
				<title>Tursko1-025</title>
			</titleStmt>
			<publicationStmt>
				<p>Publication Information</p>
			</publicationStmt>
			<notesStmt>
				<note type="mine">日付：月がLにもNにも見える。角ばっているのでひとまず「L」を採用。要検討。</note>
				<note type="mine">署名：傘型</note>
			</notesStmt>
			<sourceDesc>
				<p/>
			</sourceDesc>
		</fileDesc>
		<xenoData>{ "saji:aspectRatioType": [ "B" ], "saji:fond": [ "Tursko 1" ] }</xenoData>
	</teiHeader>
	<facsimile>
		<surface>
			<graphic url="../../../Tursko%201/DSCN0994.JPG"/>
			<zone ulx="100" uly="100" lrx="1762" lry="2684" xml:id="zone_j5b_zpf_z3b"/>
			<zone ulx="2446" uly="2446" lrx="1171" lry="2612" xml:id="zone_dtp_1qf_z3b"/>
		</surface>
		<surface>
			<graphic url="../../../Day%201/IMG_0192.JPG"/>
		</surface>
		<surface>
			<graphic url="../../../Day%201/IMG_0194.JPG"/>
		</surface>
		<surface>
			<graphic url="../../../Tursko%201/DSCN0995.JPG"/>
			<zone ulx="322" uly="322" lrx="1995" lry="572" xml:id="zone_ky2_cqf_z3b"/>
		</surface>
	</facsimile>
	<text>
		<body>
			<div1 facs="#zone_j5b_zpf_z3b" type="unkown">
				<l>iʿtā olundu</l>
				<l>
					fī					<date cert="low" type="created" when="1839-01-14" when-custom="1254-10">L 54</date>
				</l>
				<div3 facs="#zone_dtp_1qf_z3b" type="stamp"/>
			</div1>
			<div1 facs="#zone_ky2_cqf_z3b" type="summary_Croatian">
				<l>
					...					<date type="summary_Croatian" when="1838">1838</date>
				</l>
			</div1>
		</body>
	</text>
</TEI>
