<?xml version="1.0" encoding="UTF-8"?>
<?xml-model href="http://www.tei-c.org/release/xml/tei/custom/schema/relaxng/tei_all.rng" type="application/xml" schematypens="http://relaxng.org/ns/structure/1.0"?>
<?xml-model href="http://www.tei-c.org/release/xml/tei/custom/schema/relaxng/tei_all.rng" type="application/xml"
	schematypens="http://purl.oclc.org/dsdl/schematron"?>
<TEI xmlns="http://www.tei-c.org/ns/1.0">
	<teiHeader>
		<fileDesc>
			<titleStmt>
				<title>Tursko1-039</title>
			</titleStmt>
			<publicationStmt>
				<p>Publication Information</p>
			</publicationStmt>
			<notesStmt>
				<note type="mine">DSCN1023.JPGと全く同じ画像・文書。重複している。</note>
				<note type="mine">日付：月までは分かったが、日が記述されているかどうか判然としない。本文を読んで要検討。</note>
			</notesStmt>
			<sourceDesc>
				<p/>
			</sourceDesc>
		</fileDesc>
		<xenoData>{ "saji:aspectRatioType": [ "A" ], "saji:date_M": [ "1215-B-n/a" ], "saji:fond": [
               "Tursko 1" ] }</xenoData>
	</teiHeader>
	<facsimile>
		<surface>
			<graphic url="../../../Tursko%201/DSCN0989.JPG"/>
			<zone ulx="670" uly="670" lrx="1887" lry="3058" xml:id="zone_upd_1mf_z3b"/>
			<zone ulx="1118" uly="1118" lrx="1262" lry="1267" xml:id="zone_q3t_cmf_z3b"/>
		</surface>
		<surface>
			<graphic url="../../../Day%202/IMG_0286.JPG"/>
		</surface>
		<surface>
			<graphic url="../../../Day%202/IMG_0289.JPG"/>
		</surface>
		<surface>
			<graphic url="../../../Tursko%201/DSCN0990.JPG"/>
			<zone ulx="688" uly="688" lrx="2695" lry="1294" xml:id="zone_tbt_2mf_z3b"/>
		</surface>
		<surface>
			<graphic url="../../../Tursko%201/DSCN1023.JPG"/>
			<zone ulx="593" uly="593" lrx="1800" lry="3080" xml:id="zone_cm2_rj3_1jb"/>
			<zone ulx="1053" uly="1053" lrx="1179" lry="1197" xml:id="zone_c2x_tj3_1jb"/>
		</surface>
		<surface>
			<graphic url="../../../Tursko%201/DSCN1024.JPG"/>
			<zone ulx="455" uly="455" lrx="2634" lry="1077" xml:id="zone_izf_vj3_1jb"/>
		</surface>
	</facsimile>
	<text>
		<body>
			<div1 cert="medium" facs="#zone_upd_1mf_z3b" type="hüccet">
				<l>
					...					<date cert="low" type="created" when="1820-05-11" when-custom="1235-07">şehr Receb sene hıms ve salāsīn ve miyetein ve elif</date>
				</l>
				<div3 facs="#zone_q3t_cmf_z3b" type="stamp"/>
			</div1>
			<div1 facs="#zone_tbt_2mf_z3b" type="summary_Croatian"/>
			<div1 facs="#zone_cm2_rj3_1jb" type="hüccet">
				<p>
					<lb/>
					fī					<date type="created" when="1820-05-11" when-custom="1235-07">şehr Receb sene hımıs ve selāsīn ve mieteyn ve elif</date>
					<lb/>
				</p>
				<div3 facs="#zone_c2x_tj3_1jb" type="stamp"/>
			</div1>
			<div1 facs="#zone_izf_vj3_1jb" type="summary_Croatian">
				<p>
					<lb/>
					...					<lb/>
				</p>
			</div1>
		</body>
	</text>
</TEI>
