<?xml version="1.0" encoding="UTF-8"?>
<?xml-model href="http://www.tei-c.org/release/xml/tei/custom/schema/relaxng/tei_all.rng" type="application/xml" schematypens="http://relaxng.org/ns/structure/1.0"?>
<?xml-model href="http://www.tei-c.org/release/xml/tei/custom/schema/relaxng/tei_all.rng" type="application/xml"
	schematypens="http://purl.oclc.org/dsdl/schematron"?>
<TEI xmlns="http://www.tei-c.org/ns/1.0">
	<teiHeader>
		<fileDesc>
			<titleStmt>
				<title>Tursko3-156</title>
			</titleStmt>
			<publicationStmt>
				<p>Publication Information</p>
			</publicationStmt>
			<notesStmt>
				<note type="summary">エミンが請負っているクレシェヴォの鉄鉱山や夏営地の徴税権について、修道院長へ譲渡することの証文。</note>
				<note type="mine">☆クレシェヴォの鉄鉱山のある村karyeの名前が分かる！</note>
				<note type="mine">bādhavā税についての記述が出てくる。</note>
				<note type="mine">DSCN9061.JPGと出てくる村karyeの名前や税の名前などが重なっている。【要】綴りなどを見比べる。</note>
			</notesStmt>
			<sourceDesc>
				<p/>
			</sourceDesc>
		</fileDesc>
		<xenoData>{ "saji:aspectRatioType": [ "B" ], "saji:fond": [ "Tursko 3" ] }</xenoData>
	</teiHeader>
	<facsimile>
		<surface>
			<graphic url="../../../Tursko%203/DSCN9062.JPG"/>
			<zone ulx="1016" uly="1016" lrx="2289" lry="1261" xml:id="zone_e1n_pps_flb"/>
		</surface>
		<surface>
			<graphic url="../../../Day%206/IMG_0147.JPG"/>
		</surface>
		<surface>
			<graphic url="../../../Day%206/IMG_0148.JPG"/>
		</surface>
		<surface>
			<graphic url="../../../Tursko%203/DSCN9063.JPG"/>
			<zone ulx="25" uly="25" lrx="1950" lry="3212" xml:id="zone_kd1_rps_flb"/>
			<zone ulx="2552" uly="2552" lrx="412" lry="3180" xml:id="zone_ecq_sps_flb"/>
		</surface>
	</facsimile>
	<text>
		<body>
			<div1 facs="#zone_kd1_rps_flb" next="#zone_e1n_pps_flb" type="EMIN_zabt_temessük">
				<p>
					<lb/>
					Hüve
					<lb/>
					Vech-i tahrīr-i hurūf budur ki
					<lb/>
					ʿuhdemize ... olan maʿden-i āhen-i Kirşevo mukātaʿası kurālarından kurā					<placeName>DULUBNA</placeName>
					 ve					<placeName>ORAŞKA</placeName>
					<lb/>
					ve					<placeName>RAVN</placeName>
					 ve					<placeName>ZABTA</placeName>
					 ve					<placeName>DUVURCA</placeName>
					 ve					<placeName>KOYSINE</placeName>
					 ve					<placeName>DRZUYÇE</placeName>
					 ve
					<placeName>İBNİCE</placeName>
					'de(?)					<placeName>GRAVİÇE</placeName>
					'de olan ʿalāka-i
					<lb/>
					... hāsıl olan aʿşār-ı şerʿiyesini ve çayırlarında hāsıl olan ... aʿşārına
					<lb/>
					tapunāmeden ve bādhavādan gayri işbu					<date from-custom="1231-03-01" to-custom="1232-02-30">
						bin iki yüz otuz bir senesinin Martı
						<lb/>
						ibtidāsından Şubatı gāyesine gelince
					</date>
					 hāsıl olan aʿşārına taleb ve rāgib olan
					<lb/>
					manastır ruhbān başı gardiyān(?) mesfūre yalnız yüz yiğirmi guruş ferāğ tafvīz
					<lb/>
					olunub mesfūr dahi ferāğatı kabūl eyleyüb bedeli mukābelesi olanı(?) tarafımıza
					<lb/>
					edā eyleyüb yedine işbu zabt temessük iʿtā olundu mā-dām ki tarafımızdan ve taraf-ı
					<lb/>
					āhardan bir kimesne māniʿ ve müdāhale(?) etmeyeler fī					<date type="created" when="1816-01-15" when-custom="1231-02-15">15 S sene 1231</date>
				</p>
				<div2 facs="#zone_ecq_sps_flb" type="sign">
					<p>
						<lb/>
						...
						<lb/>
						ʿAlī el-me'mūr-i
						<lb/>
						mukātaʿa-i
						<lb/>
						mezbūr
						<lb/>
						M					</p>
				</div2>
			</div1>
			<div1 facs="#zone_e1n_pps_flb" type="summary_Croatian">
				<p>
					<lb/>
					...					<date type="summary_Croatian" when="1816">1816</date>
					.				</p>
			</div1>
		</body>
	</text>
</TEI>
