<?xml version="1.0" encoding="UTF-8"?>
<?xml-model href="http://www.tei-c.org/release/xml/tei/custom/schema/relaxng/tei_all.rng" type="application/xml" schematypens="http://relaxng.org/ns/structure/1.0"?>
<?xml-model href="http://www.tei-c.org/release/xml/tei/custom/schema/relaxng/tei_all.rng" type="application/xml"
	schematypens="http://purl.oclc.org/dsdl/schematron"?>
<TEI xmlns="http://www.tei-c.org/ns/1.0">
	<teiHeader>
		<fileDesc>
			<titleStmt>
				<title>Tursko1-058</title>
			</titleStmt>
			<publicationStmt>
				<p>Publication Information</p>
			</publicationStmt>
			<sourceDesc>
				<p/>
			</sourceDesc>
		</fileDesc>
		<xenoData>{ "saji:aspectRatioType": [ "C" ], "saji:fond": [ "Tursko 1" ] }</xenoData>
	</teiHeader>
	<facsimile>
		<surface>
			<graphic url="../../../Tursko%201/DSCN1644.JPG"/>
			<zone ulx="40" uly="40" lrx="1510" lry="2860" xml:id="zone_ffp_xfk_1jb"/>
		</surface>
		<surface>
			<graphic url="../../../Day%202/IMG_0407.JPG"/>
		</surface>
		<surface>
			<graphic url="../../../Day%202/IMG_0408.JPG"/>
		</surface>
		<surface>
			<graphic url="../../../Tursko%201/DSCN1645.JPG"/>
			<zone ulx="427" uly="427" lrx="3023" lry="1088" xml:id="zone_hmg_zfk_1jb"/>
		</surface>
	</facsimile>
	<text>
		<body>
			<div1 facs="#zone_ffp_xfk_1jb" type="iʿlām">
				<p>
					<lb/>
					... fī					<date type="created" when="1798-03-19" when-custom="1212-10-02">2 L 1212</date>
					<lb/>
				</p>
			</div1>
			<div1 facs="#zone_hmg_zfk_1jb" type="summary_Croatian">
				<p>
					<lb/>
					...					<date type="summary_Croatian" when="1798-03-23">23 Martu 1798</date>
					, ...
					<lb/>
				</p>
			</div1>
		</body>
	</text>
</TEI>
