<?xml version="1.0" encoding="UTF-8"?>
<?xml-model href="http://www.tei-c.org/release/xml/tei/custom/schema/relaxng/tei_all.rng" type="application/xml" schematypens="http://relaxng.org/ns/structure/1.0"?>
<?xml-model href="http://www.tei-c.org/release/xml/tei/custom/schema/relaxng/tei_all.rng" type="application/xml"
	schematypens="http://purl.oclc.org/dsdl/schematron"?>
<TEI xmlns="http://www.tei-c.org/ns/1.0">
	<teiHeader>
		<fileDesc>
			<titleStmt>
				<title>Tursko3-163</title>
			</titleStmt>
			<publicationStmt>
				<p>Publication Information</p>
			</publicationStmt>
			<notesStmt>
				<note type="summary">エミンに委任ihaleされたクレシェヴォの鉄鉱山のムカーター・カルイェの指定期間の徴税権を、修道院長へ譲渡することについての証文。</note>
				<note type="mine">DSCN9073.JPGとほぼ同一の地名、内容。互いに【要】参照。</note>
			</notesStmt>
			<sourceDesc>
				<p/>
			</sourceDesc>
		</fileDesc>
		<xenoData>{ "saji:aspectRatioType": [ "B" ], "saji:fond": [ "Tursko 3" ] }</xenoData>
	</teiHeader>
	<facsimile>
		<surface>
			<graphic url="../../../Tursko%203/DSCN9075.JPG"/>
			<zone ulx="662" uly="662" lrx="425" lry="879" xml:id="zone_htj_jbt_flb"/>
			<zone ulx="2370" uly="2370" lrx="1125" lry="2587" xml:id="zone_lnk_kbt_flb"/>
		</surface>
		<surface>
			<graphic url="../../../Day%206/IMG_0161.JPG"/>
		</surface>
		<surface>
			<graphic url="../../../Day%206/IMG_0162.JPG"/>
		</surface>
		<surface>
			<graphic url="../../../Tursko%203/DSCN9076.JPG"/>
			<zone ulx="890" uly="890" lrx="1982" lry="3018" xml:id="zone_qnb_mbt_flb"/>
			<zone ulx="2311" uly="2311" lrx="492" lry="2985" xml:id="zone_pm2_nbt_flb"/>
		</surface>
	</facsimile>
	<text>
		<body>
			<div1 facs="#zone_qnb_mbt_flb" next="#zone_lnk_kbt_flb" type="EMIN_zabt_temessük">
				<p>
					<lb/>
					Vech-i tahrīr-i hurūf oldur ki
					<lb/>
					işbu					<date when-custom="1232">bin iki yüz otüz iki senesine</date>
					 mahsūben der ʿuhdemize ihāle olunan maʿden-i āhen-i Kirşevo mukātaʿsı
					<lb/>
					kurālarından					<placeName>KRADULUBNA</placeName>
					 ve					<placeName>ORAŞKA</placeName>
					 ve					<placeName>RVANA</placeName>
					 ve					<placeName>DUBATA</placeName>
					 ve
					<placeName>DUBUİÇ</placeName>
					 ve					<placeName>KOYSİNE</placeName>
					 ve					<placeName>DRUBNİÇE</placeName>
					<lb/>
					[ve]					<placeName>DAVNİÇE</placeName>
					 ve					<placeName>GRAVYÇE</placeName>
					'de olan ʿalāka manastırīn hāsıl olan aʿşār-ı şerʿiyesi ve çayırlarında
					<lb/>
					hāsıl olan ... aʿşārına tapuçenāmeden(?) ve bādhavādan gayri işbu					<date from-custom="1232-03-01" to-custom="1233-02-30">
						sene-i mübārekin
						<lb/>
						Mart ibtidāsından Şubatı gāyene gelince
					</date>
					 hāsılāt olan aʿşārına taleb ve rāgib
					<lb/>
					olan manastır rubān başı gardiyān mesfūre yalnız yüz iğirmi guruş
					<lb/>
					ferāğat ve tafvīz olunub mesfūr dahi ferāgat kabūl eyleyüb bedeli mukābelesi
					<lb/>
					olan meblağ(?) tarafımıza edā ve teslīm eyleyüb yedine işbu zabt temessük
					<lb/>
					iʿtā olundu mā-dām ki tarafımıdan ve taraf-ı āhardan kimesne māniʿ olmaya
					<lb/>
					fī					<date type="created" when="1817-10-21" when-custom="1232-12-11">11 Z sene 32</date>
				</p>
				<div2 facs="#zone_pm2_nbt_flb" type="sign">
					<p>
						<lb/>
						...
						<lb/>
						ʿAlī el-me'mūr
						<lb/>
						Mukātaʿa-i
						<lb/>
						mezbūr
						<lb/>
						M					</p>
					<div3 facs="#zone_htj_jbt_flb" type="stamp">
						<p>
							<lb/>
							ʿAlī
							<lb/>
							...						</p>
					</div3>
				</div2>
			</div1>
			<div1 facs="#zone_lnk_kbt_flb" type="summary_Croatian">
				<p>
					<lb/>
					Od ...					<date cert="medium" type="summary_Croatian" when="1817">1817</date>
					<lb/>
				</p>
			</div1>
		</body>
	</text>
</TEI>
