<?xml version="1.0" encoding="UTF-8"?>
<?xml-model href="http://www.tei-c.org/release/xml/tei/custom/schema/relaxng/tei_all.rng" type="application/xml" schematypens="http://relaxng.org/ns/structure/1.0"?>
<?xml-model href="http://www.tei-c.org/release/xml/tei/custom/schema/relaxng/tei_all.rng" type="application/xml"
	schematypens="http://purl.oclc.org/dsdl/schematron"?>
<TEI xmlns="http://www.tei-c.org/ns/1.0">
	<teiHeader>
		<fileDesc>
			<titleStmt>
				<title>Tursko3-167</title>
			</titleStmt>
			<publicationStmt>
				<p>Publication Information</p>
			</publicationStmt>
			<notesStmt>
				<note type="summary">エミンの請負地の一括徴税権を、修道院長に対価の見返りに付与することについての証文。</note>
			</notesStmt>
			<sourceDesc>
				<p/>
			</sourceDesc>
		</fileDesc>
		<xenoData>{ "saji:aspectRatioType": [ "B" ], "saji:fond": [ "Tursko 3" ] }</xenoData>
	</teiHeader>
	<facsimile>
		<surface>
			<graphic url="../../../Tursko%203/DSCN9082.JPG"/>
			<zone ulx="367" uly="367" lrx="237" lry="594" xml:id="zone_i3n_s5z_flb"/>
			<zone ulx="2968" uly="2968" lrx="1948" lry="3153" xml:id="zone_tfw_t5z_flb"/>
		</surface>
		<surface>
			<graphic url="../../../Day%206/IMG_0170.JPG"/>
		</surface>
		<surface>
			<graphic url="../../../Day%206/IMG_0171.JPG"/>
		</surface>
		<surface>
			<graphic url="../../../Tursko%203/DSCN9083.JPG"/>
			<zone ulx="1283" uly="1283" lrx="2100" lry="2941" xml:id="zone_fq4_v5z_flb"/>
			<zone ulx="2360" uly="2360" lrx="491" lry="2912" xml:id="zone_gcm_x5z_flb"/>
		</surface>
	</facsimile>
	<text>
		<body>
			<div1 facs="#zone_fq4_v5z_flb" next="#zone_tfw_t5z_flb" type="EMIN_zabt_temessük">
				<p>
					<lb/>
					Vech-i tahrīr-i hurūf budur ki
					<lb/>
					işbu					<date when-custom="1241">bin iki yüz krık bir senesinde</date>
					 der ʿuhde ve iltizāmımızda bulunan Kirşevo mukātaʿası
					<lb/>
					varoş-ı Kirşevo kilisanın rāhibi olan gardiyāna(?)					<placeName>RAVN</placeName>
					 ve					<placeName>LUPAT</placeName>
					 ve					<placeName>DUBUNİÇE</placeName>
					<lb/>
					ve					<placeName>KOYSİNE</placeName>
					 ve					<placeName>BUGUŞİÇ</placeName>
					 nām mahallelerde hāsıl olan mahsūlāt-ı aʿşārı işbu dārende-i
					<lb/>
					temessük kilisanın rāhibi olan gardiyān sene-i(?) sābık üzere bedel-i iltizāmımıza
					<lb/>
					kabūl ve bedel olan yüz yiğirmi guruş mukābelesinde ve bedel-i iltizāmımıza olan
					<lb/>
					meblağ-ı mezkūra tarafımıza edā ve teslīm işbu yedine(?) mühürlü zabt(?) temessük iʿtā olunub
					<lb/>
					... ve tarafımıza ve taraf-ı āhardan bir kimesne māniʿ oluna
					<lb/>
					fī					<date type="created" when="1826-05-02" when-custom="1241-09-25">25 N sene 1241</date>
				</p>
				<div2 facs="#zone_gcm_x5z_flb" type="sign">
					<p>
						<lb/>
						Bende
						<lb/>
						Mustafa
						<lb/>
						Emīn-i
						<lb/>
						Kirşevo
						<lb/>
						Hālā
						<lb/>
						M					</p>
					<div3 facs="#zone_i3n_s5z_flb" type="stamp">
						<p>
							<lb/>
							...
							<lb/>
						</p>
					</div3>
				</div2>
			</div1>
			<div1 facs="#zone_tfw_t5z_flb" type="summary_Croatian">
				<p>
					<lb/>
					...					<date type="summary_Croatian" when="1826">1826</date>
					.				</p>
			</div1>
		</body>
	</text>
</TEI>
