<?xml version="1.0" encoding="UTF-8"?>
<?xml-model href="http://www.tei-c.org/release/xml/tei/custom/schema/relaxng/tei_all.rng" type="application/xml" schematypens="http://relaxng.org/ns/structure/1.0"?>
<?xml-model href="http://www.tei-c.org/release/xml/tei/custom/schema/relaxng/tei_all.rng" type="application/xml"
	schematypens="http://purl.oclc.org/dsdl/schematron"?>
<TEI xmlns="http://www.tei-c.org/ns/1.0">
	<teiHeader>
		<fileDesc>
			<titleStmt>
				<title>Tursko1-109</title>
			</titleStmt>
			<publicationStmt>
				<p>Publication Information</p>
			</publicationStmt>
			<sourceDesc>
				<p/>
			</sourceDesc>
		</fileDesc>
		<xenoData>{ "saji:aspectRatioType": [ "D" ], "saji:fond": [ "Tursko 1" ] }</xenoData>
	</teiHeader>
	<facsimile>
		<surface>
			<graphic url="../../../Tursko%201/DSCN1786.JPG"/>
			<zone ulx="136" uly="136" lrx="2063" lry="3227" xml:id="zone_c2b_pv3_cjb"/>
			<zone ulx="375" uly="375" lrx="1580" lry="1012" xml:id="zone_lc3_qv3_cjb"/>
			<zone ulx="2564" uly="2564" lrx="1380" lry="2846" xml:id="zone_dq4_rv3_cjb"/>
		</surface>
		<surface>
			<graphic url="../../../Day%203/IMG_0057.JPG"/>
		</surface>
		<surface>
			<graphic url="../../../Day%203/IMG_0058.JPG"/>
		</surface>
		<surface>
			<graphic url="../../../Tursko%201/DSCN1787.JPG"/>
			<zone ulx="866" uly="866" lrx="2178" lry="1477" xml:id="zone_f4w_sv3_cjb"/>
		</surface>
		<surface>
			<graphic url="../../../Tursko%201/DSCN1788.JPG"/>
			<zone ulx="1116" uly="1116" lrx="3045" lry="1683" xml:id="zone_m3b_vv3_cjb"/>
			<zone ulx="955" uly="955" lrx="2534" lry="1627" xml:id="zone_i4t_vv3_cjb"/>
		</surface>
	</facsimile>
	<text>
		<body>
			<div1 facs="#zone_c2b_pv3_cjb" type="tapu_senedi">
				<p>
					<lb/>
					... fī					<date type="created" when="1866-09-16" when-custom="1283-05-07">7 Cemaziye'l-evvel sene 1283</date>
					<lb/>
				</p>
				<div1 facs="#zone_lc3_qv3_cjb" type="tuğura">
					<p>
						<lb/>
						...
						<lb/>
					</p>
				</div1>
				<div3 facs="#zone_dq4_rv3_cjb" type="stamp">
					<p>
						<lb/>
						...
						<lb/>
					</p>
				</div3>
			</div1>
			<div1 cert="unknown" facs="#zone_m3b_vv3_cjb" type="memo">
				<p>
					<lb/>
					3079
					<lb/>
				</p>
			</div1>
			<div1 facs="#zone_f4w_sv3_cjb" type="summary_Croatian">
				<p>
					<lb/>
					Nno 17.
					<lb/>
				</p>
			</div1>
			<div1 facs="#zone_i4t_vv3_cjb" type="summary_Croatian">
				<p>
					<lb/>
					...
					<lb/>
				</p>
			</div1>
		</body>
	</text>
</TEI>
