<?xml version="1.0" encoding="UTF-8"?>
<?xml-model href="http://www.tei-c.org/release/xml/tei/custom/schema/relaxng/tei_all.rng" type="application/xml" schematypens="http://relaxng.org/ns/structure/1.0"?>
<?xml-model href="http://www.tei-c.org/release/xml/tei/custom/schema/relaxng/tei_all.rng" type="application/xml"
	schematypens="http://purl.oclc.org/dsdl/schematron"?>
<TEI xmlns="http://www.tei-c.org/ns/1.0">
	<teiHeader>
		<fileDesc>
			<titleStmt>
				<title>Tursko1-187</title>
			</titleStmt>
			<publicationStmt>
				<p>Publication Information</p>
			</publicationStmt>
			<notesStmt>
				<note type="mine">【要】裏面撮影：表面の署名の裏にスタンプがあるのが透けているが、裏面にはスタンプが写っていない。要裏面再撮影。</note>
			</notesStmt>
			<sourceDesc>
				<p/>
			</sourceDesc>
		</fileDesc>
		<xenoData>{ "saji:aspectRatioType": [ "B" ], "saji:fond": [ "Tursko 1" ] }</xenoData>
	</teiHeader>
	<facsimile>
		<surface>
			<graphic url="../../../Tursko%201/DSCN1932.JPG"/>
			<zone ulx="130" uly="130" lrx="2416" lry="2869" xml:id="zone_jp1_rld_djb"/>
			<zone ulx="2364" uly="2364" lrx="452" lry="2572" xml:id="zone_gnz_rld_djb"/>
		</surface>
		<surface>
			<graphic url="../../../Day%204/IMG_0091.JPG"/>
		</surface>
		<surface>
			<graphic url="../../../Day%204/IMG_0092.JPG"/>
		</surface>
		<surface>
			<graphic url="../../../Tursko%201/DSCN1933.JPG"/>
			<zone ulx="788" uly="788" lrx="3078" lry="2222" xml:id="zone_ftp_tld_djb"/>
		</surface>
	</facsimile>
	<text>
		<body>
			<div1 cert="unknown" facs="#zone_jp1_rld_djb" type="EMIN">
				<p>
					<lb/>
					...
					<lb/>
				</p>
				<div2 facs="#zone_gnz_rld_djb" type="sign">
					<p>
						<lb/>
						...
						<lb/>
					</p>
				</div2>
			</div1>
			<div1 facs="#zone_ftp_tld_djb" type="summary_Croatian">
				<p>
					<lb/>
					...					<date type="summary_Croatian" when="1843">1843</date>
					.
					<lb/>
				</p>
			</div1>
		</body>
	</text>
</TEI>
