<?xml version="1.0" encoding="UTF-8"?>
<?xml-model href="http://www.tei-c.org/release/xml/tei/custom/schema/relaxng/tei_all.rng" type="application/xml" schematypens="http://relaxng.org/ns/structure/1.0"?>
<?xml-model href="http://www.tei-c.org/release/xml/tei/custom/schema/relaxng/tei_all.rng" type="application/xml"
	schematypens="http://purl.oclc.org/dsdl/schematron"?>
<TEI xmlns="http://www.tei-c.org/ns/1.0">
	<teiHeader>
		<fileDesc>
			<titleStmt>
				<title>Tursko3-042</title>
			</titleStmt>
			<publicationStmt>
				<p>Publication Information</p>
			</publicationStmt>
			<sourceDesc>
				<p/>
			</sourceDesc>
		</fileDesc>
		<xenoData>{ "saji:aspectRatioType": [ "B" ], "saji:fond": [ "Tursko 3" ] }</xenoData>
	</teiHeader>
	<facsimile>
		<surface>
			<graphic url="../../../Tursko%203/DSCN9275.JPG"/>
			<zone ulx="861" uly="861" lrx="2617" lry="1566" xml:id="zone_ezv_fnv_nlb"/>
		</surface>
		<surface>
			<graphic url="../../../Day%205/IMG_0102.JPG"/>
		</surface>
		<surface>
			<graphic url="../../../Day%205/IMG_0103.JPG"/>
		</surface>
		<surface>
			<graphic url="../../../Tursko%203/DSCN9276.JPG"/>
			<zone ulx="306" uly="306" lrx="2232" lry="2181" xml:id="zone_gd3_hnv_nlb"/>
			<zone ulx="1845" uly="1845" lrx="850" lry="2160" xml:id="zone_pqj_3nv_nlb"/>
			<zone ulx="1902" uly="1902" lrx="845" lry="2150" xml:id="zone_gwb_jnv_nlb"/>
		</surface>
	</facsimile>
	<text>
		<body>
			<div1 cert="low" facs="#zone_gd3_hnv_nlb" next="#zone_ezv_fnv_nlb" type="EMIN">
				<p>
					<lb/>
					... fī					<date type="created" when="1858-07-19" when-custom="1274-12-08">8 Z sene 74</date>
					<lb/>
				</p>
				<div2 facs="#zone_pqj_3nv_nlb" type="sign">
					<p>
						<lb/>
						...
						<lb/>
					</p>
					<div3 facs="#zone_gwb_jnv_nlb" type="stamp_sūret">
						<p>
							<lb/>
							...
							<lb/>
						</p>
					</div3>
				</div2>
			</div1>
			<div1 facs="#zone_ezv_fnv_nlb" type="summary_Croatian">
				<p>
					<lb/>
					...					<date type="summary_Croatian" when="1858-08-09" when-custom="1274">1274</date>
					.
					<lb/>
				</p>
			</div1>
		</body>
	</text>
</TEI>
