<?xml version="1.0" encoding="UTF-8"?>
<?xml-model href="http://www.tei-c.org/release/xml/tei/custom/schema/relaxng/tei_all.rng" type="application/xml" schematypens="http://relaxng.org/ns/structure/1.0"?>
<?xml-model href="http://www.tei-c.org/release/xml/tei/custom/schema/relaxng/tei_all.rng" type="application/xml"
	schematypens="http://purl.oclc.org/dsdl/schematron"?>
<TEI xmlns="http://www.tei-c.org/ns/1.0">
	<teiHeader>
		<fileDesc>
			<titleStmt>
				<title>Tursko3-110</title>
			</titleStmt>
			<publicationStmt>
				<p>Publication Information</p>
			</publicationStmt>
			<sourceDesc>
				<p/>
			</sourceDesc>
		</fileDesc>
		<xenoData>{ "saji:aspectRatioType": [ "D" ], "saji:fond": [ "Tursko 3" ] }</xenoData>
	</teiHeader>
	<facsimile>
		<surface>
			<graphic url="../../../Tursko%203/DSCN9210.JPG"/>
			<zone ulx="1127" uly="1127" lrx="1810" lry="1272" xml:id="zone_hzc_xpt_klb"/>
		</surface>
		<surface>
			<graphic url="../../../Day%206/IMG_0041.JPG"/>
		</surface>
		<surface>
			<graphic url="../../../Day%206/IMG_0042.JPG"/>
		</surface>
		<surface>
			<graphic url="../../../Tursko%203/DSCN9211.JPG"/>
			<zone ulx="400" uly="400" lrx="1854" lry="2945" xml:id="zone_znj_ypt_klb"/>
			<zone ulx="2253" uly="2253" lrx="1636" lry="2682" xml:id="zone_wf5_zpt_klb"/>
		</surface>
	</facsimile>
	<text>
		<body>
			<div1 facs="#zone_znj_ypt_klb" next="#zone_hzc_xpt_klb" type="cizye_senedi">
				<p>
					<lb/>
					...
					<lb/>
				</p>
				<div2 facs="#zone_wf5_zpt_klb" type="stamp">
					<p>
						<lb/>
						...
						<lb/>
					</p>
				</div2>
			</div1>
			<div1 facs="#zone_hzc_xpt_klb" type="memo">
				<p>
					<lb/>
					...
					<lb/>
				</p>
			</div1>
		</body>
	</text>
</TEI>
