<?xml version="1.0" encoding="UTF-8"?>
<?xml-model href="http://www.tei-c.org/release/xml/tei/custom/schema/relaxng/tei_all.rng" type="application/xml" schematypens="http://relaxng.org/ns/structure/1.0"?>
<?xml-model href="http://www.tei-c.org/release/xml/tei/custom/schema/relaxng/tei_all.rng" type="application/xml"
	schematypens="http://purl.oclc.org/dsdl/schematron"?>
<TEI xmlns="http://www.tei-c.org/ns/1.0">
	<teiHeader>
		<fileDesc>
			<titleStmt>
				<title>Tursko1-166</title>
			</titleStmt>
			<publicationStmt>
				<p>Publication Information</p>
			</publicationStmt>
			<notesStmt>
				<note type="mine">署名：傘型</note>
			</notesStmt>
			<sourceDesc>
				<p/>
			</sourceDesc>
		</fileDesc>
		<xenoData>{ "saji:aspectRatioType": [ "D" ], "saji:fond": [ "Tursko 1" ] }</xenoData>
	</teiHeader>
	<facsimile>
		<surface>
			<graphic url="../../../Tursko%201/DSCN1960.JPG"/>
			<zone ulx="392" uly="392" lrx="2050" lry="2842" xml:id="zone_dqk_wp2_djb"/>
			<zone ulx="1235" uly="1235" lrx="981" lry="2312" xml:id="zone_tbd_yp2_djb"/>
			<zone ulx="2395" uly="2395" lrx="1367" lry="2541" xml:id="zone_xm2_zp2_djb"/>
		</surface>
		<surface>
			<graphic url="../../../Day%204/IMG_0035.JPG"/>
		</surface>
		<surface>
			<graphic url="../../../Day%204/IMG_0036.JPG"/>
		</surface>
	</facsimile>
	<text>
		<body>
			<div1 facs="#zone_dqk_wp2_djb" type="tezkire-i_dīvānī">
				<p>
					<lb/>
					... fī					<date cert="medium" type="created" when="1843-10-18" when-custom="1259-09-25">25 N sene 59</date>
					<lb/>
				</p>
				<div2 facs="#zone_tbd_yp2_djb" type="sign">
					<p>
						<lb/>
						...
						<lb/>
					</p>
					<div3 facs="#zone_xm2_zp2_djb" type="stamp">
						<p>
							<lb/>
							...
							<lb/>
						</p>
					</div3>
				</div2>
			</div1>
		</body>
	</text>
</TEI>
