<?xml version="1.0" encoding="UTF-8"?>
<?xml-model href="http://www.tei-c.org/release/xml/tei/custom/schema/relaxng/tei_all.rng" type="application/xml" schematypens="http://relaxng.org/ns/structure/1.0"?>
<?xml-model href="http://www.tei-c.org/release/xml/tei/custom/schema/relaxng/tei_all.rng" type="application/xml"
	schematypens="http://purl.oclc.org/dsdl/schematron"?>
<TEI xmlns="http://www.tei-c.org/ns/1.0">
	<teiHeader>
		<fileDesc>
			<titleStmt>
				<title>Tursko3-244</title>
			</titleStmt>
			<publicationStmt>
				<p>Publication Information</p>
			</publicationStmt>
			<notesStmt>
				<note type="summary">クレシェヴォ・ムカーターに属する国有地arāz-i emiriyeの耕作地の保有権の、ムスリム女性から非ムスリムに対する売却・譲渡の承認</note>
			</notesStmt>
			<sourceDesc>
				<p/>
			</sourceDesc>
		</fileDesc>
		<xenoData>{ "saji:aspectRatioType": [ "B" ], "saji:fond": [ "Tursko 3" ] }</xenoData>
	</teiHeader>
	<facsimile>
		<surface>
			<graphic url="../../../Tursko%203/DSCN0300.JPG"/>
			<zone ulx="154" uly="154" lrx="2409" lry="2900" xml:id="zone_pgr_t1n_2kb"/>
			<zone ulx="2534" uly="2534" lrx="941" lry="2804" xml:id="zone_v3k_v1n_2kb"/>
			<zone ulx="2497" uly="2497" lrx="532" lry="2780" xml:id="zone_qcy_v1n_2kb"/>
		</surface>
		<surface>
			<graphic url="../../../Day%207/IMG_0125.JPG"/>
		</surface>
		<surface>
			<graphic url="../../../Day%207/IMG_0126.JPG"/>
		</surface>
		<surface>
			<graphic url="../../../Tursko%203/DSCN0301.JPG"/>
			<zone ulx="855" uly="855" lrx="2806" lry="1405" xml:id="zone_sr4_x1n_2kb"/>
		</surface>
	</facsimile>
	<text>
		<body>
			<div1 facs="#zone_pgr_t1n_2kb" type="EMIN">
				<p>
					<lb/>
					Hüve
					<lb/>
					Vech-i tahrīr-i hurūf budur ki
					<lb/>
					işbu					<date when="1819-10-18" when-custom="1234">bin iki yüz otuz dört senesinde</date>
					 der ʿuhde ve iltizāmımızda bulunan Kirşevo mukātaʿasına
					<lb/>
					tābiʿ arāz-i emiriye mutasarrıflarından Hadīce bint-i [空白] taht-ı tasarrıfına bulunan KOMAR
					<lb/>
					karyesi altında MÜEZİNAN demekle bir katʿa tarılayı bir taraf El-hāc MSTNÇUK tarlası
					<lb/>
					ve bir taraf-ı YTUN ve taraf-ı sālis ... zimmī MİHNA tarlası ve taraf-ı rābiʿ tarīk-i ʿām ile
					<lb/>
					mahdūd olan tarlayı hurūf(?) işbu dārende-i hurūf ÇİRKONAN karyesinde ÇİÇE(?) zimmī
					<lb/>
					PAVRİYE veled-i Īvān nām kimesneye resmiyle alt yüz altmış guruş bedel mukābelesinde bey
					<lb/>
					katʿiyle beyʿ ... tasarrıfını ferāgat etmekle biz dahi me'mūrimiz hasebiyle beyʿ ...
					<lb/>
					içün görüb ve ferāğ ... tafvīz edüb mā-dām ki be-her sene taraf-ı mīrīye
					<lb/>
					ʿāit olan aʿşār-ı şerʿiye edā ede arāz-i ... zabt ve tasarrıfına taraf-ı mīrīyeden mesfūr
					<lb/>
					zimmī PAVRYA izin virle zabt ve ... tarafımızdan ve taraf-ı āhardan bir kimesne māniʿ olmaya ...
					<lb/>
					fī					<date type="created" when="1819-05-27" when-custom="1234-08-03">3 Ş sene 1234</date>
				</p>
				<div2 facs="#zone_v3k_v1n_2kb" type="sign">
					<p>
						<lb/>
						El-...
						<lb/>
						ʿAlemdār
						<lb/>
						El-meʿmūr
					</p>
				</div2>
				<div2 facs="#zone_qcy_v1n_2kb" type="sign">
					<p>
						<lb/>
						El-... el-hācı
						<lb/>
						ʿÖmer ʿAlemdār
						<lb/>
						El-meʿmūr
					</p>
				</div2>
				<div2 type="şühūdu'l-hāl">
					<p>
						<lb/>
						Şühūdu'l-hāl
						<lb/>
						Fazıllāh Ağa ...
						<lb/>
						KOTMİÇ Sālih ʿAlemdār
						<lb/>
						Şeyh MʿFUVzāde Mollā Mehmed
						<lb/>
						ʿAbdüllāh ʿAlemdār HAYZULLAH
						<lb/>
						... Beşe ...
						<lb/>
						Mollā Sālih ... Ağa
						<lb/>
						Mustafa Beşe ...
						<lb/>
						ve gayrihim
					</p>
				</div2>
			</div1>
			<div1 facs="#zone_sr4_x1n_2kb" type="summary_Croatian">
				<p>
					<lb/>
					...
					<lb/>
					Nno 11.
				</p>
			</div1>
		</body>
	</text>
</TEI>
