<?xml version="1.0" encoding="UTF-8"?>
<?xml-model href="http://www.tei-c.org/release/xml/tei/custom/schema/relaxng/tei_all.rng" type="application/xml" schematypens="http://relaxng.org/ns/structure/1.0"?>
<?xml-model href="http://www.tei-c.org/release/xml/tei/custom/schema/relaxng/tei_all.rng" type="application/xml"
	schematypens="http://purl.oclc.org/dsdl/schematron"?>
<TEI xmlns="http://www.tei-c.org/ns/1.0">
	<teiHeader>
		<fileDesc>
			<titleStmt>
				<title>Tursko3-203</title>
			</titleStmt>
			<publicationStmt>
				<p>Publication Information</p>
			</publicationStmt>
			<notesStmt>
				<note type="summary">非ムスリムが保有するミーリー地内の夏営地çayırの保有権・徴税権を、修道院長ならびに修道士たちに売却・譲渡することの承認。</note>
				<note type="mine">☆文字も文法も整っており、かつ、非ムスリムの保有するミーリー地内の夏営地の売却・譲渡案件とのことで、(Sekulić 2019)の案件と比較検討するのに非常に良さそうな文書である。</note>
			</notesStmt>
			<sourceDesc>
				<p/>
			</sourceDesc>
		</fileDesc>
		<xenoData>{ "saji:aspectRatioType": [ "B" ], "saji:fond": [ "Tursko 3" ] }</xenoData>
	</teiHeader>
	<facsimile>
		<surface>
			<graphic url="../../../Tursko%203/DSCN8989.JPG"/>
			<zone ulx="231" uly="231" lrx="646" lry="451" xml:id="zone_anl_pxx_wkb"/>
			<zone ulx="2207" uly="2207" lrx="2221" lry="2960" xml:id="zone_ljj_qxx_wkb"/>
		</surface>
		<surface>
			<graphic url="../../../Day%207/IMG_0029.JPG"/>
		</surface>
		<surface>
			<graphic url="../../../Day%207/IMG_0030.JPG"/>
		</surface>
		<surface>
			<graphic url="../../../Tursko%203/DSCN8990.JPG"/>
			<zone ulx="241" uly="241" lrx="2333" lry="3041" xml:id="zone_l42_sxx_wkb"/>
			<zone ulx="2513" uly="2513" lrx="552" lry="2835" xml:id="zone_w4j_txx_wkb"/>
		</surface>
	</facsimile>
	<text>
		<body>
			<div1 facs="#zone_l42_sxx_wkb" next="#zone_ljj_qxx_wkb" type="EMIN">
				<p>
					<lb/>
					Hüve
					<lb/>
					Vech-i tahrīr-i hurūf budur ki
					<lb/>
					işbu					<date type="created" when="1810-02-03" when-custom="1224">bin iki yüz yiğirmi dört senesinin</date>
					 der ʿuhde ve iltizāmımızda bulunan
					<lb/>
					Kirşevo mukātaʿası kurālarından DAREVİÇE karyesi hudūd dāhilinde arāzī-i
					<lb/>
					mīrīye mutasarrıf olan zimmī Peter KRAKİÇ veled-i Nikola karye-i merkūmda arāzī-i
					<lb/>
					mezkūrenin tasarrıfında bulunan bir kıtʿa çayır bir taraf BUBU çayır ve taraf-ı sānī
					<lb/>
					ve sālis müşteri rāhiblerin(?) çayırı ve taraf-ı rābiʿ ormanlık ile mahdūd
					<lb/>
					ve muhtāz olan BA'UŞBİÇ çayır demekle maʿrūf işbu dārende-i hurūf
					<lb/>
					hurūf(sic) gardiyān ve sā'ir rāhiblere resmiyle seksen sekiz esedī(?) guruş
					<lb/>
					bedel mukābelesinde beyʿ katʿiyle beyʿ ve hakk-ı tasarrıfın ferāğat etmekle biz dahi
					<lb/>
					me'mūrumuz hasebiye beyʿ ... tecvīz ve ferāğ-ı mezkūri tafvīz
					<lb/>
					edüb mā-dām ki taraf-ı mīrīye ʿāid ola ʿaşār-ı şerʿiye ve rüsūmāt-ı sā'ire-
					<lb/>
					sin edā ve teslīm eyledikten sonra tarafımızdan ve taraf-ı āhardan zabt ve tasarrıfına(?)
					<lb/>
					kimesne māniʿ olmaya ve'l-selām
				</p>
				<div2 facs="#zone_w4j_txx_wkb" type="sign">
					<p>
						<lb/>
						...
						<lb/>
						Emīn Mehmed
						<lb/>
						Kirşevo
						<lb/>
						Emīn
					</p>
					<div3 facs="#zone_anl_pxx_wkb" type="stamp">
						<p>
							<lb/>
							...
							<lb/>
						</p>
					</div3>
				</div2>
				<div2 type="şühūdu'l-hāl">
					<p>
						<lb/>
						Şühūdu'l-hāl
						<lb/>
						DUĞLİzāde Dervīş Beğ ʿan BRUZUR
						<lb/>
						SLAİÇİ Hasan Beşe
						<lb/>
						Dervīş Ağa SLAİÇİ Dāmāt
						<lb/>
						KAVGİÇ Sālih ʿAlemdār
						<lb/>
						Zimmī ÇİKR Mato
						<lb/>
						Zimmī BUDA Peter
						<lb/>
						Zimmī JAPU
					</p>
				</div2>
			</div1>
			<div1 facs="#zone_ljj_qxx_wkb" type="summary_Croatian">
				<p>
					<lb/>
					...
					<lb/>
					koje kupo manajir(?) od ...
					<lb/>
					...					<lb/>
					na ...					<date type="summary_Croatian" when="1810">1810</date>
					.
				</p>
			</div1>
		</body>
	</text>
</TEI>
