<?xml version="1.0" encoding="UTF-8"?>
<?xml-model href="http://www.tei-c.org/release/xml/tei/custom/schema/relaxng/tei_all.rng" type="application/xml" schematypens="http://relaxng.org/ns/structure/1.0"?>
<?xml-model href="http://www.tei-c.org/release/xml/tei/custom/schema/relaxng/tei_all.rng" type="application/xml"
	schematypens="http://purl.oclc.org/dsdl/schematron"?>
<TEI xmlns="http://www.tei-c.org/ns/1.0">
	<teiHeader>
		<fileDesc>
			<titleStmt>
				<title>Tursko1-022</title>
			</titleStmt>
			<publicationStmt>
				<p>Publication Information</p>
			</publicationStmt>
			<notesStmt>
				<note type="mine">日付について、クロアチア語要約は1273年と断定しているが、本文は1272年にも見える。要検討。</note>
			</notesStmt>
			<sourceDesc>
				<p/>
			</sourceDesc>
		</fileDesc>
		<xenoData>{ "saji:aspectRatioType": [ "D" ], "saji:calligraphy": [ "Rıkʿa" ], "saji:date_H": [
          "1273-M-27" ], "saji:date_M": [ "1856-09-27" ], "saji:foldingMethod": [ "4x2" ],
          "saji:fond": [ "Tursko 1" ], "saji:huve": [ "1" ], "saji:item": [
          "・hüve\r\n・宛先？\r\n・本文\r\n・日付\r\n・オスマン朝スタンプ" ], "saji:lang": [ "ota" ], "saji:lineage": [
          "7" ], "saji:number": [ "72" ], "saji:relationWithAnotherItems": [ "表全体像" ],
          "saji:stamp_c": [ "0" ], "saji:stamp_o": [ "1" ], "saji:transcription": [ "... budur ki"
          ], "saji:witness": [ "0" ] }</xenoData>
	</teiHeader>
	<facsimile>
		<surface>
			<graphic url="../../../Tursko%201/DSCN0949.JPG"/>
			<zone ulx="150" uly="150" lrx="2019" lry="1937" xml:id="zone_h1h_bdz_y3b"/>
			<zone ulx="1759" uly="1759" lrx="721" lry="1900" xml:id="zone_gcq_cdz_y3b"/>
		</surface>
		<surface>
			<graphic url="../../../Day%201/IMG_0176.JPG"/>
		</surface>
		<surface>
			<graphic url="../../../Day%201/IMG_0179.JPG"/>
		</surface>
		<surface>
			<graphic url="../../../Tursko%201/DSCN0950.JPG"/>
			<zone ulx="166" uly="166" lrx="2467" lry="1977" xml:id="zone_tnj_2dz_y3b"/>
		</surface>
	</facsimile>
	<text>
		<body>
			<div1 facs="#zone_h1h_bdz_y3b" type="unknown">
				<l>
					... fī					<date cert="low" type="created" when="1855-10-08" when-custom="1272-01-27">27 Muharrem sene 72</date>
				</l>
				<div3 facs="#zone_gcq_cdz_y3b" type="stamp"/>
			</div1>
			<div1 facs="#zone_tnj_2dz_y3b" type="summary_Croatian">
				<l>... 1856 ...1628</l>
				<l>1267 ... 1273 </l>
			</div1>
		</body>
	</text>
</TEI>
