<?xml version="1.0" encoding="UTF-8"?>
<?xml-model href="http://www.tei-c.org/release/xml/tei/custom/schema/relaxng/tei_all.rng" type="application/xml" schematypens="http://relaxng.org/ns/structure/1.0"?>
<?xml-model href="http://www.tei-c.org/release/xml/tei/custom/schema/relaxng/tei_all.rng" type="application/xml"
	schematypens="http://purl.oclc.org/dsdl/schematron"?>
<TEI xmlns="http://www.tei-c.org/ns/1.0">
	<teiHeader>
		<fileDesc>
			<titleStmt>
				<title>Tursko1-112</title>
			</titleStmt>
			<publicationStmt>
				<p>Publication Information</p>
			</publicationStmt>
			<notesStmt>
				<note type="mine">内容は裁判内容の報告なのでiʿlāmに近いが、様式は、紙を横幅いっぱいに使い、日付がなく、スタンプが表面（通常は裏面に天地逆さ）に押されていることからiʿlāmとは言えない。</note>
				<note type="mine">【要】‘arżとよばれる様式のものか?要確認。</note>
			</notesStmt>
			<sourceDesc>
				<p/>
			</sourceDesc>
		</fileDesc>
		<xenoData>{ "saji:aspectRatioType": [ "D" ], "saji:fond": [ "Tursko 1" ], "saji:memo": [ "典型" ],
          "saji:type": [ "‘arż(?)" ] }</xenoData>
	</teiHeader>
	<facsimile>
		<surface>
			<graphic url="../../../Tursko%201/DSCN1797.JPG"/>
			<zone ulx="0" uly="0" lrx="2085" lry="2523" xml:id="zone_dwd_zz3_cjb"/>
		</surface>
		<surface>
			<graphic url="../../../Day%203/IMG_0066.JPG"/>
		</surface>
		<surface>
			<graphic url="../../../Day%203/IMG_0067.JPG"/>
		</surface>
		<surface>
			<graphic url="../../../Tursko%201/DSCN1798.JPG"/>
			<zone ulx="1497" uly="1497" lrx="864" lry="1772" xml:id="zone_fgh_b1j_cjb"/>
			<zone ulx="1592" uly="1592" lrx="855" lry="1768" xml:id="zone_vbt_b1j_cjb"/>
		</surface>
		<surface>
			<graphic url="../../../Tursko%201/DSCN1799.JPG"/>
			<zone ulx="227" uly="227" lrx="2528" lry="2205" xml:id="zone_ehg_d1j_cjb"/>
		</surface>
	</facsimile>
	<text>
		<body>
			<div1 facs="#zone_dwd_zz3_cjb" type="unknown">
				<p>
					<lb/>
					...
					<lb/>
				</p>
				<div2 facs="#zone_fgh_b1j_cjb" type="sign">
					<p>
						<lb/>
						...
						<lb/>
					</p>
					<div3 facs="#zone_vbt_b1j_cjb" type="stamp">
						<p>
							<lb/>
							...
							<lb/>
						</p>
					</div3>
				</div2>
			</div1>
			<div1 facs="#zone_ehg_d1j_cjb" type="summary_Croatian">
				<p>
					<lb/>
					...
					<lb/>
				</p>
			</div1>
		</body>
	</text>
</TEI>
