<?xml version="1.0" encoding="UTF-8"?>
<?xml-model href="http://www.tei-c.org/release/xml/tei/custom/schema/relaxng/tei_all.rng" type="application/xml" schematypens="http://relaxng.org/ns/structure/1.0"?>
<?xml-model href="http://www.tei-c.org/release/xml/tei/custom/schema/relaxng/tei_all.rng" type="application/xml"
	schematypens="http://purl.oclc.org/dsdl/schematron"?>
<TEI xmlns="http://www.tei-c.org/ns/1.0">
	<teiHeader>
		<fileDesc>
			<titleStmt>
				<title>Tursko3-236</title>
			</titleStmt>
			<publicationStmt>
				<p>Publication Information</p>
			</publicationStmt>
			<sourceDesc>
				<p/>
			</sourceDesc>
		</fileDesc>
		<xenoData>{ "saji:aspectRatioType": [ "F" ], "saji:fond": [ "Tursko 3" ] }</xenoData>
	</teiHeader>
	<facsimile>
		<surface>
			<graphic url="../../../Tursko%203/DSCN0401.JPG"/>
			<zone ulx="608" uly="608" lrx="2258" lry="3041" xml:id="zone_acn_vh3_qkb"/>
			<zone ulx="2103" uly="2103" lrx="1440" lry="2996" xml:id="zone_l2d_xh3_qkb"/>
			<zone ulx="2455" uly="2455" lrx="1429" lry="2981" xml:id="zone_bq5_xh3_qkb"/>
		</surface>
		<surface>
			<graphic url="../../../Day%207/IMG_0108.JPG"/>
		</surface>
		<surface>
			<graphic url="../../../Day%207/IMG_0109.JPG"/>
		</surface>
	</facsimile>
	<text>
		<body>
			<div1 facs="#zone_acn_vh3_qkb" subtype="cizye_ödeme" type="makbūz">
				<p>
					<lb/>
					... fī					<date cert="low" type="created" when="1842-02-10" when-custom="1257">... sene 57</date>
					<lb/>
				</p>
				<div2 facs="#zone_l2d_xh3_qkb" type="sign">
					<p>
						<lb/>
						Bende ... Ahmad
						<lb/>
					</p>
					<div3 facs="#zone_bq5_xh3_qkb" type="stamp">
						<p>
							<lb/>
							<lb/>
						</p>
					</div3>
				</div2>
			</div1>
		</body>
	</text>
</TEI>
