<?xml version="1.0" encoding="UTF-8"?>
<?xml-model href="http://www.tei-c.org/release/xml/tei/custom/schema/relaxng/tei_all.rng" type="application/xml" schematypens="http://relaxng.org/ns/structure/1.0"?>
<?xml-model href="http://www.tei-c.org/release/xml/tei/custom/schema/relaxng/tei_all.rng" type="application/xml"
	schematypens="http://purl.oclc.org/dsdl/schematron"?>
<TEI xmlns="http://www.tei-c.org/ns/1.0">
	<teiHeader>
		<fileDesc>
			<titleStmt>
				<title>Tursko3-038</title>
			</titleStmt>
			<publicationStmt>
				<p>Publication Information</p>
			</publicationStmt>
			<sourceDesc>
				<p/>
			</sourceDesc>
		</fileDesc>
		<xenoData>{ "saji:aspectRatioType": [ "B" ], "saji:fond": [ "Tursko 3" ] }</xenoData>
	</teiHeader>
	<facsimile>
		<surface>
			<graphic url="../../../Tursko%203/DSCN9283.JPG"/>
			<zone ulx="2186" uly="2186" lrx="2542" lry="2479" xml:id="zone_jmc_vtv_nlb"/>
			<zone ulx="686" uly="686" lrx="2650" lry="2007" xml:id="zone_xws_c5v_nlb"/>
		</surface>
		<surface>
			<graphic url="../../../Day%205/IMG_0090.JPG"/>
		</surface>
		<surface>
			<graphic url="../../../Day%205/IMG_0091.JPG"/>
		</surface>
		<surface>
			<graphic url="../../../Tursko%203/DSCN9284.JPG"/>
			<zone ulx="435" uly="435" lrx="2228" lry="2485" xml:id="zone_kl3_25v_nlb"/>
			<zone ulx="1795" uly="1795" lrx="723" lry="2186" xml:id="zone_fr3_f5v_nlb"/>
		</surface>
	</facsimile>
	<text>
		<body>
			<div1 facs="#zone_kl3_25v_nlb" next="#zone_xws_c5v_nlb" subtype="tapu" type="EMIN">
				<p>
					<lb/>
					işbu					<date when="1820-10-06" when-custom="1235">bin iki yüz otuz beş senedinde</date>
					 der ...
					<lb/>
					... fī					<date type="created" when="1820-10-06" when-custom="1235">sene 1235</date>
				</p>
				<div2 facs="#zone_fr3_f5v_nlb" type="sign">
					<p>
						<lb/>
						...
						<lb/>
					</p>
					<div3 facs="#zone_jmc_vtv_nlb" type="stamp_sūret">
						<p>
							<lb/>
							...
							<lb/>
						</p>
					</div3>
				</div2>
				<div2 type="şühūdu’l-hāl">
					<p>
						<lb/>
						...
						<lb/>
					</p>
				</div2>
			</div1>
			<div1 facs="#zone_xws_c5v_nlb" type="sumamry_Croatian">
				<p>
					<lb/>
					...					<date type="summary_Croatian" when="1820">1820</date>
					 - za 1600. -					<date type="summary_Croatian" when="1820-10-06" when-custom="1235">1235</date>
					.
					<lb/>
				</p>
			</div1>
		</body>
	</text>
</TEI>
