<?xml version="1.0" encoding="UTF-8"?>
<?xml-model href="http://www.tei-c.org/release/xml/tei/custom/schema/relaxng/tei_all.rng" type="application/xml" schematypens="http://relaxng.org/ns/structure/1.0"?>
<?xml-model href="http://www.tei-c.org/release/xml/tei/custom/schema/relaxng/tei_all.rng" type="application/xml"
	schematypens="http://purl.oclc.org/dsdl/schematron"?>
<TEI xmlns="http://www.tei-c.org/ns/1.0">
	<teiHeader>
		<fileDesc>
			<titleStmt>
				<title>Tursko3-078</title>
			</titleStmt>
			<publicationStmt>
				<p>Publication Information</p>
			</publicationStmt>
			<sourceDesc>
				<p/>
			</sourceDesc>
		</fileDesc>
		<xenoData>{ "saji:aspectRatioType": [ "B" ], "saji:fond": [ "Tursko 3" ] }</xenoData>
	</teiHeader>
	<facsimile>
		<surface>
			<graphic url="../../../Tursko%203/DSCN9353.JPG"/>
			<zone ulx="1196" uly="1196" lrx="2426" lry="1488" xml:id="zone_pm4_lx1_zlb"/>
		</surface>
		<surface>
			<graphic url="../../../Day%205/IMG_0178.JPG"/>
		</surface>
		<surface>
			<graphic url="../../../Day%205/IMG_0179.JPG"/>
		</surface>
		<surface>
			<graphic url="../../../Tursko%203/DSCN9354.JPG"/>
			<zone ulx="1017" uly="1017" lrx="2035" lry="2747" xml:id="zone_jdn_4x1_zlb"/>
			<zone ulx="2257" uly="2257" lrx="573" lry="2710" xml:id="zone_mnd_qx1_zlb"/>
		</surface>
	</facsimile>
	<text>
		<body>
			<div1 facs="#zone_jdn_4x1_zlb" next="#zone_pm4_lx1_zlb" subtype="temessük" type="EMIN">
				<p>
					<lb/>
					...					<date type="created" when="1804-04-09" when-custom="1218">sene 1218</date>
					<lb/>
				</p>
				<div2 facs="#zone_mnd_qx1_zlb" type="sign">
					<p>
						<lb/>
						...
						<lb/>
					</p>
				</div2>
			</div1>
			<div1 facs="#zone_pm4_lx1_zlb" type="summary_Croatian">
				<p>
					<lb/>
					...					<date type="summary_Croatian" when="1805">1805</date>
					.
					<lb/>
				</p>
			</div1>
		</body>
	</text>
</TEI>
