<?xml version="1.0" encoding="UTF-8"?>
<?xml-model href="http://www.tei-c.org/release/xml/tei/custom/schema/relaxng/tei_all.rng" type="application/xml" schematypens="http://relaxng.org/ns/structure/1.0"?>
<?xml-model href="http://www.tei-c.org/release/xml/tei/custom/schema/relaxng/tei_all.rng" type="application/xml"
	schematypens="http://purl.oclc.org/dsdl/schematron"?>
<TEI xmlns="http://www.tei-c.org/ns/1.0">
	<teiHeader>
		<fileDesc>
			<titleStmt>
				<title>Tursko1-114</title>
			</titleStmt>
			<publicationStmt>
				<p>Publication Information</p>
			</publicationStmt>
			<notesStmt>
				<note type="mine">【要】日付：本文中のすべての日付を作成日(type="created")としてマークアップしているが、どれが作成日なのか要確認。</note>
			</notesStmt>
			<sourceDesc>
				<p/>
			</sourceDesc>
		</fileDesc>
		<xenoData>{ "saji:aspectRatioType": [ "C" ], "saji:fond": [ "Tursko 1" ], "saji:memo": [ "典型" ] }</xenoData>
	</teiHeader>
	<facsimile>
		<surface>
			<graphic url="../../../Tursko%201/DSCN1802.JPG"/>
			<zone ulx="220" uly="220" lrx="2186" lry="2180" xml:id="zone_umy_fdj_cjb"/>
			<zone ulx="1548" uly="1548" lrx="667" lry="1715" xml:id="zone_rxy_hdj_cjb"/>
		</surface>
		<surface>
			<graphic url="../../../Day%203/IMG_0070.JPG"/>
		</surface>
		<surface>
			<graphic url="../../../Day%203/IMG_0071.JPG"/>
		</surface>
		<surface>
			<graphic url="../../../Tursko%201/DSCN1803.JPG"/>
		</surface>
	</facsimile>
	<text>
		<body>
			<div1 facs="#zone_umy_fdj_cjb" type="şükka">
				<p>
					<lb/>
					... fī					<date type="created" when="1874-01-04" when-custom="1290-11-16">16 Zi'l-kaʿade sene 290</date>
					 ve fī					<date type="created" when="1873-02-21" when-custom="1289--24">24 ... sene 289</date>
					<lb/>
					<lb/>
					fī					<date type="created" when="1873-01-30" when-custom="1289--02">2 ... sene 89</date>
					...
					<lb/>
				</p>
				<div3 facs="#zone_rxy_hdj_cjb" type="stamp">
					<p>
						<lb/>
						... fī						<lb/>
					</p>
				</div3>
			</div1>
		</body>
	</text>
</TEI>
