<?xml version="1.0" encoding="UTF-8"?>
<?xml-model href="http://www.tei-c.org/release/xml/tei/custom/schema/relaxng/tei_all.rng" type="application/xml" schematypens="http://relaxng.org/ns/structure/1.0"?>
<?xml-model href="http://www.tei-c.org/release/xml/tei/custom/schema/relaxng/tei_all.rng" type="application/xml"
	schematypens="http://purl.oclc.org/dsdl/schematron"?>
<TEI xmlns="http://www.tei-c.org/ns/1.0">
	<teiHeader>
		<fileDesc>
			<titleStmt>
				<title>Tursko1-172</title>
			</titleStmt>
			<publicationStmt>
				<p>Publication Information</p>
			</publicationStmt>
			<notesStmt>
				<note type="mine">【要】日付：27日？sabʿに見えないので要確認。</note>
			</notesStmt>
			<sourceDesc>
				<p/>
			</sourceDesc>
		</fileDesc>
		<xenoData>{ "saji:aspectRatioType": [ "A" ], "saji:fond": [ "Tursko 1" ] }</xenoData>
	</teiHeader>
	<facsimile>
		<surface>
			<graphic url="../../../Tursko%201/DSCN1967.JPG"/>
			<zone ulx="308" uly="308" lrx="1483" lry="2941" xml:id="zone_ej1_h1z_djb"/>
			<zone ulx="441" uly="441" lrx="1404" lry="862" xml:id="zone_s41_31z_djb"/>
			<zone ulx="744" uly="744" lrx="1297" lry="854" xml:id="zone_onp_31z_djb"/>
			<zone ulx="335" uly="335" lrx="1022" lry="900" xml:id="zone_xvc_j1z_djb"/>
			<zone ulx="720" uly="720" lrx="927" lry="883" xml:id="zone_cgt_j1z_djb"/>
		</surface>
		<surface>
			<graphic url="../../../Day%204/IMG_0050.JPG"/>
		</surface>
		<surface>
			<graphic url="../../../Day%204/IMG_0051.JPG"/>
		</surface>
		<surface>
			<graphic url="../../../Tursko%201/DSCN1968.JPG"/>
			<zone ulx="972" uly="972" lrx="2989" lry="1288" xml:id="zone_klz_k1z_djb"/>
		</surface>
	</facsimile>
	<text>
		<body>
			<div1 facs="#zone_ej1_h1z_djb" type="hüccet">
				<p>
					<lb/>
					...					<date cert="low" type="created" when="1767-11-19" when-custom="1181-06-27">
						fi'l-yevmi'l-sābiʿ ʿaşrīn
						<lb/>
						<lb/>
						şehr Cemaziye'l-āhir sene ahadī ve semānīn ve mie ve elif
					</date>
					<lb/>
				</p>
				<div2 facs="#zone_s41_31z_djb" type="sign">
					<p>
						<lb/>
						...
						<lb/>
					</p>
					<div3 facs="#zone_onp_31z_djb" type="stamp">
						<p>
							<lb/>
							...
							<lb/>
						</p>
					</div3>
				</div2>
				<div2 facs="#zone_xvc_j1z_djb" type="sign">
					<p>
						<lb/>
						...
						<lb/>
					</p>
					<div3 facs="#zone_cgt_j1z_djb" type="stamp">
						<p>
							<lb/>
							...
							<lb/>
						</p>
					</div3>
				</div2>
			</div1>
			<div1 facs="#zone_klz_k1z_djb" type="summary_Croatian">
				<p>
					<lb/>
					...					<date type="summary_Croatian" when="1767">1767</date>
					<lb/>
				</p>
			</div1>
		</body>
	</text>
</TEI>
