<?xml version="1.0" encoding="UTF-8"?>
<?xml-model href="http://www.tei-c.org/release/xml/tei/custom/schema/relaxng/tei_all.rng" type="application/xml" schematypens="http://relaxng.org/ns/structure/1.0"?>
<?xml-model href="http://www.tei-c.org/release/xml/tei/custom/schema/relaxng/tei_all.rng" type="application/xml"
	schematypens="http://purl.oclc.org/dsdl/schematron"?>
<TEI xmlns="http://www.tei-c.org/ns/1.0">
	<teiHeader>
		<fileDesc>
			<titleStmt>
				<title>Tursko3-224</title>
			</titleStmt>
			<publicationStmt>
				<p>Publication Information</p>
			</publicationStmt>
			<notesStmt>
				<note type="summary">ムスリムの保有する耕作地の、修道院長に対する売却の承認</note>
			</notesStmt>
			<sourceDesc>
				<p/>
			</sourceDesc>
		</fileDesc>
		<xenoData>{ "saji:aspectRatioType": [ "B" ], "saji:fond": [ "Tursko 3" ] }</xenoData>
	</teiHeader>
	<facsimile>
		<surface>
			<graphic url="../../../Tursko%203/DSCN0379.JPG"/>
			<zone ulx="169" uly="169" lrx="2154" lry="2776" xml:id="zone_hky_z3f_pkb"/>
			<zone ulx="2234" uly="2234" lrx="588" lry="2715" xml:id="zone_ypm_bjf_pkb"/>
		</surface>
		<surface>
			<graphic url="../../../Day%207/IMG_0080.JPG"/>
		</surface>
		<surface>
			<graphic url="../../../Day%207/IMG_0081.JPG"/>
		</surface>
		<surface>
			<graphic url="../../../Tursko%203/DSCN0380.JPG"/>
			<zone ulx="779" uly="779" lrx="891" lry="1016" xml:id="zone_vqk_djf_pkb"/>
			<zone ulx="2207" uly="2207" lrx="2307" lry="2864" xml:id="zone_mps_2jf_pkb"/>
		</surface>
	</facsimile>
	<text>
		<body>
			<div1 facs="#zone_hky_z3f_pkb" next="#zone_mps_2jf_pkb" type="EMIN_zabt_tezkire_sūret">
				<p>
					<lb/>
					Hüve
					<lb/>
					Vech-i tahrīr-i hurūf oldur ki
					<lb/>
					işbu					<date when-custom="1260">bin iki yüz altmış senesinde</date>
					 der ʿuhde ve iltizāmımızda bulunan Kirşevo mukātaʿsında
					<lb/>
					MRATININ cemāʿatında RASNK hudūd dāhilinde bir kıtʿa tarla BUCRKULA demekle
					<lb/>
					bir taraf CAHİRoğlu tarlası ve taraf-ı sānī müezzin(?) Mollā Mustafa tarlası ve taraf-ı sālis ve rābiʿ tarīk-i
					<lb/>
					ʿām ile mahdūd mümtāz olub Kirşevo kasabasında(?) müslimīn cemāʿatında BRNİÇoğlu Sālih mutasarrıf
					<lb/>
					eyledüğü işbu dārende-i hurūf Kirşevo dervīş kilisada gardiyān nām-ı mesfūre resmiyle
					<lb/>
					dört yüz yetmiş guruş bedel ve semen mukābelesinde beyʿ-i bāt katʿiyle beyʿ edüb
					<lb/>
					ol dahi kabūl biz dahi mukātaʿa emīni bulunduğumuz hasebiyle zimmī gardiyāna
					<lb/>
					tafvīz ve yedine işbu zabt-ı tezkire virildi tarafımızda ve taraf-ı āhardan bir kimesne māniʿ
					<lb/>
					ve müdāhale olunmaya fī					<date type="created" when="1844-08-03" when-custom="1260-07-19">19 Receb sene 260</date>
				</p>
				<div2 facs="#zone_ypm_bjf_pkb" type="sign">
					<p>
						<lb/>
						El-me'mūr bi'l-memhūr
						<lb/>
						Mehmed Emīn-i Mukā-
						<lb/>
						taʿa Kirşevo
						<lb/>
						Hālā
						<lb/>
						M
					</p>
					<div3 facs="#zone_vqk_djf_pkb" type="stamp_sūret">
						<p>
							<lb/>
							...
							<lb/>
							Mehmed
						</p>
					</div3>
				</div2>
				<div2 type="şühūdu'l-hāl">
					<p>
						<lb/>
						Şühūdu'l-hāl
						<lb/>
						KNĞİzāde Ahmad ʿAlemdār
						<lb/>
						Mevlānā Mollā Mehmed ʿan Kirşevo
						<lb/>
						CHRoğlu Mustafa ʿAlemdār
						<lb/>
						BİENİÇ Mollā İbrāhīm
						<lb/>
						Mü'ezzin Mollā Mustafa Kirşevo
					</p>
				</div2>
				<div2 type="note">
					<p>
						<lb/>
						Tekâlif-i iki ...
					</p>
				</div2>
			</div1>
			<div1 facs="#zone_mps_2jf_pkb" type="summary_Croatian">
				<p>
					<lb/>
					Tapija na ...
					<lb/>
					od ,,, gr. 500.					<date type="summary_Croatian" when="1844">1844</date>
					.
					<lb/>
					Nno 12.
				</p>
			</div1>
		</body>
	</text>
</TEI>
