<?xml version="1.0" encoding="UTF-8"?>
<?xml-model href="http://www.tei-c.org/release/xml/tei/custom/schema/relaxng/tei_all.rng" type="application/xml" schematypens="http://relaxng.org/ns/structure/1.0"?>
<?xml-model href="http://www.tei-c.org/release/xml/tei/custom/schema/relaxng/tei_all.rng" type="application/xml"
	schematypens="http://purl.oclc.org/dsdl/schematron"?>
<TEI xmlns="http://www.tei-c.org/ns/1.0">
	<teiHeader>
		<fileDesc>
			<titleStmt>
				<title>Tursko2-001</title>
			</titleStmt>
			<publicationStmt>
				<p>Publication Information</p>
			</publicationStmt>
			<sourceDesc>
				<p/>
			</sourceDesc>
		</fileDesc>
		<xenoData>{ "saji:aspectRatioType": [ "C" ], "saji:fond": [ "Tursko 2" ], "saji:memo": [ "典型" ]
               }</xenoData>
	</teiHeader>
	<facsimile>
		<surface>
			<graphic url="../../../Tursko%202/DSCN8914.JPG"/>
			<zone ulx="81" uly="81" lrx="1927" lry="2990" xml:id="zone_nsd_dfz_djb"/>
			<zone ulx="2817" uly="2817" lrx="1071" lry="2957" xml:id="zone_ngc_ffz_djb"/>
		</surface>
		<surface>
			<graphic url="../../../Day%204/IMG_0129.JPG"/>
		</surface>
		<surface>
			<graphic url="../../../Day%204/IMG_0130.JPG"/>
		</surface>
		<surface>
			<graphic url="../../../Day%204/IMG_0131.JPG"/>
		</surface>
		<surface>
			<graphic url="../../../Day%204/IMG_0133.JPG"/>
		</surface>
		<surface>
			<graphic url="../../../Day%204/IMG_0134.JPG"/>
		</surface>
		<surface>
			<graphic url="../../../Day%204/IMG_0135.JPG"/>
		</surface>
		<surface>
			<graphic url="../../../Day%204/IMG_0136.JPG"/>
		</surface>
		<surface>
			<graphic url="../../../Tursko%202/DSCN8915.JPG"/>
			<zone ulx="800" uly="800" lrx="3034" lry="1516" xml:id="zone_qn4_gfz_djb"/>
		</surface>
		<surface>
			<graphic url="../../../Tursko%202/DSCN8916.JPG"/>
			<zone ulx="305" uly="305" lrx="3117" lry="1638" xml:id="zone_azq_hfz_djb"/>
		</surface>
	</facsimile>
	<text>
		<body>
			<div1 facs="#zone_nsd_dfz_djb" type="fermān_sūret">
				<p>
					<lb/>
					...					<date type="created" when="1777-03-14" when-custom="1191-02-05">
						el-yevmi'l-hāmis Saferi'l-...
						<lb/>
						<lb/>
						sene ahadā ve tisʿīn ve mie ve elif
					</date>
					<lb/>
				</p>
			</div1>
			<div1 facs="#zone_qn4_gfz_djb" type="summary_Croatian">
				<p>
					<lb/>
					Darum:					<date type="summary_Croatian" when="1777-03-14" when-custom="1191-02-05">5. safer 1191</date>
					 -					<date type="summary_Croatian" when="1777-02-13">13. februar 1777.</date>
					<lb/>
				</p>
			</div1>
			<div1 facs="#zone_azq_hfz_djb" type="summary_Serbian">
				<p>
					<lb/>
					...
					<lb/>
				</p>
			</div1>
		</body>
	</text>
</TEI>
