<?xml version="1.0" encoding="UTF-8"?>
<?xml-model href="http://www.tei-c.org/release/xml/tei/custom/schema/relaxng/tei_all.rng" type="application/xml" schematypens="http://relaxng.org/ns/structure/1.0"?>
<?xml-model href="http://www.tei-c.org/release/xml/tei/custom/schema/relaxng/tei_all.rng" type="application/xml"
	schematypens="http://purl.oclc.org/dsdl/schematron"?>
<TEI xmlns="http://www.tei-c.org/ns/1.0">
	<teiHeader>
		<fileDesc>
			<titleStmt>
				<title>Tursko3-186</title>
			</titleStmt>
			<publicationStmt>
				<p>Publication Information</p>
			</publicationStmt>
			<notesStmt>
				<note type="summary">ムスリムが共同保有しているマーリキャーネのミーリー地を、別のムスリムに売却・譲渡することの承認文書。</note>
				<note type="mine">特に修道院は関係なさそうだが、どういう経緯でこの証文が修道院に保管されたのだろう？</note>
			</notesStmt>
			<sourceDesc>
				<p/>
			</sourceDesc>
		</fileDesc>
		<xenoData>{ "saji:aspectRatioType": [ "B" ], "saji:fond": [ "Tursko 3" ] }</xenoData>
	</teiHeader>
	<facsimile>
		<surface>
			<graphic url="../../../Tursko%203/DSCN9034.JPG"/>
			<zone ulx="2172" uly="2172" lrx="295" lry="2433" xml:id="zone_nzs_yhp_xkb"/>
			<zone ulx="649" uly="649" lrx="2282" lry="1589" xml:id="zone_uzs_zhp_xkb"/>
		</surface>
		<surface>
			<graphic url="../../../Day%206/IMG_0212.JPG"/>
		</surface>
		<surface>
			<graphic url="../../../Day%206/IMG_0213.JPG"/>
		</surface>
		<surface>
			<graphic url="../../../Tursko%203/DSCN9035.JPG"/>
			<zone ulx="1050" uly="1050" lrx="2400" lry="3125" xml:id="zone_gt2_b3p_xkb"/>
			<zone ulx="2291" uly="2291" lrx="658" lry="2667" xml:id="zone_x3k_c3p_xkb"/>
		</surface>
	</facsimile>
	<text>
		<body>
			<div1 facs="#zone_gt2_b3p_xkb" next="#zone_uzs_zhp_xkb" type="EMIN">
				<p>
					<lb/>
					Vech-i tahrīr-i hurūf oldur ki
					<lb/>
					bā-berāt-ı şerīf-i ʿālīşān ile ber vech-i iştirāk mālikâne mutasarrıf olduğumuz					<placeName>JIBÇE</placeName>
					 nāhiyesinde tābiʿ
					<lb/>
					<placeName>PNKACDA</placeName>
					 mahallesinden					<placeName>SU'NE</placeName>
					 mahallesi hudūd dāhilinde arāzī-i mīrīye mutasarrıf eyledüğü					<persName>
						Abdüllāh
						<lb/>
						bin ʿAbdülMUMA
					</persName>
					 ve					<persName>ʿOsman bin Hasan</persName>
					 nāmān kimesneler ... olub ...
					<lb/>
					... taht-ı tasarrıflarında(?) olan arāzī-i mezkūrī ... hālā ve ... kalmakile erbāb-ı ...
					<lb/>
					olub ... oğlu					<persName>İsmāīl bin Mehmed</persName>
					 nām kimesne tapuya ... olub biz dahi kānūn ...
					<lb/>
					üzere merkūm İsmāīl zikl olunan arāzī-i mezkūri ÖRÜsüyla korusuyla ve bāğ bağçesiyle ve āsiyāb-ı hāssasıyla(?)
					<lb/>
					demekle işbu dārende-i hurūf					<placeName>PLNKA</placeName>
					 cedīd sükkânından					<persName>Dizdāroğlu SLAİSİ</persName>
					 nām kimesne iki yüz elli
					<lb/>
					guruş mukābelesinde beyʿ-i bāt katʿiyle beyʿ ve hakk-ı tasarrıfīn(?) ferāğat ... edüb biz dahi hasebi'l-...
					<lb/>
					tecvīz görüb ve resmini(?) ahz işbu hurūf tahrīr ve merkūmun(?) yedine ... ve iʿtā kulundu(?) mā-dām ki sāl be-sāl üzerine(?)
					<lb/>
					ʿāit olan resm ... me'mūr baʿde'l-edā tasarrıfına izin ve taraf-ı āhardan(?)
					<lb/>
					bir kimesne ... olunmaya fī					<date type="created" when="1820-10-02" when-custom="1235-12-25">25 Z sene 235</date>
				</p>
				<div2 facs="#zone_x3k_c3p_xkb" type="sign">
					<p>
						<lb/>
						...
						<lb/>
						...
						<lb/>
						Hasan(?)
						<lb/>
						Me'mūr
						<lb/>
						M					</p>
					<div3 facs="#zone_nzs_yhp_xkb" type="stamp">
						<p>
							<lb/>
							...
							<lb/>
						</p>
					</div3>
				</div2>
				<div2 type="şühūdu'l-hāl">
					<p>
						<lb/>
						Şühūdu'l-hāl
						<lb/>
						Sipāh Mustafa Beşe
						<lb/>
						Mehmed HLİLUBİÇ
						<lb/>
						ʿAbdüllā					</p>
				</div2>
			</div1>
			<div1 facs="#zone_uzs_zhp_xkb" type="summary_Croatian">
				<p>
					<lb/>
					...
					<lb/>
					...
					<lb/>
					...
					<lb/>
					...
					<lb/>
					<date type="summary_Croatian" when="1848">1848 Na 24</date>
					.
					<lb/>
					...
					<lb/>
					Nno. 3				</p>
			</div1>
		</body>
	</text>
</TEI>
