<?xml version="1.0" encoding="UTF-8"?>
<?xml-model href="http://www.tei-c.org/release/xml/tei/custom/schema/relaxng/tei_all.rng" type="application/xml" schematypens="http://relaxng.org/ns/structure/1.0"?>
<?xml-model href="http://www.tei-c.org/release/xml/tei/custom/schema/relaxng/tei_all.rng" type="application/xml"
	schematypens="http://purl.oclc.org/dsdl/schematron"?>
<TEI xmlns="http://www.tei-c.org/ns/1.0">
	<teiHeader>
		<fileDesc>
			<titleStmt>
				<title>Tursko1-150</title>
			</titleStmt>
			<publicationStmt>
				<p>Publication Information</p>
			</publicationStmt>
			<notesStmt>
				<note type="summary">木こりが死亡したので、keşf（検分）を求める内容。</note>
				<note type="mine">法廷とvaliから人が派遣されたために、buyurulduが付いていると思われる。</note>
			</notesStmt>
			<sourceDesc>
				<p/>
			</sourceDesc>
		</fileDesc>
		<xenoData>{ "saji:aspectRatioType": [ "A" ], "saji:fond": [ "Tursko 1" ], "saji:memo": [ "典型", ]
          }</xenoData>
	</teiHeader>
	<facsimile>
		<surface>
			<graphic url="../../../Tursko%201/DSCN1877.JPG"/>
			<zone ulx="-18" uly="-18" lrx="1518" lry="2872" xml:id="zone_vrs_42w_cjb"/>
			<zone ulx="604" uly="604" lrx="1136" lry="1066" xml:id="zone_rdp_q2w_cjb"/>
			<zone ulx="897" uly="897" lrx="1100" lry="1055" xml:id="zone_urm_r2w_cjb"/>
			<zone ulx="628" uly="628" lrx="910" lry="1069" xml:id="zone_x2g_s2w_cjb"/>
			<zone ulx="893" uly="893" lrx="910" lry="1064" xml:id="zone_fmk_t2w_cjb"/>
			<zone ulx="95" uly="95" lrx="1633" lry="720" xml:id="zone_kjd_v2w_cjb"/>
		</surface>
		<surface>
			<graphic url="../../../Day%203/IMG_0149.JPG"/>
		</surface>
		<surface>
			<graphic url="../../../Day%203/IMG_0150.JPG"/>
		</surface>
		<surface>
			<graphic url="../../../Day%204/IMG_0001.JPG"/>
		</surface>
		<surface>
			<graphic url="../../../Tursko%201/DSCN1878.JPG"/>
			<zone ulx="633" uly="633" lrx="2739" lry="1400" xml:id="zone_sks_w2w_cjb"/>
		</surface>
	</facsimile>
	<text>
		<body>
			<div1 facs="#zone_vrs_42w_cjb" type="hüccet">
				<p>
					<lb/>
					...					<date type="created" when="1823-07-09" when-custom="1238-11-01">
						fi'l-yevmi'l-hādī
						<lb/>
						<lb/>
						min şehr Zi'l-kaʿade'l-şerīfe sene semān ve sılsīn ve mieteyn ve elif
					</date>
					<lb/>
				</p>
				<div2 facs="#zone_rdp_q2w_cjb" type="sign">
					<p>
						<lb/>
						...
						<lb/>
					</p>
					<div3 facs="#zone_urm_r2w_cjb" type="stamp">
						<p>
							<lb/>
							...
							<lb/>
						</p>
					</div3>
				</div2>
				<div2 facs="#zone_x2g_s2w_cjb" type="sign">
					<p>
						<lb/>
						...
						<lb/>
					</p>
					<div3 facs="#zone_fmk_t2w_cjb" type="stamp">
						<p>
							<lb/>
							...
							<lb/>
						</p>
					</div3>
				</div2>
			</div1>
			<div1 facs="#zone_kjd_v2w_cjb" type="buyuruldu">
				<p>
					<lb/>
					buyuruldu fī					<date type="created" when="1823-07-13" when-custom="1238-11-05">5 Za sene 38</date>
					<lb/>
				</p>
			</div1>
			<div1 facs="#zone_sks_w2w_cjb" type="summary_Croatian">
				<p>
					<lb/>
					...
					<lb/>
				</p>
			</div1>
		</body>
	</text>
</TEI>
