<?xml version="1.0" encoding="UTF-8"?>
<?xml-model href="http://www.tei-c.org/release/xml/tei/custom/schema/relaxng/tei_all.rng" type="application/xml" schematypens="http://relaxng.org/ns/structure/1.0"?>
<?xml-model href="http://www.tei-c.org/release/xml/tei/custom/schema/relaxng/tei_all.rng" type="application/xml"
	schematypens="http://purl.oclc.org/dsdl/schematron"?>
<TEI xmlns="http://www.tei-c.org/ns/1.0">
	<teiHeader>
		<fileDesc>
			<titleStmt>
				<title>Tursko1-033</title>
			</titleStmt>
			<publicationStmt>
				<p>Publication Information</p>
			</publicationStmt>
			<sourceDesc>
				<p/>
			</sourceDesc>
		</fileDesc>
		<xenoData>{ "saji:aspectRatioType": [ "B" ], "saji:fond": [ "Tursko 1" ] }</xenoData>
	</teiHeader>
	<facsimile>
		<surface>
			<graphic url="../../../Tursko%201/DSCN1011.JPG"/>
			<zone ulx="190" uly="190" lrx="2291" lry="2827" xml:id="zone_hvg_4tg_z3b"/>
			<zone ulx="469" uly="469" lrx="2154" lry="815" xml:id="zone_hyp_ptg_z3b"/>
			<zone ulx="2421" uly="2421" lrx="2218" lry="3133" xml:id="zone_vhq_qtg_z3b"/>
		</surface>
		<surface>
			<graphic url="../../../Day%202/IMG_0242.JPG"/>
		</surface>
		<surface>
			<graphic url="../../../Day%202/IMG_0246.JPG"/>
		</surface>
	</facsimile>
	<text>
		<body>
			<div1 facs="#zone_hvg_4tg_z3b" type="beyāz_üzerine_buyuruldu">
				<l>
					... buyuruldu fī					<date type="created" when="1816-04-22" when-custom="1231-05-25">25 Ca 231</date>
				</l>
				<div3 facs="#zone_hyp_ptg_z3b" type="stamp"/>
			</div1>
			<div1 cert="low" facs="#zone_vhq_qtg_z3b" type="summary_Croatian"/>
		</body>
	</text>
</TEI>
