<?xml version="1.0" encoding="UTF-8"?>
<?xml-model href="http://www.tei-c.org/release/xml/tei/custom/schema/relaxng/tei_all.rng" type="application/xml" schematypens="http://relaxng.org/ns/structure/1.0"?>
<?xml-model href="http://www.tei-c.org/release/xml/tei/custom/schema/relaxng/tei_all.rng" type="application/xml"
	schematypens="http://purl.oclc.org/dsdl/schematron"?>
<TEI xmlns="http://www.tei-c.org/ns/1.0">
	<teiHeader>
		<fileDesc>
			<titleStmt>
				<title>Tursko3-168</title>
			</titleStmt>
			<publicationStmt>
				<p>Publication Information</p>
			</publicationStmt>
			<sourceDesc>
				<p/>
			</sourceDesc>
		</fileDesc>
		<xenoData>{ "saji:aspectRatioType": [ "B" ], "saji:fond": [ "Tursko 3" ] }</xenoData>
	</teiHeader>
	<facsimile>
		<surface>
			<graphic url="../../../Tursko%203/DSCN9084.JPG"/>
			<zone ulx="414" uly="414" lrx="2448" lry="980" xml:id="zone_i34_zwz_flb"/>
			<zone ulx="327" uly="327" lrx="3036" lry="1004" xml:id="zone_lrp_1xz_flb"/>
		</surface>
		<surface>
			<graphic url="../../../Day%206/IMG_0172.JPG"/>
		</surface>
		<surface>
			<graphic url="../../../Day%206/IMG_0173.JPG"/>
		</surface>
		<surface>
			<graphic url="../../../Tursko%203/DSCN9085.JPG"/>
			<zone ulx="223" uly="223" lrx="1670" lry="2900" xml:id="zone_svb_cxz_flb"/>
			<zone ulx="2609" uly="2609" lrx="629" lry="2874" xml:id="zone_p4t_dxz_flb"/>
		</surface>
	</facsimile>
	<text>
		<body>
			<div1 facs="#zone_svb_cxz_flb" type="ʿarz-ı_hāl">
				<p>
					<lb/>
					...
					<lb/>
				</p>
				<div2 facs="#zone_p4t_dxz_flb" type="sign">
					<p>
						<lb/>
						...
						<lb/>
					</p>
				</div2>
			</div1>
			<div1 facs="#zone_i34_zwz_flb" type="unkown">
				<p>
					<lb/>
					...
					<lb/>
				</p>
			</div1>
			<div1 cert="low" facs="#zone_lrp_1xz_flb" type="summary_Croatian">
				<p>
					<lb/>
					...
					<lb/>
				</p>
			</div1>
		</body>
	</text>
</TEI>
