<?xml version="1.0" encoding="UTF-8"?>
<?xml-model href="http://www.tei-c.org/release/xml/tei/custom/schema/relaxng/tei_all.rng" type="application/xml" schematypens="http://relaxng.org/ns/structure/1.0"?>
<?xml-model href="http://www.tei-c.org/release/xml/tei/custom/schema/relaxng/tei_all.rng" type="application/xml"
	schematypens="http://purl.oclc.org/dsdl/schematron"?>
<TEI xmlns="http://www.tei-c.org/ns/1.0">
	<teiHeader>
		<fileDesc>
			<titleStmt>
				<title>Tursko1-126</title>
			</titleStmt>
			<publicationStmt>
				<p>Publication Information</p>
			</publicationStmt>
			<sourceDesc>
				<p/>
			</sourceDesc>
		</fileDesc>
		<xenoData>{ "saji:aspectRatioType": [ "C" ], "saji:fond": [ "Tursko 1" ] }</xenoData>
	</teiHeader>
	<facsimile>
		<surface>
			<graphic url="../../../Tursko%201/DSCN1827.JPG"/>
			<zone ulx="66" uly="66" lrx="1842" lry="3066" xml:id="zone_hdd_xrp_cjb"/>
			<zone ulx="2819" uly="2819" lrx="587" lry="3017" xml:id="zone_frx_yrp_cjb"/>
		</surface>
		<surface>
			<graphic url="../../../Day%203/IMG_0098.JPG"/>
		</surface>
		<surface>
			<graphic url="../../../Day%203/IMG_0099.JPG"/>
		</surface>
		<surface>
			<graphic url="../../../Tursko%201/DSCN1828.JPG"/>
		</surface>
		<surface>
			<graphic url="../../../Tursko%201/DSCN1829.JPG"/>
			<zone ulx="655" uly="655" lrx="3134" lry="944" xml:id="zone_yjk_1sp_cjb"/>
		</surface>
	</facsimile>
	<text>
		<body>
			<div1 cert="low" type="iʿlām_der_devlet">
				<p>
					<lb/>
					... fī					<lb/>
				</p>
				<div2 type="sign">
					<p>
						<lb/>
						...
						<lb/>
					</p>
				</div2>
			</div1>
			<div1 type="summary_Croatian">
				<p>
					<lb/>
					...
					<lb/>
				</p>
			</div1>
		</body>
	</text>
</TEI>
