<?xml version="1.0" encoding="UTF-8"?>
<?xml-model href="http://www.tei-c.org/release/xml/tei/custom/schema/relaxng/tei_all.rng" type="application/xml" schematypens="http://relaxng.org/ns/structure/1.0"?>
<?xml-model href="http://www.tei-c.org/release/xml/tei/custom/schema/relaxng/tei_all.rng" type="application/xml"
	schematypens="http://purl.oclc.org/dsdl/schematron"?>
<TEI xmlns="http://www.tei-c.org/ns/1.0">
	<teiHeader>
		<fileDesc>
			<titleStmt>
				<title>Tursko3-063</title>
			</titleStmt>
			<publicationStmt>
				<p>Publication Information</p>
			</publicationStmt>
			<sourceDesc>
				<p/>
			</sourceDesc>
		</fileDesc>
		<xenoData>{ "saji:aspectRatioType": [ "B" ], "saji:fond": [ "Tursko 3" ] }</xenoData>
	</teiHeader>
	<facsimile>
		<surface>
			<graphic url="../../../Tursko%203/DSCN9227.JPG"/>
			<zone ulx="2242" uly="2242" lrx="2512" lry="2463" xml:id="zone_zsh_nms_mlb"/>
			<zone ulx="727" uly="727" lrx="2478" lry="1468" xml:id="zone_in4_4ms_mlb"/>
		</surface>
		<surface>
			<graphic url="../../../Day%205/IMG_0145.JPG"/>
		</surface>
		<surface>
			<graphic url="../../../Day%205/IMG_0146.JPG"/>
		</surface>
		<surface>
			<graphic url="../../../Tursko%203/DSCN9228.JPG"/>
			<zone ulx="121" uly="121" lrx="2293" lry="2442" xml:id="zone_yzw_tms_mlb"/>
			<zone ulx="1922" uly="1922" lrx="677" lry="2282" xml:id="zone_vtc_vms_mlb"/>
		</surface>
	</facsimile>
	<text>
		<body>
			<div1 facs="#zone_yzw_tms_mlb" next="#zone_in4_4ms_mlb" subtype="zabt_temessük" type="EMIN">
				<p>
					<lb/>
					işbu					<date type="created" when="1826-08-03" when-custom="1241">bin iki yüz kırk bir senesinde</date>
					 der ...
					<lb/>
				</p>
				<div2 facs="#zone_vtc_vms_mlb" type="sign">
					<p>
						<lb/>
						...
						<lb/>
					</p>
					<div3 facs="#zone_zsh_nms_mlb" type="stamp_sūret">
						<p>
							<lb/>
							...
							<lb/>
						</p>
					</div3>
				</div2>
				<div2 type="şühūdu’l-hāl">
					<p>
						<lb/>
						...
						<lb/>
					</p>
				</div2>
			</div1>
			<div1 facs="#zone_in4_4ms_mlb" type="summary_Croatian">
				<p>
					<lb/>
					...					<date type="summary_Croatian" when="1826">1826</date>
					 -					<date type="summary_Croatian" when="1826-08-03" when-custom="1241">1241</date>
					.
					<lb/>
				</p>
			</div1>
		</body>
	</text>
</TEI>
