<?xml version="1.0" encoding="UTF-8"?>
<?xml-model href="http://www.tei-c.org/release/xml/tei/custom/schema/relaxng/tei_all.rng" type="application/xml" schematypens="http://relaxng.org/ns/structure/1.0"?>
<?xml-model href="http://www.tei-c.org/release/xml/tei/custom/schema/relaxng/tei_all.rng" type="application/xml"
	schematypens="http://purl.oclc.org/dsdl/schematron"?>
<TEI xmlns="http://www.tei-c.org/ns/1.0">
	<teiHeader>
		<fileDesc>
			<titleStmt>
				<title>Tursko1-170</title>
			</titleStmt>
			<publicationStmt>
				<p>Publication Information</p>
			</publicationStmt>
			<sourceDesc>
				<p/>
			</sourceDesc>
		</fileDesc>
		<xenoData>{ "saji:aspectRatioType": [ "A" ], "saji:fond": [ "Tursko 1" ] }</xenoData>
	</teiHeader>
	<facsimile>
		<surface>
			<graphic url="../../../Tursko%201/DSCN1963.JPG"/>
			<zone ulx="254" uly="254" lrx="1563" lry="3172" xml:id="zone_h2t_1r2_djb"/>
			<zone ulx="504" uly="504" lrx="1459" lry="974" xml:id="zone_ikw_br2_djb"/>
			<zone ulx="848" uly="848" lrx="1367" lry="965" xml:id="zone_ccl_cr2_djb"/>
			<zone ulx="310" uly="310" lrx="938" lry="1003" xml:id="zone_lpl_cr2_djb"/>
			<zone ulx="817" uly="817" lrx="844" lry="992" xml:id="zone_opg_2r2_djb"/>
		</surface>
		<surface>
			<graphic url="../../../Day%204/IMG_0045.JPG"/>
		</surface>
		<surface>
			<graphic url="../../../Day%204/IMG_0046.JPG"/>
		</surface>
		<surface>
			<graphic url="../../../Tursko%201/DSCN1964.JPG"/>
			<zone ulx="722" uly="722" lrx="3150" lry="1133" xml:id="zone_zdn_fr2_djb"/>
		</surface>
	</facsimile>
	<text>
		<body>
			<div1 facs="#zone_h2t_1r2_djb" type="hüccet">
				<p>
					<lb/>
					... fī					<date type="created" when="1767-06-28" when-custom="1181-02-01">gürre-i Saferi'l-... sene ahadā ve semānīn ve mie ve elif</date>
					<lb/>
				</p>
				<div2 facs="#zone_ikw_br2_djb" type="sign">
					<p>
						<lb/>
						...
						<lb/>
					</p>
					<div3 facs="#zone_ccl_cr2_djb" type="stamp">
						<p>
							<lb/>
							...
							<lb/>
						</p>
					</div3>
				</div2>
				<div2 facs="#zone_lpl_cr2_djb" type="sign">
					<p>
						<lb/>
						...
						<lb/>
					</p>
					<div3 facs="#zone_opg_2r2_djb" type="stamp">
						<p>
							<lb/>
							...
							<lb/>
						</p>
					</div3>
				</div2>
			</div1>
			<div1 facs="#zone_zdn_fr2_djb" type="summary_Croatian">
				<p>
					<lb/>
					...					<date type="summary_Croatian" when="1767">1767</date>
					<lb/>
				</p>
			</div1>
		</body>
	</text>
</TEI>
