<?xml version="1.0" encoding="UTF-8"?>
<?xml-model href="http://www.tei-c.org/release/xml/tei/custom/schema/relaxng/tei_all.rng" type="application/xml" schematypens="http://relaxng.org/ns/structure/1.0"?>
<?xml-model href="http://www.tei-c.org/release/xml/tei/custom/schema/relaxng/tei_all.rng" type="application/xml"
	schematypens="http://purl.oclc.org/dsdl/schematron"?>
<TEI xmlns="http://www.tei-c.org/ns/1.0">
	<teiHeader>
		<fileDesc>
			<titleStmt>
				<title>Tursko3-121</title>
			</titleStmt>
			<publicationStmt>
				<p>Publication Information</p>
			</publicationStmt>
			<sourceDesc>
				<p/>
			</sourceDesc>
		</fileDesc>
		<xenoData>{ "saji:aspectRatioType": [ "B" ], "saji:fond": [ "Tursko 3" ] }</xenoData>
	</teiHeader>
	<facsimile>
		<surface>
			<graphic url="../../../Tursko%203/DSCN9155.JPG"/>
			<zone ulx="1012" uly="1012" lrx="2666" lry="1283" xml:id="zone_msp_ftk_hlb"/>
		</surface>
		<surface>
			<graphic url="../../../Day%206/IMG_0064.JPG"/>
		</surface>
		<surface>
			<graphic url="../../../Day%206/IMG_0065.JPG"/>
		</surface>
		<surface>
			<graphic url="../../../Tursko%203/DSCN9156.JPG"/>
			<zone ulx="612" uly="612" lrx="2400" lry="2962" xml:id="zone_mb2_3tk_hlb"/>
			<zone ulx="2537" uly="2537" lrx="646" lry="2950" xml:id="zone_sp5_jtk_hlb"/>
		</surface>
	</facsimile>
	<text>
		<body>
			<div1 cert="low" facs="#zone_mb2_3tk_hlb" next="#zone_msp_ftk_hlb" type="sened">
				<p>
					<lb/>
					... fī
					<lb/>
					<date from="1852-06-18" from-custom="1268-09-01" to-custom="1268-09-10" type="created">evā’il şehr Ramazānı'l-mubārek sene semān ve sittīn ve mieteyn ve elif</date>
				</p>
				<div2 facs="#zone_sp5_jtk_hlb" type="sign">
					<p>
						<lb/>
						...
						<lb/>
					</p>
				</div2>
				<div2 type="şühūdu’l-hāl">
					<p>
						<lb/>
						...
						<lb/>
					</p>
				</div2>
				<div2 type="unkown">
					<p>
						<lb/>
						...
						<lb/>
					</p>
				</div2>
			</div1>
			<div1 facs="#zone_msp_ftk_hlb" type="summary_Croatian">
				<p>
					<lb/>
					...					<date type="summary_Croatian" when="1852">1852</date>
					 ...
					<lb/>
				</p>
			</div1>
		</body>
	</text>
</TEI>
