<?xml version="1.0" encoding="UTF-8"?>
<?xml-model href="http://www.tei-c.org/release/xml/tei/custom/schema/relaxng/tei_all.rng" type="application/xml" schematypens="http://relaxng.org/ns/structure/1.0"?>
<?xml-model href="http://www.tei-c.org/release/xml/tei/custom/schema/relaxng/tei_all.rng" type="application/xml"
	schematypens="http://purl.oclc.org/dsdl/schematron"?>
<TEI xmlns="http://www.tei-c.org/ns/1.0">
	<teiHeader>
		<fileDesc>
			<titleStmt>
				<title>Tursko3-218</title>
			</titleStmt>
			<publicationStmt>
				<p>Publication Information</p>
			</publicationStmt>
			<sourceDesc>
				<p/>
			</sourceDesc>
		</fileDesc>
		<xenoData>{ "saji:aspectRatioType": [ "A" ], "saji:fond": [ "Tursko 3" ] }</xenoData>
	</teiHeader>
	<facsimile>
		<surface>
			<graphic url="../../../Tursko%203/DSCN0421.JPG"/>
			<zone ulx="11" uly="11" lrx="1825" lry="3133" xml:id="zone_jnh_nch_skb"/>
			<zone ulx="11" uly="11" lrx="1096" lry="668" xml:id="zone_pgy_4ch_skb"/>
			<zone ulx="456" uly="456" lrx="982" lry="652" xml:id="zone_i15_pch_skb"/>
		</surface>
		<surface>
			<graphic url="../../../Day%207/IMG_0068.JPG"/>
		</surface>
		<surface>
			<graphic url="../../../Day%207/IMG_0069.JPG"/>
		</surface>
	</facsimile>
	<text>
		<body>
			<div1 facs="#zone_jnh_nch_skb" type="hüccet">
				<p>
					<lb/>
					...					<date cert="low" type="created" when="1753-06-09" when-custom="1166-08-08">fī yevmi'l-... min şehr şaʿbānı'l-muʿazzam sene sitte ve sittīn ve mie ve elif</date>
					<lb/>
				</p>
				<div2 facs="#zone_pgy_4ch_skb" type="sign">
					<p>
						<lb/>
						...
						<lb/>
					</p>
					<div3 facs="#zone_i15_pch_skb" type="stamp">
						<p>
							<lb/>
							...
							<lb/>
						</p>
					</div3>
				</div2>
				<div2 type="şühūdu’l-hāl">
					<p>
						<lb/>
						...						<lb/>
					</p>
				</div2>
			</div1>
		</body>
	</text>
</TEI>
