<?xml version="1.0" encoding="UTF-8"?>
<?xml-model href="http://www.tei-c.org/release/xml/tei/custom/schema/relaxng/tei_all.rng" type="application/xml" schematypens="http://relaxng.org/ns/structure/1.0"?>
<?xml-model href="http://www.tei-c.org/release/xml/tei/custom/schema/relaxng/tei_all.rng" type="application/xml"
	schematypens="http://purl.oclc.org/dsdl/schematron"?>
<TEI xmlns="http://www.tei-c.org/ns/1.0">
	<teiHeader>
		<fileDesc>
			<titleStmt>
				<title>Tursko3-267</title>
			</titleStmt>
			<publicationStmt>
				<p>Publication Information</p>
			</publicationStmt>
			<notesStmt>
				<note type="summary">Kilisa arāzī ve sāirenin defteri</note>
				<note type="mine">☆タプと突合せながら財産について検討するのに有効な史料</note>
				<note type="mine">73年以降に登記された土地</note>
			</notesStmt>
			<sourceDesc>
				<p/>
			</sourceDesc>
		</fileDesc>
		<profileDesc>
			<textClass>
				<classCode scheme="">その他</classCode>
			</textClass>
		</profileDesc>
		<xenoData>{ "saji:aspectRatioType": [ "A" ], "saji:fond": [ "Tursko 3" ], "saji:memo": [ "典型" ] }</xenoData>
	</teiHeader>
	<facsimile>
		<surface>
			<graphic url="../../../Tursko%203/DSCN0371.JPG"/>
			<zone ulx="34" uly="34" lrx="1977" lry="3223" xml:id="zone_az5_ldf_pkb"/>
		</surface>
		<surface>
			<graphic url="../../../Day%207/IMG_0177.JPG"/>
		</surface>
		<surface>
			<graphic url="../../../Day%207/IMG_0178.JPG"/>
		</surface>
		<surface>
			<graphic url="../../../Tursko%203/DSCN0372.JPG"/>
		</surface>
		<surface>
			<graphic url="../../../Tursko%203/DSCN0373.JPG"/>
		</surface>
		<surface>
			<graphic url="../../../Tursko%203/DSCN0374.JPG"/>
			<zone ulx="561" uly="561" lrx="2278" lry="1011" xml:id="zone_v1l_4df_pkb"/>
			<zone ulx="972" uly="972" lrx="2345" lry="1433" xml:id="zone_vmb_12f_pkb"/>
		</surface>
	</facsimile>
	<text>
		<body>
			<div1 facs="#zone_az5_ldf_pkb" next="#zone_v1l_4df_pkb" type="defter">
				<p>
					<lb/>
					Hüve
					<lb/>
					Kirşevo nāhiyesi Latin milleti kilisana ... merbūt arāzī ve sā'irenin defteri
					<lb/>
					ʿÖşr senevī Hāslāt ... Kīse Hudūdī İsm-i tarla İsm-i çayır Kıtʿa Tārīh-i rabtı
					<lb/>
					 456 4560 2100 1300 İki tarafıdan Kojsina ve ... tarīk ... Grad 1
					<lb/>
					20 14 145 300 Etrāf ... Kojsina hudūd
					<lb/>
					<lb/>
					<lb/>
					<lb/>
					<lb/>
					Kadīmden sonra					<date to-custom="1273">yetmiş üç senesine kadar</date>
					 rabt olunan
					<lb/>
					ʿÖşr senevī Hāslāt senevī ... Kīse Hudūdī İsm-i tarla İsm-i çayır Kıtʿa Tārīh-i rabtı
					<lb/>
					... fī					<date cert="low" when="1873-02-26" when-custom="1289">17 ... sene 89</date>
					<lb/>
				</p>
			</div1>
			<div1 facs="#zone_v1l_4df_pkb" next="#zone_vmb_12f_pkb" type="unkown">
				<p>
					<lb/>
					...
					<lb/>
				</p>
			</div1>
			<div1 facs="#zone_vmb_12f_pkb" type="summary_Croatian">
				<p>
					<lb/>
					Kreševo
					<lb/>
					145				</p>
			</div1>
		</body>
	</text>
</TEI>
