<?xml version="1.0" encoding="UTF-8"?>
<?xml-model href="http://www.tei-c.org/release/xml/tei/custom/schema/relaxng/tei_all.rng" type="application/xml" schematypens="http://relaxng.org/ns/structure/1.0"?>
<?xml-model href="http://www.tei-c.org/release/xml/tei/custom/schema/relaxng/tei_all.rng" type="application/xml"
	schematypens="http://purl.oclc.org/dsdl/schematron"?>
<TEI xmlns="http://www.tei-c.org/ns/1.0">
	<teiHeader>
		<fileDesc>
			<titleStmt>
				<title>Tursko3-227</title>
			</titleStmt>
			<publicationStmt>
				<p>Publication Information</p>
			</publicationStmt>
			<sourceDesc>
				<p/>
			</sourceDesc>
		</fileDesc>
		<xenoData>{ "saji:aspectRatioType": [ "A" ], "saji:fond": [ "Tursko 3" ] }</xenoData>
	</teiHeader>
	<facsimile>
		<surface>
			<graphic url="../../../Tursko%203/DSCN0387.JPG"/>
			<zone ulx="232" uly="232" lrx="1637" lry="3224" xml:id="zone_xfn_rw1_qkb"/>
		</surface>
		<surface>
			<graphic url="../../../Day%207/IMG_0086.JPG"/>
		</surface>
		<surface>
			<graphic url="../../../Day%207/IMG_0087.JPG"/>
		</surface>
		<surface>
			<graphic url="../../../Tursko%203/DSCN0388.JPG"/>
			<zone ulx="669" uly="669" lrx="1728" lry="1605" xml:id="zone_dkp_xw1_qkb"/>
			<zone ulx="1421" uly="1421" lrx="1561" lry="1600" xml:id="zone_wgl_yw1_qkb"/>
		</surface>
		<surface>
			<graphic url="../../../Tursko%203/DSCN0389.JPG"/>
			<zone ulx="1903" uly="1903" lrx="1938" lry="2924" xml:id="zone_vgb_bx1_qkb"/>
		</surface>
		<surface>
			<graphic url="../../../Tursko%203/DSCN0390.JPG"/>
			<zone ulx="938" uly="938" lrx="1950" lry="1227" xml:id="zone_xjk_cx1_qkb"/>
		</surface>
	</facsimile>
	<text>
		<body>
			<div1 facs="#zone_xfn_rw1_qkb" next="#zone_vgb_bx1_qkb" type="hüccet">
				<p>
					<lb/>
					...					<date type="created" when="1857-06-06" when-custom="1273-10-14">
						fi'l-yevmi'l-rābiʿ ve'l-ʿaşr min şehri Şevvālı'l-mukarrem
						<lb/>
						sene suls ve sabʿīn ve mieteyn ve elif
					</date>
				</p>
				<div2 facs="#zone_dkp_xw1_qkb" type="sign">
					<p>
						<lb/>
						...						<lb/>
					</p>
					<div3 facs="#zone_wgl_yw1_qkb" type="stamp">
						<p>
							<lb/>
							...
							<lb/>
						</p>
					</div3>
				</div2>
				<div2 type="şühūdu’l-hāl">
					<p>
						<lb/>
						Şühūdu’l-hāl
						<lb/>
					</p>
				</div2>
				<div2 facs="#zone_vgb_bx1_qkb" next="#zone_xjk_cx1_qkb" type="unkown">
					<p>
						<lb/>
						... fī						<lb/>
					</p>
				</div2>
			</div1>
			<div1 facs="#zone_xjk_cx1_qkb" type="summary_Croatian">
				<p>
					<lb/>
					...
					<lb/>
				</p>
			</div1>
		</body>
	</text>
</TEI>
