<?xml version="1.0" encoding="UTF-8"?>
<?xml-model href="http://www.tei-c.org/release/xml/tei/custom/schema/relaxng/tei_all.rng" type="application/xml" schematypens="http://relaxng.org/ns/structure/1.0"?>
<?xml-model href="http://www.tei-c.org/release/xml/tei/custom/schema/relaxng/tei_all.rng" type="application/xml"
	schematypens="http://purl.oclc.org/dsdl/schematron"?>
<TEI xmlns="http://www.tei-c.org/ns/1.0">
	<teiHeader>
		<fileDesc>
			<titleStmt>
				<title>Tursko3-037</title>
			</titleStmt>
			<publicationStmt>
				<p>Publication Information</p>
			</publicationStmt>
			<sourceDesc>
				<p/>
			</sourceDesc>
		</fileDesc>
		<xenoData>{ "saji:aspectRatioType": [ "B" ], "saji:fond": [ "Tursko 3" ] }</xenoData>
	</teiHeader>
	<facsimile>
		<surface>
			<graphic url="../../../Tursko%203/DSCN9285.JPG"/>
			<zone ulx="144" uly="144" lrx="2684" lry="855" xml:id="zone_ir3_1vv_nlb"/>
		</surface>
		<surface>
			<graphic url="../../../Day%205/IMG_0088.JPG"/>
		</surface>
		<surface>
			<graphic url="../../../Day%205/IMG_0089.JPG"/>
		</surface>
		<surface>
			<graphic url="../../../Tursko%203/DSCN9286.JPG"/>
			<zone ulx="153" uly="153" lrx="2254" lry="2492" xml:id="zone_vfx_bvv_nlb"/>
			<zone ulx="2146" uly="2146" lrx="625" lry="2446" xml:id="zone_dnm_dvv_nlb"/>
		</surface>
	</facsimile>
	<text>
		<body>
			<div1 facs="#zone_vfx_bvv_nlb" next="#zone_ir3_1vv_nlb" subtype="zabt_temessük" type="EMIN">
				<p>
					<lb/>
					işbu					<date type="created" when="1829-07-01" when-custom="1244">bin iki yüz krık dört senesinde</date>
					 der ...
					<lb/>
				</p>
				<div2 type="unkown">
					<p>
						<lb/>
						...
						<lb/>
					</p>
				</div2>
				<div2 facs="#zone_dnm_dvv_nlb" type="sign">
					<p>
						<lb/>
						...
						<lb/>
					</p>
				</div2>
				<div2 type="şühūdu’l-hāl">
					<p>
						<lb/>
						...
						<lb/>
					</p>
				</div2>
			</div1>
			<div1 facs="#zone_ir3_1vv_nlb" type="summary_Croatian">
				<p>
					<lb/>
					<date type="summary_Croatian" when="1829">1829</date>
					 -					<date type="summary_Croatian" when="1829-07-01" when-custom="1244">1244</date>
					. Nno 6.
					<lb/>
					...				</p>
			</div1>
		</body>
	</text>
</TEI>
