<?xml version="1.0" encoding="UTF-8"?>
<?xml-model href="http://www.tei-c.org/release/xml/tei/custom/schema/relaxng/tei_all.rng" type="application/xml" schematypens="http://relaxng.org/ns/structure/1.0"?>
<?xml-model href="http://www.tei-c.org/release/xml/tei/custom/schema/relaxng/tei_all.rng" type="application/xml"
	schematypens="http://purl.oclc.org/dsdl/schematron"?>
<TEI xmlns="http://www.tei-c.org/ns/1.0">
	<teiHeader>
		<fileDesc>
			<titleStmt>
				<title>Tursko1-124</title>
			</titleStmt>
			<publicationStmt>
				<p>Publication Information</p>
			</publicationStmt>
			<sourceDesc>
				<p/>
			</sourceDesc>
		</fileDesc>
		<xenoData>{ "saji:aspectRatioType": [ "A" ], "saji:fond": [ "Tursko 1" ] }</xenoData>
	</teiHeader>
	<facsimile>
		<surface>
			<graphic url="../../../Tursko%201/DSCN1820.JPG"/>
			<zone ulx="145" uly="145" lrx="1463" lry="3254" xml:id="zone_m4j_3t4_cjb"/>
		</surface>
		<surface>
			<graphic url="../../../Day%203/IMG_0090.JPG"/>
		</surface>
		<surface>
			<graphic url="../../../Day%203/IMG_0092.JPG"/>
		</surface>
		<surface>
			<graphic url="../../../Tursko%201/DSCN1821.JPG"/>
			<zone ulx="250" uly="250" lrx="1210" lry="892" xml:id="zone_yl3_kt4_cjb"/>
			<zone ulx="740" uly="740" lrx="1005" lry="882" xml:id="zone_rgw_kt4_cjb"/>
		</surface>
		<surface>
			<graphic url="../../../Tursko%201/DSCN1822.JPG"/>
		</surface>
		<surface>
			<graphic url="../../../Tursko%201/DSCN1823.JPG"/>
			<zone ulx="777" uly="777" lrx="2339" lry="1155" xml:id="zone_hk2_mt4_cjb"/>
		</surface>
	</facsimile>
	<text>
		<body>
			<div1 facs="#zone_m4j_3t4_cjb" type="hüccet">
				<p>
					<lb/>
					...					<date type="created" when="1785-03-25" when-custom="1199-05-15">
						fi'l-yevmi'l-hāmis ʿaşar min Cemaziye'l-evvelī sene tisʿ ve tisʿīn
						<lb/>
						<lb/>
						ve mie ve elif
					</date>
					<lb/>
				</p>
				<div2 facs="#zone_yl3_kt4_cjb" type="sign">
					<p>
						<lb/>
						...
						<lb/>
					</p>
					<div3 facs="#zone_rgw_kt4_cjb" type="stamp">
						<p>
							<lb/>
							...
							<lb/>
						</p>
					</div3>
				</div2>
			</div1>
			<div1 facs="#zone_hk2_mt4_cjb" type="summary_Croatian">
				<p>
					<lb/>
					...
					<lb/>
				</p>
			</div1>
		</body>
	</text>
</TEI>
