<?xml version="1.0" encoding="UTF-8"?>
<?xml-model href="http://www.tei-c.org/release/xml/tei/custom/schema/relaxng/tei_all.rng" type="application/xml" schematypens="http://relaxng.org/ns/structure/1.0"?>
<?xml-model href="http://www.tei-c.org/release/xml/tei/custom/schema/relaxng/tei_all.rng" type="application/xml"
	schematypens="http://purl.oclc.org/dsdl/schematron"?>
<TEI xmlns="http://www.tei-c.org/ns/1.0">
	<teiHeader>
		<fileDesc>
			<titleStmt>
				<title>Tursko3-200</title>
			</titleStmt>
			<publicationStmt>
				<p>Publication Information</p>
			</publicationStmt>
			<notesStmt>
				<note type="summary"/>
			</notesStmt>
			<sourceDesc>
				<p/>
			</sourceDesc>
		</fileDesc>
		<xenoData>{ "saji:aspectRatioType": [ "B" ], "saji:fond": [ "Tursko 3" ] }</xenoData>
	</teiHeader>
	<facsimile>
		<surface>
			<graphic url="../../../Tursko%203/DSCN8982.JPG"/>
			<zone ulx="866" uly="866" lrx="837" lry="1091" xml:id="zone_flt_sgs_wkb"/>
			<zone ulx="2755" uly="2755" lrx="1224" lry="2951" xml:id="zone_bwz_tgs_wkb"/>
		</surface>
		<surface>
			<graphic url="../../../Day%207/IMG_0023.JPG"/>
		</surface>
		<surface>
			<graphic url="../../../Day%207/IMG_0024.JPG"/>
		</surface>
		<surface>
			<graphic url="../../../Tursko%203/DSCN8983.JPG"/>
			<zone ulx="42" uly="42" lrx="2307" lry="2542" xml:id="zone_vcq_qgs_wkb"/>
			<zone ulx="2019" uly="2019" lrx="726" lry="2507" xml:id="zone_pxt_rgs_wkb"/>
		</surface>
	</facsimile>
	<text>
		<body>
			<div1 facs="#zone_vcq_qgs_wkb" next="#zone_bwz_tgs_wkb" type="EMIN">
				<p>
					<lb/>
					Hüve
					<lb/>
					Vech-i tahrīr-i hurūf budur ki
					<lb/>
					işbu bin iki yüz krık üç senesinde der ʿuhde ve iltizāmımızda bulunan Kirşevo mukātaʿası
					<lb/>
					kurālarından varoş Kirşevo ve ... hudūd(?) dāhilinde vākiʿ işbu sene-i mübārekede
					<lb/>
					kilisaya ʿāid ve rāciʿ olan aʿşār-ı şerʿiye ve rüsūmāt-ı ʿörfiyesini KLPlar demeğini
					<lb/>
					... tapu-i ... işbu dārende-i hurūf kilisa-i mezbūrenn gardiyān
					<lb/>
					ve sā'iri rāhiblerini iki yüz guruş mukābelesinde der ʿuhde ve iltizām edüb
					<lb/>
					ve bedel-i iltizām olan iki yüz guruş tarafımıza tamāmen ve kâmilen edā ve teslīm
					<lb/>
					eylediği ecilden işbu hurūf-ı ... ve kilisa-i mezbūrenin gardiyān
					<lb/>
					yedine iʿtā olundu ve ... hurira fī					<date type="created" when="1828-03-13" when-custom="1243-08-27">27 Ş sene 43</date>
				</p>
				<div2 facs="#zone_pxt_rgs_wkb" type="sign">
					<p>
						<lb/>
						...
						<lb/>
						GMRlizāde
						<lb/>
						ʿAlī Ağa Kirşevo
						<lb/>
						Emīn
						<lb/>
						M
					</p>
					<div3 facs="#zone_flt_sgs_wkb" type="stamp">
						<p>
							<lb/>
							...
							<lb/>
						</p>
					</div3>
				</div2>
				<div2 type="şühūdu'l-hāl">
					<p>
						<lb/>
						Şühūdu'l-hāl
						<lb/>
						CİZLİzāde... ʿAbdüllāh ʿAlemdār
						<lb/>
						Feyzüllāh Ağa
						<lb/>
						Dervīş Ağa
						<lb/>
						İmām Sālih ʿAlemdār
						<lb/>
						ve gayrihim mine'l-hāzırīn
					</p>
				</div2>
			</div1>
			<div1 facs="#zone_bwz_tgs_wkb" type="summary_Croatian">
				<p>
					<lb/>
					... : od Devet.					<date type="summary_Croatian" when="1828">1828</date>
					.
				</p>
			</div1>
		</body>
	</text>
</TEI>
