<?xml version="1.0" encoding="UTF-8"?>
<?xml-model href="http://www.tei-c.org/release/xml/tei/custom/schema/relaxng/tei_all.rng" type="application/xml" schematypens="http://relaxng.org/ns/structure/1.0"?>
<?xml-model href="http://www.tei-c.org/release/xml/tei/custom/schema/relaxng/tei_all.rng" type="application/xml"
	schematypens="http://purl.oclc.org/dsdl/schematron"?>
<TEI xmlns="http://www.tei-c.org/ns/1.0">
	<teiHeader>
		<fileDesc>
			<titleStmt>
				<title>Tursko1-127</title>
			</titleStmt>
			<publicationStmt>
				<p>Publication Information</p>
			</publicationStmt>
			<sourceDesc>
				<p/>
			</sourceDesc>
		</fileDesc>
		<xenoData>{ "saji:aspectRatioType": [ "A" ], "saji:fond": [ "Tursko 1" ] }</xenoData>
	</teiHeader>
	<facsimile>
		<surface>
			<graphic url="../../../Tursko%201/DSCN1830.JPG"/>
			<zone ulx="700" uly="700" lrx="1227" lry="3245" xml:id="zone_ox3_vsp_cjb"/>
		</surface>
		<surface>
			<graphic url="../../../Day%203/IMG_0100.JPG"/>
		</surface>
		<surface>
			<graphic url="../../../Day%203/IMG_0101.JPG"/>
		</surface>
		<surface>
			<graphic url="../../../Tursko%201/DSCN1831.JPG"/>
			<zone ulx="9" uly="9" lrx="1361" lry="773" xml:id="zone_k4z_xsp_cjb"/>
			<zone ulx="567" uly="567" lrx="1250" lry="758" xml:id="zone_nbm_ysp_cjb"/>
		</surface>
		<surface>
			<graphic url="../../../Tursko%201/DSCN1832.JPG"/>
		</surface>
		<surface>
			<graphic url="../../../Tursko%201/DSCN1833.JPG"/>
			<zone ulx="966" uly="966" lrx="3006" lry="1294" xml:id="zone_usb_1tp_cjb"/>
		</surface>
	</facsimile>
	<text>
		<body>
			<div1 facs="#zone_ox3_vsp_cjb" type="hüccet">
				<p>
					<lb/>
					...					<date type="created" when="1774-10-30" when-custom="1188-08-25">
						fi'l-yevmi'l-hāmis ve'l-ʿaşrīn min şehr Şaʿabān
						<lb/>
						<lb/>
						el-muʿazzam sene semān ve semānīn ve mie ve elif
					</date>
					 ...
					<lb/>
				</p>
				<div2 facs="#zone_k4z_xsp_cjb" type="sign">
					<p>
						<lb/>
						...
						<lb/>
					</p>
					<div3 facs="#zone_nbm_ysp_cjb" type="stamp">
						<p>
							<lb/>
							...
							<lb/>
						</p>
					</div3>
				</div2>
			</div1>
			<div1 facs="#zone_usb_1tp_cjb" type="summary_Croatian">
				<p>
					<lb/>
					<date type="summary_Croatian" when="1774">1774</date>
					: ...					<date type="summary_Croatian" when="1776">1776</date>
					 ...
					<lb/>
				</p>
			</div1>
		</body>
	</text>
</TEI>
