<?xml version="1.0" encoding="UTF-8"?>
<?xml-model href="http://www.tei-c.org/release/xml/tei/custom/schema/relaxng/tei_all.rng" type="application/xml" schematypens="http://relaxng.org/ns/structure/1.0"?>
<?xml-model href="http://www.tei-c.org/release/xml/tei/custom/schema/relaxng/tei_all.rng" type="application/xml"
	schematypens="http://purl.oclc.org/dsdl/schematron"?>
<TEI xmlns="http://www.tei-c.org/ns/1.0">
	<teiHeader>
		<fileDesc>
			<titleStmt>
				<title>Tursko1-074</title>
			</titleStmt>
			<publicationStmt>
				<p>Publication Information</p>
			</publicationStmt>
			<sourceDesc>
				<p/>
			</sourceDesc>
		</fileDesc>
		<xenoData>{ "saji:aspectRatioType": [ "E" ], "saji:fond": [ "Tursko 1" ] }</xenoData>
	</teiHeader>
	<facsimile>
		<surface>
			<graphic url="../../../Tursko%201/DSCN1680.JPG"/>
			<zone ulx="0" uly="0" lrx="1520" lry="3220" xml:id="zone_a4b_pcy_1jb"/>
		</surface>
		<surface>
			<graphic url="../../../Day%202/IMG_0491.JPG"/>
		</surface>
		<surface>
			<graphic url="../../../Day%202/IMG_0493.JPG"/>
		</surface>
		<surface>
			<graphic url="../../../Day%204/IMG_0113.JPG"/>
		</surface>
		<surface>
			<graphic url="../../../Day%204/IMG_0114.JPG"/>
		</surface>
		<surface>
			<graphic url="../../../Tursko%201/DSCN1681.JPG"/>
		</surface>
		<surface>
			<graphic url="../../../Tursko%201/DSCN1683.JPG"/>
			<zone ulx="620" uly="620" lrx="1791" lry="1487" xml:id="zone_lvj_rcy_1jb"/>
			<zone ulx="1308" uly="1308" lrx="1671" lry="1466" xml:id="zone_dd1_scy_1jb"/>
		</surface>
		<surface>
			<graphic url="../../../Tursko%201/DSCN1684.JPG"/>
		</surface>
		<surface>
			<graphic url="../../../Tursko%201/DSCN1685.JPG"/>
		</surface>
		<surface>
			<graphic url="../../../Tursko%201/DSCN1686.JPG"/>
			<zone ulx="446" uly="446" lrx="2254" lry="2107" xml:id="zone_rf2_5cy_1jb"/>
		</surface>
	</facsimile>
	<text>
		<body>
			<div1 facs="#zone_a4b_pcy_1jb" type="hüccet">
				<p>
					<lb/>
					...					<date type="created" when="1857-07-06" when-custom="1273-11-15">
						fi'l-yevmi'l-hāmis
						<lb/>
						<lb/>
						ve'l-ʿaşr min şehr Zi'l-kaʿade'l-şerīf sene suls ve sabʿīn ve mieteyn ve elif
					</date>
					<lb/>
				</p>
				<div2 facs="#zone_lvj_rcy_1jb" type="sign">
					<p>
						<lb/>
						...
						<lb/>
					</p>
					<div3 facs="#zone_dd1_scy_1jb" type="stamp">
						<p>
							<lb/>
							...
							<lb/>
						</p>
					</div3>
				</div2>
			</div1>
			<div1 facs="#zone_rf2_5cy_1jb" type="summary_Croatian">
				<p>
					<lb/>
					...					<date type="summary_Croatian" when="1857-08-19" when-custom="1273">1273</date>
					<lb/>
				</p>
			</div1>
		</body>
	</text>
</TEI>
