<?xml version="1.0" encoding="UTF-8"?>
<?xml-model href="http://www.tei-c.org/release/xml/tei/custom/schema/relaxng/tei_all.rng" type="application/xml" schematypens="http://relaxng.org/ns/structure/1.0"?>
<?xml-model href="http://www.tei-c.org/release/xml/tei/custom/schema/relaxng/tei_all.rng" type="application/xml"
	schematypens="http://purl.oclc.org/dsdl/schematron"?>
<TEI xmlns="http://www.tei-c.org/ns/1.0">
	<teiHeader>
		<fileDesc>
			<titleStmt>
				<title>Tursko1-139</title>
			</titleStmt>
			<publicationStmt>
				<p>Publication Information</p>
			</publicationStmt>
			<sourceDesc>
				<p/>
			</sourceDesc>
		</fileDesc>
		<xenoData>{ "saji:aspectRatioType": [ "C" ], "saji:fond": [ "Tursko 1" ] }</xenoData>
	</teiHeader>
	<facsimile>
		<surface>
			<graphic url="../../../Tursko%201/DSCN1853.JPG"/>
			<zone ulx="136" uly="136" lrx="1445" lry="2981" xml:id="zone_rpr_fkq_cjb"/>
			<zone ulx="2651" uly="2651" lrx="542" lry="2916" xml:id="zone_qbv_gkq_cjb"/>
		</surface>
		<surface>
			<graphic url="../../../Day%203/IMG_0126.JPG"/>
		</surface>
		<surface>
			<graphic url="../../../Day%203/IMG_0127.JPG"/>
		</surface>
		<surface>
			<graphic url="../../../Tursko%201/DSCN1854.JPG"/>
			<zone ulx="877" uly="877" lrx="2167" lry="1338" xml:id="zone_d23_3kq_cjb"/>
		</surface>
	</facsimile>
	<text>
		<body>
			<div1 facs="#zone_rpr_fkq_cjb" type="iʿlām">
				<p>
					<lb/>
					... fī					<date cert="low" type="created" when="1798-08-16" when-custom="1213-03-05">5 Ra sene 1213</date>
					<lb/>
				</p>
				<div2 facs="#zone_qbv_gkq_cjb" type="sign">
					<p>
						<lb/>
						...
						<lb/>
					</p>
				</div2>
			</div1>
			<div1 facs="#zone_d23_3kq_cjb" type="summary_Croatian">
				<p>
					<lb/>
					...
					<lb/>
				</p>
			</div1>
		</body>
	</text>
</TEI>
