<?xml version="1.0" encoding="UTF-8"?>
<?xml-model href="http://www.tei-c.org/release/xml/tei/custom/schema/relaxng/tei_all.rng" type="application/xml" schematypens="http://relaxng.org/ns/structure/1.0"?>
<?xml-model href="http://www.tei-c.org/release/xml/tei/custom/schema/relaxng/tei_all.rng" type="application/xml"
	schematypens="http://purl.oclc.org/dsdl/schematron"?>
<TEI xmlns="http://www.tei-c.org/ns/1.0">
	<teiHeader>
		<fileDesc>
			<titleStmt>
				<title>Tursko3-208</title>
			</titleStmt>
			<publicationStmt>
				<p>Publication Information</p>
			</publicationStmt>
			<sourceDesc>
				<p/>
			</sourceDesc>
		</fileDesc>
		<xenoData>{ "saji:aspectRatioType": [ "B" ], "saji:fond": [ "Tursko 3" ] }</xenoData>
	</teiHeader>
	<facsimile>
		<surface>
			<graphic url="../../../Tursko%203/DSCN8999.JPG"/>
			<zone ulx="144" uly="144" lrx="2006" lry="494" xml:id="zone_dng_dry_wkb"/>
		</surface>
		<surface>
			<graphic url="../../../Day%207/IMG_0039.JPG"/>
		</surface>
		<surface>
			<graphic url="../../../Day%207/IMG_0040.JPG"/>
		</surface>
		<surface>
			<graphic url="../../../Tursko%203/DSCN9000.JPG"/>
			<zone ulx="209" uly="209" lrx="1673" lry="2963" xml:id="zone_thk_fry_wkb"/>
			<zone ulx="2580" uly="2580" lrx="416" lry="2926" xml:id="zone_n5y_gry_wkb"/>
			<zone ulx="232" uly="232" lrx="1844" lry="1572" xml:id="zone_esb_3ry_wkb"/>
			<zone ulx="556" uly="556" lrx="932" lry="1572" xml:id="zone_xpf_jry_wkb"/>
			<zone ulx="1191" uly="1191" lrx="787" lry="1433" xml:id="zone_oqp_kry_wkb"/>
		</surface>
	</facsimile>
	<text>
		<body>
			<div1 cert="low" facs="#zone_thk_fry_wkb" next="#zone_esb_3ry_wkb" type="ʿarz-ı_hāl">
				<p>
					<lb/>
					...
					<lb/>
				</p>
				<div2 facs="#zone_n5y_gry_wkb" type="sign">
					<p>
						<lb/>
						...
						<lb/>
					</p>
				</div2>
			</div1>
			<div1 facs="#zone_esb_3ry_wkb" next="#zone_dng_dry_wkb" type="buyuruldu">
				<p>
					<lb/>
					... fī					<date type="created" when="1769-01-24" when-custom="1182-09-17">17 Ramazān sene 1182</date>
					<lb/>
				</p>
				<div2 facs="#zone_xpf_jry_wkb" type="sign">
					<p>
						<lb/>
						...
						<lb/>
					</p>
					<div3 facs="#zone_oqp_kry_wkb" type="stamp">
						<p>
							<lb/>
							...
							<lb/>
						</p>
					</div3>
				</div2>
			</div1>
			<div1 facs="#zone_dng_dry_wkb" type="summary_Croatian">
				<p>
					<lb/>
					...
					<lb/>
				</p>
			</div1>
		</body>
	</text>
</TEI>
