<?xml version="1.0" encoding="UTF-8"?>
<?xml-model href="http://www.tei-c.org/release/xml/tei/custom/schema/relaxng/tei_all.rng" type="application/xml" schematypens="http://relaxng.org/ns/structure/1.0"?>
<?xml-model href="http://www.tei-c.org/release/xml/tei/custom/schema/relaxng/tei_all.rng" type="application/xml"
	schematypens="http://purl.oclc.org/dsdl/schematron"?>
<TEI xmlns="http://www.tei-c.org/ns/1.0">
	<teiHeader>
		<fileDesc>
			<titleStmt>
				<title>Tursko1-034</title>
			</titleStmt>
			<publicationStmt>
				<p>Publication Information</p>
			</publicationStmt>
			<notesStmt>
				<note type="mine">DSCN0994.JPGとよく似ている。</note>
			</notesStmt>
			<sourceDesc>
				<p/>
			</sourceDesc>
		</fileDesc>
		<xenoData>{ "saji:aspectRatioType": [ "D" ], "saji:fond": [ "Tursko 1" ] }</xenoData>
	</teiHeader>
	<facsimile>
		<surface>
			<graphic url="../../../Tursko%201/DSCN1012.JPG"/>
			<zone ulx="372" uly="372" lrx="1836" lry="3027" xml:id="zone_ngv_25g_z3b"/>
			<zone ulx="2584" uly="2584" lrx="1265" lry="2775" xml:id="zone_k3w_f5g_z3b"/>
		</surface>
		<surface>
			<graphic url="../../../Day%202/IMG_0251.JPG"/>
		</surface>
		<surface>
			<graphic url="../../../Day%202/IMG_0253.JPG"/>
		</surface>
		<surface>
			<graphic url="../../../Tursko%201/DSCN1013.JPG"/>
			<zone ulx="722" uly="722" lrx="3206" lry="988" xml:id="zone_qjm_h5g_z3b"/>
		</surface>
	</facsimile>
	<text>
		<body>
			<div1 facs="#zone_ngv_25g_z3b" type="unknown">
				<l>
					fī					<date cert="low" type="created" when="1825-03-29" when-custom="1240-08-10">ʿaşar Şaʿbān 240</date>
				</l>
				<div3 facs="#zone_k3w_f5g_z3b" type="stamp"/>
			</div1>
			<div1 type="summary_Croatian">
				<l>
					...					<date type="summary_Croatian" when="1844">1844</date>
					 gr. 1500
				</l>
			</div1>
		</body>
	</text>
</TEI>
