<?xml version="1.0" encoding="UTF-8"?>
<?xml-model href="http://www.tei-c.org/release/xml/tei/custom/schema/relaxng/tei_all.rng" type="application/xml" schematypens="http://relaxng.org/ns/structure/1.0"?>
<?xml-model href="http://www.tei-c.org/release/xml/tei/custom/schema/relaxng/tei_all.rng" type="application/xml"
	schematypens="http://purl.oclc.org/dsdl/schematron"?>
<TEI xmlns="http://www.tei-c.org/ns/1.0">
	<teiHeader>
		<fileDesc>
			<titleStmt>
				<title>Tursko3-081</title>
			</titleStmt>
			<publicationStmt>
				<p>Publication Information</p>
			</publicationStmt>
			<notesStmt>
				<note type="mine">【要確認】裏面のみで、表面の画像が見当たらなかった。現物要確認。</note>
			</notesStmt>
			<sourceDesc>
				<p/>
			</sourceDesc>
		</fileDesc>
		<xenoData>{ "saji:aspectRatioType": [ "B" ], "saji:fond": [ "Tursko 3" ] }</xenoData>
	</teiHeader>
	<facsimile>
		<surface>
			<graphic url="../../../Tursko%203/DSCN9359.JPG"/>
			<zone ulx="672" uly="672" lrx="2217" lry="1594" xml:id="zone_x1b_5bg_zlb"/>
		</surface>
		<surface>
			<graphic url="../../../Day%205/IMG_0184.JPG"/>
		</surface>
		<surface>
			<graphic url="../../../Day%205/IMG_0185.JPG"/>
		</surface>
		<surface>
			<graphic url="../../../Day%205/IMG_0187.JPG"/>
		</surface>
	</facsimile>
	<text>
		<body>
			<div1 facs="#zone_x1b_5bg_zlb" type="summary_Serbian">
				<p>
					<lb/>
					...
					<lb/>
				</p>
			</div1>
		</body>
	</text>
</TEI>
