<?xml version="1.0" encoding="UTF-8"?>
<?xml-model href="http://www.tei-c.org/release/xml/tei/custom/schema/relaxng/tei_all.rng" type="application/xml" schematypens="http://relaxng.org/ns/structure/1.0"?>
<?xml-model href="http://www.tei-c.org/release/xml/tei/custom/schema/relaxng/tei_all.rng" type="application/xml"
	schematypens="http://purl.oclc.org/dsdl/schematron"?>
<TEI xmlns="http://www.tei-c.org/ns/1.0">
	<teiHeader>
		<fileDesc>
			<titleStmt>
				<title>Tursko1-061</title>
			</titleStmt>
			<publicationStmt>
				<p>Publication Information</p>
			</publicationStmt>
			<sourceDesc>
				<p/>
			</sourceDesc>
		</fileDesc>
		<xenoData>{ "saji:aspectRatioType": [ "A" ], "saji:fond": [ "Tursko 1" ] }</xenoData>
	</teiHeader>
	<facsimile>
		<surface>
			<graphic url="../../../Tursko%201/DSCN1650.JPG"/>
			<zone ulx="391" uly="391" lrx="1250" lry="2833" xml:id="zone_h51_nmk_1jb"/>
		</surface>
		<surface>
			<graphic url="../../../Day%202/IMG_0457.JPG"/>
		</surface>
		<surface>
			<graphic url="../../../Day%202/IMG_0458.JPG"/>
		</surface>
		<surface>
			<graphic url="../../../Tursko%201/DSCN1651.JPG"/>
			<zone ulx="841" uly="841" lrx="946" lry="1058" xml:id="zone_g4v_4mk_1jb"/>
		</surface>
		<surface>
			<graphic url="../../../Tursko%201/DSCN1652.JPG"/>
		</surface>
	</facsimile>
	<text>
		<body>
			<div1 facs="#zone_h51_nmk_1jb" type="hüccet">
				<p>
					<lb/>
					... fī					<date type="created" when="1837-10-28" when-custom="1253-07">
						şehr Receb sene sıls
						<lb/>
						<lb/>
						ve hamsīn ve mieteyn ve elif
					</date>
					<lb/>
				</p>
				<div3 facs="#zone_g4v_4mk_1jb" type="stamp">
					<p>
						<lb/>
						...
						<lb/>
					</p>
				</div3>
			</div1>
		</body>
	</text>
</TEI>
