<?xml version="1.0" encoding="UTF-8"?>
<?xml-model href="http://www.tei-c.org/release/xml/tei/custom/schema/relaxng/tei_all.rng" type="application/xml" schematypens="http://relaxng.org/ns/structure/1.0"?>
<?xml-model href="http://www.tei-c.org/release/xml/tei/custom/schema/relaxng/tei_all.rng" type="application/xml"
	schematypens="http://purl.oclc.org/dsdl/schematron"?>
<TEI xmlns="http://www.tei-c.org/ns/1.0">
	<teiHeader>
		<fileDesc>
			<titleStmt>
				<title>Tursko3-161</title>
			</titleStmt>
			<publicationStmt>
				<p>Publication Information</p>
			</publicationStmt>
			<notesStmt>
				<note type="summary">エミンのマーリキャーネ地の中で、修道士が自らの私有地として保有している土地に水車を新設する許可をエミンに申請したため、その水車から年間10アクチェを納税することを条件に許可した証文。</note>
				<note type="mine">☆エミン、修道士、マーリキャーネ地、私有地などの関係性がよく分かる証文。</note>
				<note type="mine">「水車āsiyāb」は他の文書でも登場していたが読めなかったと思うので、これを念頭に【要】読み直す。</note>
			</notesStmt>
			<sourceDesc>
				<p/>
			</sourceDesc>
		</fileDesc>
		<xenoData>{ "saji:aspectRatioType": [ "B" ], "saji:fond": [ "Tursko 3" ] }</xenoData>
	</teiHeader>
	<facsimile>
		<surface>
			<graphic url="../../../Tursko%203/DSCN9072.JPG"/>
			<zone ulx="61" uly="61" lrx="1954" lry="2892" xml:id="zone_bvd_jys_flb"/>
			<zone ulx="2373" uly="2373" lrx="512" lry="2853" xml:id="zone_hln_kys_flb"/>
		</surface>
		<surface>
			<graphic url="../../../Day%206/IMG_0157.JPG"/>
		</surface>
		<surface>
			<graphic url="../../../Day%206/IMG_0158.JPG"/>
		</surface>
	</facsimile>
	<text>
		<body>
			<div1 facs="#zone_bvd_jys_flb" type="EMIN_izin_tezkire">
				<p>
					<lb/>
					Hüve
					<lb/>
					Vech-i tahrīr-i hurūf budur ki
					<lb/>
					işbu					<date from="1801-07-11" from-custom="1216-03-01" to-custom="1217-02-30" type="created">
						bin iki yüz on altı senesinin Martı ibtidāsında Şubatı gāyene
						<lb/>
						değin
					</date>
					 der ʿuhde ve iltizāmımızda bulunan Kirşevo mukātaʿa mālikânesi
					<lb/>
					... bāʿis-i(?) tezkire Kirşevo kilisanın rāhibden					<persName>Peter</persName>
					 kendi emlākında
					<lb/>
					... āsiyāb nehr-i					<placeName>KOYSİNE</placeName>
					 üzere(?) müceddiden(?) binā etmek içün tarafımızdan
					<lb/>
					istīzān etmeleriyle biz dahi me'mūrimiz hasebiyle zikr olunan
					<lb/>
					āsiyābında be-her sene on akçe tarafa mālikâneye resm edā etmek şartiyle
					<lb/>
					tarafımızdan işbu izin tezkire mesfūr rāhibe(?) virildi
					<lb/>
					taraf-ı āhardan kimesne māniʿ olmaya
				</p>
				<div2 facs="#zone_hln_kys_flb" type="sign">
					<p>
						<lb/>
						...
						<lb/>
						ʿAta ...
						<lb/>
						Emīn-i
						<lb/>
						Kirşevo
					</p>
				</div2>
			</div1>
		</body>
	</text>
</TEI>
