<?xml version="1.0" encoding="UTF-8"?>
<?xml-model href="http://www.tei-c.org/release/xml/tei/custom/schema/relaxng/tei_all.rng" type="application/xml" schematypens="http://relaxng.org/ns/structure/1.0"?>
<?xml-model href="http://www.tei-c.org/release/xml/tei/custom/schema/relaxng/tei_all.rng" type="application/xml"
	schematypens="http://purl.oclc.org/dsdl/schematron"?>
<TEI xmlns="http://www.tei-c.org/ns/1.0">
	<teiHeader>
		<fileDesc>
			<titleStmt>
				<title>Tursko3-088</title>
			</titleStmt>
			<publicationStmt>
				<p>Publication Information</p>
			</publicationStmt>
			<sourceDesc>
				<p/>
			</sourceDesc>
		</fileDesc>
		<xenoData>{ "saji:aspectRatioType": [ "B" ], "saji:fond": [ "Tursko 3" ] }</xenoData>
	</teiHeader>
	<facsimile>
		<surface>
			<graphic url="../../../Tursko%203/DSCN9371.JPG"/>
			<zone ulx="407" uly="407" lrx="1650" lry="2671" xml:id="zone_t4n_tjg_zlb"/>
			<zone ulx="2097" uly="2097" lrx="914" lry="2632" xml:id="zone_xvt_5jg_zlb"/>
			<zone ulx="2402" uly="2402" lrx="902" lry="2622" xml:id="zone_ywn_vjg_zlb"/>
		</surface>
		<surface>
			<graphic url="../../../Day%205/IMG_0200.JPG"/>
		</surface>
		<surface>
			<graphic url="../../../Day%205/IMG_0201.JPG"/>
		</surface>
	</facsimile>
	<text>
		<body>
			<div1 facs="#zone_t4n_tjg_zlb" type="unkown">
				<p>
					<lb/>
					...					<date cert="low" type="created" when="1891-08-05" when-custom="1308">sene 1308</date>
					<lb/>
				</p>
				<div2 facs="#zone_xvt_5jg_zlb" type="sign">
					<p>
						<lb/>
						...
						<lb/>
					</p>
					<div3 facs="#zone_ywn_vjg_zlb" type="stamp">
						<p>
							<lb/>
							...
							<lb/>
						</p>
					</div3>
				</div2>
			</div1>
		</body>
	</text>
</TEI>
