<?xml version="1.0" encoding="UTF-8"?>
<?xml-model href="http://www.tei-c.org/release/xml/tei/custom/schema/relaxng/tei_all.rng" type="application/xml" schematypens="http://relaxng.org/ns/structure/1.0"?>
<?xml-model href="http://www.tei-c.org/release/xml/tei/custom/schema/relaxng/tei_all.rng" type="application/xml"
	schematypens="http://purl.oclc.org/dsdl/schematron"?>
<TEI xmlns="http://www.tei-c.org/ns/1.0">
	<teiHeader>
		<fileDesc>
			<titleStmt>
				<title>Tursko1-145</title>
			</titleStmt>
			<publicationStmt>
				<p>Publication Information</p>
			</publicationStmt>
			<notesStmt>
				<note type="mine">【要】日付：クロアチア語要約の月が読み取れなかったので、TEIの方には適当な数字を入力している。要確認。</note>
			</notesStmt>
			<sourceDesc>
				<p/>
			</sourceDesc>
		</fileDesc>
		<xenoData>{ "saji:aspectRatioType": [ "C" ], "saji:fond": [ "Tursko 1" ] }</xenoData>
	</teiHeader>
	<facsimile>
		<surface>
			<graphic url="../../../Tursko%201/DSCN1862.JPG"/>
			<zone ulx="200" uly="200" lrx="1550" lry="3075" xml:id="zone_rl1_3tv_cjb"/>
			<zone ulx="2762" uly="2762" lrx="619" lry="2931" xml:id="zone_ojj_ktv_cjb"/>
			<zone ulx="753" uly="753" lrx="1473" lry="2280" xml:id="zone_gsh_ltv_cjb"/>
			<zone ulx="1460" uly="1460" lrx="1460" lry="2280" xml:id="zone_rb2_mtv_cjb"/>
			<zone ulx="1941" uly="1941" lrx="887" lry="2091" xml:id="zone_drk_ntv_cjb"/>
		</surface>
		<surface>
			<graphic url="../../../Day%203/IMG_0139.JPG"/>
		</surface>
		<surface>
			<graphic url="../../../Day%203/IMG_0140.JPG"/>
		</surface>
		<surface>
			<graphic url="../../../Tursko%201/DSCN1863.JPG"/>
		</surface>
		<surface>
			<graphic url="../../../Tursko%201/DSCN1864.JPG"/>
			<zone ulx="644" uly="644" lrx="3039" lry="900" xml:id="zone_ymr_4tv_cjb"/>
		</surface>
	</facsimile>
	<text>
		<body>
			<div1 facs="#zone_rl1_3tv_cjb" type="iʿlām">
				<p>
					<lb/>
					Hüve
					<lb/>
					<lb/>
					Maʿrūz-ı ʿabd-i [d]aʿīleridir ki
					<lb/>
					<lb/>
					bāʿisü'l-iʿlām fi'l-ʿasl Taşlıca'dan olub bir kaç seneden berü Kirşevo kasabasına gelür gider kimesnelerden					<persName>NUHAN</persName>
					 nām kimesne tārīh-i iʿlāmdan bir ay mukaddem Saray cānibinden
					<lb/>
					<lb/>
					nefs-i Pazargünü kasaba-ı mezkūre gelüb çarış pazarında iken ʿasr vaktinde pazardan gayb oldu deyu bu hakīre ihbār olundukta kasaba-ı mezbūra varub varoşunda
					<lb/>
					<lb/>
					mütemekkinūn reʿāyā fukarāsīn huzūr-ı şerʿe ihzār ve merkūm					<persName>NUHAN</persName>
					 keyfiyetinden su’āl olundukta fi'l-hakīka merkūm					<persName>NUHAN</persName>
					 bir kaç seneden berü kasabamıza gelür
					<lb/>
					<lb/>
					ve gider makūlesinden olub ve lākin ne cānibe gittiği bir vechile maʿlūmumuz değildir dediklerinde kasaba-i Kirşevo'da sākinden imām El-hāc					<persName role="imām">Ahmed</persName>
					 Efendī ve sā'ir ahālı ve nāhiye
					<lb/>
					<lb/>
					dahi ahālīlerinden reʿāyā-ı mezkūrun keyfiyetlerinden istintāk olundukta öteden berü münkād bu ʿadem-i hiyānetyile mevsūf ve bu misillü keyfiyet anlardan şübhe olunmaz
					<lb/>
					<lb/>
					deyu her biri etrāfı'l-şahāde haber virdiklerinden mā-ʿadā üzerlerine şerʿan bir nesne lāzım geldiği ecilden husūs-ı mezkūrun rencide senden hālī olumalarıyçün
					<lb/>
					<lb/>
					yedlerine ... emr ... ricāsıyla ... bu sene ʿīlām olundu ol bābda ʿināyet ve ahālī
					<lb/>
					<lb/>
					hazret min ... el-emr ... tahrīren fī					<date from="1772-07-11" from-custom="1186-04-11" to-custom="1186-04-20" type="created">evāsit Rebī'ü'l-āhir sene sitte ve semānīn ve mie ve elif</date>
					<lb/>
				</p>
				<div2 facs="#zone_ojj_ktv_cjb" type="sign">
					<p>
						<lb/>
						El-ʿabdü'l-dāʿī Hācı						<persName role="Foyniçe ve Kirşevo nā'ib">Ahmad</persName>
						 el-mevlā-hirāfe bi-nāhiye Foyniçe maʿa Kirşevo
						<lb/>
					</p>
				</div2>
			</div1>
			<div1 facs="#zone_gsh_ltv_cjb" type="buyuruldu">
				<p>
					<lb/>
					Foyniçe kadı efendī
					<lb/>
					<lb/>
					İʿlām mūcibince reʿāyā-ı mesfūrdan kazīye-i mezkūre içün
					<lb/>
					<lb/>
					hilāfe şerʿ rencide ettirmeye fī					<date type="created" when="1772-07-29" when-custom="1186-04-29">29 R sene 186</date>
					<lb/>
				</p>
				<div2 facs="#zone_rb2_mtv_cjb" type="sign">
					<p>
						<lb/>
						...						<persName role="kāimmakām Eyālet-i Bosna">Mehmed</persName>
						 kāimmakām Eyālet-i Bosna
						<lb/>
					</p>
					<div3 facs="#zone_drk_ntv_cjb" type="stamp">
						<p>
							<lb/>
							<persName cert="unknown" role="kāimmakām Eyālet-i Bosna">Mehmed</persName>
							...
							<lb/>
						</p>
					</div3>
				</div2>
			</div1>
			<div1 facs="#zone_ymr_4tv_cjb" type="sumamry_Croatian">
				<p>
					<lb/>
					...					<date cert="unknown" type="summary_Croatian" when="1772-08-24">1772-24 ...</date>
					<lb/>
				</p>
			</div1>
		</body>
	</text>
</TEI>
