<?xml version="1.0" encoding="UTF-8"?>
<?xml-model href="http://www.tei-c.org/release/xml/tei/custom/schema/relaxng/tei_all.rng" type="application/xml" schematypens="http://relaxng.org/ns/structure/1.0"?>
<?xml-model href="http://www.tei-c.org/release/xml/tei/custom/schema/relaxng/tei_all.rng" type="application/xml"
	schematypens="http://purl.oclc.org/dsdl/schematron"?>
<TEI xmlns="http://www.tei-c.org/ns/1.0">
	<teiHeader>
		<fileDesc>
			<titleStmt>
				<title>Tursko3-075</title>
			</titleStmt>
			<publicationStmt>
				<p>Publication Information</p>
			</publicationStmt>
			<sourceDesc>
				<p/>
			</sourceDesc>
		</fileDesc>
		<xenoData>{ "saji:aspectRatioType": [ "B" ], "saji:fond": [ "Tursko 3" ] }</xenoData>
	</teiHeader>
	<facsimile>
		<surface>
			<graphic url="../../../Tursko%203/DSCN9338.JPG"/>
			<zone ulx="922" uly="922" lrx="1636" lry="1922" xml:id="zone_xk3_rk1_zlb"/>
		</surface>
		<surface>
			<graphic url="../../../Day%205/IMG_0170.JPG"/>
		</surface>
		<surface>
			<graphic url="../../../Day%205/IMG_0171.JPG"/>
		</surface>
		<surface>
			<graphic url="../../../Tursko%203/DSCN9339.JPG"/>
			<zone ulx="1091" uly="1091" lrx="2108" lry="2925" xml:id="zone_vvm_tk1_zlb"/>
			<zone ulx="2393" uly="2393" lrx="532" lry="2897" xml:id="zone_kmf_wk1_zlb"/>
			<zone ulx="2616" uly="2616" lrx="520" lry="2890" xml:id="zone_qvc_yk1_zlb"/>
		</surface>
	</facsimile>
	<text>
		<body>
			<div1 cert="low" facs="#zone_vvm_tk1_zlb" next="#zone_xk3_rk1_zlb" subtype="tapu_nāme" type="EMIN">
				<p>
					<lb/>
					...					<date type="created" when="1848-11-25" when-custom="1264">sene 264</date>
					<lb/>
				</p>
				<div2 facs="#zone_kmf_wk1_zlb" type="sign">
					<p>
						<lb/>
						...
						<lb/>
					</p>
					<div3 facs="#zone_qvc_yk1_zlb" type="stamp">
						<p>
							<lb/>
							...
							<lb/>
						</p>
					</div3>
				</div2>
				<div2 type="şühūdu’l-hāl">
					<p>
						<lb/>
						...
						<lb/>
					</p>
				</div2>
			</div1>
			<div1 facs="#zone_xk3_rk1_zlb" type="summary_Croatian">
				<p>
					<lb/>
					...
					<lb/>
				</p>
			</div1>
		</body>
	</text>
</TEI>
