<?xml version="1.0" encoding="UTF-8"?>
<?xml-model href="http://www.tei-c.org/release/xml/tei/custom/schema/relaxng/tei_all.rng" type="application/xml" schematypens="http://relaxng.org/ns/structure/1.0"?>
<?xml-model href="http://www.tei-c.org/release/xml/tei/custom/schema/relaxng/tei_all.rng" type="application/xml"
	schematypens="http://purl.oclc.org/dsdl/schematron"?>
<TEI xmlns="http://www.tei-c.org/ns/1.0">
	<teiHeader>
		<fileDesc>
			<titleStmt>
				<title>Tursko3-143</title>
			</titleStmt>
			<publicationStmt>
				<p>Publication Information</p>
			</publicationStmt>
			<sourceDesc>
				<p/>
			</sourceDesc>
		</fileDesc>
		<xenoData>{ "saji:aspectRatioType": [ "B" ], "saji:fond": [ "Tursko 3" ] }</xenoData>
	</teiHeader>
	<facsimile>
		<surface>
			<graphic url="../../../Tursko%203/DSCN9122.JPG"/>
			<zone ulx="793" uly="793" lrx="1480" lry="971" xml:id="zone_mqz_yxv_glb"/>
			<zone ulx="753" uly="753" lrx="1280" lry="939" xml:id="zone_b54_zxv_glb"/>
			<zone ulx="698" uly="698" lrx="1030" lry="887" xml:id="zone_qnl_1yv_glb"/>
			<zone ulx="707" uly="707" lrx="848" lry="901" xml:id="zone_fz1_byv_glb"/>
			<zone ulx="343" uly="343" lrx="1806" lry="493" xml:id="zone_bmc_cyv_glb"/>
		</surface>
		<surface>
			<graphic url="../../../Day%206/IMG_0118.JPG"/>
		</surface>
		<surface>
			<graphic url="../../../Day%206/IMG_0119.JPG"/>
		</surface>
		<surface>
			<graphic url="../../../Tursko%203/DSCN9123.JPG"/>
			<zone ulx="115" uly="115" lrx="1916" lry="2823" xml:id="zone_mdb_2yv_glb"/>
			<zone ulx="2460" uly="2460" lrx="1594" lry="2782" xml:id="zone_pbm_fyv_glb"/>
			<zone ulx="2423" uly="2423" lrx="1333" lry="2792" xml:id="zone_ezg_gyv_glb"/>
			<zone ulx="2388" uly="2388" lrx="1031" lry="2766" xml:id="zone_mzb_hyv_glb"/>
			<zone ulx="2326" uly="2326" lrx="721" lry="2709" xml:id="zone_i3t_hyv_glb"/>
		</surface>
	</facsimile>
	<text>
		<body>
			<div1 cert="low" facs="#zone_mdb_2yv_glb" next="#zone_bmc_cyv_glb" subtype="tapu_nāme" type="EMIN">
				<p>
					<lb/>
					...					<date type="created" when="1826-08-03" when-custom="1241">sene 241</date>
					<lb/>
				</p>
				<div2 facs="#zone_pbm_fyv_glb" type="sign">
					<p>
						<lb/>
						...
						<lb/>
					</p>
					<div3 facs="#zone_mqz_yxv_glb" type="stamp">
						<p>
							<lb/>
							...
							<lb/>
						</p>
					</div3>
				</div2>
				<div2 facs="#zone_ezg_gyv_glb" type="sign">
					<p>
						<lb/>
						...
						<lb/>
					</p>
					<div3 facs="#zone_b54_zxv_glb" type="stamp">
						<p>
							<lb/>
							...
							<lb/>
						</p>
					</div3>
				</div2>
				<div2 facs="#zone_mzb_hyv_glb" type="sign">
					<p>
						<lb/>
						...
						<lb/>
					</p>
					<div3 facs="#zone_qnl_1yv_glb" type="stamp">
						<p>
							<lb/>
							...
							<lb/>
						</p>
					</div3>
				</div2>
				<div2 facs="#zone_i3t_hyv_glb" type="sign">
					<p>
						<lb/>
						...
						<lb/>
					</p>
					<div3 facs="#zone_fz1_byv_glb" type="stamp">
						<p>
							<lb/>
							...
							<lb/>
						</p>
					</div3>
				</div2>
			</div1>
			<div1 facs="#zone_bmc_cyv_glb" type="summary_Croatian">
				<p>
					<lb/>
					...					<date type="summary_Croatian" when="1826">1826</date>
					<lb/>
				</p>
			</div1>
		</body>
	</text>
</TEI>
