<?xml version="1.0" encoding="UTF-8"?>
<?xml-model href="http://www.tei-c.org/release/xml/tei/custom/schema/relaxng/tei_all.rng" type="application/xml" schematypens="http://relaxng.org/ns/structure/1.0"?>
<?xml-model href="http://www.tei-c.org/release/xml/tei/custom/schema/relaxng/tei_all.rng" type="application/xml"
	schematypens="http://purl.oclc.org/dsdl/schematron"?>
<TEI xmlns="http://www.tei-c.org/ns/1.0">
	<teiHeader>
		<fileDesc>
			<titleStmt>
				<title>Tursko1-194</title>
			</titleStmt>
			<publicationStmt>
				<p>Publication Information</p>
			</publicationStmt>
			<notesStmt>
				<note type="mine">【要】DSCN1943.JPGは、この文書の写しの可能性あり。要確認。</note>
			</notesStmt>
			<sourceDesc>
				<p/>
			</sourceDesc>
		</fileDesc>
		<xenoData>{ "saji:aspectRatioType": [ "D" ], "saji:fond": [ "Tursko 1" ] }</xenoData>
	</teiHeader>
	<facsimile>
		<surface>
			<graphic url="../../../Tursko%201/DSCN1944.JPG"/>
			<zone ulx="711" uly="711" lrx="2712" lry="1576" xml:id="zone_prc_jxd_djb"/>
			<zone ulx="1185" uly="1185" lrx="792" lry="1422" xml:id="zone_jbf_kxd_djb"/>
		</surface>
		<surface>
			<graphic url="../../../Day%204/IMG_0110.JPG"/>
		</surface>
		<surface>
			<graphic url="../../../Day%204/IMG_0111.JPG"/>
		</surface>
		<surface>
			<graphic url="../../../Tursko%201/DSCN1945.JPG"/>
			<zone ulx="1452" uly="1452" lrx="1890" lry="3215" xml:id="zone_k4p_mxd_djb"/>
		</surface>
	</facsimile>
	<text>
		<body>
			<div1 facs="#zone_prc_jxd_djb" type="unknown">
				<p>
					<lb/>
					... fī					<date type="created" when="1846-05-30" when-custom="1262-06-05">5 C sene 262</date>
					<lb/>
				</p>
				<div3 facs="#zone_jbf_kxd_djb" type="stamp">
					<p>
						<lb/>
						...
						<lb/>
					</p>
				</div3>
			</div1>
			<div1 facs="#zone_k4p_mxd_djb" type="summary_Croatian">
				<p>
					<lb/>
					...
					<lb/>
				</p>
			</div1>
		</body>
	</text>
</TEI>
