<?xml version="1.0" encoding="UTF-8"?>
<?xml-model href="http://www.tei-c.org/release/xml/tei/custom/schema/relaxng/tei_all.rng" type="application/xml" schematypens="http://relaxng.org/ns/structure/1.0"?>
<?xml-model href="http://www.tei-c.org/release/xml/tei/custom/schema/relaxng/tei_all.rng" type="application/xml"
	schematypens="http://purl.oclc.org/dsdl/schematron"?>
<TEI xmlns="http://www.tei-c.org/ns/1.0">
	<teiHeader>
		<fileDesc>
			<titleStmt>
				<title>Tursko1-036</title>
			</titleStmt>
			<publicationStmt>
				<p>Publication Information</p>
			</publicationStmt>
			<sourceDesc>
				<p/>
			</sourceDesc>
		</fileDesc>
		<xenoData>{ "saji:aspectRatioType": [ "C" ], "saji:fond": [ "Tursko 1" ] }</xenoData>
	</teiHeader>
	<facsimile>
		<surface>
			<graphic url="../../../Tursko%201/DSCN1016.JPG"/>
			<zone ulx="45" uly="45" lrx="1991" lry="2854" xml:id="zone_gdz_3wg_z3b"/>
		</surface>
		<surface>
			<graphic url="../../../Day%202/IMG_0263.JPG"/>
		</surface>
		<surface>
			<graphic url="../../../Day%202/IMG_0266.JPG"/>
		</surface>
		<surface>
			<graphic url="../../../Tursko%201/DSCN1017.JPG"/>
			<zone ulx="1672" uly="1672" lrx="1775" lry="1856" xml:id="zone_hhw_lwg_z3b"/>
		</surface>
	</facsimile>
	<text>
		<body>
			<div1 facs="#zone_gdz_3wg_z3b" type="mürāsele">
				<l>
					... fī					<date type="created" when="1826-05-22" when-custom="1241-10-15">15 L 241</date>
				</l>
				<div3 facs="#zone_hhw_lwg_z3b" type="stamp"/>
			</div1>
		</body>
	</text>
</TEI>
