<?xml version="1.0" encoding="UTF-8"?>
<?xml-model href="http://www.tei-c.org/release/xml/tei/custom/schema/relaxng/tei_all.rng" type="application/xml" schematypens="http://relaxng.org/ns/structure/1.0"?>
<?xml-model href="http://www.tei-c.org/release/xml/tei/custom/schema/relaxng/tei_all.rng" type="application/xml"
	schematypens="http://purl.oclc.org/dsdl/schematron"?>
<TEI xmlns="http://www.tei-c.org/ns/1.0">
	<teiHeader>
		<fileDesc>
			<titleStmt>
				<title>Tursko2-015</title>
			</titleStmt>
			<publicationStmt>
				<p>Publication Information</p>
			</publicationStmt>
			<sourceDesc>
				<p/>
			</sourceDesc>
		</fileDesc>
		<xenoData>{ "saji:aspectRatioType": [ "C" ], "saji:fond": [ "Tursko 2" ] }</xenoData>
	</teiHeader>
	<facsimile>
		<surface>
			<graphic url="../../../Tursko%202/DSCN8948.JPG"/>
			<zone ulx="66" uly="66" lrx="2256" lry="950" xml:id="zone_sq1_kp1_2jb"/>
		</surface>
		<surface>
			<graphic url="../../../Day%204/IMG_0193.JPG"/>
		</surface>
		<surface>
			<graphic url="../../../Day%204/IMG_0194.JPG"/>
		</surface>
		<surface>
			<graphic url="../../../Day%204/IMG_0195.JPG"/>
		</surface>
		<surface>
			<graphic url="../../../Day%204/IMG_0196.JPG"/>
		</surface>
		<surface>
			<graphic url="../../../Day%204/IMG_0197.JPG"/>
		</surface>
		<surface>
			<graphic url="../../../Tursko%202/DSCN8949.JPG"/>
		</surface>
		<surface>
			<graphic url="../../../Tursko%202/DSCN8950.JPG"/>
			<zone ulx="1479" uly="1479" lrx="686" lry="1938" xml:id="zone_y12_mp1_2jb"/>
		</surface>
		<surface>
			<graphic url="../../../Tursko%202/DSCN8951.JPG"/>
			<zone ulx="366" uly="366" lrx="2183" lry="2933" xml:id="zone_sgy_1q1_2jb"/>
		</surface>
		<surface>
			<graphic url="../../../Tursko%202/DSCN8952.JPG"/>
			<zone ulx="522" uly="522" lrx="3017" lry="1694" xml:id="zone_hlb_gq1_2jb"/>
		</surface>
	</facsimile>
	<text>
		<body>
			<div1 facs="#zone_sgy_1q1_2jb" type="fermān">
				<p>
					<lb/>
					... fī					<date from="1786-08-06" from-custom="1200-10-11" to-custom="1200-10-20" type="created">evāsit şehr Şevvālı'l-mükerrem sene mieteyn ve elif</date>
					<lb/>
				</p>
				<div1 facs="#zone_sq1_kp1_2jb" type="tuğra">
					<p>
						<lb/>
						...
						<lb/>
					</p>
				</div1>
				<div2 facs="#zone_y12_mp1_2jb" type="sign">
					<p>
						<lb/>
						...
						<lb/>
					</p>
				</div2>
			</div1>
			<div1 facs="#zone_hlb_gq1_2jb" type="summary_Croatian">
				<p>
					<lb/>
					Datum:					<date from="1786-08-06" from-custom="1200-10-11" to-custom="1200-10-20" type="summary_Croatian">II dekada ševvel 1200</date>
					 -					<date from="1768-08-07" to="1768-08-16" type="summary_Croatian">7.do 16 avgusta 1768</date>
					<lb/>
				</p>
			</div1>
		</body>
	</text>
</TEI>
