<?xml version="1.0" encoding="UTF-8"?>
<?xml-model href="http://www.tei-c.org/release/xml/tei/custom/schema/relaxng/tei_all.rng" type="application/xml" schematypens="http://relaxng.org/ns/structure/1.0"?>
<?xml-model href="http://www.tei-c.org/release/xml/tei/custom/schema/relaxng/tei_all.rng" type="application/xml"
	schematypens="http://purl.oclc.org/dsdl/schematron"?>
<TEI xmlns="http://www.tei-c.org/ns/1.0">
	<teiHeader>
		<fileDesc>
			<titleStmt>
				<title>Tursko1-102</title>
			</titleStmt>
			<publicationStmt>
				<p>Publication Information</p>
			</publicationStmt>
			<sourceDesc>
				<p/>
			</sourceDesc>
		</fileDesc>
		<xenoData>{ "saji:aspectRatioType": [ "C" ], "saji:fond": [ "Tursko 1" ] }</xenoData>
	</teiHeader>
	<facsimile>
		<surface>
			<graphic url="../../../Tursko%201/DSCN1780.JPG"/>
			<zone ulx="81" uly="81" lrx="1973" lry="2909" xml:id="zone_rsh_2k3_cjb"/>
			<zone ulx="2055" uly="2055" lrx="379" lry="2325" xml:id="zone_lkg_fk3_cjb"/>
			<zone ulx="2176" uly="2176" lrx="356" lry="2312" xml:id="zone_nds_fk3_cjb"/>
		</surface>
		<surface>
			<graphic url="../../../Day%203/IMG_0039.JPG"/>
		</surface>
		<surface>
			<graphic url="../../../Day%203/IMG_0040.JPG"/>
		</surface>
		<surface>
			<graphic url="../../../Tursko%201/DSCN1781.JPG"/>
			<zone ulx="605" uly="605" lrx="2650" lry="1883" xml:id="zone_irc_hk3_cjb"/>
		</surface>
	</facsimile>
	<text>
		<body>
			<div1 cert="unknown" facs="#zone_rsh_2k3_cjb" type="kâğıt">
				<p>
					<lb/>
					...					<date type="created" when="1857-03-20" when-custom="1273-07-25">
						fi'l-yevmi'l-hāmis ve'l-ʿaşrūn min şehr Recebi'l-... sene
						<lb/>
						<lb/>
						suls ve sabʿīn ve mieteyn ve elif
					</date>
					<lb/>
				</p>
				<div2 facs="#zone_lkg_fk3_cjb" type="sign">
					<p>
						<lb/>
						...
						<lb/>
					</p>
					<div3 facs="#zone_nds_fk3_cjb" type="stamp">
						<p>
							<lb/>
							...
							<lb/>
						</p>
					</div3>
				</div2>
			</div1>
			<div1 facs="#zone_irc_hk3_cjb" type="summary_Croatian">
				<p>
					<lb/>
					...					<date type="summary_Croatian" when="1857">1857</date>
					<lb/>
					<lb/>
					gr 110.
					<lb/>
					<lb/>
					Nno 27.					<date type="summary_Croatian" when="1838-10-17" when-custom="1254-07">Redjep 1254</date>
					<lb/>
				</p>
			</div1>
		</body>
	</text>
</TEI>
