<?xml version="1.0" encoding="UTF-8"?>
<?xml-model href="http://www.tei-c.org/release/xml/tei/custom/schema/relaxng/tei_all.rng" type="application/xml" schematypens="http://relaxng.org/ns/structure/1.0"?>
<?xml-model href="http://www.tei-c.org/release/xml/tei/custom/schema/relaxng/tei_all.rng" type="application/xml"
	schematypens="http://purl.oclc.org/dsdl/schematron"?>
<TEI xmlns="http://www.tei-c.org/ns/1.0">
	<teiHeader>
		<fileDesc>
			<titleStmt>
				<title>Tursko3-205</title>
			</titleStmt>
			<publicationStmt>
				<p>Publication Information</p>
			</publicationStmt>
			<notesStmt>
				<note type="summary">修道士たちの持つ徴税権を、修道院長に対して売却・移譲することの承認</note>
				<note type="mine">☆修道士たちの徴税権を修道院長に売却するという、珍しい案件。修道院長に土地や徴税権を集積するような動きがあったのだろうか？</note>
			</notesStmt>
			<sourceDesc>
				<p/>
			</sourceDesc>
		</fileDesc>
		<xenoData>{ "saji:aspectRatioType": [ "B" ], "saji:fond": [ "Tursko 3" ] }</xenoData>
	</teiHeader>
	<facsimile>
		<surface>
			<graphic url="../../../Tursko%203/DSCN8993.JPG"/>
			<zone ulx="887" uly="887" lrx="1206" lry="1106" xml:id="zone_crw_xzx_wkb"/>
			<zone ulx="863" uly="863" lrx="860" lry="1139" xml:id="zone_t2n_yzx_wkb"/>
			<zone ulx="280" uly="280" lrx="2857" lry="696" xml:id="zone_vsr_zzx_wkb"/>
		</surface>
		<surface>
			<graphic url="../../../Day%207/IMG_0033.JPG"/>
		</surface>
		<surface>
			<graphic url="../../../Day%207/IMG_0034.JPG"/>
		</surface>
		<surface>
			<graphic url="../../../Tursko%203/DSCN8994.JPG"/>
			<zone ulx="16" uly="16" lrx="2075" lry="3166" xml:id="zone_tkc_m1y_wkb"/>
			<zone ulx="2531" uly="2531" lrx="907" lry="2883" xml:id="zone_rwf_n1y_wkb"/>
			<zone ulx="2431" uly="2431" lrx="580" lry="2830" xml:id="zone_jf5_n1y_wkb"/>
		</surface>
	</facsimile>
	<text>
		<body>
			<div1 facs="#zone_tkc_m1y_wkb" next="#zone_vsr_zzx_wkb" type="EMIN_zabt_temessük">
				<p>
					<lb/>
					Hüve
					<lb/>
					Vech-i tahrīr-i hurūf budur ki
					<lb/>
					işbu					<date type="created" when="1781-12-15" when-custom="1195">bin yüz doksan beş senesinde</date>
					 der ʿuhde ve iltizāmımızda olan Kirşevo mukātaʿası kurālarından
					<lb/>
					ruhbānların karyesinde hāsıl olan aʿşār-ı şerʿiye ve rüsūmāt-ı sā'iresin olageldiği
					<lb/>
					kadīmi üzere ber-vech-i peşīn işbu dārende-i hurūf ruhbānların gardiyānı zimmī ʿAnton
					<lb/>
					VİRÇİÇ nām gardiyāna yetmiş guruş bedeli mukābelesinde beyʿ ü ferāğ edüb ve meblağ(?) mezkūri
					<lb/>
					yedinden yedimize ahz ve kabz etdikten sonra işbu hurūf-ı zabt temessük yedine virildi
					<lb/>
					ve işbu sene-i mübārekede karye-i mezkūrede hāsıl olan aʿşār-ı şerʿiye ve rüsūmāt-ı sā'iresin
					<lb/>
					zabt ve taʿşīr ede(?) mesfūr gardiyānın zabt ve tasarrıfına(?) tarafımızdan ve taraf-ı āhardan
					<lb/>
					bir kimesne māniʿ ve müdāhale etmeye hurira					<date type="created" when="1781-12-15" when-custom="1195">fi'l-tārīhi'l-mezbūr</date>
				</p>
				<div2 facs="#zone_rwf_n1y_wkb" type="sign">
					<p>
						<lb/>
						... ʿÖmer
						<lb/>
						El-me'mūr-i
						<lb/>
						Mukātaʿ-i
						<lb/>
						Mezbūr					</p>
					<div3 facs="#zone_crw_xzx_wkb" type="stamp">
						<p>
							<lb/>
							...
							<lb/>
						</p>
					</div3>
				</div2>
				<div2 facs="#zone_jf5_n1y_wkb" type="sign">
					<p>
						<lb/>
						... Sālih
						<lb/>
						El-me'mūr-i
						<lb/>
						Mukātaʿ-i
						<lb/>
						Mezbūr					</p>
					<div3 facs="#zone_t2n_yzx_wkb" type="stamp">
						<p>
							<lb/>
							...
							<lb/>
						</p>
					</div3>
				</div2>
				<div2 type="şühūdu'l-hāl">
					<p>
						<lb/>
						Şühūdu'l-hāl					</p>
				</div2>
			</div1>
			<div1 facs="#zone_vsr_zzx_wkb" type="summary_Croatian">
				<p>
					<lb/>
					... od ...					<date when="1781" cert="medium">1781</date>
					(?) ...
					<lb/>
					... 10 Mom kom ...
					<lb/>
					...				</p>
			</div1>
		</body>
	</text>
</TEI>
