<?xml version="1.0" encoding="UTF-8"?>
<?xml-model href="http://www.tei-c.org/release/xml/tei/custom/schema/relaxng/tei_all.rng" type="application/xml" schematypens="http://relaxng.org/ns/structure/1.0"?>
<?xml-model href="http://www.tei-c.org/release/xml/tei/custom/schema/relaxng/tei_all.rng" type="application/xml"
	schematypens="http://purl.oclc.org/dsdl/schematron"?>
<TEI xmlns="http://www.tei-c.org/ns/1.0">
	<teiHeader>
		<fileDesc>
			<titleStmt>
				<title>Tursko3-202</title>
			</titleStmt>
			<publicationStmt>
				<p>Publication Information</p>
			</publicationStmt>
			<notesStmt>
				<note type="summary">エミンから修道院長に対する、徴税請負契約</note>
			</notesStmt>
			<sourceDesc>
				<p/>
			</sourceDesc>
		</fileDesc>
		<xenoData>{ "saji:aspectRatioType": [ "B" ], "saji:fond": [ "Tursko 3" ] }</xenoData>
	</teiHeader>
	<facsimile>
		<surface>
			<graphic url="../../../Tursko%203/DSCN8987.JPG"/>
			<zone ulx="91" uly="91" lrx="712" lry="350" xml:id="zone_af1_5vx_wkb"/>
			<zone ulx="2566" uly="2566" lrx="2396" lry="3012" xml:id="zone_tp4_vvx_wkb"/>
		</surface>
		<surface>
			<graphic url="../../../Day%207/IMG_0027.JPG"/>
		</surface>
		<surface>
			<graphic url="../../../Day%207/IMG_0028.JPG"/>
		</surface>
		<surface>
			<graphic url="../../../Tursko%203/DSCN8988.JPG"/>
			<zone ulx="123" uly="123" lrx="2170" lry="2915" xml:id="zone_gys_xvx_wkb"/>
			<zone ulx="2533" uly="2533" lrx="413" lry="2893" xml:id="zone_rkd_zvx_wkb"/>
		</surface>
	</facsimile>
	<text>
		<body>
			<div1 facs="#zone_gys_xvx_wkb" next="#zone_tp4_vvx_wkb" type="EMIN">
				<p>
					<lb/>
					Hüve
					<lb/>
					Vech-i tahrīr-i hurūf oldur ki
					<lb/>
					işbu					<date from-custom="1192-03-01" to-custom="1193-02-30">bin yüz doksan iki senesinde Martı ibtidāsından Şubatı gāyetine varınca</date>
					<lb/>
					ʿuhde ve iltizāmımızda olan Kirşevo mukātaʿasında kilisaya merbūt olan karyelerin
					<lb/>
					ʿaşār-ı şerʿiye ve rüsūm sā'iresine mezbūr iltizāmına taleb olan kilisanın baş
					<lb/>
					ruhbānı FRANU gardiyāna seksen guruş mukābelesinde der ʿuhde ve iltizām
					<lb/>
					olunub ve akçesi ber vech-i peşīn tarafımıza edā ... edüb işbu
					<lb/>
					<date when-custom="1192">bin yüz doksan iki senesinin</date>
					 hāsıl olan mahsūlātın ʿaşār-ı şerʿiyesi
					<lb/>
					ve rüsūm-u sā'iresi mesfūr FRANU gardiyān zabt ve ʿaşār-ı şerʿiyesi ahz
					<lb/>
					ve kabz edüb tarafımızdan ve taraf-ı āhardan bir kimesne māniʿ ve müdāhale(?)
					<lb/>
					olmayalar tahrīren fī					<date type="created" when="1778-04-20" when-custom="1192-03-23">23 Ra sene 1192</date>
				</p>
				<div2 facs="#zone_rkd_zvx_wkb" type="sign">
					<p>
						<lb/>
						...
						<lb/>
						ʿOsman
						<lb/>
						NUALİ
						<lb/>
						Zāde
						<lb/>
						El-me'mūr
						<lb/>
						M
					</p>
					<div3 facs="#zone_af1_5vx_wkb" type="stamp">
						<p>
							<lb/>
							...
							<lb/>
						</p>
					</div3>
				</div2>
				<div2 type="şühūdu'l-hāl">
					<p>
						<lb/>
						Şühūdu'l-hāl
						<lb/>
						Kirşevo PA ʿAlī Ağa
						<lb/>
						MŞLK Sālih Beşe
						<lb/>
						Hüseyin ... ʿOsman Efendī
						<lb/>
						ve gayrihim
					</p>
				</div2>
			</div1>
			<div1 facs="#zone_tp4_vvx_wkb" type="sumamry_Croatian">
				<p>
					<lb/>
					...					<date type="summary_Croatian" when="1778">1778</date>
					.
					<lb/>
					...
					<lb/>
					...
				</p>
			</div1>
		</body>
	</text>
</TEI>
