<?xml version="1.0" encoding="UTF-8"?>
<?xml-model href="http://www.tei-c.org/release/xml/tei/custom/schema/relaxng/tei_all.rng" type="application/xml" schematypens="http://relaxng.org/ns/structure/1.0"?>
<?xml-model href="http://www.tei-c.org/release/xml/tei/custom/schema/relaxng/tei_all.rng" type="application/xml"
	schematypens="http://purl.oclc.org/dsdl/schematron"?>
<TEI xmlns="http://www.tei-c.org/ns/1.0">
	<teiHeader>
		<fileDesc>
			<titleStmt>
				<title>Tursko1-041</title>
			</titleStmt>
			<publicationStmt>
				<p>Publication Information</p>
			</publicationStmt>
			<notesStmt>
				<note type="mine">DSCN1027.JPGと同じ画像・文書。重複している。</note>
			</notesStmt>
			<sourceDesc>
				<p/>
			</sourceDesc>
		</fileDesc>
		<xenoData>{ "saji:aspectRatioType": [ "B" ], "saji:calligraphy": [ "Rıkʿa" ], "saji:date_H": [
          "1181-M-21" ], "saji:date_M": [ "1767-06-19" ], "saji:foldingMethod": [ "4x2" ],
          "saji:fond": [ "Tursko 1" ], "saji:huve": [ "1" ], "saji:item": [
          "・hüve\r\n・クレシェヴォのスタンプ\r\n・本文\r\n・日付\r\n・署名(?)" ], "saji:lang": [ "ota" ], "saji:lineage":
          [ "11+2" ], "saji:memo": [ "・非常にきれいな文字で書かれているので読みやすそう。読解の参考にする。" ], "saji:number": [ "155"
          ], "saji:relationWithAnotherItems": [ "表全体像" ], "saji:stamp_c": [ "1" ], "saji:stamp_o": [
          "0" ], "saji:witness": [ "0" ] }</xenoData>
	</teiHeader>
	<facsimile>
		<surface>
			<graphic url="../../../Tursko%201/DSCN0984.JPG"/>
			<zone ulx="50" uly="50" lrx="1830" lry="3120" xml:id="zone_mcq_njf_z3b"/>
		</surface>
		<surface>
			<graphic url="../../../Day%202/IMG_0304.JPG"/>
		</surface>
		<surface>
			<graphic url="../../../Day%202/IMG_0307.JPG"/>
		</surface>
		<surface>
			<graphic url="../../../Tursko%201/DSCN0985.JPG"/>
			<zone ulx="1027" uly="1027" lrx="2717" lry="1222" xml:id="zone_wsh_qjf_z3b"/>
		</surface>
		<surface>
			<graphic url="../../../Tursko%201/DSCN0986.JPG"/>
			<zone ulx="2668" uly="2668" lrx="1806" lry="2806" xml:id="zone_fgg_sjf_z3b"/>
		</surface>
		<surface>
			<graphic url="../../../Tursko%201/DSCN1027.JPG"/>
			<zone ulx="91" uly="91" lrx="1792" lry="3058" xml:id="zone_v4v_z43_1jb"/>
		</surface>
		<surface>
			<graphic url="../../../Tursko%201/DSCN1028.JPG"/>
			<zone ulx="994" uly="994" lrx="2867" lry="1233" xml:id="zone_nwd_bp3_1jb"/>
		</surface>
		<surface>
			<graphic url="../../../Tursko%201/DSCN1029.JPG"/>
			<zone ulx="416" uly="416" lrx="679" lry="579" xml:id="zone_txl_cp3_1jb"/>
		</surface>
	</facsimile>
	<text>
		<body>
			<div1 cert="medium" facs="#zone_mcq_njf_z3b" type="mürāsele">
				<l>
					fī					<date type="created" when="1767-06-18" when-custom="1181-01-21">21 M 1181</date>
				</l>
			</div1>
			<div3 facs="#zone_fgg_sjf_z3b" type="stamp"/>
			<div1 facs="#zone_wsh_qjf_z3b" type="summary_Croatian">
				<l>
					<date type="summary_Croatian" when="1767">1767</date>
					 ...				</l>
			</div1>
			<div1 cert="medium" facs="#zone_v4v_z43_1jb" type="mürāsele">
				<p>
					<lb/>
					fī					<date type="created" when="1767-06-18" when-custom="1181-01-21">21 M 1181</date>
					<lb/>
				</p>
			</div1>
			<div3 facs="#zone_txl_cp3_1jb" type="stamp">
				<p>
					<lb/>
					...
					<lb/>
				</p>
			</div3>
			<div1 facs="#zone_nwd_bp3_1jb" type="summay_Crotatioan">
				<p>
					<lb/>
					<date type="summary_Croatian" when="1767">1767</date>
					 ...					<lb/>
				</p>
			</div1>
		</body>
	</text>
</TEI>
