<?xml version="1.0" encoding="UTF-8"?>
<?xml-model href="http://www.tei-c.org/release/xml/tei/custom/schema/relaxng/tei_all.rng" type="application/xml" schematypens="http://relaxng.org/ns/structure/1.0"?>
<?xml-model href="http://www.tei-c.org/release/xml/tei/custom/schema/relaxng/tei_all.rng" type="application/xml"
	schematypens="http://purl.oclc.org/dsdl/schematron"?>
<TEI xmlns="http://www.tei-c.org/ns/1.0">
	<teiHeader>
		<fileDesc>
			<titleStmt>
				<title>Tursko3-120</title>
			</titleStmt>
			<publicationStmt>
				<p>Publication Information</p>
			</publicationStmt>
			<sourceDesc>
				<p/>
			</sourceDesc>
		</fileDesc>
		<xenoData>{ "saji:aspectRatioType": [ "B" ], "saji:fond": [ "Tursko 3" ] }</xenoData>
	</teiHeader>
	<facsimile>
		<surface>
			<graphic url="../../../Tursko%203/DSCN9152.JPG"/>
			<zone ulx="523" uly="523" lrx="2780" lry="730" xml:id="zone_rvg_bsk_hlb"/>
		</surface>
		<surface>
			<graphic url="../../../Day%206/IMG_0062.JPG"/>
		</surface>
		<surface>
			<graphic url="../../../Day%206/IMG_0063.JPG"/>
		</surface>
		<surface>
			<graphic url="../../../Tursko%203/DSCN9153.JPG"/>
			<zone ulx="695" uly="695" lrx="1054" lry="920" xml:id="zone_rjb_2sk_hlb"/>
			<zone ulx="704" uly="704" lrx="756" lry="911" xml:id="zone_yst_2sk_hlb"/>
		</surface>
		<surface>
			<graphic url="../../../Tursko%203/DSCN9154.JPG"/>
			<zone ulx="91" uly="91" lrx="2192" lry="2958" xml:id="zone_ijq_gsk_hlb"/>
			<zone ulx="2446" uly="2446" lrx="784" lry="2865" xml:id="zone_ahh_3sk_hlb"/>
			<zone ulx="2390" uly="2390" lrx="468" lry="2825" xml:id="zone_xky_3sk_hlb"/>
		</surface>
	</facsimile>
	<text>
		<body>
			<div1 facs="#zone_ijq_gsk_hlb" next="#zone_rvg_bsk_hlb" subtype="zabt_temessük" type="EMIN">
				<p>
					<lb/>
					işbu					<date type="created" when="1793-08-06" when-custom="1207">bin iki yüz yedi senesinde</date>
					 der ...
					<lb/>
				</p>
				<div2 facs="#zone_ahh_3sk_hlb" type="sign">
					<p>
						<lb/>
						...
						<lb/>
					</p>
					<div3 facs="#zone_rjb_2sk_hlb" type="stamp">
						<p>
							<lb/>
							...
							<lb/>
						</p>
					</div3>
				</div2>
				<div2 facs="#zone_xky_3sk_hlb" type="sign">
					<p>
						<lb/>
						...
						<lb/>
					</p>
					<div3 facs="#zone_yst_2sk_hlb" type="stamp">
						<p>
							<lb/>
							...
							<lb/>
						</p>
					</div3>
				</div2>
				<div2 type="şühūdu’l-hāl">
					<p>
						<lb/>
						...
						<lb/>
					</p>
				</div2>
			</div1>
			<div1 facs="#zone_rvg_bsk_hlb" type="summary_Croatian">
				<p>
					<lb/>
					...					<date type="summary_Croatian" when="1793">1793</date>
					 : ...					<date type="summary_Croatian" when="1796-07-04" when-custom="1210">1210</date>
					<lb/>
				</p>
			</div1>
		</body>
	</text>
</TEI>
