<?xml version="1.0" encoding="UTF-8"?>
<?xml-model href="http://www.tei-c.org/release/xml/tei/custom/schema/relaxng/tei_all.rng" type="application/xml" schematypens="http://relaxng.org/ns/structure/1.0"?>
<?xml-model href="http://www.tei-c.org/release/xml/tei/custom/schema/relaxng/tei_all.rng" type="application/xml"
	schematypens="http://purl.oclc.org/dsdl/schematron"?>
<TEI xmlns="http://www.tei-c.org/ns/1.0">
	<teiHeader>
		<fileDesc>
			<titleStmt>
				<title>Tursko3-041</title>
			</titleStmt>
			<publicationStmt>
				<p>Publication Information</p>
			</publicationStmt>
			<sourceDesc>
				<p/>
			</sourceDesc>
		</fileDesc>
		<xenoData>{ "saji:aspectRatioType": [ "B" ], "saji:fond": [ "Tursko 3" ] }</xenoData>
	</teiHeader>
	<facsimile>
		<surface>
			<graphic url="../../../Tursko%203/DSCN9279.JPG"/>
			<zone ulx="2285" uly="2285" lrx="2754" lry="2477" xml:id="zone_gzm_3qv_nlb"/>
			<zone ulx="800" uly="800" lrx="2123" lry="1562" xml:id="zone_pvh_jqv_nlb"/>
		</surface>
		<surface>
			<graphic url="../../../Day%205/IMG_0098.JPG"/>
		</surface>
		<surface>
			<graphic url="../../../Day%205/IMG_0099.JPG"/>
		</surface>
		<surface>
			<graphic url="../../../Tursko%203/DSCN9280.JPG"/>
			<zone ulx="180" uly="180" lrx="1960" lry="2266" xml:id="zone_t5x_kqv_nlb"/>
			<zone ulx="1863" uly="1863" lrx="402" lry="2236" xml:id="zone_hw1_mqv_nlb"/>
		</surface>
	</facsimile>
	<text>
		<body>
			<div1 facs="#zone_t5x_kqv_nlb" next="#zone_pvh_jqv_nlb" subtype="unkown" type="EMIN">
				<p>
					<lb/>
					işbu					<date when="1820-10-06" when-custom="1235">bin iki yüz otuz beş senesinde</date>
					 der ...
					<lb/>
					fī					<date type="created" when="1820-10-06" when-custom="1235">7 Ca sene 1235</date>
				</p>
				<div2 facs="#zone_hw1_mqv_nlb" type="sign">
					<p>
						<lb/>
						...
						<lb/>
					</p>
					<div3 facs="#zone_gzm_3qv_nlb" type="stamp_sūret">
						<p>
							<lb/>
							...
							<lb/>
						</p>
					</div3>
				</div2>
				<div2 type="şühūdu’l-hāl">
					<p>
						<lb/>
						...
						<lb/>
					</p>
				</div2>
			</div1>
			<div1 facs="#zone_pvh_jqv_nlb" type="summary_Croatian">
				<p>
					<lb/>
					...					<date type="summary_Croatian" when="1820-10-06" when-custom="1235">1235</date>
					.
					<lb/>
				</p>
			</div1>
		</body>
	</text>
</TEI>
