<?xml version="1.0" encoding="UTF-8"?>
<?xml-model href="http://www.tei-c.org/release/xml/tei/custom/schema/relaxng/tei_all.rng" type="application/xml" schematypens="http://relaxng.org/ns/structure/1.0"?>
<?xml-model href="http://www.tei-c.org/release/xml/tei/custom/schema/relaxng/tei_all.rng" type="application/xml"
	schematypens="http://purl.oclc.org/dsdl/schematron"?>
<TEI xmlns="http://www.tei-c.org/ns/1.0">
	<teiHeader>
		<fileDesc>
			<titleStmt>
				<title>Tursko1-085</title>
			</titleStmt>
			<publicationStmt>
				<p>Publication Information</p>
			</publicationStmt>
			<notesStmt>
				<note type="mine">【要】日付：年 1201 or 1202 下一桁の読み取りを確認。</note>
			</notesStmt>
			<sourceDesc>
				<p/>
			</sourceDesc>
		</fileDesc>
		<xenoData>{ "saji:aspectRatioType": [ "C" ], "saji:fond": [ "Tursko 1" ] }</xenoData>
	</teiHeader>
	<facsimile>
		<surface>
			<graphic url="../../../Tursko%201/DSCN1743.JPG"/>
			<zone ulx="245" uly="245" lrx="1473" lry="3018" xml:id="zone_m2n_f2h_cjb"/>
		</surface>
		<surface>
			<graphic url="../../../Day%203/IMG_0001.JPG"/>
		</surface>
		<surface>
			<graphic url="../../../Day%203/IMG_0002.JPG"/>
		</surface>
		<surface>
			<graphic url="../../../Tursko%201/DSCN1744.JPG"/>
			<zone ulx="1685" uly="1685" lrx="918" lry="2020" xml:id="zone_dhk_rfh_cjb"/>
		</surface>
		<surface>
			<graphic url="../../../Tursko%201/DSCN1745.JPG"/>
			<zone ulx="410" uly="410" lrx="666" lry="598" xml:id="zone_d1s_h2h_cjb"/>
		</surface>
	</facsimile>
	<text>
		<body>
			<div1 facs="#zone_m2n_f2h_cjb" type="iʿlām">
				<p>
					<lb/>
					... fī					<date cert="medium" type="created" when="1788-01-09" when-custom="1202-04-01">gürre Rebī'ü'l-āhir sene
                  1202</date>
					<lb/>
				</p>
				<div2 facs="#zone_dhk_rfh_cjb" type="sign">
					<p>
						<lb/>
						...
						<lb/>
					</p>
				</div2>
			</div1>
			<div3 facs="#zone_d1s_h2h_cjb" type="stamp">
				<p>
					<lb/>
					...
					<lb/>
				</p>
			</div3>
		</body>
	</text>
</TEI>
