<?xml version="1.0" encoding="UTF-8"?>
<?xml-model href="http://www.tei-c.org/release/xml/tei/custom/schema/relaxng/tei_all.rng" type="application/xml" schematypens="http://relaxng.org/ns/structure/1.0"?>
<?xml-model href="http://www.tei-c.org/release/xml/tei/custom/schema/relaxng/tei_all.rng" type="application/xml"
	schematypens="http://purl.oclc.org/dsdl/schematron"?>
<TEI xmlns="http://www.tei-c.org/ns/1.0">
	<teiHeader>
		<fileDesc>
			<titleStmt>
				<title>Tursko3-147</title>
			</titleStmt>
			<publicationStmt>
				<p>Publication Information</p>
			</publicationStmt>
			<sourceDesc>
				<p/>
			</sourceDesc>
		</fileDesc>
		<xenoData>{ "saji:aspectRatioType": [ "B" ], "saji:fond": [ "Tursko 3" ] }</xenoData>
	</teiHeader>
	<facsimile>
		<surface>
			<graphic url="../../../Tursko%203/DSCN9130.JPG"/>
			<zone ulx="900" uly="900" lrx="3017" lry="1505" xml:id="zone_a33_3fw_glb"/>
		</surface>
		<surface>
			<graphic url="../../../Day%206/IMG_0126.JPG"/>
		</surface>
		<surface>
			<graphic url="../../../Day%206/IMG_0127.JPG"/>
		</surface>
		<surface>
			<graphic url="../../../Tursko%203/DSCN9131.JPG"/>
			<zone ulx="-20" uly="-20" lrx="2330" lry="2980" xml:id="zone_vyz_jfw_glb"/>
			<zone ulx="2582" uly="2582" lrx="372" lry="2965" xml:id="zone_pwm_lfw_glb"/>
		</surface>
	</facsimile>
	<text>
		<body>
			<div1 cert="medium" facs="#zone_vyz_jfw_glb" next="#zone_a33_3fw_glb" type="EMIN">
				<p>
					<lb/>
					...					<date type="created" when="1828-07-11" when-custom="1243">sene 243</date>
					<lb/>
				</p>
				<div2 facs="#zone_pwm_lfw_glb" type="sign">
					<p>
						<lb/>
						...
						<lb/>
					</p>
				</div2>
				<div2 type="şühūdu’l-hāl">
					<p>
						<lb/>
						...
						<lb/>
					</p>
				</div2>
			</div1>
			<div1 facs="#zone_a33_3fw_glb" type="summary_Croatian">
				<p>
					<lb/>
					...					<date type="summary_Croatian" when="1828">1828</date>
					.
					<lb/>
					<date type="summary_Croatian" when="1828-07-11" when-custom="1243">1243</date>
					.				</p>
			</div1>
		</body>
	</text>
</TEI>
