<?xml version="1.0" encoding="UTF-8"?>
<?xml-model href="http://www.tei-c.org/release/xml/tei/custom/schema/relaxng/tei_all.rng" type="application/xml" schematypens="http://relaxng.org/ns/structure/1.0"?>
<?xml-model href="http://www.tei-c.org/release/xml/tei/custom/schema/relaxng/tei_all.rng" type="application/xml"
	schematypens="http://purl.oclc.org/dsdl/schematron"?>
<TEI xmlns="http://www.tei-c.org/ns/1.0">
	<teiHeader>
		<fileDesc>
			<titleStmt>
				<title>Tursko1-078</title>
			</titleStmt>
			<publicationStmt>
				<p>Publication Information</p>
			</publicationStmt>
			<notesStmt>
				<note type="mine">【要】日付：日は、4日で合っているのか？</note>
			</notesStmt>
			<sourceDesc>
				<p/>
			</sourceDesc>
		</fileDesc>
		<xenoData>{ "saji:aspectRatioType": [ "E" ], "saji:fond": [ "Tursko 1" ] }</xenoData>
	</teiHeader>
	<facsimile>
		<surface>
			<graphic url="../../../Tursko%201/DSCN1718.JPG"/>
			<zone ulx="18" uly="18" lrx="1445" lry="3209" xml:id="zone_dtw_bj2_bjb"/>
		</surface>
		<surface>
			<graphic url="../../../Day%202/IMG_0509.JPG"/>
		</surface>
		<surface>
			<graphic url="../../../Day%202/IMG_0510.JPG"/>
		</surface>
		<surface>
			<graphic url="../../../Tursko%201/DSCN1719.JPG"/>
		</surface>
		<surface>
			<graphic url="../../../Tursko%201/DSCN1720.JPG"/>
			<zone ulx="237" uly="237" lrx="1341" lry="1029" xml:id="zone_qhn_2j2_bjb"/>
			<zone ulx="856" uly="856" lrx="1309" lry="1004" xml:id="zone_qng_fj2_bjb"/>
		</surface>
		<surface>
			<graphic url="../../../Tursko%201/DSCN1721.JPG"/>
		</surface>
		<surface>
			<graphic url="../../../Tursko%201/DSCN1722.JPG"/>
			<zone ulx="133" uly="133" lrx="2584" lry="1050" xml:id="zone_em5_gj2_bjb"/>
		</surface>
	</facsimile>
	<text>
		<body>
			<div1 facs="#zone_dtw_bj2_bjb" type="hüccet">
				<p>
					<lb/>
					...					<date cert="low" type="created" when="1861-01-15" when-custom="1277-07-04">
						fi'l-yevmi'l-rābīʿ min şehr Recebi'l-...
						<lb/>
						<lb/>
						sene sabʿ ve sabʿīn ve mieteyn ve elif
					</date>
					<lb/>
				</p>
				<div2 facs="#zone_qhn_2j2_bjb" type="sign">
					<p>
						<lb/>
						...
						<lb/>
					</p>
					<div3 facs="#zone_qng_fj2_bjb" type="stamp">
						<p>
							<lb/>
							...
							<lb/>
						</p>
					</div3>
				</div2>
			</div1>
			<div1 facs="#zone_em5_gj2_bjb" type="summary_Croatian">
				<p>
					<lb/>
					<date type="summary_Croatian" when="1861">1861</date>
					.
					<lb/>
				</p>
			</div1>
		</body>
	</text>
</TEI>
