<?xml version="1.0" encoding="UTF-8"?>
<?xml-model href="http://www.tei-c.org/release/xml/tei/custom/schema/relaxng/tei_all.rng" type="application/xml" schematypens="http://relaxng.org/ns/structure/1.0"?>
<?xml-model href="http://www.tei-c.org/release/xml/tei/custom/schema/relaxng/tei_all.rng" type="application/xml"
	schematypens="http://purl.oclc.org/dsdl/schematron"?>
<TEI xmlns="http://www.tei-c.org/ns/1.0">
	<teiHeader>
		<fileDesc>
			<titleStmt>
				<title>Tursko3-237</title>
			</titleStmt>
			<publicationStmt>
				<p>Publication Information</p>
			</publicationStmt>
			<sourceDesc>
				<p/>
			</sourceDesc>
		</fileDesc>
		<xenoData>{ "saji:aspectRatioType": [ "F" ], "saji:fond": [ "Tursko 3" ] }</xenoData>
	</teiHeader>
	<facsimile>
		<surface>
			<graphic url="../../../Tursko%203/DSCN0402.JPG"/>
			<zone ulx="523" uly="523" lrx="2154" lry="2661" xml:id="zone_xjz_f33_qkb"/>
			<zone ulx="1727" uly="1727" lrx="1463" lry="2645" xml:id="zone_dpl_h33_qkb"/>
			<zone ulx="2066" uly="2066" lrx="1466" lry="2636" xml:id="zone_o4k_333_qkb"/>
		</surface>
		<surface>
			<graphic url="../../../Day%207/IMG_0110.JPG"/>
		</surface>
		<surface>
			<graphic url="../../../Day%207/IMG_0111.JPG"/>
		</surface>
	</facsimile>
	<text>
		<body>
			<div1 facs="#zone_xjz_f33_qkb" subtype="cizye_ödeme" type="makbūz">
				<p>
					<lb/>
					... fī					<date cert="low" type="created" when="1842-02-10" when-custom="1257">... sene 57</date>
					<lb/>
				</p>
				<div2 facs="#zone_dpl_h33_qkb" type="sign">
					<p>
						<lb/>
						Bende ... Ahmad
						<lb/>
					</p>
					<div3 facs="#zone_o4k_333_qkb" type="stamp">
						<p>
							<lb/>
							<lb/>
						</p>
					</div3>
				</div2>
			</div1>
		</body>
	</text>
</TEI>
