<?xml version="1.0" encoding="UTF-8"?>
<?xml-model href="http://www.tei-c.org/release/xml/tei/custom/schema/relaxng/tei_all.rng" type="application/xml" schematypens="http://relaxng.org/ns/structure/1.0"?>
<?xml-model href="http://www.tei-c.org/release/xml/tei/custom/schema/relaxng/tei_all.rng" type="application/xml"
	schematypens="http://purl.oclc.org/dsdl/schematron"?>
<TEI xmlns="http://www.tei-c.org/ns/1.0">
	<teiHeader>
		<fileDesc>
			<titleStmt>
				<title>Tursko3-210</title>
			</titleStmt>
			<publicationStmt>
				<p>Publication Information</p>
			</publicationStmt>
			<notesStmt>
				<note type="summary"/>
			</notesStmt>
			<sourceDesc>
				<p/>
			</sourceDesc>
		</fileDesc>
		<xenoData>{ "saji:aspectRatioType": [ "B" ], "saji:fond": [ "Tursko 3" ] }</xenoData>
	</teiHeader>
	<facsimile>
		<surface>
			<graphic url="../../../Tursko%203/DSCN9003.JPG"/>
			<zone ulx="291" uly="291" lrx="1783" lry="512" xml:id="zone_lcp_45y_wkb"/>
			<zone ulx="2533" uly="2533" lrx="2062" lry="2787" xml:id="zone_qzv_p5y_wkb"/>
		</surface>
		<surface>
			<graphic url="../../../Day%207/IMG_0045.JPG"/>
		</surface>
		<surface>
			<graphic url="../../../Day%207/IMG_0046.JPG"/>
		</surface>
		<surface>
			<graphic url="../../../Tursko%203/DSCN9004.JPG"/>
			<zone ulx="33" uly="33" lrx="1408" lry="2941" xml:id="zone_yqs_r5y_wkb"/>
			<zone ulx="2543" uly="2543" lrx="416" lry="2906" xml:id="zone_btc_t5y_wkb"/>
		</surface>
	</facsimile>
	<text>
		<body>
			<div1 cert="low" facs="#zone_yqs_r5y_wkb" next="#zone_lcp_45y_wkb" type="ʿarz-ı_hāl">
				<p>
					<lb/>
					...
					<lb/>
				</p>
				<div2 facs="#zone_btc_t5y_wkb" type="sign">
					<p>
						<lb/>
						...
						<lb/>
					</p>
					<div3 facs="#zone_qzv_p5y_wkb" type="stamp">
						<p>
							<lb/>
							...
							<lb/>
						</p>
					</div3>
				</div2>
			</div1>
			<div1 facs="#zone_lcp_45y_wkb" type="unkown">
				<p>
					<lb/>
					...
					<lb/>
				</p>
			</div1>
		</body>
	</text>
</TEI>
