<?xml version="1.0" encoding="UTF-8"?>
<?xml-model href="http://www.tei-c.org/release/xml/tei/custom/schema/relaxng/tei_all.rng" type="application/xml" schematypens="http://relaxng.org/ns/structure/1.0"?>
<?xml-model href="http://www.tei-c.org/release/xml/tei/custom/schema/relaxng/tei_all.rng" type="application/xml"
	schematypens="http://purl.oclc.org/dsdl/schematron"?>
<TEI xmlns="http://www.tei-c.org/ns/1.0">
	<teiHeader>
		<fileDesc>
			<titleStmt>
				<title>Tursko1-090</title>
			</titleStmt>
			<publicationStmt>
				<p>Publication Information</p>
			</publicationStmt>
			<notesStmt>
				<note type="mine">【要】日付：年、1076年は古すぎるので、1176年 or 1276年の書き間違いではないか？しかし、次のDSCN1756.JPGは、1116(or 1126)年なので、1076年というのもあり得るのか？</note>
			</notesStmt>
			<sourceDesc>
				<p/>
			</sourceDesc>
		</fileDesc>
		<xenoData>{ "saji:aspectRatioType": [ "A" ], "saji:fond": [ "Tursko 1" ] }</xenoData>
	</teiHeader>
	<facsimile>
		<surface>
			<graphic url="../../../Tursko%201/DSCN1755.JPG"/>
			<zone ulx="712" uly="712" lrx="1600" lry="3145" xml:id="zone_irt_3lh_cjb"/>
			<zone ulx="740" uly="740" lrx="1236" lry="1184" xml:id="zone_krb_klh_cjb"/>
			<zone ulx="1019" uly="1019" lrx="1069" lry="1167" xml:id="zone_ajs_klh_cjb"/>
		</surface>
		<surface>
			<graphic url="../../../Day%203/IMG_0012.JPG"/>
		</surface>
		<surface>
			<graphic url="../../../Day%203/IMG_0013.JPG"/>
		</surface>
	</facsimile>
	<text>
		<body>
			<div1 facs="#zone_irt_3lh_cjb" type="hüccet">
				<p>
					<lb/>
					... fī					<date cert="low" from="1666-06-23" from-custom="1076-12-21" to-custom="1076-12-30" type="created">evāhir el-Hicce sene sitte ve sabʿīn ve elif</date>
					 ...
					<lb/>
				</p>
				<div2 facs="#zone_krb_klh_cjb" type="sign">
					<p>
						<lb/>
						...
						<lb/>
					</p>
					<div3 facs="#zone_ajs_klh_cjb" type="stamp">
						<p>
							<lb/>
							...
							<lb/>
						</p>
					</div3>
				</div2>
			</div1>
		</body>
	</text>
</TEI>
