<?xml version="1.0" encoding="UTF-8"?>
<?xml-model href="http://www.tei-c.org/release/xml/tei/custom/schema/relaxng/tei_all.rng" type="application/xml" schematypens="http://relaxng.org/ns/structure/1.0"?>
<?xml-model href="http://www.tei-c.org/release/xml/tei/custom/schema/relaxng/tei_all.rng" type="application/xml"
	schematypens="http://purl.oclc.org/dsdl/schematron"?>
<TEI xmlns="http://www.tei-c.org/ns/1.0">
	<teiHeader>
		<fileDesc>
			<titleStmt>
				<title>Tursko1-106</title>
			</titleStmt>
			<publicationStmt>
				<p>Publication Information</p>
			</publicationStmt>
			<notesStmt>
				<note type="summary">hüccetを作成するための下書き？</note>
				<note type="mine">【要】DSCN1692.JPGは同じ年月日に作成されたhüccetなので、内容を突合せ、その下書きであるかを検討する。</note>
			</notesStmt>
			<sourceDesc>
				<p/>
			</sourceDesc>
		</fileDesc>
		<xenoData>{ "saji:aspectRatioType": [ "A" ], "saji:fond": [ "Tursko 1" ] }</xenoData>
	</teiHeader>
	<facsimile>
		<surface>
			<graphic url="../../../Tursko%201/DSCN1699.JPG"/>
			<zone ulx="72" uly="72" lrx="1800" lry="3218" xml:id="zone_ngr_yry_1jb"/>
		</surface>
		<surface>
			<graphic url="../../../Day%203/IMG_0050.JPG"/>
		</surface>
		<surface>
			<graphic url="../../../Day%203/IMG_0052.JPG"/>
		</surface>
		<surface>
			<graphic url="../../../Tursko%201/DSCN1700.JPG"/>
			<zone ulx="-6" uly="-6" lrx="2785" lry="2272" xml:id="zone_nj3_hsy_1jb"/>
		</surface>
	</facsimile>
	<text>
		<body>
			<div1 cert="unknown" facs="#zone_ngr_yry_1jb" type="hüccet_varaka">
				<p>
					<lb/>
					...					<date type="created" when="1868-02-14" when-custom="1284-10-21">fi'l-yevmi'l-hādā ve'l-ʿaşrīn min şehr Şevvālı'l-mükerrem sene arbaʿa ve semānīn ve mieteyn ve elif</date>
					<lb/>
				</p>
			</div1>
			<div1 facs="#zone_nj3_hsy_1jb" type="summary_Croatian">
				<p>
					<lb/>
					Nno 7.
					<lb/>
				</p>
			</div1>
		</body>
	</text>
</TEI>
