<?xml version="1.0" encoding="UTF-8"?>
<?xml-model href="http://www.tei-c.org/release/xml/tei/custom/schema/relaxng/tei_all.rng" type="application/xml" schematypens="http://relaxng.org/ns/structure/1.0"?>
<?xml-model href="http://www.tei-c.org/release/xml/tei/custom/schema/relaxng/tei_all.rng" type="application/xml"
	schematypens="http://purl.oclc.org/dsdl/schematron"?>
<TEI xmlns="http://www.tei-c.org/ns/1.0">
	<teiHeader>
		<fileDesc>
			<titleStmt>
				<title>Tursko1-005</title>
			</titleStmt>
			<publicationStmt>
				<p>Publication Information</p>
			</publicationStmt>
			<sourceDesc>
				<p/>
			</sourceDesc>
		</fileDesc>
		<xenoData>{ "saji:aspectRatioType": [ "B" ], "saji:calligraphy": [ "Dīvānī" ], "saji:date_H": [
          "(12)77-M-15" ], "saji:date_M": [ "1860-08-03" ], "saji:foldingMethod": [ "7" ],
          "saji:fond": [ "Tursko 1" ], "saji:huve": [ "1" ], "saji:item": [ "\"hüve\"", "オスマン朝スタンプ",
          "本文", "小さな印@左下" ], "saji:lang": [ "ota" ], "saji:lineage": [ "5" ], "saji:memo": [
          "文末：特徴的な形, \"buyuruldu\"(?)", "日付：下二桁しか記されていないが、100の位が偶数の場合省略する慣習(çift
          yüzyıl)があるので、ヒジュラ暦1200年代であると判断した。日は横向きになっている「15」であると考え処理したが、要検討。", "典型" ], "saji:number":
          [ "61" ], "saji:relationWithAnotherItems": [ "DSCN0915.JPG_表", "表全体像" ], "saji:stamp_o": [
          "1" ], "saji:type": [ "beyaz üzerine buyuruldu" ] }</xenoData>
	</teiHeader>
	<facsimile>
		<surface>
			<graphic url="../../../Tursko%201/DSCN0915.JPG"/>
			<zone ulx="245" uly="245" lrx="2127" lry="2945" xml:id="zone_fds_2py_y3b"/>
			<zone ulx="845" uly="845" lrx="2081" lry="1213" xml:id="zone_g2m_fpy_y3b"/>
		</surface>
		<surface>
			<graphic url="../../../Day%201/IMG_0039.JPG"/>
		</surface>
		<surface>
			<graphic url="../../../Day%201/IMG_0042.JPG"/>
		</surface>
	</facsimile>
	<text>
		<body>
			<div1 facs="#zone_fds_2py_y3b" type="beyaz_üzerine_buyuruldu">
				<l>
					... fī					<date cert="low" type="created" when="1861-06-13" when-custom="1277--05">5 ... 77</date>
				</l>
				<div3 facs="#zone_g2m_fpy_y3b" type="stamp"/>
			</div1>
		</body>
	</text>
</TEI>
