<?xml version="1.0" encoding="UTF-8"?>
<?xml-model href="http://www.tei-c.org/release/xml/tei/custom/schema/relaxng/tei_all.rng" type="application/xml" schematypens="http://relaxng.org/ns/structure/1.0"?>
<?xml-model href="http://www.tei-c.org/release/xml/tei/custom/schema/relaxng/tei_all.rng" type="application/xml"
	schematypens="http://purl.oclc.org/dsdl/schematron"?>
<TEI xmlns="http://www.tei-c.org/ns/1.0">
	<teiHeader>
		<fileDesc>
			<titleStmt>
				<title>Tursko3-066</title>
			</titleStmt>
			<publicationStmt>
				<p>Publication Information</p>
			</publicationStmt>
			<sourceDesc>
				<p/>
			</sourceDesc>
		</fileDesc>
		<xenoData>{ "saji:aspectRatioType": [ "B" ], "saji:fond": [ "Tursko 3" ] }</xenoData>
	</teiHeader>
	<facsimile>
		<surface>
			<graphic url="../../../Tursko%203/DSCN9229.JPG"/>
			<zone ulx="833" uly="833" lrx="2689" lry="1911" xml:id="zone_a31_wns_mlb"/>
		</surface>
		<surface>
			<graphic url="../../../Day%205/IMG_0152.JPG"/>
		</surface>
		<surface>
			<graphic url="../../../Day%205/IMG_0153.JPG"/>
		</surface>
		<surface>
			<graphic url="../../../Tursko%203/DSCN9230.JPG"/>
			<zone ulx="208" uly="208" lrx="2283" lry="2858" xml:id="zone_igr_zns_mlb"/>
			<zone ulx="2351" uly="2351" lrx="505" lry="2833" xml:id="zone_wdm_b4s_mlb"/>
		</surface>
	</facsimile>
	<text>
		<body>
			<div1 facs="#zone_igr_zns_mlb" next="#zone_a31_wns_mlb" subtype="unkown" type="EMIN">
				<p>
					<lb/>
					... fī					<date type="created" when="1829-01-05" when-custom="1244-06-29">29 C sene 244</date>
					<lb/>
				</p>
				<div2 facs="#zone_wdm_b4s_mlb" type="sign">
					<p>
						<lb/>
						...
						<lb/>
					</p>
				</div2>
			</div1>
			<div1 facs="#zone_a31_wns_mlb" type="summary_Croatian">
				<p>
					<lb/>
					...					<date type="summary_Croatian" when="1829-07-01" when-custom="1244">1244</date>
					<lb/>
				</p>
			</div1>
		</body>
	</text>
</TEI>
