<?xml version="1.0" encoding="UTF-8"?>
<?xml-model href="http://www.tei-c.org/release/xml/tei/custom/schema/relaxng/tei_all.rng" type="application/xml" schematypens="http://relaxng.org/ns/structure/1.0"?>
<?xml-model href="http://www.tei-c.org/release/xml/tei/custom/schema/relaxng/tei_all.rng" type="application/xml"
	schematypens="http://purl.oclc.org/dsdl/schematron"?>
<TEI xmlns="http://www.tei-c.org/ns/1.0">
	<teiHeader>
		<fileDesc>
			<titleStmt>
				<title>Tursko3-006</title>
			</titleStmt>
			<publicationStmt>
				<p>Publication Information</p>
			</publicationStmt>
			<sourceDesc>
				<p/>
			</sourceDesc>
		</fileDesc>
		<xenoData>{ "saji:aspectRatioType": [ "D" ], "saji:fond": [ "Tursko 3" ] }</xenoData>
	</teiHeader>
	<facsimile>
		<surface>
			<graphic url="../../../Tursko%203/DSCN9198.JPG"/>
			<zone ulx="275" uly="275" lrx="1832" lry="1950" xml:id="zone_bnq_blt_klb"/>
		</surface>
		<surface>
			<graphic url="../../../Day%205/IMG_0020.JPG"/>
		</surface>
		<surface>
			<graphic url="../../../Day%205/IMG_0021.JPG"/>
		</surface>
		<surface>
			<graphic url="../../../Tursko%203/DSCN9199.JPG"/>
			<zone ulx="163" uly="163" lrx="1818" lry="2554" xml:id="zone_byd_dlt_klb"/>
		</surface>
	</facsimile>
	<text>
		<body>
			<div1 facs="#zone_byd_dlt_klb" next="#zone_bnq_blt_klb" type="fetvā">
				<p>
					<lb/>
					...
					<lb/>
				</p>
			</div1>
			<div1 facs="#zone_bnq_blt_klb" type="summary_Croatian">
				<p>
					<lb/>
					...					<date type="summary_Croatian" when="1838">1838</date>
					<lb/>
				</p>
			</div1>
		</body>
	</text>
</TEI>
