<?xml version="1.0" encoding="UTF-8"?>
<?xml-model href="http://www.tei-c.org/release/xml/tei/custom/schema/relaxng/tei_all.rng" type="application/xml" schematypens="http://relaxng.org/ns/structure/1.0"?>
<?xml-model href="http://www.tei-c.org/release/xml/tei/custom/schema/relaxng/tei_all.rng" type="application/xml"
	schematypens="http://purl.oclc.org/dsdl/schematron"?>
<TEI xmlns="http://www.tei-c.org/ns/1.0">
	<teiHeader>
		<fileDesc>
			<titleStmt>
				<title>Tursko1-043</title>
			</titleStmt>
			<publicationStmt>
				<p>Publication Information</p>
			</publicationStmt>
			<notesStmt>
				<note type="mine">DSCN1034.JPGと同じ画像・文書。重複している。</note>
			</notesStmt>
			<sourceDesc>
				<p/>
			</sourceDesc>
		</fileDesc>
		<xenoData>{ "saji:aspectRatioType": [ "A" ], "saji:calligraphy": [ "Rıkʿa" ], "saji:date_H": [ "(?)-M-evāsṭ(?)" ], "saji:foldingMethod": [ "3x2" ], "saji:fond": [ "Tursko 1" ], "saji:huve": [
					"0" ], "saji:item": [ "・表題(?)\r\n・オスマン朝スタンプ1\r\n・オスマン朝スタンプ2\r\n・差出人(?)\r\n・クレシェヴォのスタンプ\r\n・本文\r\n・日付\r\n・証人" ], "saji:lang": [ "ota" ], "saji:lineage": [ "1+2+22+5" ],
					"saji:number": [ "502" ], "saji:relationWithAnotherItems": [ "表全体像" ], "saji:stamp_c": [ "1" ], "saji:stamp_o": [ "2" ], "saji:witness": [ "3(?)" ] }</xenoData>
	</teiHeader>
	<facsimile>
		<surface>
			<graphic url="../../../Tursko%201/DSCN0978.JPG"/>
			<zone ulx="136" uly="136" lrx="1663" lry="3227" xml:id="zone_wwy_rff_z3b"/>
			<zone ulx="142" uly="142" lrx="1063" lry="314" xml:id="zone_jqh_tff_z3b"/>
			<zone ulx="228" uly="228" lrx="1256" lry="370" xml:id="zone_zvh_5ff_z3b"/>
		</surface>
		<surface>
			<graphic url="../../../Day%202/IMG_0314.JPG"/>
		</surface>
		<surface>
			<graphic url="../../../Day%202/IMG_0318.JPG"/>
		</surface>
		<surface>
			<graphic url="../../../Tursko%201/DSCN0979.JPG"/>
			<zone ulx="1066" uly="1066" lrx="2150" lry="1816" xml:id="zone_exj_wff_z3b"/>
		</surface>
		<surface>
			<graphic url="../../../Tursko%201/DSCN1034.JPG"/>
			<zone ulx="80" uly="80" lrx="1620" lry="3080" xml:id="zone_cns_dr3_1jb"/>
			<zone ulx="108" uly="108" lrx="1021" lry="257" xml:id="zone_l3s_2r3_1jb"/>
			<zone ulx="171" uly="171" lrx="1207" lry="314" xml:id="zone_wg2_fr3_1jb"/>
		</surface>
		<surface>
			<graphic url="../../../Tursko%201/DSCN1035.JPG"/>
			<zone ulx="1211" uly="1211" lrx="1845" lry="1905" xml:id="zone_cth_gr3_1jb"/>
		</surface>
	</facsimile>
	<text>
		<body>
			<div1 facs="#zone_wwy_rff_z3b" type="hüccet_sūret">
				<l>
					... fī					<date cert="low" from="1795-07-27" from-custom="1210-01-11" to-custom="1210-01-20" type="created">evāsit Muharrem el-harām sene ʿaşr ve miyetein ve elif</date>
				</l>
				<div3 facs="#zone_jqh_tff_z3b" type="stamp"/>
				<div3 facs="#zone_zvh_5ff_z3b" type="stamp"/>
			</div1>
			<div1 facs="#zone_exj_wff_z3b" type="summary_Croatian"/>
			<div1 facs="#zone_cns_dr3_1jb" type="hüccet_sūret">
				<p>
					<lb/>
					... fī					<date cert="low" type="created" from-custom="1210-01-11" to-custom="1210-01-20">evāsit Muharrem el-harām sene ʿaşr ve miyetein ve elif</date>
					<lb/>
				</p>
				<div3 facs="#zone_l3s_2r3_1jb" type="stamp">
					<p>
						<lb/>
						...
						<lb/>
					</p>
				</div3>
				<div3 facs="#zone_wg2_fr3_1jb" type="stamp">
					<p>
						<lb/>
						...
						<lb/>
					</p>
				</div3>
			</div1>
			<div1 facs="#zone_cth_gr3_1jb" type="summary_Croatian">
				<p>
					<lb/>
					...
					<lb/>
				</p>
			</div1>
		</body>
	</text>
</TEI>
