<?xml version="1.0" encoding="UTF-8"?>
<?xml-model href="http://www.tei-c.org/release/xml/tei/custom/schema/relaxng/tei_all.rng" type="application/xml" schematypens="http://relaxng.org/ns/structure/1.0"?>
<?xml-model href="http://www.tei-c.org/release/xml/tei/custom/schema/relaxng/tei_all.rng" type="application/xml"
	schematypens="http://purl.oclc.org/dsdl/schematron"?>
<TEI xmlns="http://www.tei-c.org/ns/1.0">
	<teiHeader>
		<fileDesc>
			<titleStmt>
				<title>Tursko3-096</title>
			</titleStmt>
			<publicationStmt>
				<p>Publication Information</p>
			</publicationStmt>
			<sourceDesc>
				<p/>
			</sourceDesc>
		</fileDesc>
		<xenoData>{ "saji:aspectRatioType": [ "B" ], "saji:fond": [ "Tursko 3" ] }</xenoData>
	</teiHeader>
	<facsimile>
		<surface>
			<graphic url="../../../Tursko%203/DSCN9220.JPG"/>
			<zone ulx="612" uly="612" lrx="1450" lry="1145" xml:id="zone_om2_53s_mlb"/>
		</surface>
		<surface>
			<graphic url="../../../Day%206/IMG_0012.JPG"/>
		</surface>
		<surface>
			<graphic url="../../../Day%206/IMG_0013.JPG"/>
		</surface>
		<surface>
			<graphic url="../../../Tursko%203/DSCN9221.JPG"/>
			<zone ulx="520" uly="520" lrx="1310" lry="976" xml:id="zone_bkn_v3s_mlb"/>
		</surface>
		<surface>
			<graphic url="../../../Tursko%203/DSCN9222.JPG"/>
			<zone ulx="1542" uly="1542" lrx="1493" lry="2407" xml:id="zone_d5f_x3s_mlb"/>
			<zone ulx="2111" uly="2111" lrx="532" lry="2370" xml:id="zone_fsk_y3s_mlb"/>
		</surface>
	</facsimile>
	<text>
		<body>
			<div1 facs="#zone_d5f_x3s_mlb" next="#zone_bkn_v3s_mlb" type="unkown">
				<p>
					<lb/>
					fī					<date type="created" when="1796-06-26" when-custom="1210-12-21">21 Zı'l-hicce sene 1210</date>
					<lb/>
				</p>
			</div1>
			<div1 facs="#zone_bkn_v3s_mlb" next="#zone_om2_53s_mlb" type="unkown">
				<p>
					<lb/>
					...
					<lb/>
				</p>
			</div1>
			<div1 facs="#zone_om2_53s_mlb" type="sumary_Croatian">
				<p>
					<lb/>
					na					<date type="summary_Croatian" when="1796">1796</date>
					<lb/>
				</p>
			</div1>
		</body>
	</text>
</TEI>
