<?xml version="1.0" encoding="UTF-8"?>
<?xml-model href="http://www.tei-c.org/release/xml/tei/custom/schema/relaxng/tei_all.rng" type="application/xml" schematypens="http://relaxng.org/ns/structure/1.0"?>
<?xml-model href="http://www.tei-c.org/release/xml/tei/custom/schema/relaxng/tei_all.rng" type="application/xml"
	schematypens="http://purl.oclc.org/dsdl/schematron"?>
<TEI xmlns="http://www.tei-c.org/ns/1.0">
	<teiHeader>
		<fileDesc>
			<titleStmt>
				<title>Tursko3-019</title>
			</titleStmt>
			<publicationStmt>
				<p>Publication Information</p>
			</publicationStmt>
			<sourceDesc>
				<p/>
			</sourceDesc>
		</fileDesc>
		<xenoData>{ "saji:aspectRatioType": [ "B" ], "saji:fond": [ "Tursko 3" ] }</xenoData>
	</teiHeader>
	<facsimile>
		<surface>
			<graphic url="../../../Tursko%203/DSCN9325.JPG"/>
			<zone ulx="900" uly="900" lrx="2778" lry="1838" xml:id="zone_kmy_jhm_ylb"/>
		</surface>
		<surface>
			<graphic url="../../../Day%205/IMG_0048.JPG"/>
		</surface>
		<surface>
			<graphic url="../../../Day%205/IMG_0049.JPG"/>
		</surface>
		<surface>
			<graphic url="../../../Tursko%203/DSCN9326.JPG"/>
			<zone ulx="246" uly="246" lrx="2377" lry="2700" xml:id="zone_bws_lhm_ylb"/>
			<zone ulx="2102" uly="2102" lrx="531" lry="2490" xml:id="zone_fzc_nhm_ylb"/>
		</surface>
	</facsimile>
	<text>
		<body>
			<div1 facs="#zone_bws_lhm_ylb" next="#zone_kmy_jhm_ylb" subtype="zabt_temessük" type="EMIN">
				<p>
					<lb/>
					işbu					<date type="created" when="1837-04-05" when-custom="1252">bin iki yüz elli iki senesinde</date>
					 der ...
					<lb/>
					... fī ...				</p>
				<div2 facs="#zone_fzc_nhm_ylb" type="sign">
					<p>
						<lb/>
						...
						<lb/>
					</p>
				</div2>
				<div2 type="şühūdu’l-hāl">
					<p>
						<lb/>
						...
						<lb/>
					</p>
				</div2>
			</div1>
			<div1 facs="#zone_kmy_jhm_ylb" type="summary_Croatian">
				<p>
					<lb/>
					...
					<lb/>
					<date type="summary_Croatian" when="1837-04-05" when-custom="1252">1252</date>
					. Nno 13.				</p>
			</div1>
		</body>
	</text>
</TEI>
