<?xml version="1.0" encoding="UTF-8"?>
<?xml-model href="http://www.tei-c.org/release/xml/tei/custom/schema/relaxng/tei_all.rng" type="application/xml" schematypens="http://relaxng.org/ns/structure/1.0"?>
<?xml-model href="http://www.tei-c.org/release/xml/tei/custom/schema/relaxng/tei_all.rng" type="application/xml"
	schematypens="http://purl.oclc.org/dsdl/schematron"?>
<TEI xmlns="http://www.tei-c.org/ns/1.0">
	<teiHeader>
		<fileDesc>
			<titleStmt>
				<title>Tursko2-006</title>
			</titleStmt>
			<publicationStmt>
				<p>Publication Information</p>
			</publicationStmt>
			<notesStmt>
				<note type="mine">【要】日付：幅のある日付をマークアップできていない。要確認。</note>
				<note type="mine">【要】再撮影：裏面にオスマン語の文字の一部が写っているが、全体を写した写真が欠けている。要再撮影。</note>
			</notesStmt>
			<sourceDesc>
				<p/>
			</sourceDesc>
		</fileDesc>
		<xenoData>{ "saji:aspectRatioType": [ "C" ], "saji:fond": [ "Tursko 2" ] }</xenoData>
	</teiHeader>
	<facsimile>
		<surface>
			<graphic url="../../../Tursko%202/DSCN8926.JPG"/>
			<zone ulx="283" uly="283" lrx="2450" lry="1955" xml:id="zone_gsg_gvz_djb"/>
			<zone ulx="1410" uly="1410" lrx="2830" lry="1861" xml:id="zone_gsd_3vz_djb"/>
			<zone ulx="1487" uly="1487" lrx="2815" lry="1618" xml:id="zone_rqd_jvz_djb"/>
		</surface>
		<surface>
			<graphic url="../../../Day%204/IMG_0154.JPG"/>
		</surface>
		<surface>
			<graphic url="../../../Day%204/IMG_0155.JPG"/>
		</surface>
		<surface>
			<graphic url="../../../Day%204/IMG_0156.JPG"/>
		</surface>
		<surface>
			<graphic url="../../../Tursko%202/DSCN8927.JPG"/>
			<zone ulx="1577" uly="1577" lrx="1061" lry="2431" xml:id="zone_adl_kvz_djb"/>
			<zone ulx="-11" uly="-11" lrx="3292" lry="170" xml:id="zone_rsg_lvz_djb"/>
			<zone ulx="823" uly="823" lrx="3071" lry="1476" xml:id="zone_y4f_nvz_djb"/>
		</surface>
	</facsimile>
	<text>
		<body>
			<div1 facs="#zone_rqd_jvz_djb" type="fermān_sūret">
				<p>
					<lb/>
					... fī					<date from="1853-05-29" from-custom="1269-08-21" to-custom="1269-08-30" type="created">evāhir şehr Şaʿabānı'l-muʿazzam sene tisʿ ve sittīn ve mieteyn ve elif</date>
					<lb/>
				</p>
				<div2 facs="#zone_adl_kvz_djb" type="sign">
					<p>
						<lb/>
						...
						<lb/>
					</p>
				</div2>
			</div1>
			<div2 facs="#zone_gsd_3vz_djb" type="sign">
				<p>
					<lb/>
					...
					<lb/>
				</p>
				<div3 facs="#zone_gsg_gvz_djb" type="stamp">
					<p>
						<lb/>
						...
						<lb/>
					</p>
				</div3>
			</div2>
			<div1 facs="#zone_rsg_lvz_djb" type="unknown">
				<p>
					<lb/>
					...
					<lb/>
				</p>
			</div1>
			<div1 facs="#zone_y4f_nvz_djb" type="summary_Croatian">
				<p>
					<lb/>
					Datum:					<date from="1853-05-29" from-custom="1269-08-21" to-custom="1269-08-30" type="summary_Croatian">III dekada šabana 1269</date>
					 -					<date from="1853-05-30" to="1853-07-07" type="summary_Croatian">30. maj - 7. juli 1853</date>
					.
					<lb/>
				</p>
			</div1>
		</body>
	</text>
</TEI>
