<?xml version="1.0" encoding="UTF-8"?>
<?xml-model href="http://www.tei-c.org/release/xml/tei/custom/schema/relaxng/tei_all.rng" type="application/xml" schematypens="http://relaxng.org/ns/structure/1.0"?>
<?xml-model href="http://www.tei-c.org/release/xml/tei/custom/schema/relaxng/tei_all.rng" type="application/xml"
	schematypens="http://purl.oclc.org/dsdl/schematron"?>
<TEI xmlns="http://www.tei-c.org/ns/1.0">
	<teiHeader>
		<fileDesc>
			<titleStmt>
				<title>Tursko3-095</title>
			</titleStmt>
			<publicationStmt>
				<p>Publication Information</p>
			</publicationStmt>
			<sourceDesc>
				<p/>
			</sourceDesc>
		</fileDesc>
		<xenoData>{ "saji:aspectRatioType": [ "D" ], "saji:fond": [ "Tursko 3" ] }</xenoData>
	</teiHeader>
	<facsimile>
		<surface>
			<graphic url="../../../Tursko%203/DSCN9360.JPG"/>
			<zone ulx="1022" uly="1022" lrx="2256" lry="1266" xml:id="zone_ypq_hcg_zlb"/>
		</surface>
		<surface>
			<graphic url="../../../Day%206/IMG_0010.JPG"/>
		</surface>
		<surface>
			<graphic url="../../../Day%206/IMG_0011.JPG"/>
		</surface>
		<surface>
			<graphic url="../../../Tursko%203/DSCN9361.JPG"/>
			<zone ulx="278" uly="278" lrx="1985" lry="2492" xml:id="zone_upj_kcg_zlb"/>
			<zone ulx="2243" uly="2243" lrx="787" lry="2443" xml:id="zone_mbt_lcg_zlb"/>
		</surface>
	</facsimile>
	<text>
		<body>
			<div1 facs="#zone_upj_kcg_zlb" next="#zone_ypq_hcg_zlb" type="unkown">
				<p>
					<lb/>
					... fī					<date cert="medium" when="1805-02-02" when-custom="1219-11-3">3 Za sene 209</date>
					<lb/>
				</p>
				<div2 type="sign">
					<div3 facs="#zone_mbt_lcg_zlb" type="stamp">
						<p>
							<lb/>
							...
							<lb/>
						</p>
					</div3>
				</div2>
			</div1>
			<div1 facs="#zone_ypq_hcg_zlb" type="summary_Croatian">
				<p>
					<lb/>
					...					<date type="summary_Croatian" when="1796">1796</date>
					<lb/>
				</p>
			</div1>
		</body>
	</text>
</TEI>
