<?xml version="1.0" encoding="UTF-8"?>
<?xml-model href="http://www.tei-c.org/release/xml/tei/custom/schema/relaxng/tei_all.rng" type="application/xml" schematypens="http://relaxng.org/ns/structure/1.0"?>
<?xml-model href="http://www.tei-c.org/release/xml/tei/custom/schema/relaxng/tei_all.rng" type="application/xml"
	schematypens="http://purl.oclc.org/dsdl/schematron"?>
<TEI xmlns="http://www.tei-c.org/ns/1.0">
	<teiHeader>
		<fileDesc>
			<titleStmt>
				<title>Tursko1-133</title>
			</titleStmt>
			<publicationStmt>
				<p>Publication Information</p>
			</publicationStmt>
			<sourceDesc>
				<p/>
			</sourceDesc>
		</fileDesc>
		<xenoData>{ "saji:aspectRatioType": [ "B" ], "saji:fond": [ "Tursko 1" ] }</xenoData>
	</teiHeader>
	<facsimile>
		<surface>
			<graphic url="../../../Tursko%201/DSCN1843.JPG"/>
			<zone ulx="109" uly="109" lrx="1782" lry="3063" xml:id="zone_xht_rbq_cjb"/>
			<zone ulx="2663" uly="2663" lrx="450" lry="3042" xml:id="zone_rhx_sbq_cjb"/>
			<zone ulx="126" uly="126" lrx="1292" lry="1547" xml:id="zone_cjv_tbq_cjb"/>
		</surface>
		<surface>
			<graphic url="../../../Day%203/IMG_0114.JPG"/>
		</surface>
		<surface>
			<graphic url="../../../Day%203/IMG_0115.JPG"/>
		</surface>
	</facsimile>
	<text>
		<body>
			<div1 facs="#zone_xht_rbq_cjb" type="ʿarz-ı_hāl">
				<p>
					<lb/>
					...
					<lb/>
				</p>
				<div2 facs="#zone_rhx_sbq_cjb" type="sign">
					<p>
						<lb/>
						...
						<lb/>
					</p>
				</div2>
			</div1>
			<div1 facs="#zone_cjv_tbq_cjb" type="buyuruldu">
				<p>
					<lb/>
					buyuruldu fī					<date type="created" when="1826-06-03" when-custom="1241-10-27">27 Ş sene 241</date>
					<lb/>
				</p>
			</div1>
		</body>
	</text>
</TEI>
