<?xml version="1.0" encoding="UTF-8"?>
<?xml-model href="http://www.tei-c.org/release/xml/tei/custom/schema/relaxng/tei_all.rng" type="application/xml" schematypens="http://relaxng.org/ns/structure/1.0"?>
<?xml-model href="http://www.tei-c.org/release/xml/tei/custom/schema/relaxng/tei_all.rng" type="application/xml"
	schematypens="http://purl.oclc.org/dsdl/schematron"?>
<TEI xmlns="http://www.tei-c.org/ns/1.0">
	<teiHeader>
		<fileDesc>
			<titleStmt>
				<title>Tursko1-144</title>
			</titleStmt>
			<publicationStmt>
				<p>Publication Information</p>
			</publicationStmt>
			<sourceDesc>
				<p/>
			</sourceDesc>
		</fileDesc>
		<xenoData>{ "saji:aspectRatioType": [ "C" ], "saji:fond": [ "Tursko 1" ], "saji:type": [
               "iʿlām+メモ？" ] }</xenoData>
	</teiHeader>
	<facsimile>
		<surface>
			<graphic url="../../../Tursko%201/DSCN1859.JPG"/>
			<zone ulx="116" uly="116" lrx="1450" lry="3091" xml:id="zone_gch_nrv_cjb"/>
			<zone ulx="2801" uly="2801" lrx="573" lry="3036" xml:id="zone_gsn_4rv_cjb"/>
			<zone ulx="1941" uly="1941" lrx="2029" lry="2402" xml:id="zone_mr3_qrv_cjb"/>
			<zone ulx="2432" uly="2432" lrx="1967" lry="3032" xml:id="zone_i2j_rrv_cjb"/>
		</surface>
		<surface>
			<graphic url="../../../Day%203/IMG_0137.JPG"/>
		</surface>
		<surface>
			<graphic url="../../../Day%203/IMG_0138.JPG"/>
		</surface>
	</facsimile>
	<text>
		<body>
			<div1 facs="#zone_gch_nrv_cjb" type="iʿlām">
				<p>
					<lb/>
					... fī					<date type="created" when="1798-08-29" when-custom="1213-03-18">18 Ra 1213</date>
					<lb/>
				</p>
				<div2 facs="#zone_gsn_4rv_cjb" type="sign">
					<p>
						<lb/>
						...
						<lb/>
					</p>
				</div2>
			</div1>
			<div1 cert="unknown" facs="#zone_mr3_qrv_cjb" type="note">
				<p>
					<lb/>
					...
					<lb/>
				</p>
			</div1>
			<div1 cert="unknown" facs="#zone_i2j_rrv_cjb" type="note">
				<p>
					<lb/>
					...					<lb/>
				</p>
			</div1>
		</body>
	</text>
</TEI>
