<?xml version="1.0" encoding="UTF-8"?>
<?xml-model href="http://www.tei-c.org/release/xml/tei/custom/schema/relaxng/tei_all.rng" type="application/xml" schematypens="http://relaxng.org/ns/structure/1.0"?>
<?xml-model href="http://www.tei-c.org/release/xml/tei/custom/schema/relaxng/tei_all.rng" type="application/xml"
	schematypens="http://purl.oclc.org/dsdl/schematron"?>
<TEI xmlns="http://www.tei-c.org/ns/1.0">
	<teiHeader>
		<fileDesc>
			<titleStmt>
				<title>Tursko3-108</title>
			</titleStmt>
			<publicationStmt>
				<p>Publication Information</p>
			</publicationStmt>
			<sourceDesc>
				<p/>
			</sourceDesc>
		</fileDesc>
		<xenoData>{ "saji:aspectRatioType": [ "D" ], "saji:fond": [ "Tursko 3" ] }</xenoData>
	</teiHeader>
	<facsimile>
		<surface>
			<graphic url="../../../Tursko%203/DSCN9209.JPG"/>
			<zone ulx="427" uly="427" lrx="1763" lry="2945" xml:id="zone_yg3_qpt_klb"/>
			<zone ulx="2321" uly="2321" lrx="1578" lry="2721" xml:id="zone_cl3_rpt_klb"/>
		</surface>
		<surface>
			<graphic url="../../../Day%206/IMG_0037.JPG"/>
		</surface>
		<surface>
			<graphic url="../../../Day%206/IMG_0038.JPG"/>
		</surface>
	</facsimile>
	<text>
		<body>
			<div1 facs="#zone_yg3_qpt_klb" type="cizye_senedi">
				<p>
					<lb/>
					...
					<lb/>
				</p>
				<div2 facs="#zone_cl3_rpt_klb" type="stamp">
					<p>
						<lb/>
						...
						<lb/>
					</p>
				</div2>
			</div1>
		</body>
	</text>
</TEI>
