<?xml version="1.0" encoding="UTF-8"?>
<?xml-model href="http://www.tei-c.org/release/xml/tei/custom/schema/relaxng/tei_all.rng" type="application/xml" schematypens="http://relaxng.org/ns/structure/1.0"?>
<?xml-model href="http://www.tei-c.org/release/xml/tei/custom/schema/relaxng/tei_all.rng" type="application/xml"
	schematypens="http://purl.oclc.org/dsdl/schematron"?>
<TEI xmlns="http://www.tei-c.org/ns/1.0">
	<teiHeader>
		<fileDesc>
			<titleStmt>
				<title>Tursko1-101</title>
			</titleStmt>
			<publicationStmt>
				<p>Publication Information</p>
			</publicationStmt>
			<sourceDesc>
				<p/>
			</sourceDesc>
		</fileDesc>
		<xenoData>{ "saji:aspectRatioType": [ "C" ], "saji:fond": [ "Tursko 1" ] }</xenoData>
	</teiHeader>
	<facsimile>
		<surface>
			<graphic url="../../../Tursko%201/DSCN1776.JPG"/>
			<zone ulx="63" uly="63" lrx="2154" lry="3027" xml:id="zone_czc_333_cjb"/>
			<zone ulx="2831" uly="2831" lrx="705" lry="2948" xml:id="zone_vvk_j33_cjb"/>
			<zone ulx="63" uly="63" lrx="1609" lry="2390" xml:id="zone_vl5_k33_cjb"/>
		</surface>
		<surface>
			<graphic url="../../../Day%203/IMG_0037.JPG"/>
		</surface>
		<surface>
			<graphic url="../../../Day%203/IMG_0038.JPG"/>
		</surface>
		<surface>
			<graphic url="../../../Tursko%201/DSCN1777.JPG"/>
		</surface>
		<surface>
			<graphic url="../../../Tursko%201/DSCN1779.JPG"/>
			<zone ulx="483" uly="483" lrx="3273" lry="1588" xml:id="zone_ovm_n33_cjb"/>
		</surface>
	</facsimile>
	<text>
		<body>
			<div1 facs="#zone_czc_333_cjb" type="iʿlām">
				<p>
					<lb/>
					...
					<lb/>
				</p>
				<div2 facs="#zone_vvk_j33_cjb" type="sign">
					<p>
						<lb/>
						...
						<lb/>
					</p>
				</div2>
			</div1>
			<div1 facs="#zone_vl5_k33_cjb" type="buyuruldu">
				<p>
					<lb/>
					buyuruldu fī					<date type="created" when="1825-08-27" when-custom="1241-01-13">13 M sene 1241</date>
					<lb/>
				</p>
			</div1>
			<div1 facs="#zone_ovm_n33_cjb" type="summary_Croatian">
				<p>
					<lb/>
					<date type="summary_Croatian" when="1825-08">Augusta 1825</date>
					.
					<lb/>
				</p>
			</div1>
		</body>
	</text>
</TEI>
