<?xml version="1.0" encoding="UTF-8"?>
<?xml-model href="http://www.tei-c.org/release/xml/tei/custom/schema/relaxng/tei_all.rng" type="application/xml" schematypens="http://relaxng.org/ns/structure/1.0"?>
<?xml-model href="http://www.tei-c.org/release/xml/tei/custom/schema/relaxng/tei_all.rng" type="application/xml"
	schematypens="http://purl.oclc.org/dsdl/schematron"?>
<TEI xmlns="http://www.tei-c.org/ns/1.0">
	<teiHeader>
		<fileDesc>
			<titleStmt>
				<title>Tursko1-003</title>
			</titleStmt>
			<publicationStmt>
				<p>Publication Information</p>
			</publicationStmt>
			<notesStmt>
				<note type="mine">【要】日付：作成年タグが2つある、見直す。</note>
			</notesStmt>
			<sourceDesc>
				<p/>
			</sourceDesc>
		</fileDesc>
		<xenoData>{ "saji:aspectRatioType": [ "C" ], "saji:calligraphy": [ "Rıkʿa" ], "saji:foldingMethod": [ "8×2" ], "saji:fond": [ "Tursko 1" ], "saji:huve": [ "1" ], "saji:item": [ "\"hüve\"",
					"オスマン朝スタンプ1", "本文1", "オスマン朝印紙", "会計", "本文2", "オスマン朝スタンプ2" ], "saji:lang": [ "ota" ], "saji:lineage": [ "5-N1-5" ], "saji:memo": [ "料紙：透かし", "オスマン朝スタンプ、印紙、文字の様子から、新しい文書のように見える",
					"縦に2つ折りした料紙の右半分のみに記述している", "典型" ], "saji:number": [ "2" ], "saji:openingPhrase": [ "Madīna-i Saray ḳażāsına" ], "saji:placeFull": [ "Madīna-i Saray ḳażāsına ... Foyniçe ḳażā ...
					Kreşevo" ], "saji:relationWithAnotherItems": [ "DSCN0909.JPG_表", "表全体像" ], "saji:stamp_o": [ "2" ], "saji:type": [ "ḳassām deftrei" ] }</xenoData>
	</teiHeader>
	<facsimile>
		<surface>
			<graphic url="../../../Tursko%201/DSCN0909.JPG"/>
			<zone ulx="90" uly="90" lrx="2160" lry="3120" xml:id="zone_vsy_2ly_y3b"/>
		</surface>
		<surface>
			<graphic url="../../../Day%201/IMG_0030.JPG"/>
		</surface>
		<surface>
			<graphic url="../../../Day%201/IMG_0031.JPG"/>
		</surface>
		<surface>
			<graphic url="../../../Day%2018/IMG_0007.JPG"/>
		</surface>
		<surface>
			<graphic url="../../../Day%2018/IMG_0008.JPG"/>
		</surface>
		<surface>
			<graphic url="../../../Tursko%201/DSCN0910.JPG"/>
			<zone ulx="134" uly="134" lrx="1446" lry="445" xml:id="zone_kr5_hly_y3b"/>
			<zone ulx="1695" uly="1695" lrx="991" lry="2075" xml:id="zone_mkn_3ly_y3b"/>
		</surface>
		<surface>
			<graphic url="../../../Tursko%201/DSCN0911.JPG"/>
			<zone ulx="2979" uly="2979" lrx="1558" lry="3120" xml:id="zone_pzl_kly_y3b"/>
		</surface>
		<surface>
			<graphic url="../../../Tursko%201/DSCN0912.JPG"/>
			<zone ulx="1180" uly="1180" lrx="1975" lry="1770" xml:id="zone_f1h_mly_y3b"/>
			<zone ulx="1558" uly="1558" lrx="1708" lry="1758" xml:id="zone_pyv_mly_y3b"/>
		</surface>
	</facsimile>
	<text>
		<body>
			<div1 facs="#zone_vsy_2ly_y3b" type="kassām_deftrei">
				<p>
					<lb/>
					...
					<date cert="unknown" type="created" when-custom="129?-04-22">
						 fi'l-yevmi'l-sānī ve'l-ʿaşrīn ve ... Rebīʿl-āhir sene ... ve tisʿīn ve miyetein ve
						<lb/>
						<lb/>
						elif
					</date>
					<lb/>
				</p>
			</div1>
			<div3 facs="#zone_kr5_hly_y3b" type="stamp"/>
			<div3 facs="#zone_mkn_3ly_y3b" type="stamp"/>
			<div3 facs="#zone_pzl_kly_y3b" type="stamp"/>
			<div1 cert="low" facs="#zone_f1h_mly_y3b" type="kassām_deftrei">
				<l>
					fī					<date cert="unknown" type="created" when="1877-12-26" when-custom="1294--21">21 ... 294</date>
				</l>
				<div3 facs="#zone_pyv_mly_y3b" type="stamp"/>
			</div1>
		</body>
	</text>
</TEI>
