<?xml version="1.0" encoding="UTF-8"?>
<?xml-model href="http://www.tei-c.org/release/xml/tei/custom/schema/relaxng/tei_all.rng" type="application/xml" schematypens="http://relaxng.org/ns/structure/1.0"?>
<?xml-model href="http://www.tei-c.org/release/xml/tei/custom/schema/relaxng/tei_all.rng" type="application/xml"
	schematypens="http://purl.oclc.org/dsdl/schematron"?>
<TEI xmlns="http://www.tei-c.org/ns/1.0">
	<teiHeader>
		<fileDesc>
			<titleStmt>
				<title>Tursko3-074</title>
			</titleStmt>
			<publicationStmt>
				<p>Publication Information</p>
			</publicationStmt>
			<sourceDesc>
				<p/>
			</sourceDesc>
		</fileDesc>
		<xenoData>{ "saji:aspectRatioType": [ "B" ], "saji:fond": [ "Tursko 3" ] }</xenoData>
	</teiHeader>
	<facsimile>
		<surface>
			<graphic url="../../../Tursko%203/DSCN9308.JPG"/>
			<zone ulx="827" uly="827" lrx="1973" lry="1511" xml:id="zone_btr_cwl_ylb"/>
		</surface>
		<surface>
			<graphic url="../../../Day%205/IMG_0168.JPG"/>
		</surface>
		<surface>
			<graphic url="../../../Day%205/IMG_0169.JPG"/>
		</surface>
		<surface>
			<graphic url="../../../Tursko%203/DSCN9309.JPG"/>
			<zone ulx="93" uly="93" lrx="2219" lry="2237" xml:id="zone_pbd_fwl_ylb"/>
			<zone ulx="1898" uly="1898" lrx="825" lry="2211" xml:id="zone_qvh_hwl_ylb"/>
			<zone ulx="198" uly="198" lrx="2174" lry="403" xml:id="zone_d2h_3wl_ylb"/>
		</surface>
	</facsimile>
	<text>
		<body>
			<div1 cert="low" facs="#zone_pbd_fwl_ylb" next="#zone_btr_cwl_ylb" type="EMIN">
				<p>
					<lb/>
					... fī					<date type="created" when="1757-09-24" when-custom="1171-01-11">11 M sene 1171</date>
					<lb/>
				</p>
				<div2 facs="#zone_qvh_hwl_ylb" type="sign">
					<p>
						<lb/>
						...
						<lb/>
					</p>
				</div2>
				<div2 type="sign">
					<div3 facs="#zone_d2h_3wl_ylb" type="stamp">
						<p>
							<lb/>
							...
							<lb/>
						</p>
					</div3>
				</div2>
				<div2 type="şühūdu’l-hāl">
					<p>
						<lb/>
						...
						<lb/>
					</p>
				</div2>
			</div1>
			<div1 facs="#zone_btr_cwl_ylb" type="summary_Croatian">
				<p>
					<lb/>
					...
					<lb/>
				</p>
			</div1>
		</body>
	</text>
</TEI>
