<?xml version="1.0" encoding="UTF-8"?>
<?xml-model href="http://www.tei-c.org/release/xml/tei/custom/schema/relaxng/tei_all.rng" type="application/xml" schematypens="http://relaxng.org/ns/structure/1.0"?>
<?xml-model href="http://www.tei-c.org/release/xml/tei/custom/schema/relaxng/tei_all.rng" type="application/xml"
	schematypens="http://purl.oclc.org/dsdl/schematron"?>
<TEI xmlns="http://www.tei-c.org/ns/1.0">
	<teiHeader>
		<fileDesc>
			<titleStmt>
				<title>Tursko1-176</title>
			</titleStmt>
			<publicationStmt>
				<p>Publication Information</p>
			</publicationStmt>
			<notesStmt>
				<note type="mine">【要】DSCN1955.JPGの写しの可能性。要確認。</note>
			</notesStmt>
			<sourceDesc>
				<p/>
			</sourceDesc>
		</fileDesc>
		<xenoData>{ "saji:aspectRatioType": [ "C" ], "saji:fond": [ "Tursko 1" ] }</xenoData>
	</teiHeader>
	<facsimile>
		<surface>
			<graphic url="../../../Tursko%201/DSCN1953.JPG"/>
			<zone ulx="492" uly="492" lrx="2354" lry="2869" xml:id="zone_bvv_wk2_djb"/>
			<zone ulx="567" uly="567" lrx="1475" lry="673" xml:id="zone_b3s_xk2_djb"/>
			<zone ulx="2249" uly="2249" lrx="1651" lry="2529" xml:id="zone_vlm_yk2_djb"/>
		</surface>
		<surface>
			<graphic url="../../../Day%204/IMG_0061.JPG"/>
		</surface>
		<surface>
			<graphic url="../../../Day%204/IMG_0062.JPG"/>
		</surface>
		<surface>
			<graphic url="../../../Tursko%201/DSCN1954.JPG"/>
			<zone ulx="572" uly="572" lrx="3150" lry="1211" xml:id="zone_oxq_zk2_djb"/>
		</surface>
	</facsimile>
	<text>
		<body>
			<div1 facs="#zone_bvv_wk2_djb" type="tapu_senedi_sūret">
				<p>
					<lb/>
					... fī					<date type="created" when="1866-06-12" when-custom="1283-01-29">29 Muharrem sene 1283</date>
					<lb/>
				</p>
				<div1 facs="#zone_b3s_xk2_djb" type="tuğra_sūret">
					<p>
						<lb/>
						...
						<lb/>
					</p>
				</div1>
				<div3 facs="#zone_vlm_yk2_djb" type="stamp_sūret">
					<p>
						<lb/>
						...
						<lb/>
					</p>
				</div3>
			</div1>
			<div1 facs="#zone_oxq_zk2_djb" type="summary_Croatian">
				<p>
					<lb/>
					...					<lb/>
				</p>
			</div1>
		</body>
	</text>
</TEI>
