<?xml version="1.0" encoding="UTF-8"?>
<?xml-model href="http://www.tei-c.org/release/xml/tei/custom/schema/relaxng/tei_all.rng" type="application/xml" schematypens="http://relaxng.org/ns/structure/1.0"?>
<?xml-model href="http://www.tei-c.org/release/xml/tei/custom/schema/relaxng/tei_all.rng" type="application/xml"
	schematypens="http://purl.oclc.org/dsdl/schematron"?>
<TEI xmlns="http://www.tei-c.org/ns/1.0">
	<teiHeader>
		<fileDesc>
			<titleStmt>
				<title>Tursko3-215</title>
			</titleStmt>
			<publicationStmt>
				<p>Publication Information</p>
			</publicationStmt>
			<notesStmt>
				<note type="summary"/>
				<note type="mine">非常に癖のある字で、ほとんど読めなかった。【要】読み直し。</note>
			</notesStmt>
			<sourceDesc>
				<p/>
			</sourceDesc>
		</fileDesc>
		<xenoData>{ "saji:aspectRatioType": [ "B" ], "saji:fond": [ "Tursko 3" ] }</xenoData>
	</teiHeader>
	<facsimile>
		<surface>
			<graphic url="../../../Tursko%203/DSCN9013.JPG"/>
			<zone ulx="638" uly="638" lrx="2917" lry="1405" xml:id="zone_ujp_vfz_wkb"/>
		</surface>
		<surface>
			<graphic url="../../../Day%207/IMG_0057.JPG"/>
		</surface>
		<surface>
			<graphic url="../../../Day%207/IMG_0058.JPG"/>
		</surface>
		<surface>
			<graphic url="../../../Tursko%203/DSCN9014.JPG"/>
			<zone ulx="1233" uly="1233" lrx="1733" lry="2850" xml:id="zone_plz_1gz_wkb"/>
			<zone ulx="2266" uly="2266" lrx="616" lry="2809" xml:id="zone_qy3_cgz_wkb"/>
			<zone ulx="2583" uly="2583" lrx="604" lry="2780" xml:id="zone_jzz_cgz_wkb"/>
		</surface>
	</facsimile>
	<text>
		<body>
			<div1 type="EMIN_edā_tezkire">
				<p>
					<lb/>
					Vech-i ... budur ki
					<lb/>
					<date from="1771-04-15" from-custom="1185-01-01">bin yüz seksen beş senesinde Muharremi'l-harāmı gürresinden</date>
					 der ʿuhde iltizāmımızda bulunan
					<lb/>
					... Kirşrvo(?) emīn
					<lb/>
					<lb/>
					tamām ... mūcibince ... ve akçesi tamām olunmuştur yadlerine
					<lb/>
					otüz üç ... leri virilmiştir(?) işbu edā tezkire iʿtā olundu
					<lb/>
					... oluna fī					<date cert="low" type="created" when="1771-05-06" when-custom="1185-01-22">22 M ... sene 1185</date>
				</p>
				<div2 facs="#zone_qy3_cgz_wkb" type="sign">
					<p>
						<lb/>
						...
						<lb/>
						<lb/>
						<lb/>
						<lb/>
						<lb/>
					</p>
					<div3 facs="#zone_jzz_cgz_wkb" type="stamp">
						<p>
							<lb/>
							...
							<lb/>
						</p>
					</div3>
				</div2>
			</div1>
			<div1 facs="#zone_ujp_vfz_wkb" type="summary_Croatian">
				<p>
					<lb/>
					...					<date type="summary_Croatian" when="1771">1771</date>
					.
					<lb/>
					...
					<lb/>
					smo ...
					<lb/>
					... 600.				</p>
			</div1>
		</body>
	</text>
</TEI>
