<?xml version="1.0" encoding="UTF-8"?>
<?xml-model href="http://www.tei-c.org/release/xml/tei/custom/schema/relaxng/tei_all.rng" type="application/xml" schematypens="http://relaxng.org/ns/structure/1.0"?>
<?xml-model href="http://www.tei-c.org/release/xml/tei/custom/schema/relaxng/tei_all.rng" type="application/xml"
	schematypens="http://purl.oclc.org/dsdl/schematron"?>
<TEI xmlns="http://www.tei-c.org/ns/1.0">
	<teiHeader>
		<fileDesc>
			<titleStmt>
				<title>Tursko1-121</title>
			</titleStmt>
			<publicationStmt>
				<p>Publication Information</p>
			</publicationStmt>
			<sourceDesc>
				<p/>
			</sourceDesc>
		</fileDesc>
		<xenoData>{ "saji:aspectRatioType": [ "A" ], "saji:fond": [ "Tursko 1" ] }</xenoData>
	</teiHeader>
	<facsimile>
		<surface>
			<graphic url="../../../Tursko%201/DSCN1814.JPG"/>
			<zone ulx="712" uly="712" lrx="1544" lry="3245" xml:id="zone_s1q_tn4_cjb"/>
			<zone ulx="730" uly="730" lrx="1045" lry="1298" xml:id="zone_ygq_5n4_cjb"/>
			<zone ulx="1140" uly="1140" lrx="896" lry="1286" xml:id="zone_kss_vn4_cjb"/>
		</surface>
		<surface>
			<graphic url="../../../Day%203/IMG_0084.JPG"/>
		</surface>
		<surface>
			<graphic url="../../../Day%203/IMG_0085.JPG"/>
		</surface>
		<surface>
			<graphic url="../../../Tursko%201/DSCN1815.JPG"/>
		</surface>
	</facsimile>
	<text>
		<body>
			<div1 facs="#zone_s1q_tn4_cjb" type="hüccet">
				<p>
					<lb/>
					... fī					<date type="created" when="1713-05-25" when-custom="1125-05-01">gürre-i Cemaziye'l-evvel sene hıms ve ʿaşrīn ve mie ve elif</date>
					<lb/>
				</p>
				<div2 facs="#zone_ygq_5n4_cjb" type="sign">
					<p>
						<lb/>
						...
						<lb/>
					</p>
					<div3 facs="#zone_kss_vn4_cjb" type="stamp">
						<p>
							<lb/>
							...
							<lb/>
						</p>
					</div3>
				</div2>
			</div1>
		</body>
	</text>
</TEI>
