<?xml version="1.0" encoding="UTF-8"?>
<?xml-model href="http://www.tei-c.org/release/xml/tei/custom/schema/relaxng/tei_all.rng" type="application/xml" schematypens="http://relaxng.org/ns/structure/1.0"?>
<?xml-model href="http://www.tei-c.org/release/xml/tei/custom/schema/relaxng/tei_all.rng" type="application/xml"
	schematypens="http://purl.oclc.org/dsdl/schematron"?>
<TEI xmlns="http://www.tei-c.org/ns/1.0">
	<teiHeader>
		<fileDesc>
			<titleStmt>
				<title>Tursko3-034</title>
			</titleStmt>
			<publicationStmt>
				<p>Publication Information</p>
			</publicationStmt>
			<sourceDesc>
				<p/>
			</sourceDesc>
		</fileDesc>
		<xenoData>{ "saji:aspectRatioType": [ "B" ], "saji:fond": [ "Tursko 3" ] }</xenoData>
	</teiHeader>
	<facsimile>
		<surface>
			<graphic url="../../../Tursko%203/DSCN9269.JPG"/>
			<zone ulx="1038" uly="1038" lrx="2073" lry="1716" xml:id="zone_ent_gmh_nlb"/>
		</surface>
		<surface>
			<graphic url="../../../Day%205/IMG_0082.JPG"/>
		</surface>
		<surface>
			<graphic url="../../../Day%205/IMG_0083.JPG"/>
		</surface>
		<surface>
			<graphic url="../../../Tursko%203/DSCN9270.JPG"/>
			<zone ulx="157" uly="157" lrx="2300" lry="2585" xml:id="zone_tlh_3mh_nlb"/>
			<zone ulx="1951" uly="1951" lrx="677" lry="2231" xml:id="zone_mj3_jmh_nlb"/>
		</surface>
	</facsimile>
	<text>
		<body>
			<div1 facs="#zone_tlh_3mh_nlb" next="#zone_ent_gmh_nlb" subtype="tapu_tezkire" type="EMIN">
				<p>
					<lb/>
					işbu					<date type="created" when="1830-06-20" when-custom="1245">bin iki yüz krık beş senesinde</date>
					 der ...
					<lb/>
				</p>
				<div2 facs="#zone_mj3_jmh_nlb" type="sign">
					<p>
						<lb/>
						...
						<lb/>
					</p>
				</div2>
				<div2 type="şühūdu’l-hāl">
					<p>
						<lb/>
						...
						<lb/>
					</p>
				</div2>
			</div1>
			<div1 facs="#zone_ent_gmh_nlb" type="summary_Croatian">
				<p>
					<lb/>
					...
					<lb/>
				</p>
			</div1>
		</body>
	</text>
</TEI>
