<?xml version="1.0" encoding="UTF-8"?>
<?xml-model href="http://www.tei-c.org/release/xml/tei/custom/schema/relaxng/tei_all.rng" type="application/xml" schematypens="http://relaxng.org/ns/structure/1.0"?>
<?xml-model href="http://www.tei-c.org/release/xml/tei/custom/schema/relaxng/tei_all.rng" type="application/xml"
	schematypens="http://purl.oclc.org/dsdl/schematron"?>
<TEI xmlns="http://www.tei-c.org/ns/1.0">
	<teiHeader>
		<fileDesc>
			<titleStmt>
				<title>Tursko1-045</title>
			</titleStmt>
			<publicationStmt>
				<p>Publication Information</p>
			</publicationStmt>
			<notesStmt>
				<note type="mine">DSCN1038.JPGと同じ文書。重複している。ただし、画像は撮影し直している。DSCN.1038.JPGにのみ裏面の画像があり、スタンプとクロアチア語要約（日付）が写っている。</note>
				<note type="mine">本文末の署名(?)が、DSCN0976.JPGの本文末の署名(?)と同一。</note>
			</notesStmt>
			<sourceDesc>
				<p/>
			</sourceDesc>
		</fileDesc>
		<xenoData>{ "saji:aspectRatioType": [ "B" ], "saji:calligraphy": [ "Rıkʿa" ], "saji:date_H": [ "n/a?" ], "saji:date_M": [ "n/a?" ], "saji:foldingMethod": [ "4x1" ], "saji:fond": [ "Tursko 1"
					], "saji:huve": [ "1" ], "saji:item": [ "・hüve\r\n・クレシェヴォのスタンプ\r\n・本文\r\n・署名？" ], "saji:lang": [ "ota" ], "saji:lineage": [ "9" ], "saji:memo": [
					"・本文末の署名(?)が、DSCN0976.JPGの本文末の署名(?)と同一" ], "saji:number": [ "208" ], "saji:relationWithAnotherItems": [ "表全体像" ], "saji:stamp_c": [ "1" ], "saji:stamp_o": [ "0" ],
					"saji:transcription": [ "Vech-i taḥrīr ... budur ki\r\nḥālā ʿuhde ..." ], "saji:witness": [ "0" ] }</xenoData>
	</teiHeader>
	<facsimile>
		<surface>
			<graphic url="../../../Tursko%201/DSCN0975.JPG"/>
			<zone ulx="166" uly="166" lrx="1533" lry="2708" xml:id="zone_ufg_g2f_z3b"/>
			<zone ulx="2378" uly="2378" lrx="474" lry="2680" xml:id="zone_p2y_dqn_sjb"/>
		</surface>
		<surface>
			<graphic url="../../../Day%202/IMG_0326.JPG"/>
		</surface>
		<surface>
			<graphic url="../../../Day%202/IMG_0328.JPG"/>
		</surface>
		<surface>
			<graphic url="../../../Tursko%201/DSCN1038.JPG"/>
			<zone ulx="84" uly="84" lrx="1477" lry="2769" xml:id="zone_dxr_5t3_1jb"/>
		</surface>
		<surface>
			<graphic url="../../../Tursko%201/DSCN1039.JPG"/>
			<zone ulx="475" uly="475" lrx="679" lry="650" xml:id="zone_aql_wt3_1jb"/>
			<zone ulx="2750" uly="2750" lrx="1458" lry="2912" xml:id="zone_z3b_xt3_1jb"/>
		</surface>
	</facsimile>
	<text>
		<body>
			<div1 cert="low" facs="#zone_ufg_g2f_z3b" subtype="temessük" type="EMIN">
				<p>
					<lb/>
					Hüve
					<lb/>
					<lb/>
					Vech-i tahrīr-i hurūf budur ki
					<lb/>
					<lb/>
					hālā ʿuhde ve iltizāmımızda bulunan Kirşevo mukātaʿasından ...
					<lb/>
					<lb/>
					... karyeleri hāsıl olan ʿaşār ʿöşür-i şerʿiyesini
					<lb/>
					<lb/>
					ve rusūmāt sā'iresine tapunām[e]den gayri işbu					<date from="1813-03-31" from-custom="1228-03" to-custom="1229-02">
						bin iki yüz yiğirmi sekiz senesine Mart
						<lb/>
						<lb/>
						ibtidāsından Şubatı gāyetine değgin
					</date>
					 zabt ve rabt ve rusūm sā'iresini ahz ve kavza tālib
					<lb/>
					<lb/>
					ve rāgib olan işbu dārende-i temessük zimmī [人名] rāhib bedeli mukābelesinden
					<lb/>
					<lb/>
					yalnız yüz yiğirmi guruş ber-vech-i peşīn tarafımıza edā ve teslīm etmiştir bi-menneh-i taʿālā sene itmāmına
					<lb/>
					<lb/>
					varınca zabt ve rabtına rūsūm sā'iresini ahz ve kabza işbu mesfūrun yedine
					<lb/>
					<lb/>
					zabt ve temessükümüz virildi tarafımızdan ve taraf-ı āhardan bir kimesne māniʿ eylemeler
					<lb/>
				</p>
				<div2 facs="#zone_p2y_dqn_sjb" type="sign">
					<p>
						<lb/>
						...						<persName role="el-me'mūr">Dervīş Mehmed</persName>
						 el-me'mūr M
						<lb/>
					</p>
				</div2>
			</div1>
			<div1 cert="low" facs="#zone_dxr_5t3_1jb" type="EMIN">
				<p>
					<lb/>
					...
					<lb/>
				</p>
			</div1>
			<div1 facs="#zone_aql_wt3_1jb" type="stamp">
				<p>
					<lb/>
					...
					<lb/>
				</p>
			</div1>
			<div1 facs="#zone_z3b_xt3_1jb" type="summary_Croatian">
				<p>
					<lb/>
					<date type="summary_Croatian" when="1873">1873</date>
					<lb/>
				</p>
			</div1>
		</body>
	</text>
</TEI>
