<?xml version="1.0" encoding="UTF-8"?>
<?xml-model href="http://www.tei-c.org/release/xml/tei/custom/schema/relaxng/tei_all.rng" type="application/xml" schematypens="http://relaxng.org/ns/structure/1.0"?>
<?xml-model href="http://www.tei-c.org/release/xml/tei/custom/schema/relaxng/tei_all.rng" type="application/xml"
	schematypens="http://purl.oclc.org/dsdl/schematron"?>
<TEI xmlns="http://www.tei-c.org/ns/1.0">
	<teiHeader>
		<fileDesc>
			<titleStmt>
				<title>Tursko1-026</title>
			</titleStmt>
			<publicationStmt>
				<p>Publication Information</p>
			</publicationStmt>
			<notesStmt>
				<note type="mine">日付：‘arż-ı ḥāl、見当たらない。buyuruldu、潰れていて年が読み取れない。クロアチア語要約、合っているのか分からない。</note>
			</notesStmt>
			<sourceDesc>
				<p/>
			</sourceDesc>
		</fileDesc>
		<xenoData>{ "saji:aspectRatioType": [ "B" ], "saji:fond": [ "Tursko 1" ], "saji:memo": [ "典型\r\n＋書き込み" ], "saji:type": [ "‘arż-ı ḥāl" ] }</xenoData>
	</teiHeader>
	<facsimile>
		<surface>
			<graphic url="../../../Tursko%201/DSCN0996.JPG"/>
			<zone ulx="200" uly="200" lrx="1783" lry="2775" xml:id="zone_ymg_vwf_z3b"/>
			<zone ulx="450" uly="450" lrx="1288" lry="2237" xml:id="zone_k5q_wwf_z3b"/>
			<zone ulx="606" uly="606" lrx="1200" lry="962" xml:id="zone_ywz_xwf_z3b"/>
		</surface>
		<surface>
			<graphic url="../../../Day%201/IMG_0197.JPG"/>
		</surface>
		<surface>
			<graphic url="../../../Day%201/IMG_0202.JPG"/>
		</surface>
		<surface>
			<graphic url="../../../Tursko%201/DSCN0997.JPG"/>
			<zone ulx="738" uly="738" lrx="3067" lry="1255" xml:id="zone_dyq_zwf_z3b"/>
		</surface>
	</facsimile>
	<text>
		<body>
			<div1 facs="#zone_ymg_vwf_z3b" type="ʿarz-ı_hāl"/>
			<div1 facs="#zone_k5q_wwf_z3b" type="buyuruldu">
				<l>
					... buyuruldu fī					<date cert="low" type="created" when-custom="1219-01-22">22 M 19...</date>
				</l>
				<div3 facs="#zone_ywz_xwf_z3b" type="stamp"/>
			</div1>
			<div1 facs="#zone_dyq_zwf_z3b" type="summary_Serbian">
				<l>
					...					<date cert="unknown" type="summary_Croatian" when="1782-01-22">1782 ... 22</date>
					 ...
				</l>
			</div1>
		</body>
	</text>
</TEI>
