<?xml version="1.0" encoding="UTF-8"?>
<?xml-model href="http://www.tei-c.org/release/xml/tei/custom/schema/relaxng/tei_all.rng" type="application/xml" schematypens="http://relaxng.org/ns/structure/1.0"?>
<?xml-model href="http://www.tei-c.org/release/xml/tei/custom/schema/relaxng/tei_all.rng" type="application/xml"
	schematypens="http://purl.oclc.org/dsdl/schematron"?>
<TEI xmlns="http://www.tei-c.org/ns/1.0">
	<teiHeader>
		<fileDesc>
			<titleStmt>
				<title>Tursko1-128</title>
			</titleStmt>
			<publicationStmt>
				<p>Publication Information</p>
			</publicationStmt>
			<sourceDesc>
				<p/>
			</sourceDesc>
		</fileDesc>
		<xenoData>{ "saji:aspectRatioType": [ "C" ], "saji:fond": [ "Tursko 1" ] }</xenoData>
	</teiHeader>
	<facsimile>
		<surface>
			<graphic url="../../../Tursko%201/DSCN1834.JPG"/>
			<zone ulx="158" uly="158" lrx="1708" lry="3108" xml:id="zone_gfq_gwp_cjb"/>
			<zone ulx="2883" uly="2883" lrx="481" lry="3020" xml:id="zone_if1_3wp_cjb"/>
		</surface>
		<surface>
			<graphic url="../../../Day%203/IMG_0102.JPG"/>
		</surface>
		<surface>
			<graphic url="../../../Day%203/IMG_0103.JPG"/>
		</surface>
		<surface>
			<graphic url="../../../Tursko%201/DSCN1835.JPG"/>
			<zone ulx="911" uly="911" lrx="2428" lry="1194" xml:id="zone_vjj_jwp_cjb"/>
		</surface>
	</facsimile>
	<text>
		<body>
			<div1 facs="#zone_gfq_gwp_cjb" type="mürāsele">
				<p>
					<lb/>
					... fī					<date type="created" when="1801-08-14" when-custom="1216-04-05">5 R sene 216</date>
					<lb/>
				</p>
				<div3 facs="#zone_if1_3wp_cjb" type="stamp">
					<p>
						<lb/>
						...
						<lb/>
					</p>
				</div3>
			</div1>
			<div1 facs="#zone_vjj_jwp_cjb" type="summary_Croatian">
				<p>
					<lb/>
					...
					<lb/>
				</p>
			</div1>
		</body>
	</text>
</TEI>
