<?xml version="1.0" encoding="UTF-8"?>
<?xml-model href="http://www.tei-c.org/release/xml/tei/custom/schema/relaxng/tei_all.rng" type="application/xml" schematypens="http://relaxng.org/ns/structure/1.0"?>
<?xml-model href="http://www.tei-c.org/release/xml/tei/custom/schema/relaxng/tei_all.rng" type="application/xml"
	schematypens="http://purl.oclc.org/dsdl/schematron"?>
<TEI xmlns="http://www.tei-c.org/ns/1.0">
	<teiHeader>
		<fileDesc>
			<titleStmt>
				<title>Tursko1-173</title>
			</titleStmt>
			<publicationStmt>
				<p>Publication Information</p>
			</publicationStmt>
			<notesStmt>
				<note type="mine">【要】DSCN1949.JPGは、この文書の写しの可能性。要確認。</note>
			</notesStmt>
			<sourceDesc>
				<p/>
			</sourceDesc>
		</fileDesc>
		<xenoData>{ "saji:aspectRatioType": [ "D" ], "saji:fond": [ "Tursko 1" ] }</xenoData>
	</teiHeader>
	<facsimile>
		<surface>
			<graphic url="../../../Tursko%201/DSCN1948.JPG"/>
			<zone ulx="130" uly="130" lrx="2110" lry="3200" xml:id="zone_zzp_yyd_djb"/>
			<zone ulx="336" uly="336" lrx="1540" lry="996" xml:id="zone_w5f_1zd_djb"/>
			<zone ulx="2406" uly="2406" lrx="1404" lry="2730" xml:id="zone_ayc_bzd_djb"/>
		</surface>
		<surface>
			<graphic url="../../../Day%204/IMG_0054.JPG"/>
		</surface>
		<surface>
			<graphic url="../../../Day%204/IMG_0055.JPG"/>
		</surface>
	</facsimile>
	<text>
		<body>
			<div1 facs="#zone_zzp_yyd_djb" type="tapu_senedi">
				<p>
					<lb/>
					... fī					<date type="created" when="1866-06-12" when-custom="1283-01-29">29 Muharrem sene 1283</date>
					<lb/>
				</p>
				<div1 facs="#zone_w5f_1zd_djb" type="tuğra">
					<p>
						<lb/>
						...
						<lb/>
					</p>
				</div1>
				<div3 facs="#zone_ayc_bzd_djb" type="stamp">
					<p>
						<lb/>
						...
						<lb/>
					</p>
				</div3>
			</div1>
		</body>
	</text>
</TEI>
