<?xml version="1.0" encoding="UTF-8"?>
<?xml-model href="http://www.tei-c.org/release/xml/tei/custom/schema/relaxng/tei_all.rng" type="application/xml" schematypens="http://relaxng.org/ns/structure/1.0"?>
<?xml-model href="http://www.tei-c.org/release/xml/tei/custom/schema/relaxng/tei_all.rng" type="application/xml"
	schematypens="http://purl.oclc.org/dsdl/schematron"?>
<TEI xmlns="http://www.tei-c.org/ns/1.0">
	<teiHeader>
		<fileDesc>
			<titleStmt>
				<title>Tursko3-129</title>
			</titleStmt>
			<publicationStmt>
				<p>Publication Information</p>
			</publicationStmt>
			<sourceDesc>
				<p/>
			</sourceDesc>
		</fileDesc>
		<xenoData>{ "saji:aspectRatioType": [ "B" ], "saji:fond": [ "Tursko 3" ] }</xenoData>
	</teiHeader>
	<facsimile>
		<surface>
			<graphic url="../../../Tursko%203/DSCN9173.JPG"/>
			<zone ulx="900" uly="900" lrx="2878" lry="1266" xml:id="zone_tyv_fwq_jlb"/>
		</surface>
		<surface>
			<graphic url="../../../Day%206/IMG_0080.JPG"/>
		</surface>
		<surface>
			<graphic url="../../../Day%206/IMG_0081.JPG"/>
		</surface>
		<surface>
			<graphic url="../../../Tursko%203/DSCN9174.JPG"/>
			<zone ulx="1564" uly="1564" lrx="1397" lry="1802" xml:id="zone_ddw_hwq_jlb"/>
		</surface>
		<surface>
			<graphic url="../../../Tursko%203/DSCN9175.JPG"/>
			<zone ulx="100" uly="100" lrx="1777" lry="2807" xml:id="zone_l1v_jwq_jlb"/>
			<zone ulx="2469" uly="2469" lrx="776" lry="2792" xml:id="zone_hqf_lwq_jlb"/>
		</surface>
	</facsimile>
	<text>
		<body>
			<div1 cert="low" facs="#zone_l1v_jwq_jlb" next="#zone_tyv_fwq_jlb" type="EMIN">
				<p>
					<lb/>
					işbu					<date cert="low" type="created" when="1832-05-29" when-custom="1247">bin iki yüz kırk yedi senesinden </date>
					der ...
					<lb/>
				</p>
				<div2 facs="#zone_hqf_lwq_jlb" type="sign">
					<p>
						<lb/>
						...
						<lb/>
					</p>
					<div3 facs="#zone_ddw_hwq_jlb" type="stamp">
						<p>
							<lb/>
							...
							<lb/>
						</p>
					</div3>
				</div2>
			</div1>
			<div1 facs="#zone_tyv_fwq_jlb" type="summary_Croatian">
				<p>
					<lb/>
					...					<date type="summary_Croatian" when="1832">1832</date>
					<lb/>
				</p>
			</div1>
		</body>
	</text>
</TEI>
