<?xml version="1.0" encoding="UTF-8"?>
<?xml-model href="http://www.tei-c.org/release/xml/tei/custom/schema/relaxng/tei_all.rng" type="application/xml" schematypens="http://relaxng.org/ns/structure/1.0"?>
<?xml-model href="http://www.tei-c.org/release/xml/tei/custom/schema/relaxng/tei_all.rng" type="application/xml"
	schematypens="http://purl.oclc.org/dsdl/schematron"?>
<TEI xmlns="http://www.tei-c.org/ns/1.0">
	<teiHeader>
		<fileDesc>
			<titleStmt>
				<title>Tursko3-130</title>
			</titleStmt>
			<publicationStmt>
				<p>Publication Information</p>
			</publicationStmt>
			<notesStmt>
				<note type="mine">刊本。オスマン語とセルビア語訳が書いてある見開きの本。内容は不明。トゥーラがついている。</note>
			</notesStmt>
			<sourceDesc>
				<p/>
			</sourceDesc>
		</fileDesc>
		<xenoData>{ "saji:aspectRatioType": [ "?" ], "saji:fond": [ "Tursko 3" ], "saji:memo": [ "・本の見開きの片側ページを撮影している模様。\r\n・現状、サイズを特定しかねるので「？」としておく。" ] }</xenoData>
	</teiHeader>
	<facsimile>
		<surface>
			<graphic url="../../../Tursko%203/DSCN9176.JPG"/>
		</surface>
		<surface>
			<graphic url="../../../Day%206/IMG_0082.JPG"/>
		</surface>
		<surface>
			<graphic url="../../../Day%206/IMG_0083.JPG"/>
		</surface>
		<surface>
			<graphic url="../../../Day%206/IMG_0084.JPG"/>
		</surface>
		<surface>
			<graphic url="../../../Day%206/IMG_0085.JPG"/>
		</surface>
		<surface>
			<graphic url="../../../Day%206/IMG_0086.JPG"/>
		</surface>
		<surface>
			<graphic url="../../../Day%206/IMG_0087.JPG"/>
		</surface>
		<surface>
			<graphic url="../../../Day%206/IMG_0088.JPG"/>
		</surface>
		<surface>
			<graphic url="../../../Day%206/IMG_0089.JPG"/>
		</surface>
		<surface>
			<graphic url="../../../Day%206/IMG_0090.JPG"/>
		</surface>
		<surface>
			<graphic url="../../../Tursko%203/DSCN9177.JPG"/>
		</surface>
		<surface>
			<graphic url="../../../Tursko%203/DSCN9178.JPG"/>
		</surface>
		<surface>
			<graphic url="../../../Tursko%203/DSCN9179.JPG"/>
		</surface>
		<surface>
			<graphic url="../../../Tursko%203/DSCN9180.JPG"/>
		</surface>
		<surface>
			<graphic url="../../../Tursko%203/DSCN9181.JPG"/>
		</surface>
		<surface>
			<graphic url="../../../Tursko%203/DSCN9182.JPG"/>
		</surface>
		<surface>
			<graphic url="../../../Tursko%203/DSCN9183.JPG"/>
		</surface>
		<surface>
			<graphic url="../../../Tursko%203/DSCN9184.JPG"/>
		</surface>
		<surface>
			<graphic url="../../../Tursko%203/DSCN9185.JPG"/>
		</surface>
		<surface>
			<graphic url="../../../Tursko%203/DSCN9186.JPG"/>
		</surface>
		<surface>
			<graphic url="../../../Tursko%203/DSCN9187.JPG"/>
		</surface>
		<surface>
			<graphic url="../../../Tursko%203/DSCN9188.JPG"/>
		</surface>
		<surface>
			<graphic url="../../../Tursko%203/DSCN9189.JPG"/>
		</surface>
		<surface>
			<graphic url="../../../Tursko%203/DSCN9190.JPG"/>
		</surface>
		<surface>
			<graphic url="../../../Tursko%203/DSCN9191.JPG"/>
		</surface>
	</facsimile>
	<text>
		<body>
			<div1 type="unknown">
				<p>
					<lb/>
					Bosna eyāletyle Hersek sancağı çiftlikātinde ... olan ...
					<lb/>
					ve üçlüme ve dörtme ve beşlime asvāllerinde ... alāka ile ...
					<lb/>
					... eden ... bu defa ... olunan ...
					<lb/>
					...
					<lb/>
					Birinci bend Saray sancağının				</p>
			</div1>
		</body>
	</text>
</TEI>
