<?xml version="1.0" encoding="UTF-8"?>
<?xml-model href="http://www.tei-c.org/release/xml/tei/custom/schema/relaxng/tei_all.rng" type="application/xml" schematypens="http://relaxng.org/ns/structure/1.0"?>
<?xml-model href="http://www.tei-c.org/release/xml/tei/custom/schema/relaxng/tei_all.rng" type="application/xml"
	schematypens="http://purl.oclc.org/dsdl/schematron"?>
<TEI xmlns="http://www.tei-c.org/ns/1.0">
	<teiHeader>
		<fileDesc>
			<titleStmt>
				<title>Tursko3-022</title>
			</titleStmt>
			<publicationStmt>
				<p>Publication Information</p>
			</publicationStmt>
			<sourceDesc>
				<p/>
			</sourceDesc>
		</fileDesc>
		<xenoData>{ "saji:aspectRatioType": [ "B" ], "saji:fond": [ "Tursko 3" ] }</xenoData>
	</teiHeader>
	<facsimile>
		<surface>
			<graphic url="../../../Tursko%203/DSCN9331.JPG"/>
			<zone ulx="1072" uly="1072" lrx="2484" lry="1655" xml:id="zone_ptx_wkm_ylb"/>
		</surface>
		<surface>
			<graphic url="../../../Day%205/IMG_0054.JPG"/>
		</surface>
		<surface>
			<graphic url="../../../Day%205/IMG_0055.JPG"/>
		</surface>
		<surface>
			<graphic url="../../../Tursko%203/DSCN9332.JPG"/>
			<zone ulx="68" uly="68" lrx="2656" lry="2156" xml:id="zone_try_ykm_ylb"/>
			<zone ulx="1724" uly="1724" lrx="972" lry="2139" xml:id="zone_vgh_blm_ylb"/>
		</surface>
	</facsimile>
	<text>
		<body>
			<div1 facs="#zone_try_ykm_ylb" next="#zone_ptx_wkm_ylb" subtype="zabt_tezkire" type="EMIN">
				<p>
					<lb/>
					işbu					<date type="created" when="1845-01-08" when-custom="1260">iki yüz altmış senesinde</date>
					 der ...
					<lb/>
					...				</p>
				<div2 facs="#zone_vgh_blm_ylb" type="sign">
					<p>
						<lb/>
						...
						<lb/>
					</p>
				</div2>
				<div2 type="şühūdu’l-hāl">
					<p>
						<lb/>
						...
						<lb/>
					</p>
				</div2>
			</div1>
			<div1 facs="#zone_ptx_wkm_ylb" type="summary_Croatian">
				<p>
					<lb/>
					...					<date type="summary_Croatian" when="1844">1844</date>
					.
					<lb/>
					Nno 16.
					<lb/>
					70				</p>
			</div1>
		</body>
	</text>
</TEI>
