<?xml version="1.0" encoding="UTF-8"?>
<?xml-model href="http://www.tei-c.org/release/xml/tei/custom/schema/relaxng/tei_all.rng" type="application/xml" schematypens="http://relaxng.org/ns/structure/1.0"?>
<?xml-model href="http://www.tei-c.org/release/xml/tei/custom/schema/relaxng/tei_all.rng" type="application/xml"
	schematypens="http://purl.oclc.org/dsdl/schematron"?>
<TEI xmlns="http://www.tei-c.org/ns/1.0">
	<teiHeader>
		<fileDesc>
			<titleStmt>
				<title>Tursko3-030</title>
			</titleStmt>
			<publicationStmt>
				<p>Publication Information</p>
			</publicationStmt>
			<sourceDesc>
				<p/>
			</sourceDesc>
		</fileDesc>
		<xenoData>{ "saji:aspectRatioType": [ "B" ], "saji:fond": [ "Tursko 3" ] }</xenoData>
	</teiHeader>
	<facsimile>
		<surface>
			<graphic url="../../../Tursko%203/DSCN9263.JPG"/>
			<zone ulx="772" uly="772" lrx="2828" lry="1766" xml:id="zone_wfn_b3h_nlb"/>
		</surface>
		<surface>
			<graphic url="../../../Day%205/IMG_0072.JPG"/>
		</surface>
		<surface>
			<graphic url="../../../Day%205/IMG_0073.JPG"/>
		</surface>
		<surface>
			<graphic url="../../../Tursko%203/DSCN9264.JPG"/>
			<zone ulx="242" uly="242" lrx="2335" lry="2435" xml:id="zone_ffx_d3h_nlb"/>
			<zone ulx="1697" uly="1697" lrx="638" lry="1902" xml:id="zone_vpm_f3h_nlb"/>
		</surface>
	</facsimile>
	<text>
		<body>
			<div1 facs="#zone_ffx_d3h_nlb" next="#zone_wfn_b3h_nlb" subtype="temessük" type="EMIN">
				<p>
					<lb/>
					... fī					<date cert="low" type="created" when="1821-09-20" when-custom="1236--23">23 sene 36</date>
					<lb/>
				</p>
				<div2 type="unkown">
					<p>
						<lb/>
						...
						<lb/>
					</p>
				</div2>
				<div2 facs="#zone_vpm_f3h_nlb" type="sign">
					<p>
						<lb/>
						...
						<lb/>
					</p>
				</div2>
				<div2 type="şühūdu’l-hāl">
					<p>
						<lb/>
						...
						<lb/>
					</p>
				</div2>
			</div1>
			<div1 facs="#zone_wfn_b3h_nlb" type="summary_Croatian">
				<p>
					<lb/>
					...					<date type="summary_Croatian" when="1821">1821</date>
					. Nno 33.
					<lb/>
				</p>
			</div1>
		</body>
	</text>
</TEI>
