<?xml version="1.0" encoding="UTF-8"?>
<?xml-model href="http://www.tei-c.org/release/xml/tei/custom/schema/relaxng/tei_all.rng" type="application/xml" schematypens="http://relaxng.org/ns/structure/1.0"?>
<?xml-model href="http://www.tei-c.org/release/xml/tei/custom/schema/relaxng/tei_all.rng" type="application/xml"
	schematypens="http://purl.oclc.org/dsdl/schematron"?>
<TEI xmlns="http://www.tei-c.org/ns/1.0">
	<teiHeader>
		<fileDesc>
			<titleStmt>
				<title>Tursko1-184</title>
			</titleStmt>
			<publicationStmt>
				<p>Publication Information</p>
			</publicationStmt>
			<notesStmt>
				<note type="mine">【要】DSCN1921.JPGは、DSCN1925.JPGの写しの可能性あり。要確認。</note>
			</notesStmt>
			<sourceDesc>
				<p/>
			</sourceDesc>
		</fileDesc>
		<xenoData>{ "saji:aspectRatioType": [ "A" ], "saji:fond": [ "Tursko 1" ] }</xenoData>
	</teiHeader>
	<facsimile>
		<surface>
			<graphic url="../../../Tursko%201/DSCN1921.JPG"/>
			<zone ulx="81" uly="81" lrx="1873" lry="3127" xml:id="zone_yfl_l5x_cjb"/>
		</surface>
		<surface>
			<graphic url="../../../Day%204/IMG_0083.JPG"/>
		</surface>
		<surface>
			<graphic url="../../../Day%204/IMG_0085.JPG"/>
		</surface>
		<surface>
			<graphic url="../../../Tursko%201/DSCN1922.JPG"/>
			<zone ulx="391" uly="391" lrx="962" lry="1116" xml:id="zone_efl_n5x_cjb"/>
			<zone ulx="875" uly="875" lrx="887" lry="1079" xml:id="zone_w5z_n5x_cjb"/>
		</surface>
		<surface>
			<graphic url="../../../Tursko%201/DSCN1923.JPG"/>
		</surface>
		<surface>
			<graphic url="../../../Tursko%201/DSCN1924.JPG"/>
			<zone ulx="560" uly="560" lrx="3200" lry="2207" xml:id="zone_mzk_p5x_cjb"/>
		</surface>
	</facsimile>
	<text>
		<body>
			<div1 facs="#zone_yfl_l5x_cjb" type="hüccet_sūret">
				<p>
					<lb/>
					... fī					<date type="created" when="1841-01-01" when-custom="1256-11-09">
						yevmi'l-tāsiʿ min şehr Zi'l-kaʿade sene
                  sitte ve hamsīn ve mieteyn
						<lb/>
						<lb/>
						ve elif
					</date>
					<lb/>
				</p>
				<div2 facs="#zone_efl_n5x_cjb" type="sign_sūret">
					<p>
						<lb/>
						...
						<lb/>
					</p>
					<div3 facs="#zone_w5z_n5x_cjb" type="stamp_sūret">
						<p>
							<lb/>
							...
							<lb/>
						</p>
					</div3>
				</div2>
			</div1>
			<div1 facs="#zone_mzk_p5x_cjb" type="summary_Croatian">
				<p>
					<lb/>
					<date type="summary_Croatian" when="1841">1841</date>
					.
					<lb/>
				</p>
			</div1>
		</body>
	</text>
</TEI>
