<?xml version="1.0" encoding="UTF-8"?>
<?xml-model href="http://www.tei-c.org/release/xml/tei/custom/schema/relaxng/tei_all.rng" type="application/xml" schematypens="http://relaxng.org/ns/structure/1.0"?>
<?xml-model href="http://www.tei-c.org/release/xml/tei/custom/schema/relaxng/tei_all.rng" type="application/xml"
	schematypens="http://purl.oclc.org/dsdl/schematron"?>
<TEI xmlns="http://www.tei-c.org/ns/1.0">
	<teiHeader>
		<fileDesc>
			<titleStmt>
				<title>Tursko1-185</title>
			</titleStmt>
			<publicationStmt>
				<p>Publication Information</p>
			</publicationStmt>
			<notesStmt>
				<note type="mine">【要】DSCN1921.JPGは、DSCN1925.JPGの写しの可能性あり。要確認。</note>
			</notesStmt>
			<sourceDesc>
				<p/>
			</sourceDesc>
		</fileDesc>
		<xenoData>{ "saji:aspectRatioType": [ "A" ], "saji:fond": [ "Tursko 1" ] }</xenoData>
	</teiHeader>
	<facsimile>
		<surface>
			<graphic url="../../../Tursko%201/DSCN1925.JPG"/>
			<zone ulx="120" uly="120" lrx="1670" lry="3210" xml:id="zone_pkd_qvx_cjb"/>
		</surface>
		<surface>
			<graphic url="../../../Day%204/IMG_0086.JPG"/>
		</surface>
		<surface>
			<graphic url="../../../Day%204/IMG_0088.JPG"/>
		</surface>
		<surface>
			<graphic url="../../../Tursko%201/DSCN1926.JPG"/>
			<zone ulx="317" uly="317" lrx="1464" lry="1102" xml:id="zone_oyf_tvx_cjb"/>
			<zone ulx="875" uly="875" lrx="1358" lry="1089" xml:id="zone_bxx_tvx_cjb"/>
		</surface>
		<surface>
			<graphic url="../../../Tursko%201/DSCN1927.JPG"/>
		</surface>
		<surface>
			<graphic url="../../../Tursko%201/DSCN1928.JPG"/>
		</surface>
		<surface>
			<graphic url="../../../Tursko%201/DSCN1929.JPG"/>
			<zone ulx="966" uly="966" lrx="2789" lry="1788" xml:id="zone_ntq_vvx_cjb"/>
		</surface>
	</facsimile>
	<text>
		<body>
			<div1 facs="#zone_pkd_qvx_cjb" type="hüccet">
				<p>
					<lb/>
					... fī					<date type="created" when="1841-01-01" when-custom="1256-11-09">
						yevmi'l-tāsiʿ min şehr Zi'l-kaʿade
						<lb/>
						<lb/>
						sene sitte ve hamsīn ve mieteyn ve elif
					</date>
					<lb/>
				</p>
				<div2 facs="#zone_oyf_tvx_cjb" type="sign">
					<p>
						<lb/>
						...
						<lb/>
					</p>
					<div3 facs="#zone_bxx_tvx_cjb" type="stamp">
						<p>
							<lb/>
							...
							<lb/>
						</p>
					</div3>
				</div2>
			</div1>
			<div1 facs="#zone_ntq_vvx_cjb" type="summary_Croatian">
				<p>
					<lb/>
					...					<date type="summary_Croatian" when="1841">1841</date>
					.
					<lb/>
				</p>
			</div1>
		</body>
	</text>
</TEI>
