<?xml version="1.0" encoding="UTF-8"?>
<?xml-model href="http://www.tei-c.org/release/xml/tei/custom/schema/relaxng/tei_all.rng" type="application/xml" schematypens="http://relaxng.org/ns/structure/1.0"?>
<?xml-model href="http://www.tei-c.org/release/xml/tei/custom/schema/relaxng/tei_all.rng" type="application/xml"
	schematypens="http://purl.oclc.org/dsdl/schematron"?>
<TEI xmlns="http://www.tei-c.org/ns/1.0">
	<teiHeader>
		<fileDesc>
			<titleStmt>
				<title>Tursko3-109</title>
			</titleStmt>
			<publicationStmt>
				<p>Publication Information</p>
			</publicationStmt>
			<sourceDesc>
				<p/>
			</sourceDesc>
		</fileDesc>
		<xenoData>{ "saji:aspectRatioType": [ "D" ], "saji:fond": [ "Tursko 3" ] }</xenoData>
	</teiHeader>
	<facsimile>
		<surface>
			<graphic url="../../../Tursko%203/DSCN9207.JPG"/>
		</surface>
		<surface>
			<graphic url="../../../Day%206/IMG_0039.JPG"/>
		</surface>
		<surface>
			<graphic url="../../../Day%206/IMG_0040.JPG"/>
		</surface>
		<surface>
			<graphic url="../../../Tursko%203/DSCN9208.JPG"/>
			<zone ulx="336" uly="336" lrx="1763" lry="2809" xml:id="zone_m1n_jpt_klb"/>
			<zone ulx="2076" uly="2076" lrx="1515" lry="2479" xml:id="zone_gq1_mpt_klb"/>
		</surface>
	</facsimile>
	<text>
		<body>
			<div1 facs="#zone_m1n_jpt_klb" type="cizye_senedi">
				<p>
					<lb/>
					...
					<lb/>
				</p>
				<div2 facs="#zone_gq1_mpt_klb" type="stamp">
					<p>
						<lb/>
						...
						<lb/>
					</p>
				</div2>
			</div1>
		</body>
	</text>
</TEI>
