<?xml version="1.0" encoding="UTF-8"?>
<?xml-model href="http://www.tei-c.org/release/xml/tei/custom/schema/relaxng/tei_all.rng" type="application/xml" schematypens="http://relaxng.org/ns/structure/1.0"?>
<?xml-model href="http://www.tei-c.org/release/xml/tei/custom/schema/relaxng/tei_all.rng" type="application/xml"
	schematypens="http://purl.oclc.org/dsdl/schematron"?>
<TEI xmlns="http://www.tei-c.org/ns/1.0">
	<teiHeader>
		<fileDesc>
			<titleStmt>
				<title>Tursko1-134</title>
			</titleStmt>
			<publicationStmt>
				<p>Publication Information</p>
			</publicationStmt>
			<notesStmt>
				<note type="mine">【要】日付：buyuruldu(1)の月が読み取れない。</note>
			</notesStmt>
			<sourceDesc>
				<p/>
			</sourceDesc>
		</fileDesc>
		<xenoData>{ "saji:aspectRatioType": [ "C" ], "saji:fond": [ "Tursko 1" ], "saji:memo": [ "典型" ] }</xenoData>
	</teiHeader>
	<facsimile>
		<surface>
			<graphic url="../../../Tursko%201/DSCN1844.JPG"/>
			<zone ulx="375" uly="375" lrx="2308" lry="2808" xml:id="zone_ykg_hcq_cjb"/>
			<zone ulx="1737" uly="1737" lrx="1337" lry="2581" xml:id="zone_ilt_jcq_cjb"/>
			<zone ulx="2342" uly="2342" lrx="472" lry="2581" xml:id="zone_ets_kcq_cjb"/>
			<zone ulx="908" uly="908" lrx="1021" lry="1327" xml:id="zone_zdj_lcq_cjb"/>
			<zone ulx="1200" uly="1200" lrx="1910" lry="2785" xml:id="zone_v11_ncq_cjb"/>
			<zone ulx="417" uly="417" lrx="1929" lry="824" xml:id="zone_r2q_4cq_cjb"/>
			<zone ulx="1708" uly="1708" lrx="2290" lry="2226" xml:id="zone_jtl_pcq_cjb"/>
			<zone ulx="1852" uly="1852" lrx="2285" lry="2039" xml:id="zone_epm_qcq_cjb"/>
		</surface>
		<surface>
			<graphic url="../../../Day%203/IMG_0116.JPG"/>
		</surface>
		<surface>
			<graphic url="../../../Day%203/IMG_0117.JPG"/>
		</surface>
		<surface>
			<graphic url="../../../Tursko%201/DSCN1845.JPG"/>
			<zone ulx="1016" uly="1016" lrx="2700" lry="1311" xml:id="zone_gs5_rcq_cjb"/>
		</surface>
	</facsimile>
	<text>
		<body>
			<div1 facs="#zone_ykg_hcq_cjb" type="ʿarz-ı_hāl_buyuruldu_iʿlām_sūret">
				<div1 facs="#zone_ilt_jcq_cjb" type="ʿarz-ı_hāl_sūret">
					<p>
						<lb/>
						...
						<lb/>
					</p>
					<div2 facs="#zone_ets_kcq_cjb" type="sign_sūret">
						<p>
							<lb/>
							...
							<lb/>
						</p>
					</div2>
				</div1>
				<div1 facs="#zone_zdj_lcq_cjb" type="buyuruldu_sūret">
					<p>
						<lb/>
						olalar deyu buyuruldu
						<lb/>
						<lb/>
						fī						<date type="created" when="1760-08-10" when-custom="1173--28">28 ... 173</date>
						<lb/>
					</p>
				</div1>
				<div1 facs="#zone_v11_ncq_cjb" type="iʿlām_sūret">
					<p>
						<lb/>
						... fī						<date type="created" when="1760-08-12" when-custom="1174-01-01">
							gürre-i Muharremi'l-harām sene arbaʿ ve sabʿīn
							<lb/>
							<lb/>
							ve mie ve elif
						</date>
						<lb/>
					</p>
				</div1>
				<div1 facs="#zone_r2q_4cq_cjb" type="buyuruldu_sūret">
					<p>
						<lb/>
						... fī						<date type="created" when="1760-08-16" when-custom="1174-01-05">5 M 74</date>
						<lb/>
					</p>
				</div1>
				<div2 facs="#zone_jtl_pcq_cjb" type="sign">
					<p>
						<lb/>
						...
						<lb/>
					</p>
					<div3 facs="#zone_epm_qcq_cjb" type="stamp">
						<p>
							<lb/>
							...
							<lb/>
						</p>
					</div3>
				</div2>
			</div1>
			<div1 facs="#zone_gs5_rcq_cjb" type="summary_Croatian">
				<p>
					<lb/>
					...
					<lb/>
				</p>
			</div1>
		</body>
	</text>
</TEI>
