<?xml version="1.0" encoding="UTF-8"?>
<?xml-model href="http://www.tei-c.org/release/xml/tei/custom/schema/relaxng/tei_all.rng" type="application/xml" schematypens="http://relaxng.org/ns/structure/1.0"?>
<?xml-model href="http://www.tei-c.org/release/xml/tei/custom/schema/relaxng/tei_all.rng" type="application/xml"
	schematypens="http://purl.oclc.org/dsdl/schematron"?>
<TEI xmlns="http://www.tei-c.org/ns/1.0">
	<teiHeader>
		<fileDesc>
			<titleStmt>
				<title>Tursko1-116</title>
			</titleStmt>
			<publicationStmt>
				<p>Publication Information</p>
			</publicationStmt>
			<notesStmt>
				<note type="summary">鉄鉱山の請負</note>
				<note type="mine">署名は一番左が一番偉く、Şerīki(?)と書かれている人物は共同保有者？</note>
			</notesStmt>
			<sourceDesc>
				<p/>
			</sourceDesc>
		</fileDesc>
		<xenoData>{ "saji:aspectRatioType": [ "B" ], "saji:fond": [ "Tursko 1" ] }</xenoData>
	</teiHeader>
	<facsimile>
		<surface>
			<graphic url="../../../Tursko%201/DSCN1807.JPG"/>
			<zone ulx="200" uly="200" lrx="1645" lry="2845" xml:id="zone_vcb_z2j_cjb"/>
			<zone ulx="2656" uly="2656" lrx="798" lry="2833" xml:id="zone_ohd_1fj_cjb"/>
			<zone ulx="2629" uly="2629" lrx="584" lry="2826" xml:id="zone_cyw_1fj_cjb"/>
			<zone ulx="2584" uly="2584" lrx="352" lry="2783" xml:id="zone_e3p_bfj_cjb"/>
		</surface>
		<surface>
			<graphic url="../../../Day%203/IMG_0074.JPG"/>
		</surface>
		<surface>
			<graphic url="../../../Day%203/IMG_0075.JPG"/>
		</surface>
		<surface>
			<graphic url="../../../Tursko%201/DSCN1808.JPG"/>
			<zone ulx="1564" uly="1564" lrx="2227" lry="1820" xml:id="zone_fm3_2fj_cjb"/>
			<zone ulx="1533" uly="1533" lrx="1704" lry="1810" xml:id="zone_sft_2fj_cjb"/>
			<zone ulx="1605" uly="1605" lrx="1322" lry="1847" xml:id="zone_a2j_ffj_cjb"/>
			<zone ulx="404" uly="404" lrx="2077" lry="629" xml:id="zone_gvz_ffj_cjb"/>
		</surface>
	</facsimile>
	<text>
		<body>
			<div1 facs="#zone_vcb_z2j_cjb" subtype="zabt_temessük" type="EMIN">
				<p>
					<lb/>
					Hüve
					<lb/>
					<lb/>
					Vech-i tahrīr-i hurūf oldur ki
					<lb/>
					<lb/>
					işbu					<date from="1775-05-29" from-custom="1189-03" type="created">bin yüz sekisen dokuz senesi Martı ibtidāsından</date>
					 ʿuhdemizde bulunan maʿden-i āhen Kirşevo mukātaʿasında
					<lb/>
					<lb/>
					vākiʿ kinise ruhbānları mutasarrıf oldukları kinise dā'iresinden hāric arāzī aʿşār-ı şerʿiye sene-i mezbūre
					<lb/>
					<lb/>
					mahsūben olageldiği minvāl üzere taʿşīr ve ahz u kabz eylemek üzere işbu dārende-i temessük
					<lb/>
					<lb/>
					kinise-i mezbūre rāhiblerine yetmiş guruş bedel-i iltizām ile der ʿuhde ve iltizām olunup anlar dahi der
					<lb/>
					<lb/>
					minvāl-i meşrūh üzere der ʿuhde ve kabūl ve zikr olunan yetmiş guruş bedel-i iltizām meblağı ʿan nakdin
					<lb/>
					<lb/>
					tarafımıza tamāmen edā ve teslīm etmeleriyle minvāl-i muharrer üzere zabt ve taʿşīr ve ahz u kabz eylemeleriyçün
					<lb/>
					<lb/>
					işbu zabt temessükü tahrīr olunub yedlerine virildi tahrīren fī tārihi'l-mezbūr
					<lb/>
				</p>
				<div2 facs="#zone_ohd_1fj_cjb" type="sign">
					<p>
						<lb/>
						El-fakīr Ahmed Şerīki(?) Emīn
						<lb/>
					</p>
					<div3 facs="#zone_fm3_2fj_cjb" type="stamp">
						<p>
							<lb/>
							...
							<lb/>
						</p>
					</div3>
				</div2>
				<div2 facs="#zone_cyw_1fj_cjb" type="sign">
					<p>
						<lb/>
						El-fakīr Süleymān Şerīki(?) Emīn
						<lb/>
					</p>
					<div3 facs="#zone_sft_2fj_cjb" type="stamp">
						<p>
							<lb/>
							...
							<lb/>
						</p>
					</div3>
				</div2>
				<div2 facs="#zone_e3p_bfj_cjb" type="sign">
					<p>
						<lb/>
						El-fakīr Mehmed Emīn-i Mukātaʿa-ı mezkūr
						<lb/>
					</p>
					<div3 facs="#zone_a2j_ffj_cjb" type="stamp">
						<p>
							<lb/>
							...
							<lb/>
						</p>
					</div3>
				</div2>
			</div1>
			<div1 facs="#zone_gvz_ffj_cjb" type="summary_Croatian">
				<p>
					<lb/>
					...
					<lb/>
				</p>
			</div1>
		</body>
	</text>
</TEI>
