<?xml version="1.0" encoding="UTF-8"?>
<?xml-model href="http://www.tei-c.org/release/xml/tei/custom/schema/relaxng/tei_all.rng" type="application/xml" schematypens="http://relaxng.org/ns/structure/1.0"?>
<?xml-model href="http://www.tei-c.org/release/xml/tei/custom/schema/relaxng/tei_all.rng" type="application/xml"
	schematypens="http://purl.oclc.org/dsdl/schematron"?>
<TEI xmlns="http://www.tei-c.org/ns/1.0">
	<teiHeader>
		<fileDesc>
			<titleStmt>
				<title>Tursko3-050</title>
			</titleStmt>
			<publicationStmt>
				<p>Publication Information</p>
			</publicationStmt>
			<sourceDesc>
				<p/>
			</sourceDesc>
		</fileDesc>
		<xenoData>{ "saji:aspectRatioType": [ "B" ], "saji:fond": [ "Tursko 3" ] }</xenoData>
	</teiHeader>
	<facsimile>
		<surface>
			<graphic url="../../../Tursko%203/DSCN9303.JPG"/>
			<zone ulx="166" uly="166" lrx="2750" lry="1772" xml:id="zone_sbl_npl_tlb"/>
			<zone ulx="1295" uly="1295" lrx="1292" lry="1739" xml:id="zone_vm4_4pl_tlb"/>
			<zone ulx="1302" uly="1302" lrx="1290" lry="1732" xml:id="zone_cx4_ppl_tlb"/>
		</surface>
		<surface>
			<graphic url="../../../Day%205/IMG_0118.JPG"/>
		</surface>
		<surface>
			<graphic url="../../../Day%205/IMG_0119.JPG"/>
		</surface>
	</facsimile>
	<text>
		<body>
			<div1 facs="#zone_sbl_npl_tlb" type="unkown">
				<p>
					<lb/>
					... fī					<date type="created" when="1865-03-04" when-custom="1281-10-07">7 L sene281</date>
					<lb/>
				</p>
				<div2 facs="#zone_vm4_4pl_tlb" type="sign">
					<p>
						<lb/>
						...
						<lb/>
					</p>
					<div3 facs="#zone_cx4_ppl_tlb" type="stamp">
						<p>
							<lb/>
							...
							<lb/>
						</p>
					</div3>
				</div2>
			</div1>
		</body>
	</text>
</TEI>
