<?xml version="1.0" encoding="UTF-8"?>
<?xml-model href="http://www.tei-c.org/release/xml/tei/custom/schema/relaxng/tei_all.rng" type="application/xml" schematypens="http://relaxng.org/ns/structure/1.0"?>
<?xml-model href="http://www.tei-c.org/release/xml/tei/custom/schema/relaxng/tei_all.rng" type="application/xml"
	schematypens="http://purl.oclc.org/dsdl/schematron"?>
<TEI xmlns="http://www.tei-c.org/ns/1.0">
	<teiHeader>
		<fileDesc>
			<titleStmt>
				<title>Tursko2-005</title>
			</titleStmt>
			<publicationStmt>
				<p>Publication Information</p>
			</publicationStmt>
			<sourceDesc>
				<p/>
			</sourceDesc>
		</fileDesc>
		<xenoData>{ "saji:aspectRatioType": [ "B" ], "saji:fond": [ "Tursko 2" ] }</xenoData>
	</teiHeader>
	<facsimile>
		<surface>
			<graphic url="../../../Tursko%202/DSCN8924.JPG"/>
			<zone ulx="700" uly="700" lrx="2127" lry="3054" xml:id="zone_jft_h5z_djb"/>
			<zone ulx="2358" uly="2358" lrx="1007" lry="2952" xml:id="zone_lf4_l5z_djb"/>
			<zone ulx="2703" uly="2703" lrx="786" lry="2818" xml:id="zone_ifg_m5z_djb"/>
		</surface>
		<surface>
			<graphic url="../../../Day%204/IMG_0150.JPG"/>
		</surface>
		<surface>
			<graphic url="../../../Day%204/IMG_0151.JPG"/>
		</surface>
		<surface>
			<graphic url="../../../Day%204/IMG_0152.JPG"/>
		</surface>
		<surface>
			<graphic url="../../../Tursko%202/DSCN8925.JPG"/>
			<zone ulx="872" uly="872" lrx="3245" lry="1561" xml:id="zone_ink_n5z_djb"/>
		</surface>
	</facsimile>
	<text>
		<body>
			<div1 facs="#zone_jft_h5z_djb" type="tezkire_dīvānī">
				<p>
					<lb/>
					... fī					<date type="created" when="1788-05-28" when-custom="1202-08-23">23 Ş sene 1202</date>
					<lb/>
				</p>
				<div2 facs="#zone_lf4_l5z_djb" type="sign">
					<p>
						<lb/>
						...
						<lb/>
					</p>
					<div3 facs="#zone_ifg_m5z_djb" type="stamp">
						<p>
							<lb/>
							...
							<lb/>
						</p>
					</div3>
				</div2>
			</div1>
			<div1 facs="#zone_ink_n5z_djb" type="summary_Croatian">
				<p>
					<lb/>
					Datum:					<date type="summary_Croatian" when="1788-05-28" when-custom="1202-08-23">23 šaban 1202</date>
					 -					<date type="summary_Croatian" when="1788-05-29">29. maj 1788</date>
					<lb/>
				</p>
			</div1>
		</body>
	</text>
</TEI>
