<?xml version="1.0" encoding="UTF-8"?>
<?xml-model href="http://www.tei-c.org/release/xml/tei/custom/schema/relaxng/tei_all.rng" type="application/xml" schematypens="http://relaxng.org/ns/structure/1.0"?>
<?xml-model href="http://www.tei-c.org/release/xml/tei/custom/schema/relaxng/tei_all.rng" type="application/xml"
	schematypens="http://purl.oclc.org/dsdl/schematron"?>
<TEI xmlns="http://www.tei-c.org/ns/1.0">
	<teiHeader>
		<fileDesc>
			<titleStmt>
				<title>Tursko1-048</title>
			</titleStmt>
			<publicationStmt>
				<p>Publication Information</p>
			</publicationStmt>
			<notesStmt>
				<note type="mine">DSCN1043.JPGと同じ画像・文書。重複している。ただし、DSCN0970.JPGにのみ、裏面の画像があり、クロアチア語要約（日付）が写っている。</note>
			</notesStmt>
			<sourceDesc>
				<p/>
			</sourceDesc>
		</fileDesc>
		<xenoData>{ "saji:aspectRatioType": [ "B" ], "saji:calligraphy": [ "Rıkʿa" ], "saji:date_H": [ "1272-M-27" ], "saji:date_M": [ "1855-10-09" ], "saji:foldingMethod": [ "7x2" ], "saji:fond": [
					"Tursko 1" ], "saji:huve": [ "1" ], "saji:item": [ "・hüve\r\n・宛先？\r\n・本文\r\n・日付\r\n・破線で囲まれたオスマン語の単語" ], "saji:lang": [ "ota" ], "saji:lineage": [ "2+8" ], "saji:memo": [ "典型" ],
					"saji:relationWithAnotherItems": [ "表全体像" ], "saji:stamp_c": [ "0" ], "saji:stamp_o": [ "0" ], "saji:witness": [ "0" ] }</xenoData>
	</teiHeader>
	<facsimile>
		<surface>
			<graphic url="../../../Tursko%201/DSCN0970.JPG"/>
			<zone ulx="-16" uly="-16" lrx="2150" lry="2408" xml:id="zone_ist_scf_z3b"/>
			<zone ulx="2166" uly="2166" lrx="675" lry="2370" xml:id="zone_rvp_xcf_z3b"/>
		</surface>
		<surface>
			<graphic url="../../../Day%202/IMG_0345.JPG"/>
		</surface>
		<surface>
			<graphic url="../../../Day%202/IMG_0351.JPG"/>
		</surface>
		<surface>
			<graphic url="../../../Tursko%201/DSCN0971.JPG"/>
			<zone ulx="788" uly="788" lrx="3000" lry="1222" xml:id="zone_ryq_5cf_z3b"/>
		</surface>
		<surface>
			<graphic url="../../../Tursko%201/DSCN1043.JPG"/>
			<zone ulx="100" uly="100" lrx="2127" lry="2445" xml:id="zone_vnb_2qj_1jb"/>
			<zone ulx="2225" uly="2225" lrx="721" lry="2420" xml:id="zone_f22_gqj_1jb"/>
		</surface>
	</facsimile>
	<text>
		<body>
			<div1 facs="#zone_ist_scf_z3b" type="ʿilmühaber">
				<l>
					...					<date type="created" when="1855-10-08" when-custom="1272-01-27">27 Muharrem 72</date>
				</l>
			</div1>
			<div3 facs="#zone_rvp_xcf_z3b" type="stamp_sūret"/>
			<div1 facs="#zone_ryq_5cf_z3b" type="summary_Croatian">
				<l>
					...					<date type="summary_Croatian" when="1856">1856</date>
					 ...					<date type="summary_Croatian" when="1628">1628</date>
				</l>
				<l>
					<date type="summary_Croatian" when="1850-12-01" when-custom="1267-01-27">1267. 27. Muharrem</date>
					<date type="summary_Croatian" when="1857-08-19" when-custom="1273">1273</date>
					 Nno 5.
				</l>
			</div1>
			<div1 facs="#zone_vnb_2qj_1jb" type="ʿilmühaber">
				<p>
					<lb/>
					... fī					<date type="created" when="1855-10-08" when-custom="1272-01-27">27 Muharrem 72</date>
					<lb/>
				</p>
				<div3 facs="#zone_f22_gqj_1jb" type="stamp_sūret">
					<p>
						<lb/>
						...
						<lb/>
					</p>
				</div3>
			</div1>
		</body>
	</text>
</TEI>
