<?xml version="1.0" encoding="UTF-8"?>
<?xml-model href="http://www.tei-c.org/release/xml/tei/custom/schema/relaxng/tei_all.rng" type="application/xml" schematypens="http://relaxng.org/ns/structure/1.0"?>
<?xml-model href="http://www.tei-c.org/release/xml/tei/custom/schema/relaxng/tei_all.rng" type="application/xml"
	schematypens="http://purl.oclc.org/dsdl/schematron"?>
<TEI xmlns="http://www.tei-c.org/ns/1.0">
	<teiHeader>
		<fileDesc>
			<titleStmt>
				<title>Tursko3-158</title>
			</titleStmt>
			<publicationStmt>
				<p>Publication Information</p>
			</publicationStmt>
			<notesStmt>
				<note type="summary">フォイニチェにあるムカーターを、フォイニチェ修道院長が自らの私有地に○○することを承認した証文。</note>
			</notesStmt>
			<sourceDesc>
				<p/>
			</sourceDesc>
		</fileDesc>
		<xenoData>{ "saji:aspectRatioType": [ "B" ], "saji:fond": [ "Tursko 3" ] }</xenoData>
	</teiHeader>
	<facsimile>
		<surface>
			<graphic url="../../../Tursko%203/DSCN9066.JPG"/>
			<zone ulx="420" uly="420" lrx="655" lry="618" xml:id="zone_gcj_xts_flb"/>
			<zone ulx="2171" uly="2171" lrx="1209" lry="2980" xml:id="zone_o5m_yts_flb"/>
		</surface>
		<surface>
			<graphic url="../../../Day%206/IMG_0151.JPG"/>
		</surface>
		<surface>
			<graphic url="../../../Day%206/IMG_0152.JPG"/>
		</surface>
		<surface>
			<graphic url="../../../Tursko%203/DSCN9067.JPG"/>
			<zone ulx="100" uly="100" lrx="2009" lry="3136" xml:id="zone_hp1_b5s_flb"/>
			<zone ulx="2549" uly="2549" lrx="705" lry="3089" xml:id="zone_btq_c5s_flb"/>
		</surface>
	</facsimile>
	<text>
		<body>
			<div1 facs="#zone_hp1_b5s_flb" next="#zone_o5m_yts_flb" type="EMIN_tezkire">
				<p>
					<lb/>
					Hüve
					<lb/>
					Vech-i tahrīr-i furūf oldur ki
					<lb/>
					işbu					<date when-custom="1219">bin iki yüz on dokuz senesine mahsūben</date>
					 ʿuhdemizde bulunan Foyniçe mukātaʿası
					<lb/>
					DRVŞTE vākiʿ varoş-ı mezbūre kilisa baş rāhibi					<persName>gardiyān</persName>
					 nām zimmī
					<lb/>
					kendi mülk bi'l-... eylemek içün
					<lb/>
					izin tezkireye taleb olmağın biz dahi mukātaʿa-i mezbūre emīn
					<lb/>
					bulunduğumuz hasebiyle izin meşfūr(?) yedlerine işbu tezkiremiz
					<lb/>
					virildi tarafımızdan ve taraf-ı āhardan(?) bir kimesne māniʿ olmaya
					<lb/>
					fī					<date type="created" when="1799-10-13" when-custom="1219-05-19">19 Cemaziye'l-evvel sene 1219</date>
					 Martı
				</p>
				<div2 facs="#zone_btq_c5s_flb" type="sign">
					<p>
						<lb/>
						...
						<lb/>
						<lb/>
						<lb/>
						<lb/>
						<lb/>
					</p>
					<div3 facs="#zone_gcj_xts_flb" type="stamp">
						<p>
							<lb/>
							...
							<lb/>
						</p>
					</div3>
				</div2>
			</div1>
			<div1 facs="#zone_o5m_yts_flb" type="summary_Croatian">
				<p>
					<lb/>
					Die 16 ...
					<lb/>
					<date type="summary_Croatian" when="1805">1805</date>
					.
					<lb/>
					...
					<lb/>
					Za ...
					<lb/>
					Za ...
					<lb/>
					...
					<lb/>
					...
					<lb/>
					...
				</p>
			</div1>
		</body>
	</text>
</TEI>
