<?xml version="1.0" encoding="UTF-8"?>
<?xml-model href="http://www.tei-c.org/release/xml/tei/custom/schema/relaxng/tei_all.rng" type="application/xml" schematypens="http://relaxng.org/ns/structure/1.0"?>
<?xml-model href="http://www.tei-c.org/release/xml/tei/custom/schema/relaxng/tei_all.rng" type="application/xml"
	schematypens="http://purl.oclc.org/dsdl/schematron"?>
<TEI xmlns="http://www.tei-c.org/ns/1.0">
	<teiHeader>
		<fileDesc>
			<titleStmt>
				<title>Tursko1-023</title>
			</titleStmt>
			<publicationStmt>
				<p>Publication Information</p>
			</publicationStmt>
			<notesStmt>
				<note type="summary">とにかく来いという内容</note>
				<note type="mine">差出人はカーディーではない誰か</note>
				<note type="mine">書体：ターリク体。カーディーはターリク体を使うことが多い</note>
			</notesStmt>
			<sourceDesc>
				<p/>
			</sourceDesc>
		</fileDesc>
		<xenoData>{ "saji:aspectRatioType": [ "D" ], "saji:calligraphy": [ "Rıkʿa" ], "saji:date_H": [ "1254" ], "saji:foldingMethod": [ "6x1" ], "saji:fond": [ "Tursko 1" ], "saji:from": [
					"差出人はカーディーではない誰か" ], "saji:huve": [ "0" ], "saji:item": [ "・本文\r\n・日付\r\n・オスマン朝スタンプ" ], "saji:lang": [ "ota" ], "saji:lineage": [ "3" ], "saji:memo": [ "・紙の色が非常に白い", "典型" ],
					"saji:number": [ "414" ], "saji:relationWithAnotherItems": [ "表全体像" ], "saji:stamp_c": [ "0" ], "saji:stamp_o": [ "1" ], "saji:witness": [ "0" ] }</xenoData>
	</teiHeader>
	<facsimile>
		<surface>
			<graphic url="../../../Tursko%201/DSCN0943.JPG"/>
		</surface>
		<surface>
			<graphic url="../../../Day%201/IMG_0181.JPG"/>
		</surface>
		<surface>
			<graphic url="../../../Day%201/IMG_0183.JPG"/>
		</surface>
		<surface>
			<graphic url="../../../Tursko%201/DSCN0944.JPG"/>
			<zone ulx="738" uly="738" lrx="2828" lry="1466" xml:id="zone_bzd_w1z_y3b"/>
			<zone ulx="1226" uly="1226" lrx="1100" lry="1436" xml:id="zone_vcw_x1z_y3b"/>
		</surface>
		<surface>
			<graphic url="../../../Tursko%201/DSCN0945.JPG"/>
			<zone ulx="150" uly="150" lrx="2612" lry="672" xml:id="zone_xwb_1bz_y3b"/>
			<zone ulx="666" uly="666" lrx="2684" lry="1972" xml:id="zone_m2f_bbz_y3b"/>
		</surface>
	</facsimile>
	<text>
		<body>
			<div1 facs="#zone_bzd_w1z_y3b" type="tezkire">
				<l>
					Fī					<date cert="unknown" type="created" when="1839-03-14" when-custom="1254">... 254</date>
				</l>
				<div3 facs="#zone_vcw_x1z_y3b" type="stamp"/>
			</div1>
			<div1 cert="unknown" facs="#zone_xwb_1bz_y3b" type="unkown"/>
			<div1 cert="low" facs="#zone_m2f_bbz_y3b" type="summary_Croatian"/>
		</body>
	</text>
</TEI>
