<?xml version="1.0" encoding="UTF-8"?>
<?xml-model href="http://www.tei-c.org/release/xml/tei/custom/schema/relaxng/tei_all.rng" type="application/xml" schematypens="http://relaxng.org/ns/structure/1.0"?>
<?xml-model href="http://www.tei-c.org/release/xml/tei/custom/schema/relaxng/tei_all.rng" type="application/xml"
	schematypens="http://purl.oclc.org/dsdl/schematron"?>
<TEI xmlns="http://www.tei-c.org/ns/1.0">
	<teiHeader>
		<fileDesc>
			<titleStmt>
				<title>Tursko3-131</title>
			</titleStmt>
			<publicationStmt>
				<p>Publication Information</p>
			</publicationStmt>
			<notesStmt>
				<note type="summary">国内の通行許可証</note>
				<note type="mine">参考文献 Nusa Sadırcı "Tanzimat döneminde Anadolu Kentlerinin Sosyal ve Ekonomik Yapılar"</note>
			</notesStmt>
			<sourceDesc>
				<p/>
			</sourceDesc>
		</fileDesc>
		<profileDesc>
			<textClass>
				<classCode scheme="">通行許可</classCode>
			</textClass>
		</profileDesc>
		<xenoData>{ "saji:aspectRatioType": [ "D" ], "saji:fond": [ "Tursko 3" ], "saji:memo": [ "典型" ] }</xenoData>
	</teiHeader>
	<facsimile>
		<surface>
			<graphic url="../../../Tursko%203/DSCN9192.JPG"/>
			<zone ulx="300" uly="300" lrx="1929" lry="2850" xml:id="zone_ykf_k2q_h3b"/>
			<zone ulx="2116" uly="2116" lrx="1108" lry="2454" xml:id="zone_nq2_42q_h3b"/>
		</surface>
		<surface>
			<graphic url="../../../Day%206/IMG_0091.JPG"/>
		</surface>
		<surface>
			<graphic url="../../../Day%206/IMG_0092.JPG"/>
		</surface>
	</facsimile>
	<text>
		<body>
			<div1 facs="#zone_ykf_k2q_h3b" subtype="mürūr_tezkiresi" type="tezkire">
				<l>Mürūr tezkiresi</l>
				<l/>
				<l/>
				<l/>
				<l/>
				<l/>
				<l/>
				<l>
					fī					<date cert="medium" when="1871-05-28" when-custom="1288-03-09">9 Rebīülevvel sene 1288 sekisen sekiz senesi</date>
				</l>
			</div1>
			<div3 facs="#zone_nq2_42q_h3b" type="stamp">
				<l>
					<placename>
						<placename type="proper">Foyniçe</placename>
						 nāhiye
					</placename>
				</l>
			</div3>
			<div>
				<l>
					<placeName>
						<placeName type="proper">Foyniçe</placeName>
						 kilisesi
					</placeName>
					 gardiyānı					<persName cert="unknown" role="Foyniçe kilisesi gardiyānı">...</persName>
				</l>
			</div>
			<div>
				<l>numera</l>
				<l>işkâl</l>
				<l>52</l>
				<l>sin 17</l>
				<l>boy kısa</l>
				<l>sakal ..</l>
				<l>...</l>
				<l>göz siyāh</l>
				<l>...</l>
				<l>defteri numerası 1</l>
			</div>
		</body>
	</text>
</TEI>
