<?xml version="1.0" encoding="UTF-8"?>
<?xml-model href="http://www.tei-c.org/release/xml/tei/custom/schema/relaxng/tei_all.rng" type="application/xml" schematypens="http://relaxng.org/ns/structure/1.0"?>
<?xml-model href="http://www.tei-c.org/release/xml/tei/custom/schema/relaxng/tei_all.rng" type="application/xml"
	schematypens="http://purl.oclc.org/dsdl/schematron"?>
<TEI xmlns="http://www.tei-c.org/ns/1.0">
	<teiHeader>
		<fileDesc>
			<titleStmt>
				<title>Tursko3-104</title>
			</titleStmt>
			<publicationStmt>
				<p>Publication Information</p>
			</publicationStmt>
			<sourceDesc>
				<p/>
			</sourceDesc>
		</fileDesc>
		<xenoData>{ "saji:aspectRatioType": [ "D" ], "saji:fond": [ "Tursko 3" ] }</xenoData>
	</teiHeader>
	<facsimile>
		<surface>
			<graphic url="../../../Tursko%203/DSCN9201.JPG"/>
			<zone ulx="190" uly="190" lrx="1854" lry="3081" xml:id="zone_f1v_xnt_klb"/>
			<zone ulx="2220" uly="2220" lrx="1517" lry="2662" xml:id="zone_lnc_znt_klb"/>
		</surface>
		<surface>
			<graphic url="../../../Day%206/IMG_0029.JPG"/>
		</surface>
		<surface>
			<graphic url="../../../Day%206/IMG_0030.JPG"/>
		</surface>
	</facsimile>
	<text>
		<body>
			<div1 facs="#zone_f1v_xnt_klb" type="cizye_senedi">
				<p>
					<lb/>
					...
					<lb/>
				</p>
				<div2 facs="#zone_lnc_znt_klb" type="stamp">
					<p>
						<lb/>
						...
						<lb/>
					</p>
				</div2>
			</div1>
		</body>
	</text>
</TEI>
