<?xml version="1.0" encoding="UTF-8"?>
<?xml-model href="http://www.tei-c.org/release/xml/tei/custom/schema/relaxng/tei_all.rng" type="application/xml" schematypens="http://relaxng.org/ns/structure/1.0"?>
<?xml-model href="http://www.tei-c.org/release/xml/tei/custom/schema/relaxng/tei_all.rng" type="application/xml"
	schematypens="http://purl.oclc.org/dsdl/schematron"?>
<TEI xmlns="http://www.tei-c.org/ns/1.0">
	<teiHeader>
		<fileDesc>
			<titleStmt>
				<title>Tursko1-092</title>
			</titleStmt>
			<publicationStmt>
				<p>Publication Information</p>
			</publicationStmt>
			<sourceDesc>
				<p/>
			</sourceDesc>
		</fileDesc>
		<xenoData>{ "saji:aspectRatioType": [ "B" ], "saji:fond": [ "Tursko 1" ] }</xenoData>
	</teiHeader>
	<facsimile>
		<surface>
			<graphic url="../../../Tursko%201/DSCN1757.JPG"/>
			<zone ulx="435" uly="435" lrx="1627" lry="2945" xml:id="zone_zy1_rnh_cjb"/>
			<zone ulx="2598" uly="2598" lrx="625" lry="2900" xml:id="zone_jpf_snh_cjb"/>
			<zone ulx="802" uly="802" lrx="1612" lry="1537" xml:id="zone_pv1_tnh_cjb"/>
		</surface>
		<surface>
			<graphic url="../../../Day%203/IMG_0017.JPG"/>
		</surface>
		<surface>
			<graphic url="../../../Day%203/IMG_0018.JPG"/>
		</surface>
		<surface>
			<graphic url="../../../Tursko%201/DSCN1758.JPG"/>
			<zone ulx="555" uly="555" lrx="3089" lry="861" xml:id="zone_rjg_wnh_cjb"/>
		</surface>
	</facsimile>
	<text>
		<body>
			<div1 facs="#zone_zy1_rnh_cjb" type="mürāsele">
				<p>
					<lb/>
					... fī					<date type="created" when="1784-02-20" when-custom="1198-03">Rebi'ü'l-evvel sene 1198</date>
					<lb/>
				</p>
				<div2 facs="#zone_jpf_snh_cjb" type="sign">
					<p>
						<lb/>
						...
						<lb/>
					</p>
				</div2>
			</div1>
			<div1 facs="#zone_pv1_tnh_cjb" type="buyuruldu">
				<p>
					<lb/>
					buyuruldu fī					<date type="created" when="1784-01-06" when-custom="1198-02-13">13 S sene 198</date>
					<lb/>
				</p>
			</div1>
			<div1 facs="#zone_rjg_wnh_cjb" type="summary_Croatian">
				<p>
					<lb/>
					...					<date type="summary_Croatian" when="1784">1784</date>
					 ...
					<lb/>
					<lb/>
					...					<date type="summary_Croatian" when="1784-11-12" when-custom="1198">1198</date>
					. ...
					<lb/>
				</p>
			</div1>
		</body>
	</text>
</TEI>
