<?xml version="1.0" encoding="UTF-8"?>
<?xml-model href="http://www.tei-c.org/release/xml/tei/custom/schema/relaxng/tei_all.rng" type="application/xml" schematypens="http://relaxng.org/ns/structure/1.0"?>
<?xml-model href="http://www.tei-c.org/release/xml/tei/custom/schema/relaxng/tei_all.rng" type="application/xml"
	schematypens="http://purl.oclc.org/dsdl/schematron"?>
<TEI xmlns="http://www.tei-c.org/ns/1.0">
	<teiHeader>
		<fileDesc>
			<titleStmt>
				<title>Tursko3-029</title>
			</titleStmt>
			<publicationStmt>
				<p>Publication Information</p>
			</publicationStmt>
			<sourceDesc>
				<p/>
			</sourceDesc>
		</fileDesc>
		<xenoData>{ "saji:aspectRatioType": [ "B" ], "saji:fond": [ "Tursko 3" ] }</xenoData>
	</teiHeader>
	<facsimile>
		<surface>
			<graphic url="../../../Tursko%203/DSCN9259.JPG"/>
			<zone ulx="955" uly="955" lrx="2356" lry="1711" xml:id="zone_orl_jfh_nlb"/>
		</surface>
		<surface>
			<graphic url="../../../Day%205/IMG_0070.JPG"/>
		</surface>
		<surface>
			<graphic url="../../../Day%205/IMG_0071.JPG"/>
		</surface>
		<surface>
			<graphic url="../../../Tursko%203/DSCN9260.JPG"/>
			<zone ulx="264" uly="264" lrx="2435" lry="2478" xml:id="zone_ow1_lfh_nlb"/>
			<zone ulx="2081" uly="2081" lrx="800" lry="2385" xml:id="zone_yqk_mfh_nlb"/>
		</surface>
	</facsimile>
	<text>
		<body>
			<div1 facs="#zone_ow1_lfh_nlb" next="#zone_orl_jfh_nlb" subtype="zabt_tezkire" type="EMIN">
				<p>
					<lb/>
					işbu					<date type="created" when="1790-09-08" when-custom="1204">bin iki yüz dört senesinde</date>
					 der ...
					<lb/>
				</p>
				<div2 facs="#zone_yqk_mfh_nlb" type="sign">
					<p>
						<lb/>
						...
						<lb/>
					</p>
				</div2>
				<div2 type="şühūdu’l-hāl">
					<p>
						<lb/>
						...
						<lb/>
					</p>
				</div2>
			</div1>
			<div1 facs="#zone_orl_jfh_nlb" type="summary_Croatian">
				<p>
					<lb/>
					...
					<lb/>
				</p>
			</div1>
		</body>
	</text>
</TEI>
