<?xml version="1.0" encoding="UTF-8"?>
<?xml-model href="http://www.tei-c.org/release/xml/tei/custom/schema/relaxng/tei_all.rng" type="application/xml" schematypens="http://relaxng.org/ns/structure/1.0"?>
<?xml-model href="http://www.tei-c.org/release/xml/tei/custom/schema/relaxng/tei_all.rng" type="application/xml"
	schematypens="http://purl.oclc.org/dsdl/schematron"?>
<TEI xmlns="http://www.tei-c.org/ns/1.0">
	<teiHeader>
		<fileDesc>
			<titleStmt>
				<title>Tursko1-057</title>
			</titleStmt>
			<publicationStmt>
				<p>Publication Information</p>
			</publicationStmt>
			<sourceDesc>
				<p/>
			</sourceDesc>
		</fileDesc>
		<xenoData>{ "saji:aspectRatioType": [ "C" ], "saji:fond": [ "Tursko 1" ] }</xenoData>
	</teiHeader>
	<facsimile>
		<surface>
			<graphic url="../../../Tursko%201/DSCN1642.JPG"/>
			<zone ulx="163" uly="163" lrx="1327" lry="3127" xml:id="zone_ckh_h2k_1jb"/>
		</surface>
		<surface>
			<graphic url="../../../Day%202/IMG_0399.JPG"/>
		</surface>
		<surface>
			<graphic url="../../../Day%202/IMG_0402.JPG"/>
		</surface>
		<surface>
			<graphic url="../../../Tursko%201/DSCN1643.JPG"/>
			<zone ulx="583" uly="583" lrx="2978" lry="883" xml:id="zone_k5w_32k_1jb"/>
		</surface>
	</facsimile>
	<text>
		<body>
			<div1 facs="#zone_ckh_h2k_1jb" type="iʿlām">
				<p>
					<lb/>
					... fī					<date from="1768-12-30" from-custom="1182-08-21" to-custom="1182-08-30" type="created">
						evāhir şehr Şaʿabāni'l-muʿazzam
						<lb/>
						<lb/>
						sene isnayn ve semānīn ve mie ve elifī
					</date>
					<lb/>
				</p>
			</div1>
			<div1 facs="#zone_k5w_32k_1jb" type="summary_Serbian">
				<p>
					<lb/>
					<date type="summary_Serbian" when="1769">1769</date>
					 ...
					<lb/>
				</p>
			</div1>
		</body>
	</text>
</TEI>
