<?xml version="1.0" encoding="UTF-8"?>
<?xml-model href="http://www.tei-c.org/release/xml/tei/custom/schema/relaxng/tei_all.rng" type="application/xml" schematypens="http://relaxng.org/ns/structure/1.0"?>
<?xml-model href="http://www.tei-c.org/release/xml/tei/custom/schema/relaxng/tei_all.rng" type="application/xml"
	schematypens="http://purl.oclc.org/dsdl/schematron"?>
<TEI xmlns="http://www.tei-c.org/ns/1.0">
	<teiHeader>
		<fileDesc>
			<titleStmt>
				<title>Tursko1-142</title>
			</titleStmt>
			<publicationStmt>
				<p>Publication Information</p>
			</publicationStmt>
			<sourceDesc>
				<p/>
			</sourceDesc>
		</fileDesc>
		<xenoData>{ "saji:aspectRatioType": [ "C" ], "saji:fond": [ "Tursko 1" ] }</xenoData>
	</teiHeader>
	<facsimile>
		<surface>
			<graphic url="../../../Tursko%201/DSCN1857.JPG"/>
			<zone ulx="16" uly="16" lrx="1700" lry="2833" xml:id="zone_vjp_wnq_cjb"/>
			<zone ulx="2526" uly="2526" lrx="728" lry="2814" xml:id="zone_gjf_ynq_cjb"/>
		</surface>
		<surface>
			<graphic url="../../../Day%203/IMG_0133.JPG"/>
		</surface>
		<surface>
			<graphic url="../../../Day%203/IMG_0134.JPG"/>
		</surface>
		<surface>
			<graphic url="../../../Tursko%201/DSCN1858.JPG"/>
			<zone ulx="738" uly="738" lrx="2728" lry="1022" xml:id="zone_mzg_znq_cjb"/>
		</surface>
	</facsimile>
	<text>
		<body>
			<div1 cert="low" facs="#zone_vjp_wnq_cjb" type="mürāsele">
				<p>
					<lb/>
					... fī					<date type="created" when="1780-08-25" when-custom="1194-08-25">25 Ş sene 194</date>
					<lb/>
				</p>
				<div2 facs="#zone_gjf_ynq_cjb" type="sign">
					<p>
						<lb/>
						...
						<lb/>
					</p>
				</div2>
			</div1>
			<div1 facs="#zone_mzg_znq_cjb" type="summary_Croatian">
				<p>
					<lb/>
					...					<date type="summary_Croatian" when="1780">1780</date>
					<lb/>
				</p>
			</div1>
		</body>
	</text>
</TEI>
