<?xml version="1.0" encoding="UTF-8"?>
<?xml-model href="http://www.tei-c.org/release/xml/tei/custom/schema/relaxng/tei_all.rng" type="application/xml" schematypens="http://relaxng.org/ns/structure/1.0"?>
<?xml-model href="http://www.tei-c.org/release/xml/tei/custom/schema/relaxng/tei_all.rng" type="application/xml"
	schematypens="http://purl.oclc.org/dsdl/schematron"?>
<TEI xmlns="http://www.tei-c.org/ns/1.0">
	<teiHeader>
		<fileDesc>
			<titleStmt>
				<title>Tursko3-101</title>
			</titleStmt>
			<publicationStmt>
				<p>Publication Information</p>
			</publicationStmt>
			<notesStmt>
				<note type="summary">ジズヤの支払い証明書</note>
			</notesStmt>
			<sourceDesc>
				<p/>
			</sourceDesc>
		</fileDesc>
		<profileDesc>
			<textClass>
				<classCode scheme="">納税証明</classCode>
			</textClass>
		</profileDesc>
		<xenoData>{ "saji:aspectRatioType": [ "D" ], "saji:fond": [ "Tursko 3" ], "saji:memo": [ "典型" ] }</xenoData>
	</teiHeader>
	<facsimile>
		<surface>
			<graphic url="../../../Tursko%203/DSCN9200.JPG"/>
			<zone ulx="118" uly="118" lrx="1726" lry="2872" xml:id="zone_d2h_xhq_h3b"/>
			<zone ulx="2154" uly="2154" lrx="1600" lry="2618" xml:id="zone_jgh_yhq_h3b"/>
		</surface>
		<surface>
			<graphic url="../../../Day%206/IMG_0023.JPG"/>
		</surface>
		<surface>
			<graphic url="../../../Day%206/IMG_0024.JPG"/>
		</surface>
	</facsimile>
	<text>
		<body>
			<div1 facs="#zone_d2h_xhq_h3b" type="cizye_senedi">
				<p>
					<lb/>
					ednā 15
					<lb/>
					<placename type="proper">Foyniçe</placename>
					 kazā
					<lb/>
					<persname cert="medium">Miu veledi Miu</persname>
					 nām zimmī
					<lb/>
					<date when="1850-11-04" when-custom="1266">altmış altı senesine</date>
					 mahsūben mustahakk
					<lb/>
					olduğu cizye-i şerʿiyyesini me'mūrı
					<lb/>
					tarafına teslīm etmiş olduğunu mübeyyin
					<lb/>
					işbu sened yedine virıldi					<date when="1850-11-04" when-custom="1266">sene 1266</date>
					<lb/>
					numero
					<lb/>
					102
					<lb/>
					işkâl
					<lb/>
					sin 36
					<lb/>
					boy uzun
					<lb/>
					sakar ...
					<lb/>
					 cert="unknown"&gt;...
					<lb/>
					göz ...
					<lb/>
					işkâl mahsūsa
					<lb/>
					defteri numerosı				</p>
				<div2 facs="#zone_jgh_yhq_h3b" type="stamp">
					<p>
						<lb/>
						Sened-i makbūz-ı						<placename>
							eyālet-i							<placename type="proper">Bosna</placename>
						</placename>
					</p>
				</div2>
			</div1>
		</body>
	</text>
</TEI>
