<?xml version="1.0" encoding="UTF-8"?>
<?xml-model href="http://www.tei-c.org/release/xml/tei/custom/schema/relaxng/tei_all.rng" type="application/xml" schematypens="http://relaxng.org/ns/structure/1.0"?>
<?xml-model href="http://www.tei-c.org/release/xml/tei/custom/schema/relaxng/tei_all.rng" type="application/xml"
	schematypens="http://purl.oclc.org/dsdl/schematron"?>
<TEI xmlns="http://www.tei-c.org/ns/1.0">
	<teiHeader>
		<fileDesc>
			<titleStmt>
				<title>Tursko1-123</title>
			</titleStmt>
			<publicationStmt>
				<p>Publication Information</p>
			</publicationStmt>
			<notesStmt>
				<note type="mine">buyurulduの筆跡から、全体が写しの可能性がある。しかし、写しであるという記述や署名がないことから、原本の可能性もある。</note>
			</notesStmt>
			<sourceDesc>
				<p/>
			</sourceDesc>
		</fileDesc>
		<xenoData>{ "saji:aspectRatioType": [ "B" ], "saji:fond": [ "Tursko 1" ] }</xenoData>
	</teiHeader>
	<facsimile>
		<surface>
			<graphic url="../../../Tursko%201/DSCN1818.JPG"/>
			<zone ulx="1408" uly="1408" lrx="1767" lry="3058" xml:id="zone_ers_ds4_cjb"/>
			<zone ulx="2694" uly="2694" lrx="529" lry="2998" xml:id="zone_w5m_3s4_cjb"/>
			<zone ulx="673" uly="673" lrx="1324" lry="1388" xml:id="zone_urn_js4_cjb"/>
		</surface>
		<surface>
			<graphic url="../../../Day%203/IMG_0088.JPG"/>
		</surface>
		<surface>
			<graphic url="../../../Day%203/IMG_0089.JPG"/>
		</surface>
		<surface>
			<graphic url="../../../Tursko%201/DSCN1819.JPG"/>
			<zone ulx="533" uly="533" lrx="2462" lry="761" xml:id="zone_kg2_ls4_cjb"/>
		</surface>
	</facsimile>
	<text>
		<body>
			<div1 facs="#zone_ers_ds4_cjb" type="mürāsele">
				<p>
					<lb/>
					... fī					<date type="created" when="1784-02-20" when-custom="1198-03">Rebi'ü'l-evvel sene 1198</date>
					<lb/>
				</p>
				<div2 facs="#zone_w5m_3s4_cjb" type="sign">
					<p>
						<lb/>
						...
						<lb/>
					</p>
				</div2>
			</div1>
			<div1 facs="#zone_urn_js4_cjb" type="buyuruldu">
				<p>
					<lb/>
					buyuruldu fī					<date type="created" when="1784-01-06" when-custom="1198-02-13">S 13 sene 1198</date>
					<lb/>
				</p>
			</div1>
			<div1 facs="#zone_kg2_ls4_cjb" type="summary_Croatian">
				<p>
					<lb/>
					...
					<lb/>
				</p>
			</div1>
		</body>
	</text>
</TEI>
