<?xml version="1.0" encoding="UTF-8"?>
<?xml-model href="http://www.tei-c.org/release/xml/tei/custom/schema/relaxng/tei_all.rng" type="application/xml" schematypens="http://relaxng.org/ns/structure/1.0"?>
<?xml-model href="http://www.tei-c.org/release/xml/tei/custom/schema/relaxng/tei_all.rng" type="application/xml"
	schematypens="http://purl.oclc.org/dsdl/schematron"?>
<TEI xmlns="http://www.tei-c.org/ns/1.0">
	<teiHeader>
		<fileDesc>
			<titleStmt>
				<title>Tursko1-072</title>
			</titleStmt>
			<publicationStmt>
				<p>Publication Information</p>
			</publicationStmt>
			<sourceDesc>
				<p/>
			</sourceDesc>
		</fileDesc>
		<xenoData>{ "saji:aspectRatioType": [ "D" ], "saji:fond": [ "Tursko 1" ], "saji:memo": [ "典型",
          "このタイプの文書を何と呼ぶかは要検討。\r\n自己言及がないので、現状日本語で上奏文としておく。" ], "saji:type": [ "vālīから大宰相への上奏文の写し" ]
          }</xenoData>
	</teiHeader>
	<facsimile>
		<surface>
			<graphic url="../../../Tursko%201/DSCN1676.JPG"/>
			<zone ulx="13" uly="13" lrx="2180" lry="2200" xml:id="zone_zxd_d2x_1jb"/>
			<zone ulx="1736" uly="1736" lrx="542" lry="2160" xml:id="zone_q5h_22x_1jb"/>
			<zone ulx="1984" uly="1984" lrx="530" lry="2151" xml:id="zone_wdp_j2x_1jb"/>
			<zone ulx="257" uly="257" lrx="2103" lry="663" xml:id="zone_ufl_k2x_1jb"/>
			<zone ulx="451" uly="451" lrx="2084" lry="612" xml:id="zone_mqm_l2x_1jb"/>
		</surface>
		<surface>
			<graphic url="../../../Day%202/IMG_0486.JPG"/>
		</surface>
		<surface>
			<graphic url="../../../Day%202/IMG_0487.JPG"/>
		</surface>
		<surface>
			<graphic url="../../../Tursko%201/DSCN1677.JPG"/>
			<zone ulx="550" uly="550" lrx="2684" lry="1111" xml:id="zone_ahc_n2x_1jb"/>
		</surface>
	</facsimile>
	<text>
		<body>
			<div1 facs="#zone_zxd_d2x_1jb" type="iʿlām_sūret">
				<p>
					<lb/>
					... fī					<date type="created" when="1846-04-30" when-custom="1262-05-05">5 Ca 262</date>
					<lb/>
				</p>
				<div2 facs="#zone_q5h_22x_1jb" type="sign">
					<p>
						<lb/>
						...
						<lb/>
					</p>
					<div3 facs="#zone_wdp_j2x_1jb" type="stamp">
						<p>
							<lb/>
							...
							<lb/>
						</p>
					</div3>
				</div2>
				<div2 facs="#zone_ufl_k2x_1jb" type="sign">
					<p>
						<lb/>
						...
						<lb/>
					</p>
					<div3 facs="#zone_mqm_l2x_1jb" type="stamp">
						<p>
							<lb/>
							...
							<lb/>
						</p>
					</div3>
				</div2>
			</div1>
			<div1 facs="#zone_ahc_n2x_1jb" type="summary_Croatian">
				<p>
					<lb/>
					...
					<lb/>
				</p>
			</div1>
		</body>
	</text>
</TEI>
