<?xml version="1.0" encoding="UTF-8"?>
<?xml-model href="http://www.tei-c.org/release/xml/tei/custom/schema/relaxng/tei_all.rng" type="application/xml" schematypens="http://relaxng.org/ns/structure/1.0"?>
<?xml-model href="http://www.tei-c.org/release/xml/tei/custom/schema/relaxng/tei_all.rng" type="application/xml"
	schematypens="http://purl.oclc.org/dsdl/schematron"?>
<TEI xmlns="http://www.tei-c.org/ns/1.0">
	<teiHeader>
		<fileDesc>
			<titleStmt>
				<title>Tursko3-266</title>
			</titleStmt>
			<publicationStmt>
				<p>Publication Information</p>
			</publicationStmt>
			<notesStmt>
				<note type="summary">非ムスリムの私有地mülk ve emlākの、ムスリムに対する売却の承認</note>
			</notesStmt>
			<sourceDesc>
				<p/>
			</sourceDesc>
		</fileDesc>
		<xenoData>{ "saji:aspectRatioType": [ "B" ], "saji:fond": [ "Tursko 3" ] }</xenoData>
	</teiHeader>
	<facsimile>
		<surface>
			<graphic url="../../../Tursko%203/DSCN0368.JPG"/>
			<zone ulx="90" uly="90" lrx="2127" lry="2954" xml:id="zone_jk4_r1f_pkb"/>
			<zone ulx="2403" uly="2403" lrx="689" lry="2930" xml:id="zone_r4r_s1f_pkb"/>
		</surface>
		<surface>
			<graphic url="../../../Day%207/IMG_0174.JPG"/>
		</surface>
		<surface>
			<graphic url="../../../Day%207/IMG_0175.JPG"/>
		</surface>
		<surface>
			<graphic url="../../../Tursko%203/DSCN0369.JPG"/>
			<zone ulx="627" uly="627" lrx="3050" lry="1972" xml:id="zone_ey2_z1f_pkb"/>
		</surface>
		<surface>
			<graphic url="../../../Tursko%203/DSCN0370.JPG"/>
			<zone ulx="570" uly="570" lrx="802" lry="805" xml:id="zone_f1t_w1f_pkb"/>
		</surface>
	</facsimile>
	<text>
		<body>
			<div1 facs="#zone_jk4_r1f_pkb" next="#zone_ey2_z1f_pkb" type="EMIN_sūret">
				<p>
					<lb/>
					Hüve
					<lb/>
					Vech-i tahrīr-i hurūf oldur ki
					<lb/>
					işbu					<date when-custom="1244">bin iki yüz krık dört senede(?)</date>
					 der ʿuhde ve iltizāmımızda bulunan Kirşevo mukātaʿası
					<lb/>
					kurālarından KOYSINE karyesi mütemekkinlerinden zimmī PAVU DAPTAMUYA taht-ı tasarrıfında
					<lb/>
					bulunan mülk ve emlāk ve āsiyāb hakkılarından(?) haftada(?) ... nnevbet(?) ...
					<lb/>
					... bā temessükler(?) ki zikr olunan emlāk ve diğer min hāssa ...
					<lb/>
					işbu ... İbrāhīm yalnız doksan guruş mukābelesinde beyʿ-i bāt katʿiyle
					<lb/>
					beyʿ ü ferāğ semen-i merkūm doksan guruş ahz ve kabz eylediği biz
					<lb/>
					dahi me'mūr olduğumuz hasebiyle beyʿ-i merkūm içün gördüğüm(?) resm-i tapusin(?)
					<lb/>
					baʿde'l-ahz mā-dām ki sāl be-sāl cānib-i mukātaʿaya rāciʿ olan
					<lb/>
					edā eylemek şartiyle ... emlāk-ı merkūmu zabt ve zirāʿat olunub(?)
					<lb/>
					kimesne māniʿ ve müdāhale olunmaya fī					<date cert="unknown" type="created" when-custom="1244-??-29">29 sene 244</date>
				</p>
				<div2 facs="#zone_r4r_s1f_pkb" type="sign">
					<p>
						<lb/>
						...
						<lb/>
						...
						<lb/>
						Emīn-i Kirşevo
						<lb/>
						Hāl
						<lb/>
						M
					</p>
					<div3 facs="#zone_f1t_w1f_pkb" type="stamp_sūret">
						<p>
							<lb/>
							... fī
							<lb/>
						</p>
					</div3>
				</div2>
				<div2 type="şühūdu'l-hāl">
					<p>
						<lb/>
						Şühūdu'l-hāl
						<lb/>
						Mehmed Ağa
						<lb/>
						Dervīş Ağa
						<lb/>
						Mollā Mustafa
						<lb/>
						Mustafa
						<lb/>
						CYB
					</p>
				</div2>
			</div1>
			<div1 facs="#zone_ey2_z1f_pkb" type="summary_Croatian">
				<p>
					<lb/>
					Tapija na ...
					<lb/>
					...					<date type="summary_Croatian" when="1829-07-01" when-custom="1244">1244</date>
					.
					<lb/>
					Nno 25.
				</p>
			</div1>
		</body>
	</text>
</TEI>
