<?xml version="1.0" encoding="UTF-8"?>
<?xml-model href="http://www.tei-c.org/release/xml/tei/custom/schema/relaxng/tei_all.rng" type="application/xml" schematypens="http://relaxng.org/ns/structure/1.0"?>
<?xml-model href="http://www.tei-c.org/release/xml/tei/custom/schema/relaxng/tei_all.rng" type="application/xml"
	schematypens="http://purl.oclc.org/dsdl/schematron"?>
<TEI xmlns="http://www.tei-c.org/ns/1.0">
	<teiHeader>
		<fileDesc>
			<titleStmt>
				<title>Tursko3-036</title>
			</titleStmt>
			<publicationStmt>
				<p>Publication Information</p>
			</publicationStmt>
			<sourceDesc>
				<p/>
			</sourceDesc>
		</fileDesc>
		<xenoData>{ "saji:aspectRatioType": [ "B" ], "saji:fond": [ "Tursko 3" ] }</xenoData>
	</teiHeader>
	<facsimile>
		<surface>
			<graphic url="../../../Tursko%203/DSCN9287.JPG"/>
			<zone ulx="766" uly="766" lrx="2639" lry="1705" xml:id="zone_kcd_xvv_nlb"/>
		</surface>
		<surface>
			<graphic url="../../../Day%205/IMG_0086.JPG"/>
		</surface>
		<surface>
			<graphic url="../../../Day%205/IMG_0087.JPG"/>
		</surface>
		<surface>
			<graphic url="../../../Tursko%203/DSCN9288.JPG"/>
			<zone ulx="80" uly="80" lrx="2393" lry="2366" xml:id="zone_lpx_yvv_nlb"/>
			<zone ulx="2012" uly="2012" lrx="639" lry="2239" xml:id="zone_ock_1wv_nlb"/>
		</surface>
	</facsimile>
	<text>
		<body>
			<div1 facs="#zone_lpx_yvv_nlb" next="#zone_kcd_xvv_nlb" subtype="tapu" type="EMIN">
				<p>
					<lb/>
					<lb/>
					fī					<date cert="medium" type="created" when="1825-01-06" when-custom="1240-05-17">17 Ca sene 1240</date>
				</p>
				<div2 facs="#zone_ock_1wv_nlb" type="sign">
					<p>
						<lb/>
						...
						<lb/>
					</p>
				</div2>
				<div2 type="şühūdu’l-hāl">
					<p>
						<lb/>
						...
						<lb/>
					</p>
				</div2>
			</div1>
			<div1 facs="#zone_kcd_xvv_nlb" type="summary_Croatian">
				<p>
					<lb/>
					...					<date type="summary_Croatian" when="1825">1825</date>
					 -					<date type="sumamry_Croatian" when="1825-08-13" when-custom="1240">1240</date>
					.
					<lb/>
				</p>
			</div1>
		</body>
	</text>
</TEI>
