<?xml version="1.0" encoding="UTF-8"?>
<?xml-model href="http://www.tei-c.org/release/xml/tei/custom/schema/relaxng/tei_all.rng" type="application/xml" schematypens="http://relaxng.org/ns/structure/1.0"?>
<?xml-model href="http://www.tei-c.org/release/xml/tei/custom/schema/relaxng/tei_all.rng" type="application/xml"
	schematypens="http://purl.oclc.org/dsdl/schematron"?>
<TEI xmlns="http://www.tei-c.org/ns/1.0">
	<teiHeader>
		<fileDesc>
			<titleStmt>
				<title>Tursko3-123</title>
			</titleStmt>
			<publicationStmt>
				<p>Publication Information</p>
			</publicationStmt>
			<sourceDesc>
				<p/>
			</sourceDesc>
		</fileDesc>
		<xenoData>{ "saji:aspectRatioType": [ "B" ], "saji:fond": [ "Tursko 3" ] }</xenoData>
	</teiHeader>
	<facsimile>
		<surface>
			<graphic url="../../../Tursko%203/DSCN9159.JPG"/>
			<zone ulx="833" uly="833" lrx="2700" lry="1422" xml:id="zone_rsl_gnq_jlb"/>
		</surface>
		<surface>
			<graphic url="../../../Day%206/IMG_0068.JPG"/>
		</surface>
		<surface>
			<graphic url="../../../Day%206/IMG_0069.JPG"/>
		</surface>
		<surface>
			<graphic url="../../../Tursko%203/DSCN9160.JPG"/>
			<zone ulx="1054" uly="1054" lrx="2273" lry="3190" xml:id="zone_mqc_jnq_jlb"/>
			<zone ulx="2845" uly="2845" lrx="443" lry="3168" xml:id="zone_q3z_lnq_jlb"/>
		</surface>
	</facsimile>
	<text>
		<body>
			<div1 facs="#zone_mqc_jnq_jlb" next="#zone_rsl_gnq_jlb" subtype="zabt_temessük" type="EMIN">
				<p>
					<lb/>
					işbu					<date type="created" when="1817-11-08" when-custom="1232">bin iki yüz otuz iki senesine</date>
					 mahsūben ...
					<lb/>
				</p>
				<div2 facs="#zone_q3z_lnq_jlb" type="sign">
					<p>
						<lb/>
						...
						<lb/>
					</p>
				</div2>
				<div2 type="şühūdu’l-hāl">
					<p>
						<lb/>
						...
						<lb/>
					</p>
				</div2>
			</div1>
			<div1 facs="#zone_rsl_gnq_jlb" type="summary_Croatian">
				<p>
					<lb/>
					...
					<lb/>
				</p>
			</div1>
		</body>
	</text>
</TEI>
