<?xml version="1.0" encoding="UTF-8"?>
<?xml-model href="http://www.tei-c.org/release/xml/tei/custom/schema/relaxng/tei_all.rng" type="application/xml" schematypens="http://relaxng.org/ns/structure/1.0"?>
<?xml-model href="http://www.tei-c.org/release/xml/tei/custom/schema/relaxng/tei_all.rng" type="application/xml"
	schematypens="http://purl.oclc.org/dsdl/schematron"?>
<TEI xmlns="http://www.tei-c.org/ns/1.0">
	<teiHeader>
		<fileDesc>
			<titleStmt>
				<title>Tursko3-018</title>
			</titleStmt>
			<publicationStmt>
				<p>Publication Information</p>
			</publicationStmt>
			<sourceDesc>
				<p/>
			</sourceDesc>
		</fileDesc>
		<xenoData>{ "saji:aspectRatioType": [ "B" ], "saji:fond": [ "Tursko 3" ] }</xenoData>
	</teiHeader>
	<facsimile>
		<surface>
			<graphic url="../../../Tursko%203/DSCN9323.JPG"/>
			<zone ulx="766" uly="766" lrx="2678" lry="1694" xml:id="zone_ovs_dgm_ylb"/>
		</surface>
		<surface>
			<graphic url="../../../Day%205/IMG_0046.JPG"/>
		</surface>
		<surface>
			<graphic url="../../../Day%205/IMG_0047.JPG"/>
		</surface>
		<surface>
			<graphic url="../../../Tursko%203/DSCN9324.JPG"/>
			<zone ulx="300" uly="300" lrx="2339" lry="2615" xml:id="zone_o54_hgm_ylb"/>
			<zone ulx="2171" uly="2171" lrx="433" lry="2584" xml:id="zone_mhm_jgm_ylb"/>
		</surface>
	</facsimile>
	<text>
		<body>
			<div1 facs="#zone_o54_hgm_ylb" next="#zone_ovs_dgm_ylb" type="EMIN">
				<p>
					<lb/>
					işbu					<date type="created" when="1837-04-05" when-custom="1252">bin iki yüz elli iki senesinde</date>
					 der ...
					<lb/>
				</p>
				<div2 facs="#zone_mhm_jgm_ylb" type="sign">
					<p>
						<lb/>
						...
						<lb/>
					</p>
				</div2>
				<div2 type="şühūdu’l-hāl">
					<p>
						<lb/>
						...
						<lb/>
					</p>
				</div2>
			</div1>
			<div1 facs="#zone_ovs_dgm_ylb" type="summary_Croatian">
				<p>
					<lb/>
					<date type="summary_Croatian" when="1837-04-05" when-custom="1252">1252</date>
					. Nno 13.
					<lb/>
				</p>
			</div1>
		</body>
	</text>
</TEI>
