<?xml version="1.0" encoding="UTF-8"?>
<?xml-model href="http://www.tei-c.org/release/xml/tei/custom/schema/relaxng/tei_all.rng" type="application/xml" schematypens="http://relaxng.org/ns/structure/1.0"?>
<?xml-model href="http://www.tei-c.org/release/xml/tei/custom/schema/relaxng/tei_all.rng" type="application/xml"
	schematypens="http://purl.oclc.org/dsdl/schematron"?>
<TEI xmlns="http://www.tei-c.org/ns/1.0">
	<teiHeader>
		<fileDesc>
			<titleStmt>
				<title>Tursko3-015</title>
			</titleStmt>
			<publicationStmt>
				<p>Publication Information</p>
			</publicationStmt>
			<sourceDesc>
				<p/>
			</sourceDesc>
		</fileDesc>
		<xenoData>{ "saji:aspectRatioType": [ "B" ], "saji:fond": [ "Tursko 3" ], "saji:memo": [ "・DSCN9314.JPGの裏面であることが、料紙角の折り目から推測される。\r\n・そのためサイズ「B」とした。" ] }</xenoData>
	</teiHeader>
	<facsimile>
		<surface>
			<graphic url="../../../Tursko%203/DSCN9313.JPG"/>
			<zone ulx="650" uly="650" lrx="2484" lry="1222" xml:id="zone_zcq_zyl_ylb"/>
		</surface>
		<surface>
			<graphic url="../../../Day%205/IMG_0038.JPG"/>
		</surface>
		<surface>
			<graphic url="../../../Day%205/IMG_0039.JPG"/>
		</surface>
		<surface>
			<graphic url="../../../Tursko%203/DSCN9314.JPG"/>
			<zone ulx="300" uly="300" lrx="2208" lry="3016" xml:id="zone_tkr_bzl_ylb"/>
			<zone ulx="2606" uly="2606" lrx="847" lry="2952" xml:id="zone_gyj_dzl_ylb"/>
		</surface>
	</facsimile>
	<text>
		<body>
			<div1 facs="#zone_tkr_bzl_ylb" next="#zone_zcq_zyl_ylb" type="EMIN">
				<p>
					<lb/>
					işbu					<date when="1811-01-24" when-custom="1225">bin iki yüz yiğirmi beş senesinde</date>
					 der ...
					<lb/>
					...					<date type="created" when="1811-01-24" when-custom="1225">sene 1225</date>
				</p>
				<div2 facs="#zone_gyj_dzl_ylb" type="sign">
					<p>
						<lb/>
						...
						<lb/>
					</p>
				</div2>
				<div2 type="şühūdu’l-hāl">
					<p>
						<lb/>
						...
						<lb/>
					</p>
				</div2>
			</div1>
			<div1 facs="#zone_zcq_zyl_ylb" type="summary_Croatian">
				<p>
					<lb/>
					...					<date type="summary_Croatian" when="1811">1811</date>
					<lb/>
					...					<date type="summary_Croatian" when="1811-01-24" when-custom="1225">1225</date>
					.
					<lb/>
					Nno 30.				</p>
			</div1>
		</body>
	</text>
</TEI>
