<?xml version="1.0" encoding="UTF-8"?>
<?xml-model href="http://www.tei-c.org/release/xml/tei/custom/schema/relaxng/tei_all.rng" type="application/xml" schematypens="http://relaxng.org/ns/structure/1.0"?>
<?xml-model href="http://www.tei-c.org/release/xml/tei/custom/schema/relaxng/tei_all.rng" type="application/xml"
	schematypens="http://purl.oclc.org/dsdl/schematron"?>
<TEI xmlns="http://www.tei-c.org/ns/1.0">
	<teiHeader>
		<fileDesc>
			<titleStmt>
				<title>Tursko3-084</title>
			</titleStmt>
			<publicationStmt>
				<p>Publication Information</p>
			</publicationStmt>
			<sourceDesc>
				<p/>
			</sourceDesc>
		</fileDesc>
		<xenoData>{ "saji:aspectRatioType": [ "B" ], "saji:fond": [ "Tursko 3" ] }</xenoData>
	</teiHeader>
	<facsimile>
		<surface>
			<graphic url="../../../Tursko%203/DSCN9376.JPG"/>
			<zone ulx="184" uly="184" lrx="1985" lry="2784" xml:id="zone_t1l_rmg_zlb"/>
			<zone ulx="2308" uly="2308" lrx="1029" lry="2779" xml:id="zone_tpp_smg_zlb"/>
			<zone ulx="2523" uly="2523" lrx="1020" lry="2773" xml:id="zone_tqp_tmg_zlb"/>
		</surface>
		<surface>
			<graphic url="../../../Day%205/IMG_0192.JPG"/>
		</surface>
		<surface>
			<graphic url="../../../Day%205/IMG_0193.JPG"/>
		</surface>
	</facsimile>
	<text>
		<body>
			<div1 facs="#zone_t1l_rmg_zlb" type="unknown">
				<p>
					<lb/>
					...
					<lb/>
				</p>
				<div2 facs="#zone_tpp_smg_zlb" type="sign">
					<p>
						<lb/>
						...
						<lb/>
					</p>
					<div3 facs="#zone_tqp_tmg_zlb" type="stamp">
						<p>
							<lb/>
							...
							<lb/>
						</p>
					</div3>
				</div2>
			</div1>
		</body>
	</text>
</TEI>
