<?xml version="1.0" encoding="UTF-8"?>
<?xml-model href="http://www.tei-c.org/release/xml/tei/custom/schema/relaxng/tei_all.rng" type="application/xml" schematypens="http://relaxng.org/ns/structure/1.0"?>
<?xml-model href="http://www.tei-c.org/release/xml/tei/custom/schema/relaxng/tei_all.rng" type="application/xml"
	schematypens="http://purl.oclc.org/dsdl/schematron"?>
<TEI xmlns="http://www.tei-c.org/ns/1.0">
	<teiHeader>
		<fileDesc>
			<titleStmt>
				<title>Tursko3-174</title>
			</titleStmt>
			<publicationStmt>
				<p>Publication Information</p>
			</publicationStmt>
			<notesStmt>
				<note type="mine">H. 1203年の比較的古いもの。ボスナ政庁Divan-ı BosnaとSer Askerから、クレシェヴォのナーイブとzabitanに宛てたbuyuruldu。</note>
				<note type="mine">【要】ボスナの軍事組織について調べる。</note>
			</notesStmt>
			<sourceDesc>
				<p/>
			</sourceDesc>
		</fileDesc>
		<xenoData>{ "saji:aspectRatioType": [ "B" ], "saji:fond": [ "Tursko 3" ], "saji:memo": [ "典型" ] }</xenoData>
	</teiHeader>
	<facsimile>
		<surface>
			<graphic url="../../../Tursko%203/DSCN9015.JPG"/>
			<zone ulx="141" uly="141" lrx="2442" lry="2866" xml:id="zone_qtj_2hz_wkb"/>
		</surface>
		<surface>
			<graphic url="../../../Day%206/IMG_0186.JPG"/>
		</surface>
		<surface>
			<graphic url="../../../Day%206/IMG_0187.JPG"/>
		</surface>
	</facsimile>
	<text>
		<body>
			<div1 facs="#zone_qtj_2hz_wkb" type="beyāz_üzerine_buyuruldu_sūret">
				<p>
					<lb/>
					...					<date type="created" when="1789-09-19" when-custom="1203">sene 1203</date>
					<lb/>
				</p>
			</div1>
		</body>
	</text>
</TEI>
