<?xml version="1.0" encoding="UTF-8"?>
<?xml-model href="http://www.tei-c.org/release/xml/tei/custom/schema/relaxng/tei_all.rng" type="application/xml" schematypens="http://relaxng.org/ns/structure/1.0"?>
<?xml-model href="http://www.tei-c.org/release/xml/tei/custom/schema/relaxng/tei_all.rng" type="application/xml"
	schematypens="http://purl.oclc.org/dsdl/schematron"?>
<TEI xmlns="http://www.tei-c.org/ns/1.0">
	<teiHeader>
		<fileDesc>
			<titleStmt>
				<title>Tursko3-061</title>
			</titleStmt>
			<publicationStmt>
				<p>Publication Information</p>
			</publicationStmt>
			<sourceDesc>
				<p/>
			</sourceDesc>
		</fileDesc>
		<xenoData>{ "saji:aspectRatioType": [ "B" ], "saji:fond": [ "Tursko 3" ] }</xenoData>
	</teiHeader>
	<facsimile>
		<surface>
			<graphic url="../../../Tursko%203/DSCN9235.JPG"/>
			<zone ulx="844" uly="844" lrx="2084" lry="1500" xml:id="zone_epk_fss_mlb"/>
		</surface>
		<surface>
			<graphic url="../../../Day%205/IMG_0141.JPG"/>
		</surface>
		<surface>
			<graphic url="../../../Day%205/IMG_0142.JPG"/>
		</surface>
		<surface>
			<graphic url="../../../Tursko%203/DSCN9236.JPG"/>
			<zone ulx="366" uly="366" lrx="1958" lry="2508" xml:id="zone_lpf_3ss_mlb"/>
			<zone ulx="1895" uly="1895" lrx="683" lry="2161" xml:id="zone_gby_jss_mlb"/>
		</surface>
	</facsimile>
	<text>
		<body>
			<div1 facs="#zone_lpf_3ss_mlb" next="#zone_epk_fss_mlb" subtype="zabt_temessük" type="EMIN">
				<p>
					<lb/>
					işbu					<date type="created" when="1835-04-27" when-custom="1250">bin iki yüz elli senesinde</date>
					 der ...
					<lb/>
				</p>
				<div2 facs="#zone_gby_jss_mlb" type="sign">
					<p>
						<lb/>
						...
						<lb/>
					</p>
				</div2>
			</div1>
			<div1 facs="#zone_epk_fss_mlb" type="summary_Croatian">
				<p>
					<lb/>
					...					<date type="summary_Croatian" when="1835-04-27" when-custom="1250">1250</date>
					.
					<lb/>
				</p>
			</div1>
		</body>
	</text>
</TEI>
