<?xml version="1.0" encoding="UTF-8"?>
<?xml-model href="http://www.tei-c.org/release/xml/tei/custom/schema/relaxng/tei_all.rng" type="application/xml" schematypens="http://relaxng.org/ns/structure/1.0"?>
<?xml-model href="http://www.tei-c.org/release/xml/tei/custom/schema/relaxng/tei_all.rng" type="application/xml"
	schematypens="http://purl.oclc.org/dsdl/schematron"?>
<TEI xmlns="http://www.tei-c.org/ns/1.0">
	<teiHeader>
		<fileDesc>
			<titleStmt>
				<title>Tursko3-115</title>
			</titleStmt>
			<publicationStmt>
				<p>Publication Information</p>
			</publicationStmt>
			<sourceDesc>
				<p/>
			</sourceDesc>
		</fileDesc>
		<xenoData>{ "saji:aspectRatioType": [ "B" ], "saji:fond": [ "Tursko 3" ] }</xenoData>
	</teiHeader>
	<facsimile>
		<surface>
			<graphic url="../../../Tursko%203/DSCN9140.JPG"/>
			<zone ulx="866" uly="866" lrx="2945" lry="1355" xml:id="zone_vc4_bhk_hlb"/>
		</surface>
		<surface>
			<graphic url="../../../Day%206/IMG_0051.JPG"/>
		</surface>
		<surface>
			<graphic url="../../../Day%206/IMG_0052.JPG"/>
		</surface>
		<surface>
			<graphic url="../../../Tursko%203/DSCN9141.JPG"/>
			<zone ulx="109" uly="109" lrx="2127" lry="3009" xml:id="zone_t2y_chk_hlb"/>
			<zone ulx="2602" uly="2602" lrx="617" lry="2970" xml:id="zone_hn2_2hk_hlb"/>
		</surface>
	</facsimile>
	<text>
		<body>
			<div1 facs="#zone_t2y_chk_hlb" next="#zone_vc4_bhk_hlb" subtype="unkown" type="EMIN">
				<p>
					<lb/>
					... fī					<date type="created" when="1742-06-19" when-custom="1155-04-16">māh-ı Rebī'ü'l-āhir yevm-i 16 sene hams ve hamīs ve mie ve elif</date>
					<lb/>
				</p>
				<div2 facs="#zone_hn2_2hk_hlb" type="sign">
					<p>
						<lb/>
						...
						<lb/>
					</p>
				</div2>
				<div2 type="şühūdu’l-hāl">
					<p>
						<lb/>
						...
						<lb/>
					</p>
				</div2>
			</div1>
			<div1 facs="#zone_vc4_bhk_hlb" type="summary_Croatian">
				<p>
					<lb/>
					...					<date type="summary_Croatian" when="1742">1742</date>
					.
					<lb/>
				</p>
			</div1>
		</body>
	</text>
</TEI>
