<?xml version="1.0" encoding="UTF-8"?>
<?xml-model href="http://www.tei-c.org/release/xml/tei/custom/schema/relaxng/tei_all.rng" type="application/xml" schematypens="http://relaxng.org/ns/structure/1.0"?>
<?xml-model href="http://www.tei-c.org/release/xml/tei/custom/schema/relaxng/tei_all.rng" type="application/xml"
	schematypens="http://purl.oclc.org/dsdl/schematron"?>
<TEI xmlns="http://www.tei-c.org/ns/1.0">
	<teiHeader>
		<fileDesc>
			<titleStmt>
				<title>Tursko1-099</title>
			</titleStmt>
			<publicationStmt>
				<p>Publication Information</p>
			</publicationStmt>
			<sourceDesc>
				<p/>
			</sourceDesc>
		</fileDesc>
		<xenoData>{ "saji:aspectRatioType": [ "B" ], "saji:fond": [ "Tursko 1" ] }</xenoData>
	</teiHeader>
	<facsimile>
		<surface>
			<graphic url="../../../Tursko%201/DSCN1774.JPG"/>
			<zone ulx="105" uly="105" lrx="2053" lry="1852" xml:id="zone_off_kg3_cjb"/>
			<zone ulx="1641" uly="1641" lrx="423" lry="1819" xml:id="zone_abf_lg3_cjb"/>
		</surface>
		<surface>
			<graphic url="../../../Day%203/IMG_0033.JPG"/>
		</surface>
		<surface>
			<graphic url="../../../Day%203/IMG_0034.JPG"/>
		</surface>
	</facsimile>
	<text>
		<body>
			<div1 cert="low" facs="#zone_off_kg3_cjb" type="şukka">
				<p>
					<lb/>
					... fī					<date type="created" when="1837-11-11" when-custom="1253-08-13">13 Ş sene 253</date>
					<lb/>
				</p>
				<div3 facs="#zone_abf_lg3_cjb" type="stamp">
					<p>
						<lb/>
						...
						<lb/>
					</p>
				</div3>
			</div1>
		</body>
	</text>
</TEI>
