<?xml version="1.0" encoding="UTF-8"?>
<?xml-model href="http://www.tei-c.org/release/xml/tei/custom/schema/relaxng/tei_all.rng" type="application/xml" schematypens="http://relaxng.org/ns/structure/1.0"?>
<?xml-model href="http://www.tei-c.org/release/xml/tei/custom/schema/relaxng/tei_all.rng" type="application/xml"
	schematypens="http://purl.oclc.org/dsdl/schematron"?>
<TEI xmlns="http://www.tei-c.org/ns/1.0">
	<teiHeader>
		<fileDesc>
			<titleStmt>
				<title>Tursko3-026</title>
			</titleStmt>
			<publicationStmt>
				<p>Publication Information</p>
			</publicationStmt>
			<sourceDesc>
				<p/>
			</sourceDesc>
		</fileDesc>
		<xenoData>{ "saji:aspectRatioType": [ "B" ], "saji:fond": [ "Tursko 3" ] }</xenoData>
	</teiHeader>
	<facsimile>
		<surface>
			<graphic url="../../../Tursko%203/DSCN9255.JPG"/>
			<zone ulx="716" uly="716" lrx="2678" lry="1638" xml:id="zone_ugc_bch_nlb"/>
		</surface>
		<surface>
			<graphic url="../../../Day%205/IMG_0064.JPG"/>
		</surface>
		<surface>
			<graphic url="../../../Day%205/IMG_0065.JPG"/>
		</surface>
		<surface>
			<graphic url="../../../Tursko%203/DSCN9256.JPG"/>
			<zone ulx="192" uly="192" lrx="2247" lry="2723" xml:id="zone_dkr_dch_nlb"/>
			<zone ulx="2150" uly="2150" lrx="625" lry="2671" xml:id="zone_j1n_fch_nlb"/>
		</surface>
	</facsimile>
	<text>
		<body>
			<div1 cert="medium" facs="#zone_dkr_dch_nlb" next="#zone_ugc_bch_nlb" subtype="temessük" type="EMIN">
				<p>
					<lb/>
					işbu					<date when="1849-11-14" when-custom="1265">bin iki yüz altmış beş senesinde</date>
					 der ...
					<lb/>
					... fī					<date type="created" when="1850-09-16" when-custom="1266-11-10">10 Za sene 266</date>
				</p>
				<div2 facs="#zone_j1n_fch_nlb" type="sign">
					<p>
						<lb/>
						...
						<lb/>
					</p>
				</div2>
				<div2 type="şühūdu’l-hāl">
					<p>
						<lb/>
						...
						<lb/>
					</p>
				</div2>
			</div1>
			<div1 facs="#zone_ugc_bch_nlb" type="summary_Croatian">
				<p>
					<lb/>
					<date type="summary_Croatian" when="1850-11-04" when-custom="1266">1266</date>
					. Nno 21.
					<lb/>
				</p>
			</div1>
		</body>
	</text>
</TEI>
