<?xml version="1.0" encoding="UTF-8"?>
<?xml-model href="http://www.tei-c.org/release/xml/tei/custom/schema/relaxng/tei_all.rng" type="application/xml" schematypens="http://relaxng.org/ns/structure/1.0"?>
<?xml-model href="http://www.tei-c.org/release/xml/tei/custom/schema/relaxng/tei_all.rng" type="application/xml"
	schematypens="http://purl.oclc.org/dsdl/schematron"?>
<TEI xmlns="http://www.tei-c.org/ns/1.0">
	<teiHeader>
		<fileDesc>
			<titleStmt>
				<title>Tursko3-040</title>
			</titleStmt>
			<publicationStmt>
				<p>Publication Information</p>
			</publicationStmt>
			<sourceDesc>
				<p/>
			</sourceDesc>
		</fileDesc>
		<xenoData>{ "saji:aspectRatioType": [ "B" ], "saji:fond": [ "Tursko 3" ] }</xenoData>
	</teiHeader>
	<facsimile>
		<surface>
			<graphic url="../../../Tursko%203/DSCN9277.JPG"/>
			<zone ulx="966" uly="966" lrx="2534" lry="1716" xml:id="zone_d3n_q4v_nlb"/>
		</surface>
		<surface>
			<graphic url="../../../Day%205/IMG_0096.JPG"/>
		</surface>
		<surface>
			<graphic url="../../../Day%205/IMG_0097.JPG"/>
		</surface>
		<surface>
			<graphic url="../../../Tursko%203/DSCN9278.JPG"/>
			<zone ulx="620" uly="620" lrx="2140" lry="2286" xml:id="zone_s35_npv_nlb"/>
			<zone ulx="1641" uly="1641" lrx="445" lry="1962" xml:id="zone_t22_ppv_nlb"/>
		</surface>
	</facsimile>
	<text>
		<body>
			<div1 facs="#zone_s35_npv_nlb" next="#zone_d3n_q4v_nlb" subtype="zabt_temessük" type="EMIN">
				<p>
					<lb/>
					...
					<lb/>
				</p>
				<div2 facs="#zone_t22_ppv_nlb" type="sign">
					<p>
						<lb/>
						...
						<lb/>
					</p>
				</div2>
				<div2 type="şühūdu’l-hāl">
					<p>
						<lb/>
						...
						<lb/>
					</p>
				</div2>
			</div1>
			<div1 facs="#zone_d3n_q4v_nlb" type="summary_Croatian">
				<p>
					<lb/>
					...
					<lb/>
				</p>
			</div1>
		</body>
	</text>
</TEI>
