<?xml version="1.0" encoding="UTF-8"?>
<?xml-model href="http://www.tei-c.org/release/xml/tei/custom/schema/relaxng/tei_all.rng" type="application/xml" schematypens="http://relaxng.org/ns/structure/1.0"?>
<?xml-model href="http://www.tei-c.org/release/xml/tei/custom/schema/relaxng/tei_all.rng" type="application/xml"
	schematypens="http://purl.oclc.org/dsdl/schematron"?>
<TEI xmlns="http://www.tei-c.org/ns/1.0">
	<teiHeader>
		<fileDesc>
			<titleStmt>
				<title>Tursko3-010</title>
			</titleStmt>
			<publicationStmt>
				<p>Publication Information</p>
			</publicationStmt>
			<sourceDesc>
				<p/>
			</sourceDesc>
		</fileDesc>
		<xenoData>{ "saji:aspectRatioType": [ "B" ], "saji:fond": [ "Tursko 3" ] }</xenoData>
	</teiHeader>
	<facsimile>
		<surface>
			<graphic url="../../../Tursko%203/DSCN9340.JPG"/>
			<zone ulx="843" uly="843" lrx="2182" lry="2150" xml:id="zone_yvb_tl1_zlb"/>
			<zone ulx="1747" uly="1747" lrx="2023" lry="2114" xml:id="zone_y2b_vl1_zlb"/>
		</surface>
		<surface>
			<graphic url="../../../Day%205/IMG_0028.JPG"/>
		</surface>
		<surface>
			<graphic url="../../../Day%205/IMG_0029.JPG"/>
		</surface>
	</facsimile>
	<text>
		<body>
			<div1 facs="#zone_yvb_tl1_zlb" type="unkown">
				<p>
					<lb/>
					...
					<lb/>
				</p>
				<div2 facs="#zone_y2b_vl1_zlb" type="sign">
					<p>
						<lb/>
						...
						<lb/>
					</p>
				</div2>
			</div1>
		</body>
	</text>
</TEI>
