<?xml version="1.0" encoding="UTF-8"?>
<?xml-model href="http://www.tei-c.org/release/xml/tei/custom/schema/relaxng/tei_all.rng" type="application/xml" schematypens="http://relaxng.org/ns/structure/1.0"?>
<?xml-model href="http://www.tei-c.org/release/xml/tei/custom/schema/relaxng/tei_all.rng" type="application/xml"
	schematypens="http://purl.oclc.org/dsdl/schematron"?>
<TEI xmlns="http://www.tei-c.org/ns/1.0">
	<teiHeader>
		<fileDesc>
			<titleStmt>
				<title>Tursko3-198</title>
			</titleStmt>
			<publicationStmt>
				<p>Publication Information</p>
			</publicationStmt>
			<notesStmt>
				<note type="summary"/>
				<note type="mine">非常に状態が悪い。【要】読み直し。</note>
			</notesStmt>
			<sourceDesc>
				<p/>
			</sourceDesc>
		</fileDesc>
		<xenoData>{ "saji:aspectRatioType": [ "B" ], "saji:fond": [ "Tursko 3" ] }</xenoData>
	</teiHeader>
	<facsimile>
		<surface>
			<graphic url="../../../Tursko%203/DSCN8979.JPG"/>
			<zone ulx="823" uly="823" lrx="2054" lry="2792" xml:id="zone_uq5_q2s_wkb"/>
			<zone ulx="2460" uly="2460" lrx="512" lry="2781" xml:id="zone_uhn_v2s_wkb"/>
		</surface>
		<surface>
			<graphic url="../../../Day%207/IMG_0019.JPG"/>
		</surface>
		<surface>
			<graphic url="../../../Day%207/IMG_0020.JPG"/>
		</surface>
	</facsimile>
	<text>
		<body>
			<div1 facs="#zone_uq5_q2s_wkb" type="EMIN">
				<p>
					<lb/>
					Hüve
					<lb/>
					Vech-i tahrīr-i hurūf budur ki
					<lb/>
					bā berāt-ı şerīf ... kurālarından					<placeName>KOMAR</placeName>
					 karyesi
					<lb/>
					hudūd dāhilinde arāzī-i mīrīye mutasarrıflarından RMYMNDE veled-i YUZP ...
					<lb/>
					ve ... olub taht-ı tasarrıfına bulunan arāzī-i mīrīye ...
					<lb/>
					mustahakk ... mesfūre ... zimmī MAYRYE ve
					<lb/>
					zimmīler tapuya tālebler ol... biz dahi sāhib-i arz bulunduğumuz
					<lb/>
					merkūm ... ber-mucib... mesfūrenin ...
					<lb/>
					<lb/>
					<lb/>
					<lb/>
					... fī					<date cert="low" type="created" when="1819-09-30" when-custom="1234--11">11 ... sene 1234</date>
				</p>
				<div2 facs="#zone_uhn_v2s_wkb" type="sign">
					<p>
						<lb/>
						...
						<lb/>
					</p>
				</div2>
				<div2 type="şühūdu'-hāl">
					<p>
					</p>
				</div2>
			</div1>
		</body>
	</text>
</TEI>
