<?xml version="1.0" encoding="UTF-8"?>
<?xml-model href="http://www.tei-c.org/release/xml/tei/custom/schema/relaxng/tei_all.rng" type="application/xml" schematypens="http://relaxng.org/ns/structure/1.0"?>
<?xml-model href="http://www.tei-c.org/release/xml/tei/custom/schema/relaxng/tei_all.rng" type="application/xml"
	schematypens="http://purl.oclc.org/dsdl/schematron"?>
<TEI xmlns="http://www.tei-c.org/ns/1.0">
	<teiHeader>
		<fileDesc>
			<titleStmt>
				<title>Tursko1-042</title>
			</titleStmt>
			<publicationStmt>
				<p>Publication Information</p>
			</publicationStmt>
			<notesStmt>
				<note type="mine">DSCN1030.JPGと同じ画像・文書。重複している。</note>
			</notesStmt>
			<sourceDesc>
				<p/>
			</sourceDesc>
		</fileDesc>
		<xenoData>{ "saji:aspectRatioType": [ "A" ], "saji:calligraphy": [ "Rıkʿa" ], "saji:date_H": [
          "1201-L-15(?)" ], "saji:date_M": [ "1787-07-31" ], "saji:foldingMethod": [ "7x1" ],
          "saji:fond": [ "Tursko 1" ], "saji:item": [
          "・タイトル(?)\r\n・宛先(?)\r\n・オスマン朝スタンプ\r\n・定型\r\n・本文\r\n・証人\r\n・小さな書き込み@欄外" ], "saji:lang": [
          "ota" ], "saji:lineage": [ "1+1+20+12" ], "saji:number": [ "357(?)" ],
          "saji:relationWithAnotherItems": [ "表全体像　※一部欠けている" ], "saji:stamp_c": [ "0" ],
          "saji:stamp_o": [ "1" ], "saji:witness": [ "3+" ] }</xenoData>
	</teiHeader>
	<facsimile>
		<surface>
			<graphic url="../../../Tursko%201/DSCN0980.JPG"/>
			<zone ulx="81" uly="81" lrx="1573" lry="3263" xml:id="zone_uld_fhf_z3b"/>
		</surface>
		<surface>
			<graphic url="../../../Day%202/IMG_0311.JPG"/>
		</surface>
		<surface>
			<graphic url="../../../Day%202/IMG_0312.JPG"/>
		</surface>
		<surface>
			<graphic url="../../../Tursko%201/DSCN0981.JPG"/>
			<zone ulx="747" uly="747" lrx="1205" lry="910" xml:id="zone_ipd_hhf_z3b"/>
		</surface>
		<surface>
			<graphic url="../../../Tursko%201/DSCN0982.JPG"/>
		</surface>
		<surface>
			<graphic url="../../../Tursko%201/DSCN0983.JPG"/>
		</surface>
		<surface>
			<graphic url="../../../Tursko%201/ DSCN1030.JPG"/>
			<zone ulx="81" uly="81" lrx="1654" lry="3272" xml:id="zone_gjg_1q3_1jb"/>
		</surface>
		<surface>
			<graphic url="../../../Tursko%201/ DSCN1031.JPG"/>
			<zone ulx="837" uly="837" lrx="1033" lry="1004" xml:id="zone_iqs_bq3_1jb"/>
		</surface>
		<surface>
			<graphic url="../../../Tursko%201/ DSCN1032.JPG"/>
		</surface>
		<surface>
			<graphic url="../../../Tursko%201/ DSCN1033.JPG"/>
			<zone ulx="994" uly="994" lrx="2500" lry="1183" xml:id="zone_hpz_cq3_1jb"/>
		</surface>
	</facsimile>
	<text>
		<body>
			<div1 facs="#zone_uld_fhf_z3b" type="hüccet">
				<l>
					<date type="created" when="1787-07-30" when-custom="1201-10-15">fi'l-yevmi'l-hāmis ʿaşar min Şevvāl el-mükerrem sene ahadā ve miyetein ve elif</date>
				</l>
				<div3 facs="#zone_ipd_hhf_z3b" type="stamp"/>
			</div1>
			<div1 facs="#zone_gjg_1q3_1jb" type="hüccet">
				<p>
					<lb/>
					<date type="created" when="1787-07-30" when-custom="1201-10-15">fi'l-yevmi'l-hāmis ʿaşar min Şevvāl el-mükerrem sene ahadā
            ve miyetein ve elif</date>
					<lb/>
				</p>
				<div3 facs="#zone_iqs_bq3_1jb" type="stamp">
					<p>
						<lb/>
						...
						<lb/>
					</p>
				</div3>
			</div1>
			<div1 facs="#zone_hpz_cq3_1jb" type="summary_Croatian">
				<p>
					<lb/>
					...
					<lb/>
				</p>
			</div1>
		</body>
	</text>
</TEI>
