<?xml version="1.0" encoding="UTF-8"?>
<?xml-model href="http://www.tei-c.org/release/xml/tei/custom/schema/relaxng/tei_all.rng" type="application/xml" schematypens="http://relaxng.org/ns/structure/1.0"?>
<?xml-model href="http://www.tei-c.org/release/xml/tei/custom/schema/relaxng/tei_all.rng" type="application/xml"
	schematypens="http://purl.oclc.org/dsdl/schematron"?>
<TEI xmlns="http://www.tei-c.org/ns/1.0">
	<teiHeader>
		<fileDesc>
			<titleStmt>
				<title>Tursko3-049</title>
			</titleStmt>
			<publicationStmt>
				<p>Publication Information</p>
			</publicationStmt>
			<sourceDesc>
				<p/>
			</sourceDesc>
		</fileDesc>
		<xenoData>{ "saji:aspectRatioType": [ "B" ], "saji:fond": [ "Tursko 3" ] }</xenoData>
	</teiHeader>
	<facsimile>
		<surface>
			<graphic url="../../../Tursko%203/DSCN9291.JPG"/>
			<zone ulx="900" uly="900" lrx="2739" lry="1444" xml:id="zone_ftd_lyv_nlb"/>
		</surface>
		<surface>
			<graphic url="../../../Day%205/IMG_0116.JPG"/>
		</surface>
		<surface>
			<graphic url="../../../Day%205/IMG_0117.JPG"/>
		</surface>
		<surface>
			<graphic url="../../../Tursko%203/DSCN9292.JPG"/>
			<zone ulx="321" uly="321" lrx="2185" lry="2592" xml:id="zone_q3y_myv_nlb"/>
			<zone ulx="1950" uly="1950" lrx="473" lry="2355" xml:id="zone_rgg_4yv_nlb"/>
		</surface>
	</facsimile>
	<text>
		<body>
			<div1 facs="#zone_q3y_myv_nlb" next="#zone_ftd_lyv_nlb" subtype="zabt_tezkire" type="EMIN">
				<p>
					<lb/>
					işbu					<date when="1845-01-08" when-custom="1260">bin iki yüz altmış senesinde</date>
					 der ...
					<lb/>
					... fī					<date type="created" when="1845-01-04" when-custom="1260-12-25">25 Z sene 1260</date>
				</p>
				<div2 facs="#zone_rgg_4yv_nlb" type="sign">
					<p>
						<lb/>
						...
						<lb/>
					</p>
				</div2>
				<div2 type="şühūdu’l-hāl">
					<p>
						<lb/>
						...
						<lb/>
					</p>
				</div2>
			</div1>
			<div1 facs="#zone_ftd_lyv_nlb" type="summary_Croatian">
				<p>
					<lb/>
					...
					<lb/>
					<date type="summary_Croatian" when="1844">1844</date>
					. Nno 10.				</p>
			</div1>
		</body>
	</text>
</TEI>
