<?xml version="1.0" encoding="UTF-8"?>
<?xml-model href="http://www.tei-c.org/release/xml/tei/custom/schema/relaxng/tei_all.rng" type="application/xml" schematypens="http://relaxng.org/ns/structure/1.0"?>
<?xml-model href="http://www.tei-c.org/release/xml/tei/custom/schema/relaxng/tei_all.rng" type="application/xml"
	schematypens="http://purl.oclc.org/dsdl/schematron"?>
<TEI xmlns="http://www.tei-c.org/ns/1.0">
	<teiHeader>
		<fileDesc>
			<titleStmt>
				<title>Tursko1-108</title>
			</titleStmt>
			<publicationStmt>
				<p>Publication Information</p>
			</publicationStmt>
			<notesStmt>
				<note type="summary">DSCN1701.JPGの写し。</note>
				<note type="mine">DSCN1706.JPGは、現在独立した文書IDとして成立しているが、DSCN1705.JPGの裏面のようである。</note>
			</notesStmt>
			<sourceDesc>
				<p/>
			</sourceDesc>
		</fileDesc>
		<xenoData>{ "saji:aspectRatioType": [ "C" ], "saji:fond": [ "Tursko 1" ], "saji:memo": [ "典型" ] }</xenoData>
	</teiHeader>
	<facsimile>
		<surface>
			<graphic url="../../../Tursko%201/DSCN1705.JPG"/>
			<zone ulx="-8" uly="-8" lrx="1933" lry="2883" xml:id="zone_yxl_h12_bjb"/>
			<zone ulx="2642" uly="2642" lrx="1177" lry="2813" xml:id="zone_svt_4h2_bjb"/>
			<zone ulx="2711" uly="2711" lrx="1166" lry="2813" xml:id="zone_fy4_ph2_bjb"/>
			<zone ulx="2631" uly="2631" lrx="940" lry="2846" xml:id="zone_zp2_qh2_bjb"/>
			<zone ulx="2704" uly="2704" lrx="922" lry="2820" xml:id="zone_v25_rh2_bjb"/>
			<zone ulx="2640" uly="2640" lrx="648" lry="2806" xml:id="zone_pg4_sh2_bjb"/>
			<zone ulx="2688" uly="2688" lrx="628" lry="2795" xml:id="zone_tvz_sh2_bjb"/>
			<zone ulx="2538" uly="2538" lrx="393" lry="2837" xml:id="zone_ug4_5h2_bjb"/>
			<zone ulx="2657" uly="2657" lrx="384" lry="2820" xml:id="zone_qkx_5h2_bjb"/>
		</surface>
		<surface>
			<graphic url="../../../Day%203/IMG_0055.JPG"/>
		</surface>
		<surface>
			<graphic url="../../../Day%203/IMG_0056.JPG"/>
		</surface>
		<surface>
			<graphic url="../../../Tursko%201/DSCN1706.JPG"/>
			<zone ulx="691" uly="691" lrx="3109" lry="2409" xml:id="zone_kq5_xb2_bjb"/>
		</surface>
	</facsimile>
	<text>
		<body>
			<div1 facs="#zone_yxl_h12_bjb" type="ʿilmühaber_tapu_senedi_sūret">
				<p>
					<lb/>
					... fī					<date cert="low" type="created" when="1867-05-01" when-custom="1283--27">27 ... sene 1283</date>
					<lb/>
				</p>
				<div2 facs="#zone_svt_4h2_bjb" type="sign">
					<p>
						<lb/>
						...
						<lb/>
					</p>
					<div3 facs="#zone_fy4_ph2_bjb" type="stamp_sūret">
						<p>
							<lb/>
							...
							<lb/>
						</p>
					</div3>
				</div2>
				<div2 facs="#zone_zp2_qh2_bjb" type="sign">
					<p>
						<lb/>
						...
						<lb/>
					</p>
					<div3 facs="#zone_v25_rh2_bjb" type="stamp_sūret">
						<p>
							<lb/>
							...
							<lb/>
						</p>
					</div3>
				</div2>
				<div2 facs="#zone_pg4_sh2_bjb" type="sign">
					<p>
						<lb/>
						...
						<lb/>
					</p>
					<div3 facs="#zone_tvz_sh2_bjb" type="stamp_sūret">
						<p>
							<lb/>
							...
							<lb/>
						</p>
					</div3>
				</div2>
				<div2 facs="#zone_ug4_5h2_bjb" type="sign">
					<p>
						<lb/>
						...
						<lb/>
					</p>
					<div3 facs="#zone_qkx_5h2_bjb" type="stamp_sūret">
						<p>
							<lb/>
							...
							<lb/>
						</p>
					</div3>
				</div2>
			</div1>
		</body>
	</text>
</TEI>
