<?xml version="1.0" encoding="UTF-8"?>
<?xml-model href="http://www.tei-c.org/release/xml/tei/custom/schema/relaxng/tei_all.rng" type="application/xml" schematypens="http://relaxng.org/ns/structure/1.0"?>
<?xml-model href="http://www.tei-c.org/release/xml/tei/custom/schema/relaxng/tei_all.rng" type="application/xml"
	schematypens="http://purl.oclc.org/dsdl/schematron"?>
<TEI xmlns="http://www.tei-c.org/ns/1.0">
	<teiHeader>
		<fileDesc>
			<titleStmt>
				<title>Tursko1-130</title>
			</titleStmt>
			<publicationStmt>
				<p>Publication Information</p>
			</publicationStmt>
			<notesStmt>
				<note type="mine">【要】日付：アラビア語が変で読み取りが合っているか分からない。</note>
				<note type="mine">【要】日付：クロアチア語要約の月も読み取れない。</note>
			</notesStmt>
			<sourceDesc>
				<p/>
			</sourceDesc>
		</fileDesc>
		<xenoData>{ "saji:aspectRatioType": [ "A" ], "saji:fond": [ "Tursko 1" ] }</xenoData>
	</teiHeader>
	<facsimile>
		<surface>
			<graphic url="../../../Tursko%201/DSCN1837.JPG"/>
			<zone ulx="54" uly="54" lrx="1609" lry="2936" xml:id="zone_u3k_xxp_cjb"/>
			<zone ulx="80" uly="80" lrx="1253" lry="720" xml:id="zone_okm_yxp_cjb"/>
			<zone ulx="566" uly="566" lrx="1065" lry="704" xml:id="zone_aqc_zxp_cjb"/>
		</surface>
		<surface>
			<graphic url="../../../Day%203/IMG_0108.JPG"/>
		</surface>
		<surface>
			<graphic url="../../../Day%203/IMG_0109.JPG"/>
		</surface>
		<surface>
			<graphic url="../../../Tursko%201/DSCN1838.JPG"/>
			<zone ulx="272" uly="272" lrx="2312" lry="872" xml:id="zone_xng_1yp_cjb"/>
		</surface>
	</facsimile>
	<text>
		<body>
			<div1 facs="#zone_u3k_xxp_cjb" type="hüccet">
				<p>
					<lb/>
					... min					<date cert="low" type="created" when="1807-12-12" when-custom="1222-10-12">
						el-şehr Şevvāl mükerrem min yevm
						<lb/>
						<lb/>
						ʿaşar isnā sene isnā ʿaşrīn mieteyn ve elif
					</date>
					<lb/>
				</p>
				<div2 facs="#zone_okm_yxp_cjb" type="sign">
					<p>
						<lb/>
						...
						<lb/>
					</p>
					<div3 facs="#zone_aqc_zxp_cjb" type="stamp">
						<p>
							<lb/>
							...
							<lb/>
						</p>
					</div3>
				</div2>
			</div1>
			<div1 type="summary_Crotatian">
				<p>
					<lb/>
					Die					<date cert="unknown" type="summary_Croatian" when="1807-11-28">28 ... 1807</date>
					.
					<lb/>
				</p>
			</div1>
		</body>
	</text>
</TEI>
