<?xml version="1.0" encoding="UTF-8"?>
<?xml-model href="http://www.tei-c.org/release/xml/tei/custom/schema/relaxng/tei_all.rng" type="application/xml" schematypens="http://relaxng.org/ns/structure/1.0"?>
<?xml-model href="http://www.tei-c.org/release/xml/tei/custom/schema/relaxng/tei_all.rng" type="application/xml"
	schematypens="http://purl.oclc.org/dsdl/schematron"?>
<TEI xmlns="http://www.tei-c.org/ns/1.0">
	<teiHeader>
		<fileDesc>
			<titleStmt>
				<title>Tursko1-189</title>
			</titleStmt>
			<publicationStmt>
				<p>Publication Information</p>
			</publicationStmt>
			<notesStmt>
				<note type="mine">【要】裏面撮影：表面の署名の裏にスタンプがあるのが透けているが、裏面画像がない。要裏面再撮影。</note>
			</notesStmt>
			<sourceDesc>
				<p/>
			</sourceDesc>
		</fileDesc>
		<xenoData>{ "saji:aspectRatioType": [ "B" ], "saji:fond": [ "Tursko 1" ] }</xenoData>
	</teiHeader>
	<facsimile>
		<surface>
			<graphic url="../../../Tursko%201/DSCN1936.JPG"/>
			<zone ulx="413" uly="413" lrx="1833" lry="2326" xml:id="zone_bbz_gnd_djb"/>
			<zone ulx="2004" uly="2004" lrx="592" lry="2203" xml:id="zone_em3_3nd_djb"/>
		</surface>
		<surface>
			<graphic url="../../../Day%204/IMG_0097.JPG"/>
		</surface>
		<surface>
			<graphic url="../../../Day%204/IMG_0098.JPG"/>
		</surface>
	</facsimile>
	<text>
		<body>
			<div1 cert="unknown" facs="#zone_bbz_gnd_djb" type="EMIN">
				<p>
					<lb/>
					... fī					<date type="created" when="1842-10-22" when-custom="1258-09-18">18 N sene 258</date>
					<lb/>
				</p>
				<div2 facs="#zone_em3_3nd_djb" type="sign">
					<p>
						<lb/>
						...
						<lb/>
					</p>
				</div2>
			</div1>
		</body>
	</text>
</TEI>
