<?xml version="1.0" encoding="UTF-8"?>
<?xml-model href="http://www.tei-c.org/release/xml/tei/custom/schema/relaxng/tei_all.rng" type="application/xml" schematypens="http://relaxng.org/ns/structure/1.0"?>
<?xml-model href="http://www.tei-c.org/release/xml/tei/custom/schema/relaxng/tei_all.rng" type="application/xml"
	schematypens="http://purl.oclc.org/dsdl/schematron"?>
<TEI xmlns="http://www.tei-c.org/ns/1.0">
	<teiHeader>
		<fileDesc>
			<titleStmt>
				<title>Tursko1-159</title>
			</titleStmt>
			<publicationStmt>
				<p>Publication Information</p>
			</publicationStmt>
			<sourceDesc>
				<p/>
			</sourceDesc>
		</fileDesc>
		<xenoData>{ "saji:aspectRatioType": [ "C" ], "saji:fond": [ "Tursko 1" ] }</xenoData>
	</teiHeader>
	<facsimile>
		<surface>
			<graphic url="../../../Tursko%201/DSCN1893.JPG"/>
			<zone ulx="163" uly="163" lrx="1991" lry="2972" xml:id="zone_e1v_fxw_cjb"/>
			<zone ulx="2740" uly="2740" lrx="1791" lry="2911" xml:id="zone_mv2_mxw_cjb"/>
			<zone ulx="2777" uly="2777" lrx="1763" lry="2903" xml:id="zone_bjr_mxw_cjb"/>
			<zone ulx="2746" uly="2746" lrx="1503" lry="2908" xml:id="zone_kdn_pxw_cjb"/>
			<zone ulx="2681" uly="2681" lrx="1131" lry="2936" xml:id="zone_r2d_qxw_cjb"/>
			<zone ulx="2783" uly="2783" lrx="1118" lry="2926" xml:id="zone_qpp_qxw_cjb"/>
			<zone ulx="2696" uly="2696" lrx="770" lry="2938" xml:id="zone_rwd_wxw_cjb"/>
			<zone ulx="2784" uly="2784" lrx="763" lry="2931" xml:id="zone_pv5_wxw_cjb"/>
		</surface>
		<surface>
			<graphic url="../../../Day%204/IMG_0019.JPG"/>
		</surface>
		<surface>
			<graphic url="../../../Day%204/IMG_0020.JPG"/>
		</surface>
		<surface>
			<graphic url="../../../Tursko%201/DSCN1894.JPG"/>
			<zone ulx="327" uly="327" lrx="2823" lry="1788" xml:id="zone_y4z_xxw_cjb"/>
		</surface>
	</facsimile>
	<text>
		<body>
			<div1 facs="#zone_e1v_fxw_cjb" type="ʿilmühaber_tapu_senedi">
				<p>
					<lb/>
					... fī					<date type="created" when-custom="12xx-xx-xx"> sene 12[空欄]</date>
					<lb/>
				</p>
				<div2 facs="#zone_mv2_mxw_cjb" type="sign">
					<p>
						<lb/>
						...
						<lb/>
					</p>
					<div3 facs="#zone_bjr_mxw_cjb" type="stamp">
						<p>
							<lb/>
							...
							<lb/>
						</p>
					</div3>
				</div2>
				<div2 facs="#zone_kdn_pxw_cjb" type="sign">
					<p>
						<lb/>
						...
						<lb/>
					</p>
				</div2>
				<div2 facs="#zone_r2d_qxw_cjb" type="sign">
					<p>
						<lb/>
						...
						<lb/>
					</p>
					<div3 facs="#zone_qpp_qxw_cjb" type="stamp">
						<p>
							<lb/>
							...
							<lb/>
						</p>
					</div3>
				</div2>
				<div2 facs="#zone_rwd_wxw_cjb" type="sign">
					<p>
						<lb/>
						...
						<lb/>
					</p>
					<div3 facs="#zone_pv5_wxw_cjb" type="stamp">
						<p>
							<lb/>
							...
							<lb/>
						</p>
					</div3>
				</div2>
			</div1>
			<div1 facs="#zone_y4z_xxw_cjb" type="summary_Croatian">
				<p>
					<lb/>
					...
					<lb/>
				</p>
			</div1>
		</body>
	</text>
</TEI>
