<?xml version="1.0" encoding="UTF-8"?>
<?xml-model href="http://www.tei-c.org/release/xml/tei/custom/schema/relaxng/tei_all.rng" type="application/xml" schematypens="http://relaxng.org/ns/structure/1.0"?>
<?xml-model href="http://www.tei-c.org/release/xml/tei/custom/schema/relaxng/tei_all.rng" type="application/xml"
	schematypens="http://purl.oclc.org/dsdl/schematron"?>
<TEI xmlns="http://www.tei-c.org/ns/1.0">
	<teiHeader>
		<fileDesc>
			<titleStmt>
				<title>Tursko2-017</title>
			</titleStmt>
			<publicationStmt>
				<p>Publication Information</p>
			</publicationStmt>
			<sourceDesc>
				<p/>
			</sourceDesc>
		</fileDesc>
		<xenoData>{ "saji:aspectRatioType": [ "C" ], "saji:fond": [ "Tursko 2" ], "saji:memo": [ "典型" ]
               }</xenoData>
	</teiHeader>
	<facsimile>
		<surface>
			<graphic url="../../../Tursko%202/DSCN8957.JPG"/>
			<zone ulx="508" uly="508" lrx="1967" lry="2808" xml:id="zone_ln2_v3n_2jb"/>
			<zone ulx="2574" uly="2574" lrx="547" lry="2807" xml:id="zone_lgt_w3n_2jb"/>
			<zone ulx="891" uly="891" lrx="2370" lry="1286" xml:id="zone_j3s_x3n_2jb"/>
			<zone ulx="1027" uly="1027" lrx="2355" lry="1150" xml:id="zone_w4j_y3n_2jb"/>
		</surface>
		<surface>
			<graphic url="../../../Day%204/IMG_0204.JPG"/>
		</surface>
		<surface>
			<graphic url="../../../Day%204/IMG_0205.JPG"/>
		</surface>
		<surface>
			<graphic url="../../../Day%204/IMG_0206.JPG"/>
		</surface>
		<surface>
			<graphic url="../../../Tursko%202/DSCN8958.JPG"/>
		</surface>
		<surface>
			<graphic url="../../../Tursko%202/DSCN8959.JPG"/>
		</surface>
		<surface>
			<graphic url="../../../Tursko%202/DSCN8960.JPG"/>
			<zone ulx="761" uly="761" lrx="3139" lry="1572" xml:id="zone_ps5_1jn_2jb"/>
		</surface>
	</facsimile>
	<text>
		<body>
			<div1 facs="#zone_ln2_v3n_2jb" type="fermān_sūret">
				<p>
					<lb/>
					...					<date type="created" when="1783-10-11" when-custom="1197-11-15">
						fi'l-yevmi'l-hāmis ʿaşar Zi'l-kaʿade sene sabʿ tisʿīn
						<lb/>
						<lb/>
						ve mie ve elif
					</date>
					<lb/>
				</p>
				<div2 facs="#zone_lgt_w3n_2jb" type="sign_sūret">
					<p>
						<lb/>
						...
						<lb/>
					</p>
				</div2>
			</div1>
			<div2 facs="#zone_j3s_x3n_2jb" type="sign">
				<p>
					<lb/>
					...
					<lb/>
				</p>
				<div3 facs="#zone_w4j_y3n_2jb" type="stamp">
					<p>
						<lb/>
						...
						<lb/>
					</p>
				</div3>
			</div2>
			<div1 facs="#zone_ps5_1jn_2jb" type="summary_Croatian">
				<p>
					<lb/>
					Datum:					<date type="summary_Croatian" when="1783-10-11" when-custom="1197-11-15">15. zilkade 1197</date>
					 -					<date type="summary_Croatian" when="1783-10-12">12. oktobar 1783</date>
					.
					<lb/>
				</p>
			</div1>
		</body>
	</text>
</TEI>
