<?xml version="1.0" encoding="UTF-8"?>
<?xml-model href="http://www.tei-c.org/release/xml/tei/custom/schema/relaxng/tei_all.rng" type="application/xml" schematypens="http://relaxng.org/ns/structure/1.0"?>
<?xml-model href="http://www.tei-c.org/release/xml/tei/custom/schema/relaxng/tei_all.rng" type="application/xml"
	schematypens="http://purl.oclc.org/dsdl/schematron"?>
<TEI xmlns="http://www.tei-c.org/ns/1.0">
	<teiHeader>
		<fileDesc>
			<titleStmt>
				<title>Tursko1-029</title>
			</titleStmt>
			<publicationStmt>
				<p>Publication Information</p>
			</publicationStmt>
			<notesStmt>
				<note type="mine">日付：月Saferに見えるが分からない、年日の数字3の読みも合っているか分からない、要検討。</note>
				<note type="mine">署名：傘型</note>
			</notesStmt>
			<sourceDesc>
				<p/>
			</sourceDesc>
		</fileDesc>
		<xenoData>{ "saji:aspectRatioType": [ "B" ], "saji:fond": [ "Tursko 1" ] }</xenoData>
	</teiHeader>
	<facsimile>
		<surface>
			<graphic url="../../../Tursko%201/DSCN1003.JPG"/>
			<zone ulx="163" uly="163" lrx="2218" lry="3254" xml:id="zone_ejn_fcg_z3b"/>
			<zone ulx="2090" uly="2090" lrx="1346" lry="2243" xml:id="zone_q3f_hcg_z3b"/>
		</surface>
		<surface>
			<graphic url="../../../Day%201/IMG_0216.JPG"/>
		</surface>
		<surface>
			<graphic url="../../../Day%201/IMG_0218.JPG"/>
		</surface>
		<surface>
			<graphic url="../../../Tursko%201/DSCN1004.JPG"/>
			<zone ulx="494" uly="494" lrx="1873" lry="1155" xml:id="zone_c1n_3cg_z3b"/>
		</surface>
	</facsimile>
	<text>
		<body>
			<div1 facs="#zone_ejn_fcg_z3b" type="tezkire">
				<l>
					fī					<date cert="low" type="created" when="1821-11-18" when-custom="1237-02-23">23 Safer sene 37</date>
				</l>
				<div3 facs="#zone_q3f_hcg_z3b" type="stamp"/>
			</div1>
			<div1 facs="#zone_c1n_3cg_z3b" type="summary_Croatian"/>
		</body>
	</text>
</TEI>
