<?xml version="1.0" encoding="UTF-8"?>
<?xml-model href="http://www.tei-c.org/release/xml/tei/custom/schema/relaxng/tei_all.rng" type="application/xml" schematypens="http://relaxng.org/ns/structure/1.0"?>
<?xml-model href="http://www.tei-c.org/release/xml/tei/custom/schema/relaxng/tei_all.rng" type="application/xml"
	schematypens="http://purl.oclc.org/dsdl/schematron"?>
<TEI xmlns="http://www.tei-c.org/ns/1.0">
	<teiHeader>
		<fileDesc>
			<titleStmt>
				<title>Tursko1-080</title>
			</titleStmt>
			<publicationStmt>
				<p>Publication Information</p>
			</publicationStmt>
			<notesStmt>
				<note type="mine">【要】日付：14日でいいか？</note>
			</notesStmt>
			<sourceDesc>
				<p/>
			</sourceDesc>
		</fileDesc>
		<xenoData>{ "saji:aspectRatioType": [ "E" ], "saji:fond": [ "Tursko 1" ] }</xenoData>
	</teiHeader>
	<facsimile>
		<surface>
			<graphic url="../../../Tursko%201/DSCN1728.JPG"/>
			<zone ulx="70" uly="70" lrx="1720" lry="3250" xml:id="zone_jxq_lm2_bjb"/>
		</surface>
		<surface>
			<graphic url="../../../Day%202/IMG_0517.JPG"/>
		</surface>
		<surface>
			<graphic url="../../../Day%202/IMG_0519.JPG"/>
		</surface>
		<surface>
			<graphic url="../../../Tursko%201/DSCN1729.JPG"/>
			<zone ulx="638" uly="638" lrx="1839" lry="1088" xml:id="zone_bx3_4m2_bjb"/>
		</surface>
		<surface>
			<graphic url="../../../Tursko%201/DSCN1730.JPG"/>
			<zone ulx="341" uly="341" lrx="1221" lry="962" xml:id="zone_c25_pm2_bjb"/>
			<zone ulx="823" uly="823" lrx="1185" lry="930" xml:id="zone_exs_qm2_bjb"/>
		</surface>
		<surface>
			<graphic url="../../../Tursko%201/DSCN1731.JPG"/>
		</surface>
		<surface>
			<graphic url="../../../Tursko%201/DSCN1732.JPG"/>
			<zone ulx="655" uly="655" lrx="3023" lry="1077" xml:id="zone_zsl_sm2_bjb"/>
		</surface>
		<surface>
			<graphic url="../../../Tursko%201/DSCN1733.JPG"/>
			<zone ulx="1088" uly="1088" lrx="2862" lry="1755" xml:id="zone_rjp_tm2_bjb"/>
		</surface>
	</facsimile>
	<text>
		<body>
			<div1 facs="#zone_jxq_lm2_bjb" type="hüccet">
				<p>
					<lb/>
					...					<date cert="low" type="created" when="1805-11-06" when-custom="1220-08-14">
						fi'l-yevm
						<lb/>
						<lb/>
						el-rābīʿ ve'l-ʿaşr min şehr Şaʿabānı'l-muʿazzam sene
						<lb/>
						<lb/>
						ʿaşrīn ve mieteyn ve elif
					</date>
					<lb/>
				</p>
				<div3 facs="#zone_bx3_4m2_bjb" type="stamp">
					<p>
						<lb/>
						...
						<lb/>
					</p>
				</div3>
				<div2 facs="#zone_c25_pm2_bjb" type="sign">
					<p>
						<lb/>
						...
						<lb/>
					</p>
					<div3 facs="#zone_exs_qm2_bjb" type="stamp">
						<p>
							<lb/>
							...
							<lb/>
						</p>
					</div3>
				</div2>
			</div1>
			<div1 facs="#zone_zsl_sm2_bjb" type="summary_Croatian">
				<p>
					<lb/>
					...
					<lb/>
				</p>
			</div1>
			<div1 facs="#zone_rjp_tm2_bjb" type="unknown">
				<p>
					<lb/>
					<lb/>
				</p>
			</div1>
		</body>
	</text>
</TEI>
