<?xml version="1.0" encoding="UTF-8"?>
<?xml-model href="http://www.tei-c.org/release/xml/tei/custom/schema/relaxng/tei_all.rng" type="application/xml" schematypens="http://relaxng.org/ns/structure/1.0"?>
<?xml-model href="http://www.tei-c.org/release/xml/tei/custom/schema/relaxng/tei_all.rng" type="application/xml"
	schematypens="http://purl.oclc.org/dsdl/schematron"?>
<TEI xmlns="http://www.tei-c.org/ns/1.0">
	<teiHeader>
		<fileDesc>
			<titleStmt>
				<title>Tursko3-073</title>
			</titleStmt>
			<publicationStmt>
				<p>Publication Information</p>
			</publicationStmt>
			<sourceDesc>
				<p/>
			</sourceDesc>
		</fileDesc>
		<xenoData>{ "saji:aspectRatioType": [ "B" ], "saji:fond": [ "Tursko 3" ] }</xenoData>
	</teiHeader>
	<facsimile>
		<surface>
			<graphic url="../../../Tursko%203/DSCN9341.JPG"/>
			<zone ulx="427" uly="427" lrx="2756" lry="1883" xml:id="zone_cgr_mm1_zlb"/>
		</surface>
		<surface>
			<graphic url="../../../Day%205/IMG_0166.JPG"/>
		</surface>
		<surface>
			<graphic url="../../../Day%205/IMG_0167.JPG"/>
		</surface>
		<surface>
			<graphic url="../../../Tursko%203/DSCN9342.JPG"/>
			<zone ulx="1226" uly="1226" lrx="2240" lry="3093" xml:id="zone_vdd_pm1_zlb"/>
		</surface>
	</facsimile>
	<text>
		<body>
			<div1 cert="low" facs="#zone_vdd_pm1_zlb" next="#zone_cgr_mm1_zlb" subtype="tapu_nāme" type="EMIN">
				<p>
					<lb/>
					... fī					<date type="created" when="1845-12-20" when-custom="1261--21">21 sene 261</date>
					<lb/>
				</p>
				<div2 type="şühūdu’l-hāl">
					<p>
						<lb/>
						...
						<lb/>
					</p>
				</div2>
			</div1>
			<div1 cert="unkown" facs="#zone_cgr_mm1_zlb" type="summary_Croatian">
				<p>
					<lb/>
					...
					<lb/>
				</p>
			</div1>
		</body>
	</text>
</TEI>
