<?xml version="1.0" encoding="UTF-8"?>
<?xml-model href="http://www.tei-c.org/release/xml/tei/custom/schema/relaxng/tei_all.rng" type="application/xml" schematypens="http://relaxng.org/ns/structure/1.0"?>
<?xml-model href="http://www.tei-c.org/release/xml/tei/custom/schema/relaxng/tei_all.rng" type="application/xml"
	schematypens="http://purl.oclc.org/dsdl/schematron"?>
<TEI xmlns="http://www.tei-c.org/ns/1.0">
	<teiHeader>
		<fileDesc>
			<titleStmt>
				<title>Tursko1-082</title>
			</titleStmt>
			<publicationStmt>
				<p>Publication Information</p>
			</publicationStmt>
			<notesStmt>
				<note type="mine">【要】日付：月 Z or R 要確認。</note>
			</notesStmt>
			<sourceDesc>
				<p/>
			</sourceDesc>
		</fileDesc>
		<xenoData>{ "saji:aspectRatioType": [ "C" ], "saji:fond": [ "Tursko 1" ] }</xenoData>
	</teiHeader>
	<facsimile>
		<surface>
			<graphic url="../../../Tursko%201/DSCN1736.JPG"/>
			<zone ulx="41" uly="41" lrx="2333" lry="3008" xml:id="zone_alj_l1f_bjb"/>
			<zone ulx="1235" uly="1235" lrx="1612" lry="2958" xml:id="zone_kvh_1cf_bjb"/>
			<zone ulx="2623" uly="2623" lrx="618" lry="2952" xml:id="zone_oy3_ccf_bjb"/>
			<zone ulx="141" uly="141" lrx="2312" lry="1300" xml:id="zone_uyy_gcf_bjb"/>
			<zone ulx="879" uly="879" lrx="2304" lry="1154" xml:id="zone_qfc_3cf_bjb"/>
			<zone ulx="1574" uly="1574" lrx="1983" lry="2154" xml:id="zone_bhf_jcf_bjb"/>
			<zone ulx="1690" uly="1690" lrx="1950" lry="1841" xml:id="zone_xmd_kcf_bjb"/>
		</surface>
		<surface>
			<graphic url="../../../Day%202/IMG_0525.JPG"/>
		</surface>
		<surface>
			<graphic url="../../../Day%202/IMG_0526.JPG"/>
		</surface>
		<surface>
			<graphic url="../../../Tursko%201/DSCN1737.JPG"/>
			<zone ulx="1327" uly="1327" lrx="2473" lry="1805" xml:id="zone_nm5_mcf_bjb"/>
		</surface>
	</facsimile>
	<text>
		<body>
			<div1 facs="#zone_alj_l1f_bjb" type="ʿarz-ı_hāl_buyuruldu_sūret">
				<div1 facs="#zone_kvh_1cf_bjb" type="ʿarz-ı_hāl_sūret">
					<p>
						<lb/>
						...
						<lb/>
					</p>
					<div2 facs="#zone_oy3_ccf_bjb" type="sign">
						<p>
							<lb/>
							...
							<lb/>
						</p>
					</div2>
				</div1>
				<div1 facs="#zone_uyy_gcf_bjb" type="buyuruldu_sūret">
					<p>
						<lb/>
						... buyuruldu fī						<date cert="medium" type="created" when="1785-10-06" when-custom="1199-12-03">3 Z 199</date>
						<lb/>
					</p>
					<div3 facs="#zone_qfc_3cf_bjb" type="stamp_sūret">
						<p>
							<lb/>
							...
							<lb/>
						</p>
					</div3>
				</div1>
				<div2 facs="#zone_bhf_jcf_bjb" type="sign">
					<p>
						<lb/>
						...
						<lb/>
					</p>
					<div3 facs="#zone_xmd_kcf_bjb" type="stamp">
						<p>
							<lb/>
							...
							<lb/>
						</p>
					</div3>
				</div2>
			</div1>
			<div1 facs="#zone_nm5_mcf_bjb" type="summary_Croatian">
				<p>
					<lb/>
					...					<date type="summary_Croatian" when="1785">1785</date>
					<lb/>
				</p>
			</div1>
		</body>
	</text>
</TEI>
