<?xml version="1.0" encoding="UTF-8"?>
<?xml-model href="http://www.tei-c.org/release/xml/tei/custom/schema/relaxng/tei_all.rng" type="application/xml" schematypens="http://relaxng.org/ns/structure/1.0"?>
<?xml-model href="http://www.tei-c.org/release/xml/tei/custom/schema/relaxng/tei_all.rng" type="application/xml"
	schematypens="http://purl.oclc.org/dsdl/schematron"?>
<TEI xmlns="http://www.tei-c.org/ns/1.0">
	<teiHeader>
		<fileDesc>
			<titleStmt>
				<title>Tursko3-149</title>
			</titleStmt>
			<publicationStmt>
				<p>Publication Information</p>
			</publicationStmt>
			<sourceDesc>
				<p/>
			</sourceDesc>
		</fileDesc>
		<xenoData>{ "saji:aspectRatioType": [ "B" ], "saji:fond": [ "Tursko 3" ] }</xenoData>
	</teiHeader>
	<facsimile>
		<surface>
			<graphic url="../../../Tursko%203/DSCN9052.JPG"/>
			<zone ulx="122" uly="122" lrx="2300" lry="366" xml:id="zone_ww2_qmc_ykb"/>
		</surface>
		<surface>
			<graphic url="../../../Day%206/IMG_0130.JPG"/>
		</surface>
		<surface>
			<graphic url="../../../Day%206/IMG_0131.JPG"/>
		</surface>
		<surface>
			<graphic url="../../../Tursko%203/DSCN9053.JPG"/>
			<zone ulx="38" uly="38" lrx="2100" lry="2500" xml:id="zone_pmb_knc_ykb"/>
			<zone ulx="2229" uly="2229" lrx="1323" lry="2470" xml:id="zone_llk_lnc_ykb"/>
		</surface>
	</facsimile>
	<text>
		<body>
			<div1 facs="#zone_pmb_knc_ykb" next="#zone_ww2_qmc_ykb" type="mürāsele">
				<p>
					<lb/>
					... fī					<date type="created" when="1825-08-31" when-custom="1241-01-17">17 M sene 241</date>
					<lb/>
				</p>
				<div2 type="sign">
					<div3 facs="#zone_llk_lnc_ykb" type="stamp">
						<p>
							<lb/>
							...
							<lb/>
						</p>
					</div3>
				</div2>
			</div1>
			<div1 facs="#zone_ww2_qmc_ykb" type="summary_Croatian">
				<p>
					<lb/>
					...					<date cert="unknown" type="summary_Croatian" when="1825">1825</date>
					<lb/>
				</p>
			</div1>
		</body>
	</text>
</TEI>
