<?xml version="1.0" encoding="UTF-8"?>
<?xml-model href="http://www.tei-c.org/release/xml/tei/custom/schema/relaxng/tei_all.rng" type="application/xml" schematypens="http://relaxng.org/ns/structure/1.0"?>
<?xml-model href="http://www.tei-c.org/release/xml/tei/custom/schema/relaxng/tei_all.rng" type="application/xml"
	schematypens="http://purl.oclc.org/dsdl/schematron"?>
<TEI xmlns="http://www.tei-c.org/ns/1.0">
	<teiHeader>
		<fileDesc>
			<titleStmt>
				<title>Tursko3-128</title>
			</titleStmt>
			<publicationStmt>
				<p>Publication Information</p>
			</publicationStmt>
			<sourceDesc>
				<p/>
			</sourceDesc>
		</fileDesc>
		<xenoData>{ "saji:aspectRatioType": [ "B" ], "saji:fond": [ "Tursko 3" ] }</xenoData>
	</teiHeader>
	<facsimile>
		<surface>
			<graphic url="../../../Tursko%203/DSCN9171.JPG"/>
			<zone ulx="395" uly="395" lrx="434" lry="632" xml:id="zone_n1n_wtq_jlb"/>
			<zone ulx="1486" uly="1486" lrx="1754" lry="2209" xml:id="zone_l4n_ytq_jlb"/>
		</surface>
		<surface>
			<graphic url="../../../Day%206/IMG_0078.JPG"/>
		</surface>
		<surface>
			<graphic url="../../../Day%206/IMG_0079.JPG"/>
		</surface>
		<surface>
			<graphic url="../../../Tursko%203/DSCN9172.JPG"/>
			<zone ulx="30" uly="30" lrx="1993" lry="2576" xml:id="zone_l2r_15q_jlb"/>
			<zone ulx="1930" uly="1930" lrx="525" lry="2132" xml:id="zone_tbb_d5q_jlb"/>
		</surface>
	</facsimile>
	<text>
		<body>
			<div1 cert="low" facs="#zone_l2r_15q_jlb" next="#zone_l4n_ytq_jlb" type="EMIN">
				<p>
					<lb/>
					... fī					<date type="created" when="1834-11-01" when-custom="1250-06">Cemaziye'l-āhir sene 250</date>
					<lb/>
				</p>
				<div2 facs="#zone_tbb_d5q_jlb" type="sign">
					<p>
						<lb/>
						...
						<lb/>
					</p>
					<div3 facs="#zone_n1n_wtq_jlb" type="stamp">
						<p>
							<lb/>
							...
							<lb/>
						</p>
					</div3>
				</div2>
				<div2 type="şühūdu’l-hāl">
					<p>
						<lb/>
						...
						<lb/>
					</p>
				</div2>
			</div1>
			<div1 facs="#zone_l4n_ytq_jlb" type="summary_Croatian">
				<p>
					<lb/>
					...
					<lb/>
				</p>
			</div1>
		</body>
	</text>
</TEI>
