<?xml version="1.0" encoding="UTF-8"?>
<?xml-model href="http://www.tei-c.org/release/xml/tei/custom/schema/relaxng/tei_all.rng" type="application/xml" schematypens="http://relaxng.org/ns/structure/1.0"?>
<?xml-model href="http://www.tei-c.org/release/xml/tei/custom/schema/relaxng/tei_all.rng" type="application/xml"
	schematypens="http://purl.oclc.org/dsdl/schematron"?>
<TEI xmlns="http://www.tei-c.org/ns/1.0">
	<teiHeader>
		<fileDesc>
			<titleStmt>
				<title>Tursko3-152</title>
			</titleStmt>
			<publicationStmt>
				<p>Publication Information</p>
			</publicationStmt>
			<notesStmt>
				<note type="summary">エミンの請負っている2片の耕作地について、非ムスリムから非ムスリムへ売却・譲渡することを認める証文</note>
				<note type="mine">綴りに乱れが多い。心の目で読まねば。【要】読み直し。</note>
			</notesStmt>
			<sourceDesc>
				<p/>
			</sourceDesc>
		</fileDesc>
		<xenoData>{ "saji:aspectRatioType": [ "B" ], "saji:fond": [ "Tursko 3" ] }</xenoData>
	</teiHeader>
	<facsimile>
		<surface>
			<graphic url="../../../Tursko%203/DSCN9056.JPG"/>
			<zone ulx="900" uly="900" lrx="2382" lry="3009" xml:id="zone_b1c_spc_ykb"/>
			<zone ulx="2570" uly="2570" lrx="763" lry="2926" xml:id="zone_a2n_tpc_ykb"/>
		</surface>
		<surface>
			<graphic url="../../../Day%206/IMG_0136.JPG"/>
		</surface>
		<surface>
			<graphic url="../../../Day%206/IMG_0137.JPG"/>
		</surface>
	</facsimile>
	<text>
		<body>
			<div1 cert="low" facs="#zone_b1c_spc_ykb" type="EMIN">
				<p>
					<lb/>
					Vech-i tahrīr-i hurūf oldur ki
					<lb/>
					işbu					<date type="created" when="1732-06-22" when-custom="1144">bin yüz kırk dört senesinde</date>
					 der ʿuhde ve iltizāmımızda
					<lb/>
					bulunan					<placeName>KOMAR</placeName>
					 karyesi ... iki kıtʿa tarlası iştirāna(?) ...
					<lb/>
					... zimmī					<persName>MHT MKHK</persName>
					 nām kimesne kendi taht-ı tasarrıf
					<lb/>
					... mukābelesinde beyʿ-i bāt katʿiyle beyʿ edüb iki kıtʿa tarlası
					<lb/>
					altmış alt(?) guruş mukābelesinde beyʿ edüb işbu dārende-i
					<lb/>
					hurūf					<placeName>KOMAR</placeName>
					 karyesinde sākin zimmī					<persName>YÜZÜ</persName>
					 nām(?) kimesne(?) kabūl
					<lb/>
					edüb işbu dārende-i(?) mukātaʿa emīn bulunduğumuz(?) hasebiyle ...
					<lb/>
					... görüb mā-dām ki sene be-sene taraf-ı
					<lb/>
					mīrīye ... edüb tasarrıf ... kimesne
					<lb/>
					māniʿ oluna				</p>
				<div2 facs="#zone_a2n_tpc_ykb" type="sign">
					<p>
						<lb/>
						Bende
						<lb/>
						ʿALĪ Ağa
						<lb/>
						Emīn-i Kirşevo					</p>
				</div2>
				<div2 type="şühūdu'l-hāl">
					<p>
						<lb/>
						Şühūdu'l-hāl
						<lb/>
						Feyzüllāh Ağa
						<lb/>
						ʿOsmān GUT
						<lb/>
						PAVU KEKE
						<lb/>
						PAVU KLM
						<lb/>
						Īvān KOLİŞ					</p>
				</div2>
			</div1>
		</body>
	</text>
</TEI>
