<?xml version="1.0" encoding="UTF-8"?>
<?xml-model href="http://www.tei-c.org/release/xml/tei/custom/schema/relaxng/tei_all.rng" type="application/xml" schematypens="http://relaxng.org/ns/structure/1.0"?>
<?xml-model href="http://www.tei-c.org/release/xml/tei/custom/schema/relaxng/tei_all.rng" type="application/xml"
	schematypens="http://purl.oclc.org/dsdl/schematron"?>
<TEI xmlns="http://www.tei-c.org/ns/1.0">
	<teiHeader>
		<fileDesc>
			<titleStmt>
				<title>Tursko3-116</title>
			</titleStmt>
			<publicationStmt>
				<p>Publication Information</p>
			</publicationStmt>
			<sourceDesc>
				<p/>
			</sourceDesc>
		</fileDesc>
		<xenoData>{ "saji:aspectRatioType": [ "B?" ], "saji:fond": [ "Tursko 3" ] }</xenoData>
	</teiHeader>
	<facsimile>
		<surface>
			<graphic url="../../../Tursko%203/DSCN9138.JPG"/>
			<zone ulx="466" uly="466" lrx="2667" lry="1233" xml:id="zone_gdz_2fk_hlb"/>
		</surface>
		<surface>
			<graphic url="../../../Day%206/IMG_0053.JPG"/>
		</surface>
		<surface>
			<graphic url="../../../Day%206/IMG_0054.JPG"/>
		</surface>
		<surface>
			<graphic url="../../../Tursko%203/DSCN9139.JPG"/>
			<zone ulx="136" uly="136" lrx="2354" lry="3236" xml:id="zone_zhp_gfk_hlb"/>
			<zone ulx="2855" uly="2855" lrx="389" lry="3140" xml:id="zone_jcc_3fk_hlb"/>
		</surface>
	</facsimile>
	<text>
		<body>
			<div1 cert="low" facs="#zone_zhp_gfk_hlb" next="#zone_gdz_2fk_hlb" subtype="tapu_nāme" type="EMIN">
				<p>
					<lb/>
					... fī					<date type="created" when="1825-11-06" when-custom="1241-03-25">25 Ra sebe 241</date>
					<lb/>
				</p>
				<div2 facs="#zone_jcc_3fk_hlb" type="sign">
					<p>
						<lb/>
						...
						<lb/>
					</p>
				</div2>
				<div2 type="şühūdu’l-hāl">
					<p>
						<lb/>
						...
						<lb/>
					</p>
				</div2>
			</div1>
			<div1 facs="#zone_gdz_2fk_hlb" type="summary_Croatian">
				<p>
					<lb/>
					...					<date type="summary_Croatian" when="1826-08-03" when-custom="1241">1241</date>
					.
					<lb/>
				</p>
			</div1>
		</body>
	</text>
</TEI>
