<?xml version="1.0" encoding="UTF-8"?>
<?xml-model href="http://www.tei-c.org/release/xml/tei/custom/schema/relaxng/tei_all.rng" type="application/xml" schematypens="http://relaxng.org/ns/structure/1.0"?>
<?xml-model href="http://www.tei-c.org/release/xml/tei/custom/schema/relaxng/tei_all.rng" type="application/xml"
	schematypens="http://purl.oclc.org/dsdl/schematron"?>
<TEI xmlns="http://www.tei-c.org/ns/1.0">
	<teiHeader>
		<fileDesc>
			<titleStmt>
				<title>Tursko2-008</title>
			</titleStmt>
			<publicationStmt>
				<p>Publication Information</p>
			</publicationStmt>
			<sourceDesc>
				<p/>
			</sourceDesc>
		</fileDesc>
		<xenoData>{ "saji:aspectRatioType": [ "B" ], "saji:fond": [ "Tursko 2" ] }</xenoData>
	</teiHeader>
	<facsimile>
		<surface>
			<graphic url="../../../Tursko%202/DSCN8929.JPG"/>
			<zone ulx="334" uly="334" lrx="1855" lry="3189" xml:id="zone_lht_dyz_djb"/>
			<zone ulx="2525" uly="2525" lrx="846" lry="3171" xml:id="zone_i3j_fyz_djb"/>
			<zone ulx="2985" uly="2985" lrx="701" lry="3098" xml:id="zone_lwq_gyz_djb"/>
		</surface>
		<surface>
			<graphic url="../../../Day%204/IMG_0160.JPG"/>
		</surface>
		<surface>
			<graphic url="../../../Day%204/IMG_0161.JPG"/>
		</surface>
		<surface>
			<graphic url="../../../Day%204/IMG_0162.JPG"/>
		</surface>
		<surface>
			<graphic url="../../../Tursko%202/DSCN8930.JPG"/>
			<zone ulx="750" uly="750" lrx="3156" lry="1355" xml:id="zone_d2y_hyz_djb"/>
		</surface>
	</facsimile>
	<text>
		<body>
			<div1 facs="#zone_lht_dyz_djb" type="tezkire_dīvānī">
				<p>
					<lb/>
					... fī					<date type="created" when="1797-03-13" when-custom="1211-09-15">15 N sene 1211</date>
					<lb/>
				</p>
				<div2 facs="#zone_i3j_fyz_djb" type="sign">
					<p>
						<lb/>
						...
						<lb/>
					</p>
					<div3 facs="#zone_lwq_gyz_djb" type="stamp">
						<p>
							<lb/>
							...
							<lb/>
						</p>
					</div3>
				</div2>
			</div1>
			<div1 facs="#zone_d2y_hyz_djb" type="summary_Croatian">
				<p>
					<lb/>
					Datum					<date type="summary_Croatian" when="1797-03-13" when-custom="1211-09-15">15. ramazan 1211</date>
					 -					<date type="summary_Croatian" when="1797-03-14">14. mart 1797</date>
					<lb/>
				</p>
			</div1>
		</body>
	</text>
</TEI>
