<?xml version="1.0" encoding="UTF-8"?>
<?xml-model href="http://www.tei-c.org/release/xml/tei/custom/schema/relaxng/tei_all.rng" type="application/xml" schematypens="http://relaxng.org/ns/structure/1.0"?>
<?xml-model href="http://www.tei-c.org/release/xml/tei/custom/schema/relaxng/tei_all.rng" type="application/xml"
	schematypens="http://purl.oclc.org/dsdl/schematron"?>
<TEI xmlns="http://www.tei-c.org/ns/1.0">
	<teiHeader>
		<fileDesc>
			<titleStmt>
				<title>Tursko1-095</title>
			</titleStmt>
			<publicationStmt>
				<p>Publication Information</p>
			</publicationStmt>
			<sourceDesc>
				<p/>
			</sourceDesc>
		</fileDesc>
		<xenoData>{ "saji:aspectRatioType": [ "B" ], "saji:fond": [ "Tursko 1" ] }</xenoData>
	</teiHeader>
	<facsimile>
		<surface>
			<graphic url="../../../Tursko%201/DSCN1762.JPG"/>
			<zone ulx="175" uly="175" lrx="1875" lry="2941" xml:id="zone_fn1_cqh_cjb"/>
			<zone ulx="2626" uly="2626" lrx="376" lry="2865" xml:id="zone_aw2_dqh_cjb"/>
			<zone ulx="100" uly="100" lrx="1858" lry="2345" xml:id="zone_bk3_2qh_cjb"/>
		</surface>
		<surface>
			<graphic url="../../../Day%203/IMG_0024.JPG"/>
		</surface>
		<surface>
			<graphic url="../../../Day%203/IMG_0025.JPG"/>
		</surface>
		<surface>
			<graphic url="../../../Tursko%201/DSCN1763.JPG"/>
			<zone ulx="616" uly="616" lrx="3150" lry="1033" xml:id="zone_lx1_mqh_cjb"/>
		</surface>
	</facsimile>
	<text>
		<body>
			<div1 facs="#zone_fn1_cqh_cjb" type="ʿarz-ı_hāl">
				<p>
					<lb/>
					...
					<lb/>
				</p>
				<div2 facs="#zone_aw2_dqh_cjb" type="sign">
					<p>
						<lb/>
						...
						<lb/>
					</p>
				</div2>
			</div1>
			<div1 facs="#zone_bk3_2qh_cjb" type="buyuruldu">
				<p>
					<lb/>
					... buyuruldu fī					<date type="created" when="1762-08-03" when-custom="1176-01-13">13 M sene 176</date>
					<lb/>
				</p>
			</div1>
			<div1 facs="#zone_lx1_mqh_cjb" type="summary_Serbian">
				<p>
					<lb/>
					...					<date type="summary_Croatian" when="1762">1762</date>
					 Krescev.
					<lb/>
				</p>
			</div1>
		</body>
	</text>
</TEI>
