<?xml version="1.0" encoding="UTF-8"?>
<?xml-model href="http://www.tei-c.org/release/xml/tei/custom/schema/relaxng/tei_all.rng" type="application/xml" schematypens="http://relaxng.org/ns/structure/1.0"?>
<?xml-model href="http://www.tei-c.org/release/xml/tei/custom/schema/relaxng/tei_all.rng" type="application/xml"
	schematypens="http://purl.oclc.org/dsdl/schematron"?>
<TEI xmlns="http://www.tei-c.org/ns/1.0">
	<teiHeader>
		<fileDesc>
			<titleStmt>
				<title>Tursko3-008</title>
			</titleStmt>
			<publicationStmt>
				<p>Publication Information</p>
			</publicationStmt>
			<sourceDesc>
				<p/>
			</sourceDesc>
		</fileDesc>
		<xenoData>{ "saji:aspectRatioType": [ "A" ], "saji:fond": [ "Tursko 3" ] }</xenoData>
	</teiHeader>
	<facsimile>
		<surface>
			<graphic url="../../../Tursko%203/DSCN9312.JPG"/>
			<zone ulx="389" uly="389" lrx="1784" lry="1836" xml:id="zone_syq_pyl_ylb"/>
			<zone ulx="1836" uly="1836" lrx="1195" lry="2657" xml:id="zone_ugg_ryl_ylb"/>
		</surface>
		<surface>
			<graphic url="../../../Day%205/IMG_0024.JPG"/>
		</surface>
		<surface>
			<graphic url="../../../Day%205/IMG_0025.JPG"/>
		</surface>
	</facsimile>
	<text>
		<body>
			<div1 facs="#zone_syq_pyl_ylb" next="#zone_ugg_ryl_ylb" type="fetvā">
				<p>
					<lb/>
					...
					<lb/>
				</p>
			</div1>
			<div1 facs="#zone_ugg_ryl_ylb" type="fetvā">
				<p>
					<lb/>
					...
					<lb/>
				</p>
			</div1>
		</body>
	</text>
</TEI>
