<?xml version="1.0" encoding="UTF-8"?>
<?xml-model href="http://www.tei-c.org/release/xml/tei/custom/schema/relaxng/tei_all.rng" type="application/xml" schematypens="http://relaxng.org/ns/structure/1.0"?>
<?xml-model href="http://www.tei-c.org/release/xml/tei/custom/schema/relaxng/tei_all.rng" type="application/xml"
	schematypens="http://purl.oclc.org/dsdl/schematron"?>
<TEI xmlns="http://www.tei-c.org/ns/1.0">
	<teiHeader>
		<fileDesc>
			<titleStmt>
				<title>Tursko3-055</title>
			</titleStmt>
			<publicationStmt>
				<p>Publication Information</p>
			</publicationStmt>
			<sourceDesc>
				<p/>
			</sourceDesc>
		</fileDesc>
		<xenoData>{ "saji:aspectRatioType": [ "B" ], "saji:fond": [ "Tursko 3" ] }</xenoData>
	</teiHeader>
	<facsimile>
		<surface>
			<graphic url="../../../Tursko%203/DSCN9245.JPG"/>
			<zone ulx="516" uly="516" lrx="2945" lry="1566" xml:id="zone_hqg_rys_mlb"/>
		</surface>
		<surface>
			<graphic url="../../../Day%205/IMG_0128.JPG"/>
		</surface>
		<surface>
			<graphic url="../../../Day%205/IMG_0130.JPG"/>
		</surface>
		<surface>
			<graphic url="../../../Tursko%203/DSCN9246.JPG"/>
			<zone ulx="249" uly="249" lrx="2250" lry="2399" xml:id="zone_qcx_sys_mlb"/>
			<zone ulx="1937" uly="1937" lrx="556" lry="2196" xml:id="zone_jjy_5ys_mlb"/>
		</surface>
	</facsimile>
	<text>
		<body>
			<div1 facs="#zone_qcx_sys_mlb" next="#zone_hqg_rys_mlb" subtype="unkown" type="EMIN">
				<p>
					<lb/>
					işbu					<date type="created" when="1790-09-08" when-custom="1204">bin iki yüz dört senesinde</date>
					 der ...
					<lb/>
				</p>
				<div2 facs="#zone_jjy_5ys_mlb" type="sign">
					<p>
						<lb/>
						...
						<lb/>
					</p>
				</div2>
				<div2 type="şühūdu’l-hāl">
					<p>
						<lb/>
						...
						<lb/>
					</p>
				</div2>
			</div1>
			<div1 facs="#zone_hqg_rys_mlb" type="summary_Croatian">
				<p>
					<lb/>
					...					<date type="summary_Croatian" when="1791">1791</date>
					. od ...
					<lb/>
					...					<date type="summary_Croatian" when="1790-09-08" when-custom="1204">1204</date>
					.				</p>
			</div1>
		</body>
	</text>
</TEI>
