<?xml version="1.0" encoding="UTF-8"?>
<?xml-model href="http://www.tei-c.org/release/xml/tei/custom/schema/relaxng/tei_all.rng" type="application/xml" schematypens="http://relaxng.org/ns/structure/1.0"?>
<?xml-model href="http://www.tei-c.org/release/xml/tei/custom/schema/relaxng/tei_all.rng" type="application/xml"
	schematypens="http://purl.oclc.org/dsdl/schematron"?>
<TEI xmlns="http://www.tei-c.org/ns/1.0">
	<teiHeader>
		<fileDesc>
			<titleStmt>
				<title>Tursko3-171</title>
			</titleStmt>
			<publicationStmt>
				<p>Publication Information</p>
			</publicationStmt>
			<notesStmt>
				<note type="summary">非ムスリムたちの共同保有地を、修道院長へ売却することを、スィパーヒーが承認した証文。</note>
				<note type="mine">☆エミンではなく、スィパーヒーが事実上の土地売買を承認し、証文を発行している事例。</note>
			</notesStmt>
			<sourceDesc>
				<p/>
			</sourceDesc>
		</fileDesc>
		<xenoData>{ "saji:aspectRatioType": [ "B" ], "saji:fond": [ "Tursko 3" ] }</xenoData>
	</teiHeader>
	<facsimile>
		<surface>
			<graphic url="../../../Tursko%203/DSCN9090.JPG"/>
			<zone ulx="312" uly="312" lrx="392" lry="498" xml:id="zone_cdc_z11_glb"/>
		</surface>
		<surface>
			<graphic url="../../../Day%206/IMG_0180.JPG"/>
		</surface>
		<surface>
			<graphic url="../../../Day%206/IMG_0181.JPG"/>
		</surface>
		<surface>
			<graphic url="../../../Tursko%203/DSCN9091.JPG"/>
			<zone ulx="1011" uly="1011" lrx="2017" lry="1272" xml:id="zone_rkg_1b1_glb"/>
		</surface>
		<surface>
			<graphic url="../../../Tursko%203/DSCN9092.JPG"/>
			<zone ulx="25" uly="25" lrx="2208" lry="3025" xml:id="zone_zd3_cb1_glb"/>
			<zone ulx="2462" uly="2462" lrx="505" lry="2602" xml:id="zone_qmj_2b1_glb"/>
		</surface>
	</facsimile>
	<text>
		<body>
			<div1 cert="high" facs="#zone_zd3_cb1_glb" next="#zone_rkg_1b1_glb" type="EMIN_zabt_temessük">
				<p>
					<lb/>
					Hüve
					<lb/>
					Vech-i tahrīr-i hurūf budur ki
					<lb/>
					bā-berāt-ı pādişāhiyle ber-vech-i iştirāk mutasarrıf aldığı tımārımız kurālarında Kirşevo nāhiyesinde
					<lb/>
					<placeName>ÇRNK</placeName>
					 cemāʿat tābiʿ nefs-i					<placeName>ÇRNK</placeName>
					 hudūdında Kirşevo mutavattınlarında ... zimmī
					<lb/>
					<persName>MATO</persName>
					 ve					<persName>Frandaş</persName>
					<persName>Īvān</persName>
					<persName>HNAÇ</persName>
					<persName>YLASN</persName>
					 nāmān kendi taht-ı tasarrıfında bulunan bir ve
					<lb/>
					taraf-ı sānī					<persName>YAVDAKİÇ</persName>
					 çayrı ve taraf-ı sālis					<persName>YANA</persName>
					 çayrı ve taraf-ı rābiʿ
					<lb/>
					bir tāne MŞA ağaçi mahdūd ve mümtāz işbu dārende-i hurūf Kirşevo kilisanın ruhbānı
					<lb/>
					gardiyān nām kimesne yalnız iki yüz guruş resmiyle bedel mukābelesinde beyʿ-i bāt katʿiyle beyʿ
					<lb/>
					edüb ol dahi minvāl-i muharrer üzere kabūl biz dahi sipāhī(?) bulunduğumuz hasebiyle(?) ve mesfūr
					<lb/>
					gardiyān yedine virildi işbu temessüğ-ü zabt ve tasarrıfına tarafımızdan ve taraf-ı āhardan
					<lb/>
					bir kimesne māniʿ olunmaya tārīh-i fī					<date type="created" when="1839-12-12" when-custom="1255-10-06">6 L sene 255</date>
				</p>
				<div2 facs="#zone_qmj_2b1_glb" type="sign">
					<p>
						<lb/>
						Mustafa b Ahmed					</p>
					<div3 facs="#zone_cdc_z11_glb" type="stamp">
						<p>
							<lb/>
							...
							<lb/>
						</p>
					</div3>
				</div2>
				<div2 type="şühūdu'l-hāl">
					<p>
						<lb/>
						Şühūdu'l-hāl
						<lb/>
						Dervīş Ağa ʿan Kirşevo
						<lb/>
						Hasan(?) FOÇİÇ
						<lb/>
						Mü'ezzin ʿan Kirşevo
						<lb/>
						Peter ŞUNİÇ
						<lb/>
						Anton KOSİÇ
						<lb/>
						ve gayrihim					</p>
				</div2>
			</div1>
			<div1 facs="#zone_rkg_1b1_glb" type="summary_Croatian">
				<p>
					<lb/>
					Tapica na
					<lb/>
					Zamas od Bavkicha				</p>
			</div1>
		</body>
	</text>
</TEI>
