<?xml version="1.0" encoding="UTF-8"?>
<?xml-model href="http://www.tei-c.org/release/xml/tei/custom/schema/relaxng/tei_all.rng" type="application/xml" schematypens="http://relaxng.org/ns/structure/1.0"?>
<?xml-model href="http://www.tei-c.org/release/xml/tei/custom/schema/relaxng/tei_all.rng" type="application/xml"
	schematypens="http://purl.oclc.org/dsdl/schematron"?>
<TEI xmlns="http://www.tei-c.org/ns/1.0">
	<teiHeader>
		<fileDesc>
			<titleStmt>
				<title>Tursko1-169</title>
			</titleStmt>
			<publicationStmt>
				<p>Publication Information</p>
			</publicationStmt>
			<sourceDesc>
				<p/>
			</sourceDesc>
		</fileDesc>
		<xenoData>{ "saji:aspectRatioType": [ "D" ], "saji:fond": [ "Tursko 1" ], "saji:memo": [ "典型",
          "差出人：vālī" ], "saji:type": [ "" ] }</xenoData>
	</teiHeader>
	<facsimile>
		<surface>
			<graphic url="../../../Tursko%201/DSCN1965.JPG"/>
			<zone ulx="166" uly="166" lrx="2100" lry="2105" xml:id="zone_pvr_cs2_djb"/>
			<zone ulx="1911" uly="1911" lrx="830" lry="2078" xml:id="zone_rjw_ds2_djb"/>
			<zone ulx="2248" uly="2248" lrx="2000" lry="3151" xml:id="zone_pln_2s2_djb"/>
			<zone ulx="2824" uly="2824" lrx="1703" lry="3133" xml:id="zone_i5h_fs2_djb"/>
			<zone ulx="2823" uly="2823" lrx="1696" lry="2978" xml:id="zone_gvj_gs2_djb"/>
		</surface>
		<surface>
			<graphic url="../../../Day%204/IMG_0042.JPG"/>
		</surface>
		<surface>
			<graphic url="../../../Day%204/IMG_0043.JPG"/>
		</surface>
		<surface>
			<graphic url="../../../Tursko%201/DSCN1966.JPG"/>
			<zone ulx="955" uly="955" lrx="2895" lry="1561" xml:id="zone_t3m_hs2_djb"/>
		</surface>
	</facsimile>
	<text>
		<body>
			<div1 facs="#zone_pvr_cs2_djb" type="emr_nāme_ṣūret">
				<p>
					<lb/>
					... fī					<date cert="low" type="created" when="1857-06-05" when-custom="1273-10-13">13 L sene 73</date>
					<lb/>
				</p>
				<div2 facs="#zone_rjw_ds2_djb" type="sign">
					<p>
						<lb/>
						...
						<lb/>
					</p>
				</div2>
			</div1>
			<div1 facs="#zone_pln_2s2_djb" type="unknown">
				<p>
					<lb/>
					... fī					<date cert="unknown" type="created" when="1857-07-23" when-custom="1273--02">2 ... sene 73</date>
					<lb/>
				</p>
				<div2 facs="#zone_i5h_fs2_djb" type="sign">
					<p>
						<lb/>
						...
						<lb/>
					</p>
					<div3 facs="#zone_gvj_gs2_djb" type="stamp">
						<p>
							<lb/>
							...
							<lb/>
						</p>
					</div3>
				</div2>
			</div1>
			<div1 facs="#zone_t3m_hs2_djb" type="summary_Craotian">
				<p>
					<lb/>
					<date type="summary_Croatian" when="1857">1857</date>
					.
					<lb/>
				</p>
			</div1>
		</body>
	</text>
</TEI>
