<?xml version="1.0" encoding="UTF-8"?>
<?xml-model href="http://www.tei-c.org/release/xml/tei/custom/schema/relaxng/tei_all.rng" type="application/xml" schematypens="http://relaxng.org/ns/structure/1.0"?>
<?xml-model href="http://www.tei-c.org/release/xml/tei/custom/schema/relaxng/tei_all.rng" type="application/xml"
	schematypens="http://purl.oclc.org/dsdl/schematron"?>
<TEI xmlns="http://www.tei-c.org/ns/1.0">
	<teiHeader>
		<fileDesc>
			<titleStmt>
				<title>Tursko3-017</title>
			</titleStmt>
			<publicationStmt>
				<p>Publication Information</p>
			</publicationStmt>
			<sourceDesc>
				<p/>
			</sourceDesc>
		</fileDesc>
		<xenoData>{ "saji:aspectRatioType": [ "B" ], "saji:fond": [ "Tursko 3" ] }</xenoData>
	</teiHeader>
	<facsimile>
		<surface>
			<graphic url="../../../Tursko%203/DSCN9319.JPG"/>
			<zone ulx="950" uly="950" lrx="2500" lry="1322" xml:id="zone_tmc_f2m_ylb"/>
		</surface>
		<surface>
			<graphic url="../../../Day%205/IMG_0042.JPG"/>
		</surface>
		<surface>
			<graphic url="../../../Day%205/IMG_0043.JPG"/>
		</surface>
		<surface>
			<graphic url="../../../Tursko%203/DSCN9320.JPG"/>
			<zone ulx="320" uly="320" lrx="1893" lry="2140" xml:id="zone_yvh_h2m_ylb"/>
			<zone ulx="1833" uly="1833" lrx="550" lry="2123" xml:id="zone_lwn_32m_ylb"/>
			<zone ulx="2973" uly="2973" lrx="1907" lry="3096" xml:id="zone_ay4_j2m_ylb"/>
		</surface>
	</facsimile>
	<text>
		<body>
			<div1 facs="#zone_yvh_h2m_ylb" next="#zone_tmc_f2m_ylb" type="EMIN">
				<p>
					<lb/>
					işbu					<date type="created" when="1815-12-01" when-custom="1230">bin iki yüz otuz senesinde</date>
					 der ...
					<lb/>
				</p>
				<div2 facs="#zone_lwn_32m_ylb" type="sign">
					<p>
						<lb/>
						...
						<lb/>
					</p>
				</div2>
			</div1>
			<div1 cert="unknown" facs="#zone_ay4_j2m_ylb" type="note">
				<p>
					<lb/>
					...
					<lb/>
				</p>
			</div1>
			<div1 facs="#zone_tmc_f2m_ylb" type="summary_Croatian">
				<p>
					<lb/>
					...					<date type="summary_Croatian" when="1815-12-01" when-custom="1230">1230</date>
					.
					<lb/>
					Nno 10.				</p>
			</div1>
		</body>
	</text>
</TEI>
