<?xml version="1.0" encoding="UTF-8"?>
<?xml-model href="http://www.tei-c.org/release/xml/tei/custom/schema/relaxng/tei_all.rng" type="application/xml" schematypens="http://relaxng.org/ns/structure/1.0"?>
<?xml-model href="http://www.tei-c.org/release/xml/tei/custom/schema/relaxng/tei_all.rng" type="application/xml"
	schematypens="http://purl.oclc.org/dsdl/schematron"?>
<TEI xmlns="http://www.tei-c.org/ns/1.0">
	<teiHeader>
		<fileDesc>
			<titleStmt>
				<title>Tursko1-065</title>
			</titleStmt>
			<publicationStmt>
				<p>Publication Information</p>
			</publicationStmt>
			<sourceDesc>
				<p/>
			</sourceDesc>
		</fileDesc>
		<xenoData>{ "saji:aspectRatioType": [ "C" ], "saji:fond": [ "Tursko 1" ], "saji:memo": [ "典型",
          "本来、このbuyurulduに基づいてfermānが作成されるので、なぜこの文書が州僧院に保管されているのか謎。vālī作成のbuyurulduか？" ],
          "saji:type": [ "‘arż-ı ḥāl ve buyuruldu" ] }</xenoData>
	</teiHeader>
	<facsimile>
		<surface>
			<graphic url="../../../Tursko%201/DSCN1658.JPG"/>
			<zone ulx="-9" uly="-9" lrx="1791" lry="2936" xml:id="zone_lsh_2pk_1jb"/>
			<zone ulx="545" uly="545" lrx="1254" lry="1990" xml:id="zone_uzh_2pk_1jb"/>
		</surface>
		<surface>
			<graphic url="../../../Day%202/IMG_0469.JPG"/>
		</surface>
		<surface>
			<graphic url="../../../Day%202/IMG_0470.JPG"/>
		</surface>
		<surface>
			<graphic url="../../../Tursko%201/DSCN1659.JPG"/>
		</surface>
		<surface>
			<graphic url="../../../Tursko%201/DSCN1660.JPG"/>
			<zone ulx="427" uly="427" lrx="3145" lry="705" xml:id="zone_rzc_3pk_1jb"/>
		</surface>
	</facsimile>
	<text>
		<body>
			<div1 facs="#zone_lsh_2pk_1jb" type="ʿarz-ı_hāl">
				<p>
					<lb/>
					...
					<lb/>
				</p>
			</div1>
			<div1 facs="#zone_uzh_2pk_1jb" type="buyuruldu">
				<p>
					<lb/>
					... buyuruldu fī					<date cert="medium" type="created" when="1782-07-17" when-custom="1196-08-07">7 Ş 196</date>
					<lb/>
				</p>
			</div1>
			<div1 facs="#zone_rzc_3pk_1jb" type="summary_Croatian">
				<p>
					<lb/>
					<date type="summary_Croatian" when="1782">1782</date>
					 ...
					<lb/>
				</p>
			</div1>
		</body>
	</text>
</TEI>
