<?xml version="1.0" encoding="UTF-8"?>
<?xml-model href="http://www.tei-c.org/release/xml/tei/custom/schema/relaxng/tei_all.rng" type="application/xml" schematypens="http://relaxng.org/ns/structure/1.0"?>
<?xml-model href="http://www.tei-c.org/release/xml/tei/custom/schema/relaxng/tei_all.rng" type="application/xml"
	schematypens="http://purl.oclc.org/dsdl/schematron"?>
<TEI xmlns="http://www.tei-c.org/ns/1.0">
	<teiHeader>
		<fileDesc>
			<titleStmt>
				<title>Tursko3-125</title>
			</titleStmt>
			<publicationStmt>
				<p>Publication Information</p>
			</publicationStmt>
			<sourceDesc>
				<p/>
			</sourceDesc>
		</fileDesc>
		<xenoData>{ "saji:aspectRatioType": [ "B" ], "saji:fond": [ "Tursko 3" ] }</xenoData>
	</teiHeader>
	<facsimile>
		<surface>
			<graphic url="../../../Tursko%203/DSCN9162.JPG"/>
			<zone ulx="1027" uly="1027" lrx="2667" lry="1250" xml:id="zone_tb5_bpq_jlb"/>
		</surface>
		<surface>
			<graphic url="../../../Day%206/IMG_0072.JPG"/>
		</surface>
		<surface>
			<graphic url="../../../Day%206/IMG_0073.JPG"/>
		</surface>
		<surface>
			<graphic url="../../../Tursko%203/DSCN9163.JPG"/>
			<zone ulx="1429" uly="1429" lrx="1283" lry="1687" xml:id="zone_zyk_dpq_jlb"/>
		</surface>
		<surface>
			<graphic url="../../../Tursko%203/DSCN9164.JPG"/>
			<zone ulx="26" uly="26" lrx="1900" lry="2313" xml:id="zone_er5_fpq_jlb"/>
			<zone ulx="1698" uly="1698" lrx="729" lry="2294" xml:id="zone_xwb_hpq_jlb"/>
		</surface>
	</facsimile>
	<text>
		<body>
			<div1 facs="#zone_er5_fpq_jlb" next="#zone_tb5_bpq_jlb" subtype="tahvīl" type="EMIN">
				<p>
					<lb/>
					... fī					<date type="created" when="1835-06-03" when-custom="1251-02-07">7 S sene 251</date>
					<lb/>
				</p>
				<div2 facs="#zone_xwb_hpq_jlb" type="sign">
					<p>
						<lb/>
						...
						<lb/>
					</p>
					<div3 facs="#zone_zyk_dpq_jlb" type="stamp">
						<p>
							<lb/>
							...
							<lb/>
						</p>
					</div3>
				</div2>
			</div1>
			<div1 facs="#zone_tb5_bpq_jlb" type="summary_Croatian">
				<p>
					<lb/>
					...					<date type="summary_Croatian" when="1836">1836</date>
					 ...
					<lb/>
				</p>
			</div1>
		</body>
	</text>
</TEI>
