<?xml version="1.0" encoding="UTF-8"?>
<?xml-model href="http://www.tei-c.org/release/xml/tei/custom/schema/relaxng/tei_all.rng" type="application/xml" schematypens="http://relaxng.org/ns/structure/1.0"?>
<?xml-model href="http://www.tei-c.org/release/xml/tei/custom/schema/relaxng/tei_all.rng" type="application/xml"
	schematypens="http://purl.oclc.org/dsdl/schematron"?>
<TEI xmlns="http://www.tei-c.org/ns/1.0">
	<teiHeader>
		<fileDesc>
			<titleStmt>
				<title>Tursko3-107</title>
			</titleStmt>
			<publicationStmt>
				<p>Publication Information</p>
			</publicationStmt>
			<sourceDesc>
				<p/>
			</sourceDesc>
		</fileDesc>
		<xenoData>{ "saji:aspectRatioType": [ "D" ], "saji:fond": [ "Tursko 3" ] }</xenoData>
	</teiHeader>
	<facsimile>
		<surface>
			<graphic url="../../../Tursko%203/DSCN9212.JPG"/>
			<zone ulx="436" uly="436" lrx="1754" lry="2863" xml:id="zone_dw5_mqt_klb"/>
			<zone ulx="2140" uly="2140" lrx="1488" lry="2529" xml:id="zone_kkg_4qt_klb"/>
		</surface>
		<surface>
			<graphic url="../../../Day%206/IMG_0035.JPG"/>
		</surface>
		<surface>
			<graphic url="../../../Day%206/IMG_0036.JPG"/>
		</surface>
	</facsimile>
	<text>
		<body>
			<div1 facs="#zone_dw5_mqt_klb" type="cizye_senedi">
				<p>
					<lb/>
					...
					<lb/>
				</p>
				<div2 facs="#zone_kkg_4qt_klb" type="stamp">
					<p>
						<lb/>
						...
						<lb/>
					</p>
				</div2>
			</div1>
		</body>
	</text>
</TEI>
