<?xml version="1.0" encoding="UTF-8"?>
<?xml-model href="http://www.tei-c.org/release/xml/tei/custom/schema/relaxng/tei_all.rng" type="application/xml" schematypens="http://relaxng.org/ns/structure/1.0"?>
<?xml-model href="http://www.tei-c.org/release/xml/tei/custom/schema/relaxng/tei_all.rng" type="application/xml"
	schematypens="http://purl.oclc.org/dsdl/schematron"?>
<TEI xmlns="http://www.tei-c.org/ns/1.0">
	<teiHeader>
		<fileDesc>
			<titleStmt>
				<title>Tursko1-161</title>
			</titleStmt>
			<publicationStmt>
				<p>Publication Information</p>
			</publicationStmt>
			<sourceDesc>
				<p/>
			</sourceDesc>
		</fileDesc>
		<xenoData>{ "saji:aspectRatioType": [ "A" ], "saji:fond": [ "Tursko 1" ] }</xenoData>
	</teiHeader>
	<facsimile>
		<surface>
			<graphic url="../../../Tursko%201/DSCN1900.JPG"/>
			<zone ulx="209" uly="209" lrx="1454" lry="3209" xml:id="zone_e53_pbx_cjb"/>
			<zone ulx="257" uly="257" lrx="1417" lry="888" xml:id="zone_lv4_qbx_cjb"/>
			<zone ulx="722" uly="722" lrx="1286" lry="877" xml:id="zone_k4p_qbx_cjb"/>
			<zone ulx="343" uly="343" lrx="1040" lry="902" xml:id="zone_tvp_sbx_cjb"/>
			<zone ulx="736" uly="736" lrx="875" lry="893" xml:id="zone_uyg_tbx_cjb"/>
		</surface>
		<surface>
			<graphic url="../../../Day%204/IMG_0025.JPG"/>
		</surface>
		<surface>
			<graphic url="../../../Day%204/IMG_0026.JPG"/>
		</surface>
		<surface>
			<graphic url="../../../Tursko%201/DSCN1901.JPG"/>
			<zone ulx="1000" uly="1000" lrx="2439" lry="1305" xml:id="zone_zdk_5bx_cjb"/>
		</surface>
	</facsimile>
	<text>
		<body>
			<div1 facs="#zone_e53_pbx_cjb" type="hüccet">
				<p>
					<lb/>
					... fī					<date from="1775-06-10" from-custom="1189-04-11" to-custom="1189-04-20" type="created">evāsit Rebī'ü'l-āhir sene tisʿ ve semānīn ve mie ve elif</date>
					<lb/>
				</p>
				<div2 facs="#zone_lv4_qbx_cjb" type="sign">
					<p>
						<lb/>
						...
						<lb/>
					</p>
					<div3 facs="#zone_k4p_qbx_cjb" type="stamp">
						<p>
							<lb/>
							...
							<lb/>
						</p>
					</div3>
				</div2>
				<div2 facs="#zone_tvp_sbx_cjb" type="sign">
					<p>
						<lb/>
						...
						<lb/>
					</p>
					<div3 facs="#zone_uyg_tbx_cjb" type="stamp">
						<p>
							<lb/>
							...
							<lb/>
						</p>
					</div3>
				</div2>
			</div1>
			<div1 facs="#zone_zdk_5bx_cjb" type="summary_Croatian">
				<p>
					<lb/>
					...					<date type="summary_Croatian" when="1772">1772</date>
					<lb/>
				</p>
			</div1>
		</body>
	</text>
</TEI>
