<?xml version="1.0" encoding="UTF-8"?>
<?xml-model href="http://www.tei-c.org/release/xml/tei/custom/schema/relaxng/tei_all.rng" type="application/xml" schematypens="http://relaxng.org/ns/structure/1.0"?>
<?xml-model href="http://www.tei-c.org/release/xml/tei/custom/schema/relaxng/tei_all.rng" type="application/xml"
	schematypens="http://purl.oclc.org/dsdl/schematron"?>
<TEI xmlns="http://www.tei-c.org/ns/1.0">
	<teiHeader>
		<fileDesc>
			<titleStmt>
				<title>Tursko3-032</title>
			</titleStmt>
			<publicationStmt>
				<p>Publication Information</p>
			</publicationStmt>
			<sourceDesc>
				<p/>
			</sourceDesc>
		</fileDesc>
		<xenoData>{ "saji:aspectRatioType": [ "B" ], "saji:fond": [ "Tursko 3" ] }</xenoData>
	</teiHeader>
	<facsimile>
		<surface>
			<graphic url="../../../Tursko%203/DSCN9267.JPG"/>
			<zone ulx="944" uly="944" lrx="2484" lry="1738" xml:id="zone_pcd_1lh_nlb"/>
		</surface>
		<surface>
			<graphic url="../../../Day%205/IMG_0076.JPG"/>
		</surface>
		<surface>
			<graphic url="../../../Day%205/IMG_0077.JPG"/>
		</surface>
		<surface>
			<graphic url="../../../Tursko%203/DSCN9268.JPG"/>
			<zone ulx="328" uly="328" lrx="2157" lry="2471" xml:id="zone_l5t_hlh_nlb"/>
			<zone ulx="1779" uly="1779" lrx="541" lry="2033" xml:id="zone_tmw_3lh_nlb"/>
		</surface>
	</facsimile>
	<text>
		<body>
			<div1 facs="#zone_l5t_hlh_nlb" next="#zone_pcd_1lh_nlb" subtype="edā_zabt_temessük" type="EMIN">
				<p>
					<lb/>
					işbu					<date type="created" when="1790-09-08" when-custom="1204">bin iki yüz dört senesinde</date>
					 der ...
					<lb/>
				</p>
				<div2 facs="#zone_tmw_3lh_nlb" type="sign">
					<p>
						<lb/>
						...
						<lb/>
					</p>
				</div2>
				<div2 type="şühūdu’l-hāl">
					<p>
						<lb/>
						...
						<lb/>
					</p>
				</div2>
			</div1>
			<div1 facs="#zone_pcd_1lh_nlb" type="summary_Croatian">
				<p>
					<lb/>
					...
					<lb/>
					<date type="summary_Croatian" when="1819">1819</date>
					. -					<date type="summary_Croatian" when="1790-09-08" when-custom="1204">1204</date>
					. Nno 15.				</p>
			</div1>
		</body>
	</text>
</TEI>
