<?xml version="1.0" encoding="UTF-8"?>
<?xml-model href="http://www.tei-c.org/release/xml/tei/custom/schema/relaxng/tei_all.rng" type="application/xml" schematypens="http://relaxng.org/ns/structure/1.0"?>
<?xml-model href="http://www.tei-c.org/release/xml/tei/custom/schema/relaxng/tei_all.rng" type="application/xml"
	schematypens="http://purl.oclc.org/dsdl/schematron"?>
<TEI xmlns="http://www.tei-c.org/ns/1.0">
	<teiHeader>
		<fileDesc>
			<titleStmt>
				<title>Tursko3-064</title>
			</titleStmt>
			<publicationStmt>
				<p>Publication Information</p>
			</publicationStmt>
			<sourceDesc>
				<p/>
			</sourceDesc>
		</fileDesc>
		<xenoData>{ "saji:aspectRatioType": [ "B" ], "saji:fond": [ "Tursko 3" ] }</xenoData>
	</teiHeader>
	<facsimile>
		<surface>
			<graphic url="../../../Tursko%203/DSCN9225.JPG"/>
			<zone ulx="700" uly="700" lrx="2289" lry="1616" xml:id="zone_apn_lls_mlb"/>
		</surface>
		<surface>
			<graphic url="../../../Day%205/IMG_0147.JPG"/>
		</surface>
		<surface>
			<graphic url="../../../Day%205/IMG_0148.JPG"/>
		</surface>
		<surface>
			<graphic url="../../../Tursko%203/DSCN9226.JPG"/>
			<zone ulx="566" uly="566" lrx="2650" lry="1927" xml:id="zone_op1_nls_mlb"/>
			<zone ulx="1502" uly="1502" lrx="1095" lry="1812" xml:id="zone_amh_4ls_mlb"/>
		</surface>
	</facsimile>
	<text>
		<body>
			<div1 cert="medium" facs="#zone_op1_nls_mlb" next="#zone_apn_lls_mlb" subtype="temessük" type="EMIN">
				<p>
					<lb/>
					... fī					<date cert="low" type="created" when="1820-10-10" when-custom="1236-01-03">3 Muharremi'l-harām sene 1236</date>
					<lb/>
				</p>
				<div2 facs="#zone_amh_4ls_mlb" type="sign">
					<p>
						<lb/>
						...
						<lb/>
					</p>
				</div2>
				<div2 type="şühūdu’l-hāl">
					<p>
						<lb/>
						...
						<lb/>
					</p>
				</div2>
			</div1>
			<div1 facs="#zone_apn_lls_mlb" type="summary_Croatian">
				<p>
					<lb/>
					...					<date type="summary_Croatian" when="1821-09-26" when-custom="1236">1236</date>
					.
					<lb/>
				</p>
			</div1>
		</body>
	</text>
</TEI>
