<?xml version="1.0" encoding="UTF-8"?>
<?xml-model href="http://www.tei-c.org/release/xml/tei/custom/schema/relaxng/tei_all.rng" type="application/xml" schematypens="http://relaxng.org/ns/structure/1.0"?>
<?xml-model href="http://www.tei-c.org/release/xml/tei/custom/schema/relaxng/tei_all.rng" type="application/xml"
	schematypens="http://purl.oclc.org/dsdl/schematron"?>
<TEI xmlns="http://www.tei-c.org/ns/1.0">
	<teiHeader>
		<fileDesc>
			<titleStmt>
				<title>Tursko1-153</title>
			</titleStmt>
			<publicationStmt>
				<p>Publication Information</p>
			</publicationStmt>
			<sourceDesc>
				<p/>
			</sourceDesc>
		</fileDesc>
		<xenoData>{ "saji:aspectRatioType": [ "D" ], "saji:fond": [ "Tursko 1" ] }</xenoData>
	</teiHeader>
	<facsimile>
		<surface>
			<graphic url="../../../Tursko%201/DSCN1881.JPG"/>
			<zone ulx="66" uly="66" lrx="1958" lry="3050" xml:id="zone_ovq_2pw_cjb"/>
			<zone ulx="2820" uly="2820" lrx="1916" lry="3017" xml:id="zone_xdb_gpw_cjb"/>
			<zone ulx="2881" uly="2881" lrx="1912" lry="3012" xml:id="zone_rfq_gpw_cjb"/>
			<zone ulx="2830" uly="2830" lrx="1555" lry="3024" xml:id="zone_nxr_hpw_cjb"/>
			<zone ulx="2895" uly="2895" lrx="1551" lry="3023" xml:id="zone_njg_3pw_cjb"/>
			<zone ulx="2842" uly="2842" lrx="1183" lry="3024" xml:id="zone_mdc_jpw_cjb"/>
			<zone ulx="2880" uly="2880" lrx="1175" lry="3023" xml:id="zone_yjv_jpw_cjb"/>
			<zone ulx="2828" uly="2828" lrx="864" lry="3012" xml:id="zone_bw3_kpw_cjb"/>
			<zone ulx="2883" uly="2883" lrx="860" lry="3012" xml:id="zone_i4v_kpw_cjb"/>
		</surface>
		<surface>
			<graphic url="../../../Day%204/IMG_0006.JPG"/>
		</surface>
		<surface>
			<graphic url="../../../Day%204/IMG_0007.JPG"/>
		</surface>
	</facsimile>
	<text>
		<body>
			<div1 facs="#zone_ovq_2pw_cjb" type="ʿilmühaber_tapu_senedi">
				<p>
					<lb/>
					... fī					<date cert="unknown" type="created" when="1869-03-29" when-custom="1285--16">16 ... sene 1285</date>
					<lb/>
				</p>
				<div2 facs="#zone_xdb_gpw_cjb" type="sign">
					<p>
						<lb/>
						...
						<lb/>
					</p>
					<div3 facs="#zone_rfq_gpw_cjb" type="stamp">
						<p>
							<lb/>
							...
							<lb/>
						</p>
					</div3>
				</div2>
				<div2 facs="#zone_nxr_hpw_cjb" type="sign">
					<p>
						<lb/>
						...
						<lb/>
					</p>
					<div3 facs="#zone_njg_3pw_cjb" type="stamp">
						<p>
							<lb/>
							...
							<lb/>
						</p>
					</div3>
				</div2>
				<div2 facs="#zone_mdc_jpw_cjb" type="sign">
					<p>
						<lb/>
						...
						<lb/>
					</p>
					<div3 facs="#zone_yjv_jpw_cjb" type="stamp">
						<p>
							<lb/>
							...
							<lb/>
						</p>
					</div3>
				</div2>
				<div2 facs="#zone_bw3_kpw_cjb" type="sign">
					<p>
						<lb/>
						...
						<lb/>
					</p>
					<div3 facs="#zone_i4v_kpw_cjb" type="stamp">
						<p>
							<lb/>
							...
							<lb/>
						</p>
					</div3>
				</div2>
			</div1>
		</body>
	</text>
</TEI>
