<?xml version="1.0" encoding="UTF-8"?>
<?xml-model href="http://www.tei-c.org/release/xml/tei/custom/schema/relaxng/tei_all.rng" type="application/xml" schematypens="http://relaxng.org/ns/structure/1.0"?>
<?xml-model href="http://www.tei-c.org/release/xml/tei/custom/schema/relaxng/tei_all.rng" type="application/xml"
	schematypens="http://purl.oclc.org/dsdl/schematron"?>
<TEI xmlns="http://www.tei-c.org/ns/1.0">
	<teiHeader>
		<fileDesc>
			<titleStmt>
				<title>Tursko3-105</title>
			</titleStmt>
			<publicationStmt>
				<p>Publication Information</p>
			</publicationStmt>
			<sourceDesc>
				<p/>
			</sourceDesc>
		</fileDesc>
		<xenoData>{ "saji:aspectRatioType": [ "D" ], "saji:fond": [ "Tursko 3" ] }</xenoData>
	</teiHeader>
	<facsimile>
		<surface>
			<graphic url="../../../Tursko%203/DSCN9202.JPG"/>
			<zone ulx="120" uly="120" lrx="1850" lry="2900" xml:id="zone_c2q_g4t_klb"/>
			<zone ulx="2154" uly="2154" lrx="1512" lry="2606" xml:id="zone_utt_h4t_klb"/>
		</surface>
		<surface>
			<graphic url="../../../Day%206/IMG_0031.JPG"/>
		</surface>
		<surface>
			<graphic url="../../../Day%206/IMG_0032.JPG"/>
		</surface>
	</facsimile>
	<text>
		<body>
			<div1 facs="#zone_c2q_g4t_klb" type="cizye_senedi">
				<p>
					<lb/>
					...
					<lb/>
				</p>
				<div2 facs="#zone_utt_h4t_klb" type="stamp">
					<p>
						<lb/>
						...
						<lb/>
					</p>
				</div2>
			</div1>
		</body>
	</text>
</TEI>
