<?xml version="1.0" encoding="UTF-8"?>
<?xml-model href="http://www.tei-c.org/release/xml/tei/custom/schema/relaxng/tei_all.rng" type="application/xml" schematypens="http://relaxng.org/ns/structure/1.0"?>
<?xml-model href="http://www.tei-c.org/release/xml/tei/custom/schema/relaxng/tei_all.rng" type="application/xml"
	schematypens="http://purl.oclc.org/dsdl/schematron"?>
<TEI xmlns="http://www.tei-c.org/ns/1.0">
	<teiHeader>
		<fileDesc>
			<titleStmt>
				<title>Tursko1-111</title>
			</titleStmt>
			<publicationStmt>
				<p>Publication Information</p>
			</publicationStmt>
			<sourceDesc>
				<p/>
			</sourceDesc>
		</fileDesc>
		<xenoData>{ "saji:aspectRatioType": [ "C" ], "saji:fond": [ "Tursko 1" ], "saji:memo": [ "典型" ]
          }</xenoData>
	</teiHeader>
	<facsimile>
		<surface>
			<graphic url="../../../Tursko%201/DSCN1793.JPG"/>
			<zone ulx="500" uly="500" lrx="2040" lry="2970" xml:id="zone_ztb_ny3_cjb"/>
		</surface>
		<surface>
			<graphic url="../../../Day%203/IMG_0064.JPG"/>
		</surface>
		<surface>
			<graphic url="../../../Day%203/IMG_0065.JPG"/>
		</surface>
		<surface>
			<graphic url="../../../Tursko%201/DSCN1794.JPG"/>
		</surface>
		<surface>
			<graphic url="../../../Tursko%201/DSCN1795.JPG"/>
			<zone ulx="1609" uly="1609" lrx="1749" lry="1819" xml:id="zone_axd_py3_cjb"/>
			<zone ulx="1628" uly="1628" lrx="1478" lry="1868" xml:id="zone_kyx_py3_cjb"/>
			<zone ulx="1590" uly="1590" lrx="1217" lry="1807" xml:id="zone_cwm_qy3_cjb"/>
			<zone ulx="1545" uly="1545" lrx="982" lry="1782" xml:id="zone_vcg_ry3_cjb"/>
			<zone ulx="1503" uly="1503" lrx="703" lry="1739" xml:id="zone_gpl_sy3_cjb"/>
		</surface>
		<surface>
			<graphic url="../../../Tursko%201/DSCN1796.JPG"/>
			<zone ulx="777" uly="777" lrx="3000" lry="1327" xml:id="zone_skp_ty3_cjb"/>
		</surface>
	</facsimile>
	<text>
		<body>
			<div1 facs="#zone_ztb_ny3_cjb" type="cizye_tezkiresi">
				<p>
					<lb/>
					... fī					<date cert="medium" type="created" when="1852-02-11" when-custom="1268-04-20">20 R sene 68</date>
					<lb/>
				</p>
				<div3 facs="#zone_axd_py3_cjb" type="stamp">
					<p>
						<lb/>
						...
						<lb/>
					</p>
				</div3>
				<div3 facs="#zone_kyx_py3_cjb" type="stamp">
					<p>
						<lb/>
						...
						<lb/>
					</p>
				</div3>
				<div3 facs="#zone_vcg_ry3_cjb" type="stamp">
					<p>
						<lb/>
						...
						<lb/>
					</p>
				</div3>
				<div3 facs="#zone_cwm_qy3_cjb" type="stamp">
					<p>
						<lb/>
						...
						<lb/>
					</p>
				</div3>
				<div3 facs="#zone_gpl_sy3_cjb" type="stamp">
					<p>
						<lb/>
						...
						<lb/>
					</p>
				</div3>
			</div1>
			<div1 facs="#zone_skp_ty3_cjb" type="summary_Croatian">
				<p>
					<lb/>
					...
					<lb/>
				</p>
			</div1>
		</body>
	</text>
</TEI>
