<?xml version="1.0" encoding="UTF-8"?>
<?xml-model href="http://www.tei-c.org/release/xml/tei/custom/schema/relaxng/tei_all.rng" type="application/xml" schematypens="http://relaxng.org/ns/structure/1.0"?>
<?xml-model href="http://www.tei-c.org/release/xml/tei/custom/schema/relaxng/tei_all.rng" type="application/xml"
	schematypens="http://purl.oclc.org/dsdl/schematron"?>
<TEI xmlns="http://www.tei-c.org/ns/1.0">
	<teiHeader>
		<fileDesc>
			<titleStmt>
				<title>Tursko3-004</title>
			</titleStmt>
			<publicationStmt>
				<p>Publication Information</p>
			</publicationStmt>
			<sourceDesc>
				<p/>
			</sourceDesc>
		</fileDesc>
		<xenoData>{ "saji:aspectRatioType": [ "D" ], "saji:fond": [ "Tursko 3" ] }</xenoData>
	</teiHeader>
	<facsimile>
		<surface>
			<graphic url="../../../Tursko%203/DSCN9321.JPG"/>
			<zone ulx="916" uly="916" lrx="2473" lry="1372" xml:id="zone_e2l_mfm_ylb"/>
		</surface>
		<surface>
			<graphic url="../../../Day%205/IMG_0015.JPG"/>
		</surface>
		<surface>
			<graphic url="../../../Day%205/IMG_0016.JPG"/>
		</surface>
		<surface>
			<graphic url="../../../Tursko%203/DSCN9322.JPG"/>
			<zone ulx="250" uly="250" lrx="1833" lry="2883" xml:id="zone_yck_rfm_ylb"/>
		</surface>
	</facsimile>
	<text>
		<body>
			<div1 facs="#zone_yck_rfm_ylb" next="#zone_e2l_mfm_ylb" type="fetvā">
				<p>
					<lb/>
					...
					<lb/>
				</p>
			</div1>
			<div1 facs="#zone_e2l_mfm_ylb" type="summary_Croatian">
				<p>
					<lb/>
					...
					<lb/>
				</p>
			</div1>
		</body>
	</text>
</TEI>
