<?xml version="1.0" encoding="UTF-8"?>
<?xml-model href="http://www.tei-c.org/release/xml/tei/custom/schema/relaxng/tei_all.rng" type="application/xml" schematypens="http://relaxng.org/ns/structure/1.0"?>
<?xml-model href="http://www.tei-c.org/release/xml/tei/custom/schema/relaxng/tei_all.rng" type="application/xml"
	schematypens="http://purl.oclc.org/dsdl/schematron"?>
<TEI xmlns="http://www.tei-c.org/ns/1.0">
	<teiHeader>
		<fileDesc>
			<titleStmt>
				<title>Tursko3-080</title>
			</titleStmt>
			<publicationStmt>
				<p>Publication Information</p>
			</publicationStmt>
			<sourceDesc>
				<p/>
			</sourceDesc>
		</fileDesc>
		<xenoData>{ "saji:aspectRatioType": [ "?" ], "saji:fond": [ "Tursko 3" ], "saji:memo": [ "・この画像は、DSCN9355.JPGとDSCN9357.JPGのどちらの裏面かにわかには判断できない。\r\n・日付から判断できる可能性があるので、要検討。\r\n・サイズは「?」とした。" ]
					}</xenoData>
	</teiHeader>
	<facsimile>
		<surface>
			<graphic url="../../../Tursko%203/DSCN9356.JPG"/>
			<zone ulx="1022" uly="1022" lrx="3006" lry="1394" xml:id="zone_zt1_bbb_zlb"/>
		</surface>
		<surface>
			<graphic url="../../../Day%205/IMG_0182.JPG"/>
		</surface>
		<surface>
			<graphic url="../../../Day%205/IMG_0183.JPG"/>
		</surface>
		<surface>
			<graphic url="../../../Tursko%203/DSCN9357.JPG"/>
			<zone ulx="594" uly="594" lrx="2323" lry="2372" xml:id="zone_x44_dbb_zlb"/>
			<zone ulx="2016" uly="2016" lrx="1240" lry="2346" xml:id="zone_o5k_fbb_zlb"/>
			<zone ulx="1866" uly="1866" lrx="806" lry="2343" xml:id="zone_lbk_hbb_zlb"/>
		</surface>
	</facsimile>
	<text>
		<body>
			<div1 facs="#zone_x44_dbb_zlb" next="#zone_zt1_bbb_zlb" subtype="zabt_temessük" type="EMIN">
				<p>
					<lb/>
					işbu					<date when="1783-11-24" when-custom="1197">bin yüz doksan yedi senesinde</date>
					 der ...
					<lb/>
					...					<date type="created" when="1778-01-27" when-custom="1191">fi'l-tārīhi'l-mezbūr</date>
					 sālih				</p>
				<div2 facs="#zone_o5k_fbb_zlb" type="sign">
					<p>
						<lb/>
						...
						<lb/>
					</p>
				</div2>
				<div2 facs="#zone_lbk_hbb_zlb" type="sign">
					<p>
						<lb/>
						...
						<lb/>
					</p>
				</div2>
			</div1>
			<div1 facs="#zone_zt1_bbb_zlb" type="summary_Serbian">
				<p>
					<lb/>
					...
					<lb/>
				</p>
			</div1>
		</body>
	</text>
</TEI>
