<?xml version="1.0" encoding="UTF-8"?>
<?xml-model href="http://www.tei-c.org/release/xml/tei/custom/schema/relaxng/tei_all.rng" type="application/xml" schematypens="http://relaxng.org/ns/structure/1.0"?>
<?xml-model href="http://www.tei-c.org/release/xml/tei/custom/schema/relaxng/tei_all.rng" type="application/xml"
	schematypens="http://purl.oclc.org/dsdl/schematron"?>
<TEI xmlns="http://www.tei-c.org/ns/1.0">
	<teiHeader>
		<fileDesc>
			<titleStmt>
				<title>Tursko2-004</title>
			</titleStmt>
			<publicationStmt>
				<p>Publication Information</p>
			</publicationStmt>
			<notesStmt>
				<note type="mine">署名：傘型</note>
				<note type="mine">【要】典型：beyāz_üzerine_buyuruldu？</note>
			</notesStmt>
			<sourceDesc>
				<p/>
			</sourceDesc>
		</fileDesc>
		<xenoData>{ "saji:aspectRatioType": [ "B" ], "saji:fond": [ "Tursko 2" ] }</xenoData>
	</teiHeader>
	<facsimile>
		<surface>
			<graphic url="../../../Tursko%202/DSCN8921.JPG"/>
			<zone ulx="121" uly="121" lrx="2121" lry="2742" xml:id="zone_zvz_43z_djb"/>
			<zone ulx="1997" uly="1997" lrx="1406" lry="2724" xml:id="zone_hbg_q3z_djb"/>
			<zone ulx="2393" uly="2393" lrx="973" lry="2510" xml:id="zone_m5v_q3z_djb"/>
		</surface>
		<surface>
			<graphic url="../../../Day%204/IMG_0147.JPG"/>
		</surface>
		<surface>
			<graphic url="../../../Day%204/IMG_0148.JPG"/>
		</surface>
		<surface>
			<graphic url="../../../Day%204/IMG_0149.JPG"/>
		</surface>
		<surface>
			<graphic url="../../../Day%205/IMG_0003.JPG"/>
		</surface>
		<surface>
			<graphic url="../../../Day%206/IMG_0001.JPG"/>
		</surface>
		<surface>
			<graphic url="../../../Tursko%202/DSCN8922.JPG"/>
			<zone ulx="683" uly="683" lrx="3100" lry="1511" xml:id="zone_wbb_s3z_djb"/>
		</surface>
		<surface>
			<graphic url="../../../Tursko%202/DSCN8923.JPG"/>
			<zone ulx="633" uly="633" lrx="3128" lry="1138" xml:id="zone_ubm_t3z_djb"/>
		</surface>
	</facsimile>
	<text>
		<body>
			<div1 cert="low" facs="#zone_zvz_43z_djb" type="beyāz_üzerine_buyuruldu">
				<p>
					<lb/>
					... fī					<lb/>
				</p>
				<div2 facs="#zone_hbg_q3z_djb" type="sign">
					<p>
						<lb/>
						...
						<lb/>
					</p>
					<div3 facs="#zone_m5v_q3z_djb" type="stamp">
						<p>
							<lb/>
							...
							<lb/>
						</p>
					</div3>
				</div2>
			</div1>
			<div1 facs="#zone_wbb_s3z_djb" type="summary_Croatian">
				<p>
					<lb/>
					Datum:					<date type="summary_Croatian" when="1770-10-05" when-custom="1184-06-15">15. džumaziel ahir 1184</date>
					 -					<date type="summary_Croatian" when="1770-10-06">6. oktobar 1770</date>
					<lb/>
				</p>
			</div1>
			<div1 facs="#zone_ubm_t3z_djb" type="summary_Croatian">
				<p>
					<lb/>
					...					<date type="summary_Croatian" when="1771">1771</date>
					<lb/>
				</p>
			</div1>
		</body>
	</text>
</TEI>
