<?xml version="1.0" encoding="UTF-8"?>
<?xml-model href="http://www.tei-c.org/release/xml/tei/custom/schema/relaxng/tei_all.rng" type="application/xml" schematypens="http://relaxng.org/ns/structure/1.0"?>
<?xml-model href="http://www.tei-c.org/release/xml/tei/custom/schema/relaxng/tei_all.rng" type="application/xml"
	schematypens="http://purl.oclc.org/dsdl/schematron"?>
<TEI xmlns="http://www.tei-c.org/ns/1.0">
	<teiHeader>
		<fileDesc>
			<titleStmt>
				<title>Tursko3-199</title>
			</titleStmt>
			<publicationStmt>
				<p>Publication Information</p>
			</publicationStmt>
			<notesStmt>
				<note type="summary"/>
				<note type="mine">mürāsele、かつEMINが作成したものかどうか署名からは判断できなかったので、転写見送り。またmürāseleを集中的に読むときに【要】再読。</note>
			</notesStmt>
			<sourceDesc>
				<p/>
			</sourceDesc>
		</fileDesc>
		<xenoData>{ "saji:aspectRatioType": [ "B" ], "saji:fond": [ "Tursko 3" ] }</xenoData>
	</teiHeader>
	<facsimile>
		<surface>
			<graphic url="../../../Tursko%203/DSCN8980.JPG"/>
			<zone ulx="148" uly="148" lrx="2713" lry="568" xml:id="zone_ztc_5fs_wkb"/>
		</surface>
		<surface>
			<graphic url="../../../Day%207/IMG_0021.JPG"/>
		</surface>
		<surface>
			<graphic url="../../../Day%207/IMG_0022.JPG"/>
		</surface>
		<surface>
			<graphic url="../../../Tursko%203/DSCN8981.JPG"/>
			<zone ulx="223" uly="223" lrx="1808" lry="2723" xml:id="zone_slk_vfs_wkb"/>
			<zone ulx="2454" uly="2454" lrx="788" lry="2704" xml:id="zone_zjt_wfs_wkb"/>
		</surface>
	</facsimile>
	<text>
		<body>
			<div1 facs="#zone_ztc_5fs_wkb" next="#zone_zjt_wfs_wkb" type="mürāsele">
				<p>
					<lb/>
					Hüve
					<lb/>
					Kirşevo varoş karyede(?) vākiʿ kilisa ruhbānları baʿde'l- ... budur(?) ki
					<lb/>
					kilisa-i mezkūre ruhbānlarından
					<lb/>
					<lb/>
					<lb/>
					<lb/>
					<lb/>
					... fī					<date type="created" when="1770-06-10" when-custom="1184-02-16">16 Saferi'l-... sene 1184</date>
					<lb/>
				</p>
				<div2 facs="#zone_slk_vfs_wkb" type="sign">
					<p>
						<lb/>
						...
						<lb/>
					</p>
				</div2>
			</div1>
			<div1 facs="#zone_zjt_wfs_wkb" type="summary_Croatian">
				<p>
					<lb/>
					...					<date type="summary_Croatian" when="1770">1770</date>
					<lb/>
				</p>
			</div1>
		</body>
	</text>
</TEI>
