<?xml version="1.0" encoding="UTF-8"?>
<?xml-model href="http://www.tei-c.org/release/xml/tei/custom/schema/relaxng/tei_all.rng" type="application/xml" schematypens="http://relaxng.org/ns/structure/1.0"?>
<?xml-model href="http://www.tei-c.org/release/xml/tei/custom/schema/relaxng/tei_all.rng" type="application/xml"
	schematypens="http://purl.oclc.org/dsdl/schematron"?>
<TEI xmlns="http://www.tei-c.org/ns/1.0">
	<teiHeader>
		<fileDesc>
			<titleStmt>
				<title>Tursko1-113</title>
			</titleStmt>
			<publicationStmt>
				<p>Publication Information</p>
			</publicationStmt>
			<sourceDesc>
				<p/>
			</sourceDesc>
		</fileDesc>
		<xenoData>{ "saji:aspectRatioType": [ "A" ], "saji:fond": [ "Tursko 1" ], "saji:memo": [
          "典型\r\n・行末が左上りになるのが面白い" ] }</xenoData>
	</teiHeader>
	<facsimile>
		<surface>
			<graphic url="../../../Tursko%201/DSCN1800.JPG"/>
			<zone ulx="309" uly="309" lrx="1609" lry="3090" xml:id="zone_srk_t1j_cjb"/>
			<zone ulx="372" uly="372" lrx="990" lry="852" xml:id="zone_zlc_v1j_cjb"/>
			<zone ulx="742" uly="742" lrx="943" lry="844" xml:id="zone_cjs_v1j_cjb"/>
			<zone ulx="332" uly="332" lrx="1576" lry="783" xml:id="zone_gjf_w1j_cjb"/>
			<zone ulx="665" uly="665" lrx="1486" lry="770" xml:id="zone_anx_w1j_cjb"/>
		</surface>
		<surface>
			<graphic url="../../../Day%203/IMG_0068.JPG"/>
		</surface>
		<surface>
			<graphic url="../../../Day%203/IMG_0069.JPG"/>
		</surface>
		<surface>
			<graphic url="../../../Tursko%201/DSCN1801.JPG"/>
			<zone ulx="177" uly="177" lrx="2912" lry="1816" xml:id="zone_whw_y1j_cjb"/>
			<zone ulx="505" uly="505" lrx="2854" lry="1791" xml:id="zone_ofy_z1j_cjb"/>
			<zone ulx="1295" uly="1295" lrx="2470" lry="1529" xml:id="zone_fcg_bbj_cjb"/>
			<zone ulx="191" uly="191" lrx="1862" lry="1350" xml:id="zone_ugb_cbj_cjb"/>
		</surface>
	</facsimile>
	<text>
		<body>
			<div1 facs="#zone_srk_t1j_cjb" type="hüccet">
				<p>
					<lb/>
					...					<date type="created" when="1777-04-07" when-custom="1191-02-29">
						fİ'l-yevmi'l-tāsiʿ ve ʿaşrīn min Saferi'l-... sene
            ahadā ve tisʿīn
						<lb/>
						<lb/>
						ve mie ve elif
					</date>
					<lb/>
				</p>
				<div2 facs="#zone_zlc_v1j_cjb" type="sign">
					<p>
						<lb/>
						...
						<lb/>
					</p>
					<div3 facs="#zone_cjs_v1j_cjb" type="stamp">
						<p>
							<lb/>
							...
							<lb/>
						</p>
					</div3>
				</div2>
				<div2 facs="#zone_gjf_w1j_cjb" type="sign">
					<p>
						<lb/>
						...
						<lb/>
					</p>
					<div3 facs="#zone_anx_w1j_cjb" type="stamp">
						<p>
							<lb/>
							...
							<lb/>
						</p>
					</div3>
				</div2>
			</div1>
			<div1 cert="low" facs="#zone_whw_y1j_cjb" type="buyuruldu">
				<p>
					<lb/>
					... fī					<date type="created" when="1777-06-22" when-custom="1191-05-17">17 Ca sene 191</date>
					<lb/>
				</p>
				<div2 facs="#zone_ofy_z1j_cjb" type="sign">
					<p>
						<lb/>
						...
						<lb/>
					</p>
					<div3 facs="#zone_fcg_bbj_cjb" type="stamp">
						<p>
							<lb/>
							...
							<lb/>
						</p>
					</div3>
				</div2>
			</div1>
			<div1 facs="#zone_ugb_cbj_cjb" type="summary_Croatian">
				<p>
					<lb/>
					...					<date type="summary_Croatian" when="1777">1777</date>
					 ...
					<lb/>
				</p>
			</div1>
		</body>
	</text>
</TEI>
