<?xml version="1.0" encoding="UTF-8"?>
<?xml-model href="http://www.tei-c.org/release/xml/tei/custom/schema/relaxng/tei_all.rng" type="application/xml" schematypens="http://relaxng.org/ns/structure/1.0"?>
<?xml-model href="http://www.tei-c.org/release/xml/tei/custom/schema/relaxng/tei_all.rng" type="application/xml"
	schematypens="http://purl.oclc.org/dsdl/schematron"?>
<TEI xmlns="http://www.tei-c.org/ns/1.0">
	<teiHeader>
		<fileDesc>
			<titleStmt>
				<title>Tursko2-002</title>
			</titleStmt>
			<publicationStmt>
				<p>Publication Information</p>
			</publicationStmt>
			<notesStmt>
				<note type="mine">差出人：ボスナのカーイムマカーム＝ボスナのワーリーの代理人（not ボスナのサンジャクベイ）※Vilayet nizamnamesi
          (1865?)の後だから</note>
				<note type="mine">署名：傘型</note>
			</notesStmt>
			<sourceDesc>
				<p/>
			</sourceDesc>
		</fileDesc>
		<xenoData>{ "saji:aspectRatioType": [ "B" ], "saji:fond": [ "Tursko 2" ], "saji:memo": [ "典型" ]
          }</xenoData>
	</teiHeader>
	<facsimile>
		<surface>
			<graphic url="../../../Tursko%202/DSCN8917.JPG"/>
			<zone ulx="66" uly="66" lrx="2208" lry="3133" xml:id="zone_e4t_kgz_djb"/>
			<zone ulx="2203" uly="2203" lrx="1257" lry="3054" xml:id="zone_vjf_mgz_djb"/>
		</surface>
		<surface>
			<graphic url="../../../Day%204/IMG_0138.JPG"/>
		</surface>
		<surface>
			<graphic url="../../../Day%204/IMG_0139.JPG"/>
		</surface>
		<surface>
			<graphic url="../../../Day%204/IMG_0140.JPG"/>
		</surface>
		<surface>
			<graphic url="../../../Tursko%202/DSCN8918.JPG"/>
			<zone ulx="716" uly="716" lrx="3245" lry="1461" xml:id="zone_rrp_ngz_djb"/>
		</surface>
	</facsimile>
	<text>
		<body>
			<div1 facs="#zone_e4t_kgz_djb" type="beyāz_üzerine_buyuruldu">
				<p>
					<lb/>
					... fī					<date type="created" when="1785-08-23" when-custom="1199-10-18">18 L 199</date>
					<lb/>
				</p>
				<div2 facs="#zone_vjf_mgz_djb" type="sign">
					<p>
						<lb/>
						...
						<lb/>
					</p>
				</div2>
			</div1>
			<div1 facs="#zone_rrp_ngz_djb" type="summary_Croatian">
				<p>
					<lb/>
					Datum:					<date type="summary_Croatian" when="1785-08-23" when-custom="1199-10-18">18. şevval 1199</date>
					 -					<date type="summary_Croatian" when="1785-08-24">24. avgust 1785.</date>
					<lb/>
				</p>
			</div1>
		</body>
	</text>
</TEI>
