<?xml version="1.0" encoding="UTF-8"?>
<?xml-model href="http://www.tei-c.org/release/xml/tei/custom/schema/relaxng/tei_all.rng" type="application/xml" schematypens="http://relaxng.org/ns/structure/1.0"?>
<?xml-model href="http://www.tei-c.org/release/xml/tei/custom/schema/relaxng/tei_all.rng" type="application/xml"
	schematypens="http://purl.oclc.org/dsdl/schematron"?>
<TEI xmlns="http://www.tei-c.org/ns/1.0">
	<teiHeader>
		<fileDesc>
			<titleStmt>
				<title>Tursko1-019</title>
			</titleStmt>
			<publicationStmt>
				<p>Publication Information</p>
			</publicationStmt>
			<notesStmt>
				<note type="summary">聖職者がいないので馬小屋を建てたい（by 髙松先生）</note>
				<note type="mine">宛先不明、ボスナのワーリー？、中央に行く案件ではないはず</note>
				<note type="mine">作成年の記述無し？</note>
			</notesStmt>
			<sourceDesc>
				<p/>
			</sourceDesc>
		</fileDesc>
		<xenoData>{ "saji:aspectRatioType": [ "B" ], "saji:calligraphy": [ "Rıkʿa" ], "saji:foldingMethod":
          [ "4x1" ], "saji:fond": [ "Tursko 1" ], "saji:huve": [ "1" ], "saji:lang": [ "ota" ],
          "saji:lineage": [ "6" ], "saji:memo": [ "典型" ], "saji:number": [ "247" ],
          "saji:openingPhrase": [ "Ṣultanim\r\nDevletlü ʿināyetlü ..." ],
          "saji:relationWithAnotherItems": [ "表全体像" ], "saji:stamp_c": [ "1" ], "saji:stamp_o": [
          "0" ], "saji:transcription": [ "Ṣultanim\r\nDevletlü ʿināyetlü ..." ], "saji:type": [
          "‘arż-ı ḥāl" ], "saji:witness": [ "0" ] }</xenoData>
	</teiHeader>
	<facsimile>
		<surface>
			<graphic url="../../../Tursko%201/DSCN0927.JPG"/>
			<zone ulx="-7" uly="-7" lrx="1993" lry="2676" xml:id="zone_acy_fxy_y3b"/>
		</surface>
		<surface>
			<graphic url="../../../Day%201/IMG_0147.JPG"/>
		</surface>
		<surface>
			<graphic url="../../../Day%201/IMG_0148.JPG"/>
		</surface>
		<surface>
			<graphic url="../../../Tursko%201/DSCN0928.JPG"/>
		</surface>
		<surface>
			<graphic url="../../../Tursko%201/DSCN0929.JPG"/>
			<zone ulx="888" uly="888" lrx="2978" lry="1322" xml:id="zone_m5w_hxy_y3b"/>
		</surface>
	</facsimile>
	<text>
		<body>
			<div1 facs="#zone_acy_fxy_y3b" type="ʿarz-ı_hāl">
</div1>
			<div1 type="summary_Croatian"/>
		</body>
	</text>
</TEI>
