<?xml version="1.0" encoding="UTF-8"?>
<?xml-model href="http://www.tei-c.org/release/xml/tei/custom/schema/relaxng/tei_all.rng" type="application/xml" schematypens="http://relaxng.org/ns/structure/1.0"?>
<?xml-model href="http://www.tei-c.org/release/xml/tei/custom/schema/relaxng/tei_all.rng" type="application/xml"
	schematypens="http://purl.oclc.org/dsdl/schematron"?>
<TEI xmlns="http://www.tei-c.org/ns/1.0">
	<teiHeader>
		<fileDesc>
			<titleStmt>
				<title>Tursko3-195</title>
			</titleStmt>
			<publicationStmt>
				<p>Publication Information</p>
			</publicationStmt>
			<notesStmt>
				<note type="summary">1187年9月20日(=1773年12月5日)から25日間の借用期限で、ボスニアの3修道院であるクラリェヴァ・スーチェスカ、クレシェヴォ、フォイニツァの修道院長が連名でムスリム有力者から650クルシュを借用したが、期限内に全額返済した暁に借用証書が返却されることを求めた書付。作成者は3修道院長であるが、証人にはモスタルやクラリェヴァ・スーチェスカなど各地のムスリムが名を連ねており、文書上部にもエミンが借金返済の証人になった旨が記されている。また裏面には、クラリェヴァ・スーチェスカとフォイニツァの修道院長がその後支払いを完了させた旨が記されている。</note>
				<note type="translation">書付は以下の通りである；1187年第9月20日から25日間の期限で、チャヴシュ、ケトヒュダー、…、デルヴィーシュ殿から、聖なる債務証書(hüccet-i
					karz)により、1300クルシュの借金・借款を我々(=3修道院長)が求めたので、その半分である650クルシュ（を借り入れ）した。我々が支払うべき借金が、神の御慈悲によって、（借用）期限がやってきて前述の金額がすべて全額支払われた時に、この借用証書(deyn temessük)が返却・破棄されるように。1187年第8月21日。</note>
				<note type="mine">☆様式はEMINとbuyurulduに見えるが、差出人はボスニアの3修道院のガルディヤーンで、derkenarはエミンが作成している。</note>
				<note type="mine">☆裏面には、Kraljeva SutjeskaとFoyniceと思われる地名のガルディヤーンに清算書meblağが手渡された旨が記されている。ボスニア各地のガルディヤーン同士の繋がりが分かって面白いかもしれない。</note>
				<note type="mine">文字に金粉が残っている。重要な文書であったことがうかがわれる。</note>
			</notesStmt>
			<sourceDesc>
				<p/>
			</sourceDesc>
		</fileDesc>
		<xenoData>{ "saji:aspectRatioType": [ "B" ], "saji:fond": [ "Tursko 3" ] }</xenoData>
	</teiHeader>
	<facsimile>
		<surface>
			<graphic url="../../../Tursko%203/DSCN9048.JPG"/>
			<zone ulx="233" uly="233" lrx="2889" lry="1572" xml:id="zone_fpr_gvb_ykb"/>
			<zone ulx="854" uly="854" lrx="3100" lry="1082" xml:id="zone_atd_jvb_ykb"/>
			<zone ulx="591" uly="591" lrx="3139" lry="771" xml:id="zone_hhb_kvb_ykb"/>
			<zone ulx="274" uly="274" lrx="3134" lry="478" xml:id="zone_cgx_kvb_ykb"/>
		</surface>
		<surface>
			<graphic url="../../../Day%207/IMG_0011.JPG"/>
		</surface>
		<surface>
			<graphic url="../../../Day%207/IMG_0012.JPG"/>
		</surface>
		<surface>
			<graphic url="../../../Tursko%203/DSCN9049.JPG"/>
			<zone ulx="109" uly="109" lrx="2373" lry="3172" xml:id="zone_lfr_mvb_ykb"/>
			<zone ulx="2634" uly="2634" lrx="1051" lry="3155" xml:id="zone_bwd_4vb_ykb"/>
			<zone ulx="2573" uly="2573" lrx="671" lry="3160" xml:id="zone_fhv_4vb_ykb"/>
			<zone ulx="2494" uly="2494" lrx="351" lry="3026" xml:id="zone_ph4_pvb_ykb"/>
			<zone ulx="122" uly="122" lrx="1639" lry="1238" xml:id="zone_qd3_rvb_ykb"/>
			<zone ulx="526" uly="526" lrx="899" lry="885" xml:id="zone_ijp_vvb_ykb"/>
		</surface>
	</facsimile>
	<text>
		<body>
			<div1 cert="low" facs="#zone_lfr_mvb_ykb" next="#zone_qd3_rvb_ykb" type="EMIN">
				<p>
					<lb/>
					Hüve
					<lb/>
					Vech-i tahrīr-i hurūf budur ki
					<lb/>
					işbu bin yüz seksen yedi senedinde māh-ı Ramazān şerīfinin yiğirminci gününden
					<lb/>
					yiğirmi beş gün vaʿdesiyle çavuşlar kethüdā ... Dervīş bey'den hüccet karz
					<lb/>
					şerʿiden yalnız bin üç yüz guruş istikrāz ve istidāne eyledik ki nısfı
					<lb/>
					alt yüz elli guruş eder üzerimize vācibü'l-edā ve levāzımü'l-kazā deynimizdir
					<lb/>
					bi-mennihi taʿālā vāʿdemiz hulūlünde meblāğ-ı mezkūri tamāmen ve kâmilen edā olundukta işbu
					<lb/>
					deyn temessük[ü] redd ü şakk oluna fī					<date type="created" when="1773-12-05" when-custom="1187-09-21">21 N sene 187</date>
				</p>
				<div2 facs="#zone_bwd_4vb_ykb" type="sign">
					<p>
						<lb/>
						Bende
						<lb/>
						ʿAURU
						<lb/>
						Gardiyān-ı
						<lb/>
						Sutjeska					</p>
					<div3 facs="#zone_atd_jvb_ykb" type="stamp">
						<p>
							<lb/>
							拇印(?)						</p>
					</div3>
				</div2>
				<div2 facs="#zone_fhv_4vb_ykb" type="sign">
					<p>
						<lb/>
						Bende
						<lb/>
						ORSA
						<lb/>
						Gardiyān-ı
						<lb/>
						Kreşevo					</p>
					<div3 facs="#zone_hhb_kvb_ykb" type="stamp">
						<p>
							<lb/>
							拇印(?)						</p>
					</div3>
				</div2>
				<div2 facs="#zone_ph4_pvb_ykb" type="sign">
					<p>
						<lb/>
						Bende
						<lb/>
						Īvān
						<lb/>
						Gardiyān-ı
						<lb/>
						...
						<lb/>
						Foyniçe					</p>
					<div3 facs="#zone_cgx_kvb_ykb" type="stamp">
						<p>
							<lb/>
							拇印(?)						</p>
					</div3>
				</div2>
				<div2 type="şühūdu'l-hāl">
					<p>
						<lb/>
						Mehmed Ağa Mostarı
						<lb/>
						Mustafa Ağa Sutjeska
						<lb/>
						ʿAlī Ağa tābiʿ CADSUKA KRMRK
						<lb/>
						İsmāʿīl tābiʿ Hasan Ağa					</p>
				</div2>
			</div1>
			<div1 facs="#zone_qd3_rvb_ykb" next="#zone_fpr_gvb_ykb" type="derkenār">
				<p>
					<lb/>
					İşbu derūn-ı temessükde zikr olunan meblāğ edāsına
					<lb/>
					biz dahi(?) kefīl bi'l-māl olduğumuza işbu mahalle kayd olundu				</p>
				<div2 facs="#zone_ijp_vvb_ykb" type="sign">
					<p>
						<lb/>
						...
						<lb/>
						Hasan
						<lb/>
						Emīn-i
						<lb/>
						RADRA
						<lb/>
						M					</p>
				</div2>
			</div1>
			<div1 facs="#zone_fpr_gvb_ykb" type="note">
				<p>
					<lb/>
					Derūn-ı temessüğı olan meblağ ...
					<placeName>
						KRALJEVA(?)
						<lb/>
						Sutleska
					</placeName>
					 ve					<placeName>Foyniçe</placeName>
					 gardiyānān yediyle
					<lb/>
					teslīm olunan beyān olunur
					<lb/>
					Yarnız gurş 933
					<lb/>
					Akçe ... 40				</p>
			</div1>
		</body>
	</text>
</TEI>
