<?xml version="1.0" encoding="UTF-8"?>
<?xml-model href="http://www.tei-c.org/release/xml/tei/custom/schema/relaxng/tei_all.rng" type="application/xml" schematypens="http://relaxng.org/ns/structure/1.0"?>
<?xml-model href="http://www.tei-c.org/release/xml/tei/custom/schema/relaxng/tei_all.rng" type="application/xml"
	schematypens="http://purl.oclc.org/dsdl/schematron"?>
<TEI xmlns="http://www.tei-c.org/ns/1.0">
	<teiHeader>
		<fileDesc>
			<titleStmt>
				<title>Tursko3-012</title>
			</titleStmt>
			<publicationStmt>
				<p>Publication Information</p>
			</publicationStmt>
			<sourceDesc>
				<p/>
			</sourceDesc>
		</fileDesc>
		<xenoData>{ "saji:aspectRatioType": [ "D?" ], "saji:fond": [ "Tursko 3" ], "saji:memo": [
					"・ナンバリング「250」の裏面であることが分かるが、この画像の並びの中には「250」の表面が含まれていない。\r\n・裏面のアスペクト比からサイズ「D」と推定したが、表面を見ないと断定できないので、サイズは「D?」とした。\r\n・しかしながら、ここまでの画像はずっとサイズ「B」もののが連続しているので、これも「B」ではないかとも思われる。" ]
					}</xenoData>
	</teiHeader>
	<facsimile>
		<surface>
			<graphic url="../../../Tursko%203/DSCN9306.JPG"/>
			<zone ulx="794" uly="794" lrx="2823" lry="1416" xml:id="zone_g41_45l_ylb"/>
		</surface>
		<surface>
			<graphic url="../../../Day%205/IMG_0032.JPG"/>
		</surface>
		<surface>
			<graphic url="../../../Day%205/IMG_0033.JPG"/>
		</surface>
	</facsimile>
	<text>
		<body>
			<div1 facs="#zone_g41_45l_ylb" type="summary_Croatian">
				<p>
					<lb/>
					...					<date when="1809">1809</date>
					.
					<lb/>
				</p>
			</div1>
		</body>
	</text>
</TEI>
