<?xml version="1.0" encoding="UTF-8"?>
<?xml-model href="http://www.tei-c.org/release/xml/tei/custom/schema/relaxng/tei_all.rng" type="application/xml" schematypens="http://relaxng.org/ns/structure/1.0"?>
<?xml-model href="http://www.tei-c.org/release/xml/tei/custom/schema/relaxng/tei_all.rng" type="application/xml"
	schematypens="http://purl.oclc.org/dsdl/schematron"?>
<TEI xmlns="http://www.tei-c.org/ns/1.0">
	<teiHeader>
		<fileDesc>
			<titleStmt>
				<title>Tursko2-012</title>
			</titleStmt>
			<publicationStmt>
				<p>Publication Information</p>
			</publicationStmt>
			<sourceDesc>
				<p/>
			</sourceDesc>
		</fileDesc>
		<xenoData>{ "saji:aspectRatioType": [ "C" ], "saji:fond": [ "Tursko 2" ], "saji:memo": [ "典型" ] }</xenoData>
	</teiHeader>
	<facsimile>
		<surface>
			<graphic url="../../../Tursko%202/DSCN8940.JPG"/>
			<zone ulx="17" uly="17" lrx="2691" lry="2467" xml:id="zone_qm3_d31_2jb"/>
		</surface>
		<surface>
			<graphic url="../../../Day%204/IMG_0181.JPG"/>
		</surface>
		<surface>
			<graphic url="../../../Day%204/IMG_0182.JPG"/>
		</surface>
		<surface>
			<graphic url="../../../Day%204/IMG_0183.JPG"/>
		</surface>
		<surface>
			<graphic url="../../../Day%204/IMG_0184.JPG"/>
		</surface>
		<surface>
			<graphic url="../../../Day%204/IMG_0186.JPG"/>
		</surface>
		<surface>
			<graphic url="../../../Tursko%202/DSCN8941.JPG"/>
			<zone ulx="172" uly="172" lrx="2373" lry="1094" xml:id="zone_pry_231_2jb"/>
		</surface>
		<surface>
			<graphic url="../../../Tursko%202/DSCN8942.JPG"/>
			<zone ulx="1516" uly="1516" lrx="800" lry="2033" xml:id="zone_qqj_g31_2jb"/>
		</surface>
		<surface>
			<graphic url="../../../Tursko%202/DSCN8943.JPG"/>
			<zone ulx="827" uly="827" lrx="2978" lry="1583" xml:id="zone_swm_h31_2jb"/>
		</surface>
	</facsimile>
	<text>
		<body>
			<div1 facs="#zone_qm3_d31_2jb" type="fermān">
				<p>
					<lb/>
					...					<date from="1853-03-31" from-custom="1269-06-21" to-custom="1269-06-30" type="created">evāhir şehr Cemaziye'l-āhir sene tisʿ ve sittīn ve mieteyn ve elif</date>
					<lb/>
				</p>
				<div1 facs="#zone_pry_231_2jb" type="tuğra">
					<p>
						<lb/>
						...
						<lb/>
					</p>
				</div1>
				<div2 facs="#zone_qqj_g31_2jb" type="sign">
					<p>
						<lb/>
						...
						<lb/>
					</p>
				</div2>
			</div1>
			<div1 facs="#zone_swm_h31_2jb" type="summary_Croatian">
				<p>
					<lb/>
					Datum:					<date from="1853-03-31" from-custom="1269-06-21" to-custom="1269-06-30" type="summary_Croatian">III dekada džemaziul ahira 1269</date>
					 -					<date from="1853-04-01" to="1853-04-09" type="summary_Croatian">1-9 aprila 1853</date>
					<lb/>
				</p>
			</div1>
		</body>
	</text>
</TEI>
