<?xml version="1.0" encoding="UTF-8"?>
<?xml-model href="http://www.tei-c.org/release/xml/tei/custom/schema/relaxng/tei_all.rng" type="application/xml" schematypens="http://relaxng.org/ns/structure/1.0"?>
<?xml-model href="http://www.tei-c.org/release/xml/tei/custom/schema/relaxng/tei_all.rng" type="application/xml"
	schematypens="http://purl.oclc.org/dsdl/schematron"?>
<TEI xmlns="http://www.tei-c.org/ns/1.0">
	<teiHeader>
		<fileDesc>
			<titleStmt>
				<title>Tursko2-007</title>
			</titleStmt>
			<publicationStmt>
				<p>Publication Information</p>
			</publicationStmt>
			<sourceDesc>
				<p/>
			</sourceDesc>
		</fileDesc>
		<xenoData>{ "saji:aspectRatioType": [ "B" ], "saji:fond": [ "Tursko 2" ] }</xenoData>
	</teiHeader>
	<facsimile>
		<surface>
			<graphic url="../../../Tursko%202/DSCN8928.JPG"/>
			<zone ulx="830" uly="830" lrx="1970" lry="3100" xml:id="zone_xxm_gxz_djb"/>
			<zone ulx="2288" uly="2288" lrx="1341" lry="3093" xml:id="zone_blb_3xz_djb"/>
			<zone ulx="2768" uly="2768" lrx="862" lry="2906" xml:id="zone_nh3_jxz_djb"/>
			<zone ulx="367" uly="367" lrx="2255" lry="704" xml:id="zone_b4d_kxz_djb"/>
		</surface>
		<surface>
			<graphic url="../../../Day%204/IMG_0157.JPG"/>
		</surface>
		<surface>
			<graphic url="../../../Day%204/IMG_0158.JPG"/>
		</surface>
		<surface>
			<graphic url="../../../Day%204/IMG_0159.JPG"/>
		</surface>
	</facsimile>
	<text>
		<body>
			<div1 facs="#zone_xxm_gxz_djb" type="tezkire_dīvānī">
				<p>
					<lb/>
					... fī					<date type="created" when="1797-03-09" when-custom="1211-09-11">11 N sene 1211</date>
					<lb/>
				</p>
				<div2 facs="#zone_blb_3xz_djb" type="sign">
					<p>
						<lb/>
						...
						<lb/>
					</p>
					<div3 facs="#zone_nh3_jxz_djb" type="stamp">
						<p>
							<lb/>
							...
							<lb/>
						</p>
					</div3>
				</div2>
			</div1>
			<div1 facs="#zone_b4d_kxz_djb" type="summary_Croatian">
				<p>
					<lb/>
					Datum:					<date type="summary_Croatian" when="1797-03-09" when-custom="1211-09-11">11 ramazan 1211</date>
					 -					<date type="summary_Croatian" when="1797-03-10">10 mart 1797</date>
					<lb/>
				</p>
			</div1>
		</body>
	</text>
</TEI>
