<?xml version="1.0" encoding="UTF-8"?>
<?xml-model href="http://www.tei-c.org/release/xml/tei/custom/schema/relaxng/tei_all.rng" type="application/xml" schematypens="http://relaxng.org/ns/structure/1.0"?>
<?xml-model href="http://www.tei-c.org/release/xml/tei/custom/schema/relaxng/tei_all.rng" type="application/xml"
	schematypens="http://purl.oclc.org/dsdl/schematron"?>
<TEI xmlns="http://www.tei-c.org/ns/1.0">
	<teiHeader>
		<fileDesc>
			<titleStmt>
				<title>Tursko3-021</title>
			</titleStmt>
			<publicationStmt>
				<p>Publication Information</p>
			</publicationStmt>
			<sourceDesc>
				<p/>
			</sourceDesc>
		</fileDesc>
		<xenoData>{ "saji:aspectRatioType": [ "B" ], "saji:fond": [ "Tursko 3" ] }</xenoData>
	</teiHeader>
	<facsimile>
		<surface>
			<graphic url="../../../Tursko%203/DSCN9329.JPG"/>
			<zone ulx="2333" uly="2333" lrx="2572" lry="2499" xml:id="zone_zn4_qjm_ylb"/>
			<zone ulx="883" uly="883" lrx="2584" lry="1327" xml:id="zone_r5g_sjm_ylb"/>
		</surface>
		<surface>
			<graphic url="../../../Day%205/IMG_0052.JPG"/>
		</surface>
		<surface>
			<graphic url="../../../Day%205/IMG_0053.JPG"/>
		</surface>
		<surface>
			<graphic url="../../../Tursko%203/DSCN9330.JPG"/>
			<zone ulx="227" uly="227" lrx="2200" lry="2545" xml:id="zone_exl_5jm_ylb"/>
			<zone ulx="1757" uly="1757" lrx="448" lry="2066" xml:id="zone_yfq_wjm_ylb"/>
		</surface>
	</facsimile>
	<text>
		<body>
			<div1 facs="#zone_exl_5jm_ylb" next="#zone_r5g_sjm_ylb" type="EMIN">
				<p>
					<lb/>
					işbu					<date when="1833-05-18" when-custom="1248">bin iki yüz krık sekiz senesinde</date>
					 der ...
					<lb/>
					<date type="created" when="1833-05-18" when-custom="1248">sene 248</date>
				</p>
				<div2 facs="#zone_yfq_wjm_ylb" type="sign">
					<p>
						<lb/>
						...
						<lb/>
					</p>
					<div3 facs="#zone_zn4_qjm_ylb" type="stamp_sūret">
						<p>
							<lb/>
							...
							<lb/>
						</p>
					</div3>
				</div2>
				<div2 type="şühūdu’l-hāl">
					<p>
						<lb/>
						...
						<lb/>
					</p>
				</div2>
			</div1>
			<div1 facs="#zone_r5g_sjm_ylb" type="summary_Croatian">
				<p>
					<lb/>
					...					<date type="summary_Croatian" when="1833">1833</date>
					 -					<date type="summary_Croatian" when="1833-05-18" when-custom="1248">1248</date>
					.
					<lb/>
					Nno 8.				</p>
			</div1>
		</body>
	</text>
</TEI>
