<?xml version="1.0" encoding="UTF-8"?>
<?xml-model href="http://www.tei-c.org/release/xml/tei/custom/schema/relaxng/tei_all.rng" type="application/xml" schematypens="http://relaxng.org/ns/structure/1.0"?>
<?xml-model href="http://www.tei-c.org/release/xml/tei/custom/schema/relaxng/tei_all.rng" type="application/xml"
	schematypens="http://purl.oclc.org/dsdl/schematron"?>
<TEI xmlns="http://www.tei-c.org/ns/1.0">
	<teiHeader>
		<fileDesc>
			<titleStmt>
				<title>Tursko1-020</title>
			</titleStmt>
			<publicationStmt>
				<p>Publication Information</p>
			</publicationStmt>
			<notesStmt>
				<note type="mine">マフムート2世期</note>
			</notesStmt>
			<sourceDesc>
				<p/>
			</sourceDesc>
		</fileDesc>
		<xenoData>{ "saji:aspectRatioType": [ "C" ], "saji:calligraphy": [ "プリント" ], "saji:date_H": [
          "1158-N-28" ], "saji:foldingMethod": [ "2x2" ], "saji:fond": [ "Tursko 1" ], "saji:huve":
          [ "0" ], "saji:item": [ "・タイトル\r\n・ページ番号\r\n・本文\r\n・書き込み1\r\n・書き込み2" ], "saji:lang": [
          "ota" ], "saji:memo": [ "典型", "マフムート2世期" ], "saji:number": [ "254" ],
          "saji:relationWithAnotherItems": [ "1枚目(p. 1253) 表全体像" ], "saji:stamp_c": [ "0" ],
          "saji:stamp_o": [ "0" ], "saji:type": [ "taḳvīm-i veḳāyiʿ" ], "saji:witness": [ "0" ]
          }</xenoData>
	</teiHeader>
	<facsimile>
		<surface>
			<graphic url="../../../Tursko%201/DSCN0930.JPG"/>
			<zone ulx="263" uly="263" lrx="2154" lry="2800" xml:id="zone_xtr_c1z_y3b"/>
		</surface>
		<surface>
			<graphic url="../../../Day%201/IMG_0154.JPG"/>
		</surface>
		<surface>
			<graphic url="../../../Day%201/IMG_0164.JPG"/>
		</surface>
		<surface>
			<graphic url="../../../Day%201/IMG_0166.JPG"/>
		</surface>
		<surface>
			<graphic url="../../../Day%201/IMG_0169.JPG"/>
		</surface>
		<surface>
			<graphic url="../../../Tursko%201/DSCN0931.JPG"/>
		</surface>
		<surface>
			<graphic url="../../../Tursko%201/DSCN0932.JPG"/>
		</surface>
		<surface>
			<graphic url="../../../Tursko%201/DSCN0934.JPG"/>
		</surface>
		<surface>
			<graphic url="../../../Tursko%201/DSCN0935.JPG"/>
		</surface>
		<surface>
			<graphic url="../../../Tursko%201/DSCN0936.JPG"/>
		</surface>
		<surface>
			<graphic url="../../../Tursko%201/DSCN0937.JPG"/>
		</surface>
		<surface>
			<graphic url="../../../Tursko%201/DSCN0938.JPG"/>
		</surface>
		<surface>
			<graphic url="../../../Tursko%201/DSCN0939.JPG"/>
		</surface>
		<surface>
			<graphic url="../../../Tursko%201/DSCN0940.JPG"/>
		</surface>
		<surface>
			<graphic url="../../../Tursko%201/DSCN0941.JPG"/>
		</surface>
		<surface>
			<graphic url="../../../Tursko%201/DSCN0942.JPG"/>
		</surface>
	</facsimile>
	<text>
		<body>
			<div1 facs="#zone_xtr_c1z_y3b" type="takvīm-i_vekāyi">
				<l>
					... fī					<date type="created" when="1837-12-25" when-custom="1253-09-28">28 N sene 1253</date>
				</l>
			</div1>
		</body>
	</text>
</TEI>
