<?xml version="1.0" encoding="UTF-8"?>
<?xml-model href="http://www.tei-c.org/release/xml/tei/custom/schema/relaxng/tei_all.rng" type="application/xml" schematypens="http://relaxng.org/ns/structure/1.0"?>
<?xml-model href="http://www.tei-c.org/release/xml/tei/custom/schema/relaxng/tei_all.rng" type="application/xml"
	schematypens="http://purl.oclc.org/dsdl/schematron"?>
<TEI xmlns="http://www.tei-c.org/ns/1.0">
	<teiHeader>
		<fileDesc>
			<titleStmt>
				<title>Tursko3-264</title>
			</titleStmt>
			<publicationStmt>
				<p>Publication Information</p>
			</publicationStmt>
			<sourceDesc>
				<p/>
			</sourceDesc>
		</fileDesc>
		<xenoData>{ "saji:aspectRatioType": [ "B" ], "saji:fond": [ "Tursko 3" ] }</xenoData>
	</teiHeader>
	<facsimile>
		<surface>
			<graphic url="../../../Tursko%203/DSCN0342.JPG"/>
			<zone ulx="73" uly="73" lrx="2246" lry="2040" xml:id="zone_mqw_5sl_kkb"/>
			<zone ulx="1809" uly="1809" lrx="809" lry="2033" xml:id="zone_sgg_wsl_kkb"/>
			<zone ulx="1823" uly="1823" lrx="802" lry="2002" xml:id="zone_c2x_wsl_kkb"/>
		</surface>
		<surface>
			<graphic url="../../../Day%207/IMG_0170.JPG"/>
		</surface>
		<surface>
			<graphic url="../../../Day%207/IMG_0171.JPG"/>
		</surface>
		<surface>
			<graphic url="../../../Tursko%203/DSCN0343.JPG"/>
			<zone ulx="277" uly="277" lrx="2100" lry="1027" xml:id="zone_eh3_ysl_kkb"/>
		</surface>
	</facsimile>
	<text>
		<body>
			<div1 cert="unknown" facs="#zone_mqw_5sl_kkb" type="sened">
				<p>
					<lb/>
					... fī					<date type="created" when="1856-11-03" when-custom="1273-03-06">6 R sene 73</date>
				</p>
				<div2 facs="#zone_sgg_wsl_kkb" type="sign">
					<p>
						<lb/>
						...
					</p>
					<div3 facs="#zone_c2x_wsl_kkb" type="stamp">
						<p>
							<lb/>
							...
						</p>
					</div3>
				</div2>
			</div1>
			<div1 facs="#zone_eh3_ysl_kkb" type="summary_Croatian">
				<p>
					<lb/>
					...					<date type="summry_Croatian" when="1856">1856</date>
					.
				</p>
			</div1>
		</body>
	</text>
</TEI>
