<?xml version="1.0" encoding="UTF-8"?>
<?xml-model href="http://www.tei-c.org/release/xml/tei/custom/schema/relaxng/tei_all.rng" type="application/xml" schematypens="http://relaxng.org/ns/structure/1.0"?>
<?xml-model href="http://www.tei-c.org/release/xml/tei/custom/schema/relaxng/tei_all.rng" type="application/xml"
	schematypens="http://purl.oclc.org/dsdl/schematron"?>
<TEI xmlns="http://www.tei-c.org/ns/1.0">
	<teiHeader>
		<fileDesc>
			<titleStmt>
				<title>Tursko3-160</title>
			</titleStmt>
			<publicationStmt>
				<p>Publication Information</p>
			</publicationStmt>
			<notesStmt>
				<note type="summary">非ムスリムが保有する国有地である夏営地を、修道院長とその他修道士に売却・譲渡することを承認した証書。</note>
				<note type="mine">☆良く読めている。</note>
				<note type="mine">☆すごくはっきりきれいな文字で、文法やスペルにもほとんどミスなく書かれているので、他の文書を読む際に構造・表現・固有名詞の参考になる。</note>
				<note type="mine">☆temessükの様式事例として例示するにも良い。内容が例示にふさわしいかどうかは別途検討。</note>
				<note type="mine">☆たいていの文書は、この原型を崩したり省略したりした形で書いているものと思われる。ずっと文書の作成者がこのアブデュッラー・エミンならいいのに。。</note>
			</notesStmt>
			<sourceDesc>
				<p/>
			</sourceDesc>
		</fileDesc>
		<profileDesc>
			<textClass>
				<classCode scheme="">土地譲渡</classCode>
			</textClass>
		</profileDesc>
		<xenoData>{ "saji:aspectRatioType": [ "B" ], "saji:fond": [ "Tursko 3" ] }</xenoData>
	</teiHeader>
	<facsimile>
		<surface>
			<graphic url="../../../Tursko%203/DSCN9070.JPG"/>
			<zone ulx="190" uly="190" lrx="2282" lry="3027" xml:id="zone_l3f_gxs_flb"/>
			<zone ulx="2709" uly="2709" lrx="547" lry="3011" xml:id="zone_hz2_3xs_flb"/>
		</surface>
		<surface>
			<graphic url="../../../Day%206/IMG_0155.JPG"/>
		</surface>
		<surface>
			<graphic url="../../../Day%206/IMG_0156.JPG"/>
		</surface>
		<surface>
			<graphic url="../../../Tursko%203/DSCN9071.JPG"/>
			<zone ulx="127" uly="127" lrx="2739" lry="611" xml:id="zone_nrq_jxs_flb"/>
		</surface>
	</facsimile>
	<standOff>
		<listPerson>
			<person xml:id="person1">
				<persName>YAKO KRAK'in veled-i GAŞO</persName>
				<occupation>unknown</occupation>
				<occupation key="推定値">農民</occupation>
				<state type="立場">
					<label>売り手</label>
				</state>
				<state type="属性">
					<label>非ムスリム</label>
				</state>
			</person>
			<person xml:id="person2">
				<persName>MİHT</persName>
				<occupation>gardiyān</occupation>
				<state type="立場">
					<label>買い手</label>
				</state>
				<state type="属性">
					<label>非ムスリム</label>
				</state>
			</person>
			<person xml:id="person3">
				<persName>ʿAbdüllāh</persName>
				<occupation>Emīn-i Mukātaʿa-i Kirşevo</occupation>
				<state type="立場">
					<label>作成者</label>
				</state>
				<state type="属性">
					<label>ムスリム</label>
				</state>
			</person>
		</listPerson>
		<listPlace>
			<place type="karye" xml:id="place1">
				<placeName>VAJAVİÇE</placeName>
				<state type="地位">
					<label>arāzī-i mīrīye</label>
				</state>
			</place>
			<place xml:id="place2">
				<state type="立場">
					<label>取引対象</label>
				</state>
				<state type="種類">
					<label>çayır</label>
				</state>
			</place>
			<relation name="包含" active="#place1" passive="#place2">
				<desc>place2はplace1の内部に位置する</desc>
			</relation>
			<relation name="保有" active="#person1" passive="#place2">
				<desc>person1はplace2の保有者である</desc>
			</relation>
			<relation name="保有" active="#person3" passive="#place1">
				<desc>person3はplace1の保有者である</desc>
			</relation>
		</listPlace>
	</standOff>
	<text>
		<body>
			<div1 facs="#zone_l3f_gxs_flb" next="#zone_nrq_jxs_flb" type="EMIN">
				<p>
					<lb/>
					Hüve
					<lb/>
					Vech-i tahrīr-i hurūf budur ki
					<lb/>
					işbu					<date when-custom="1223">bin iki yüz yiğirmi üç senesinin</date>
					 der ʿuhde ve iltizāmımızda bulunan Kirşevo mukātaʿası
					<lb/>
					kurālarından					<placeName corresp="#place1">VAJAVİÇE</placeName>
					 karyesi hudūdunda arāzī-i mīrīye mutasarrıf olan zimmī					<persName corresp="#person1">
						YAKO KRAK'in
						<lb/>
						veled-i GAŞO
					</persName>
					 karye-i merkūmde arāzī-i mezkūri tasarrıfında bulunan bir kıtʿa çayır bir taraf
					<lb/>
					<persName>PUPU</persName>
					 çayırı ve bir taraf					<persName>Peter KRAK</persName>
					'in çayırı ve taraf-ı sālis					<placeName>Kraşova(Kirşevo)</placeName>
					 rāhibleri çayırı
					<lb/>
					ve taraf-ı rābiʿ olmankık					<placeName corresp="#place2">
						<persName>BAVŞ</persName>
						'in çayır
					</placeName>
					 demekle maʿrūf olunan çayırı işbu dārendeyān-ı
					<lb/>
					hurūf gardiyān					<persName corresp="#person2">MİHT</persName>
					 ve sā'ir-i rāhiblere resmiyle					<measure quantity="88" unit="esedī_guruş">seksen sekiz esedī guruş</measure>
					 bedel
					<lb/>
					mukābelesinde beyʿ katʿiyle beyʿ ve hakk-ı tasarrıfīn ferāğat etmekle mesfūrūn dahi ber-minvāl-i
					<lb/>
					muharreru üzere iştirā ve kabūl ve meblağ-ı mezkūri tamāmen edā ve teslīm etmeleriyle zabt içün
					<lb/>
					taraf-ı mīrīyeden istīzān etmeleriyle biz dahi me'mūrimiz hasebiyle beyʿ [ü] şirā'larīn tecvīz
					<lb/>
					ve ferāğ-ı mezkūri tafvīz edüb mā-dām ki taraf-ı mīrīye ʿāid olan ʿöşrīn be-her sene edā ede
					<lb/>
					zabt ve tasarrıflarına izin birle tarafımızdan ve taraf-ı āhardan bir kimesne māniʿ olmaya ve'l-selām
					<lb/>
					hurira fī					<date type="created" when="1808-07-28" when-custom="1223-06-05">5 C sene 1223</date>
				</p>
				<div2 facs="#zone_hz2_3xs_flb" type="sign">
					<p>
						<lb/>
						...
						<lb/>
						<persName corresp="#person3">ʿAbdüllāh</persName>
						 Emīn-i
						<lb/>
						Mukātaʿa-i Kirşevo
						<lb/>
						M					</p>
				</div2>
				<div2 type="şühūdu'l-hāl">
					<p>
						<lb/>
						Şühūdu'l-hāl
						<lb/>
						Sālih ʿAlemdār KUGİÇ
						<lb/>
						Silāhcı Hasan Beşe
						<lb/>
						Dervīş Beşe Mehmed Oğlu
						<lb/>
						Zimmī JAPO ʿAnton
						<lb/>
						Zimmī Andriye TOMİÇ					</p>
				</div2>
			</div1>
			<div1 facs="#zone_nrq_jxs_flb" type="summary_Croatian">
				<p>
					<lb/>
					Die ...					<date type="summary_Croatian" when="1802">1802</date>
					 od ,,,.
					<lb/>
					...
					<lb/>
					,,,
					<lb/>
					,,,				</p>
			</div1>
		</body>
	</text>
</TEI>
