<?xml version="1.0" encoding="UTF-8"?>
<?xml-model href="http://www.tei-c.org/release/xml/tei/custom/schema/relaxng/tei_all.rng" type="application/xml" schematypens="http://relaxng.org/ns/structure/1.0"?>
<?xml-model href="http://www.tei-c.org/release/xml/tei/custom/schema/relaxng/tei_all.rng" type="application/xml"
	schematypens="http://purl.oclc.org/dsdl/schematron"?>
<TEI xmlns="http://www.tei-c.org/ns/1.0">
	<teiHeader>
		<fileDesc>
			<titleStmt>
				<title>Tursko1-160</title>
			</titleStmt>
			<publicationStmt>
				<p>Publication Information</p>
			</publicationStmt>
			<sourceDesc>
				<p/>
			</sourceDesc>
		</fileDesc>
		<xenoData>{
  "saji:aspectRatioType": [
    "C"
  ],
  "saji:fond": [
    "Tursko 1"
  ]
}</xenoData>
	</teiHeader>
	<facsimile>
		<surface>
			<graphic url="../../../Tursko%201/DSCN1895.JPG"/>
		</surface>
		<surface>
			<graphic url="../../../Day%204/IMG_0021.JPG"/>
		</surface>
		<surface>
			<graphic url="../../../Day%204/IMG_0022.JPG"/>
		</surface>
		<surface>
			<graphic url="../../../Day%204/IMG_0023.JPG"/>
		</surface>
		<surface>
			<graphic url="../../../Day%204/IMG_0024.JPG"/>
		</surface>
		<surface>
			<graphic url="../../../Tursko%201/DSCN1896.JPG"/>
		</surface>
		<surface>
			<graphic url="../../../Tursko%201/DSCN1897.JPG"/>
		</surface>
		<surface>
			<graphic url="../../../Tursko%201/DSCN1898.JPG"/>
		</surface>
		<surface>
			<graphic url="../../../Tursko%201/DSCN1899.JPG"/>
		</surface>
	</facsimile>
	<text>
		<body>
			<div1 type="unknown">
				<p>
					<lb/>
					...
					<lb/>
				</p>
			</div1>
		</body>
	</text>
</TEI>
