<?xml version="1.0" encoding="UTF-8"?>
<?xml-model href="http://www.tei-c.org/release/xml/tei/custom/schema/relaxng/tei_all.rng" type="application/xml" schematypens="http://relaxng.org/ns/structure/1.0"?>
<?xml-model href="http://www.tei-c.org/release/xml/tei/custom/schema/relaxng/tei_all.rng" type="application/xml"
	schematypens="http://purl.oclc.org/dsdl/schematron"?>
<TEI xmlns="http://www.tei-c.org/ns/1.0">
	<teiHeader>
		<fileDesc>
			<titleStmt>
				<title>Tursko3-166</title>
			</titleStmt>
			<publicationStmt>
				<p>Publication Information</p>
			</publicationStmt>
			<sourceDesc>
				<p/>
			</sourceDesc>
		</fileDesc>
		<xenoData>{ "saji:aspectRatioType": [ "B" ], "saji:fond": [ "Tursko 3" ] }</xenoData>
	</teiHeader>
	<facsimile>
		<surface>
			<graphic url="../../../Tursko%203/DSCN9081.JPG"/>
			<zone ulx="291" uly="291" lrx="1600" lry="3000" xml:id="zone_kff_5tz_flb"/>
			<zone ulx="2733" uly="2733" lrx="484" lry="2956" xml:id="zone_jgf_xtz_flb"/>
		</surface>
		<surface>
			<graphic url="../../../Day%206/IMG_0168.JPG"/>
		</surface>
		<surface>
			<graphic url="../../../Day%206/IMG_0169.JPG"/>
		</surface>
	</facsimile>
	<text>
		<body>
			<div1 cert="low" facs="#zone_kff_5tz_flb" type="mürāsele">
				<p>
					<lb/>
					...					<date type="created" when="1787-01-18" when-custom="1201-03">Rebi'ü'l-evvel sene 1201</date>
					<lb/>
				</p>
				<div2 facs="#zone_jgf_xtz_flb" type="sign">
					<p>
						<lb/>
						...						<lb/>
					</p>
				</div2>
			</div1>
		</body>
	</text>
</TEI>
