<?xml version="1.0" encoding="UTF-8"?>
<?xml-model href="http://www.tei-c.org/release/xml/tei/custom/schema/relaxng/tei_all.rng" type="application/xml" schematypens="http://relaxng.org/ns/structure/1.0"?>
<?xml-model href="http://www.tei-c.org/release/xml/tei/custom/schema/relaxng/tei_all.rng" type="application/xml"
	schematypens="http://purl.oclc.org/dsdl/schematron"?>
<TEI xmlns="http://www.tei-c.org/ns/1.0">
	<teiHeader>
		<fileDesc>
			<titleStmt>
				<title>Tursko3-172</title>
			</titleStmt>
			<publicationStmt>
				<p>Publication Information</p>
			</publicationStmt>
			<notesStmt>
				<note type="summary">エミンの保有するムカーターからの一定期間の徴税権を、修道院長に請負に出すことを承認した証文。</note>
			</notesStmt>
			<sourceDesc>
				<p/>
			</sourceDesc>
		</fileDesc>
		<xenoData>{ "saji:aspectRatioType": [ "B" ], "saji:fond": [ "Tursko 3" ] }</xenoData>
	</teiHeader>
	<facsimile>
		<surface>
			<graphic url="../../../Tursko%203/DSCN9093.JPG"/>
			<zone ulx="393" uly="393" lrx="2677" lry="596" xml:id="zone_ndx_xb1_glb"/>
		</surface>
		<surface>
			<graphic url="../../../Day%206/IMG_0182.JPG"/>
		</surface>
		<surface>
			<graphic url="../../../Day%206/IMG_0183.JPG"/>
		</surface>
		<surface>
			<graphic url="../../../Tursko%203/DSCN9094.JPG"/>
			<zone ulx="233" uly="233" lrx="1833" lry="2958" xml:id="zone_tfr_zb1_glb"/>
			<zone ulx="2385" uly="2385" lrx="516" lry="2904" xml:id="zone_edz_1c1_glb"/>
		</surface>
	</facsimile>
	<text>
		<body>
			<div1 facs="#zone_tfr_zb1_glb" next="#zone_ndx_xb1_glb" subtype="zabt_temessük" type="EMIN">
				<p>
					<lb/>
					Hüve
					<lb/>
					Vech-i tahrīr-i hurūf budur ki
					<lb/>
					hālā ʿuhde ve iltizāmımızda olunan Kirşevo mukātaʿasının ... hāsıl
					<lb/>
					olunan ʿaşār-ı şerʿisin(?) ve rüsūmü sā'iresi tapunāmeden gayri işbu					<date from="1795-09-14" from-custom="1210-03-01" to-custom="1211-02-30" type="created">
						bin iki yüz on
						senesinin
						<lb/>
						Martı ibtidāsından Şubatı gāyene değin
					</date>
					 zabt ü rabt ve rüsūm ʿaşārī ahz ve kabzına
					<lb/>
					taleb ve rāgib olunan işbu dārende-i temessük Kirşevo kilisanın baş rāhibi zimmī PAİLİYA
					<lb/>
					nām-ı mesfūre bedeli ve iltizām olunub lāzım gelen bedel-i iltizām içün yüz yiğirmi
					<lb/>
					guruş ber-vech-i peşīn tarafımıza bā-tamāmen edā ve teslīm etmekle işbu mesfūr ...
					<lb/>
					yedine zabt temessük virildi tarafımızdan ve taraf-ı āhardan bir kimesne māniʿ olmaya				</p>
				<div2 facs="#zone_edz_1c1_glb" type="sign">
					<p>
						<lb/>
						...
						<lb/>
						Dervīş
						<lb/>
						Mehmed
						<lb/>
						El-me'mūr
						<lb/>
						M					</p>
				</div2>
			</div1>
			<div1 facs="#zone_ndx_xb1_glb" type="summary_Croatian">
				<p>
					<lb/>
					... od ...					<date when="1796">1796</date>
					. ... 120, ... 205.				</p>
			</div1>
		</body>
	</text>
</TEI>
