<?xml version="1.0" encoding="UTF-8"?>
<?xml-model href="http://www.tei-c.org/release/xml/tei/custom/schema/relaxng/tei_all.rng" type="application/xml" schematypens="http://relaxng.org/ns/structure/1.0"?>
<?xml-model href="http://www.tei-c.org/release/xml/tei/custom/schema/relaxng/tei_all.rng" type="application/xml"
	schematypens="http://purl.oclc.org/dsdl/schematron"?>
<TEI xmlns="http://www.tei-c.org/ns/1.0">
	<teiHeader>
		<fileDesc>
			<titleStmt>
				<title>Tursko1-186</title>
			</titleStmt>
			<publicationStmt>
				<p>Publication Information</p>
			</publicationStmt>
			<sourceDesc>
				<p/>
			</sourceDesc>
		</fileDesc>
		<xenoData>{ "saji:aspectRatioType": [ "B" ], "saji:fond": [ "Tursko 1" ] }</xenoData>
	</teiHeader>
	<facsimile>
		<surface>
			<graphic url="../../../Tursko%201/DSCN1930.JPG"/>
			<zone ulx="769" uly="769" lrx="2324" lry="2584" xml:id="zone_yts_1kd_djb"/>
			<zone ulx="2112" uly="2112" lrx="579" lry="2370" xml:id="zone_xj1_hkd_djb"/>
		</surface>
		<surface>
			<graphic url="../../../Day%204/IMG_0089.JPG"/>
		</surface>
		<surface>
			<graphic url="../../../Day%204/IMG_0090.JPG"/>
		</surface>
		<surface>
			<graphic url="../../../Tursko%201/DSCN1931.JPG"/>
			<zone ulx="477" uly="477" lrx="3117" lry="2027" xml:id="zone_bpf_ckd_djb"/>
		</surface>
	</facsimile>
	<text>
		<body>
			<div1 cert="unknown" facs="#zone_yts_1kd_djb" type="EMIN">
				<p>
					<lb/>
					... fī					<date type="created" when="1843-12-22" when-custom="1259-12-01">1 Z sene 259</date>
					<lb/>
				</p>
				<div2 facs="#zone_xj1_hkd_djb" type="sign">
					<p>
						<lb/>
						...
						<lb/>
					</p>
				</div2>
			</div1>
			<div1 facs="#zone_bpf_ckd_djb" type="summary_Croatian">
				<p>
					<lb/>
					...					<date type="summary_Croatian" when="1843">1843</date>
					.
					<lb/>
				</p>
			</div1>
		</body>
	</text>
</TEI>
