<?xml version="1.0" encoding="UTF-8"?>
<?xml-model href="http://www.tei-c.org/release/xml/tei/custom/schema/relaxng/tei_all.rng" type="application/xml" schematypens="http://relaxng.org/ns/structure/1.0"?>
<?xml-model href="http://www.tei-c.org/release/xml/tei/custom/schema/relaxng/tei_all.rng" type="application/xml"
	schematypens="http://purl.oclc.org/dsdl/schematron"?>
<TEI xmlns="http://www.tei-c.org/ns/1.0">
	<teiHeader>
		<fileDesc>
			<titleStmt>
				<title>Tursko1-076</title>
			</titleStmt>
			<publicationStmt>
				<p>Publication Information</p>
			</publicationStmt>
			<sourceDesc>
				<p/>
			</sourceDesc>
		</fileDesc>
		<xenoData>{ "saji:aspectRatioType": [ "C" ], "saji:fond": [ "Tursko 1" ] }</xenoData>
	</teiHeader>
	<facsimile>
		<surface>
			<graphic url="../../../Tursko%201/DSCN1712.JPG"/>
			<zone ulx="190" uly="190" lrx="2117" lry="2858" xml:id="zone_ldt_n22_bjb"/>
		</surface>
		<surface>
			<graphic url="../../../Day%202/IMG_0497.JPG"/>
		</surface>
		<surface>
			<graphic url="../../../Day%202/IMG_0499.JPG"/>
		</surface>
		<surface>
			<graphic url="../../../Day%202/IMG_0500.JPG"/>
		</surface>
		<surface>
			<graphic url="../../../Day%202/IMG_0501.JPG"/>
		</surface>
		<surface>
			<graphic url="../../../Tursko%201/DSCN1713.JPG"/>
		</surface>
		<surface>
			<graphic url="../../../Tursko%201/DSCN1714.JPG"/>
		</surface>
		<surface>
			<graphic url="../../../Tursko%201/DSCN1715.JPG"/>
		</surface>
	</facsimile>
	<text>
		<body>
			<div1 cert="unknown" facs="#zone_ldt_n22_bjb" type="Croatian">
				<p>
					<lb/>
					<lb/>
				</p>
			</div1>
		</body>
	</text>
</TEI>
