<?xml version="1.0" encoding="UTF-8"?>
<?xml-model href="http://www.tei-c.org/release/xml/tei/custom/schema/relaxng/tei_all.rng" type="application/xml" schematypens="http://relaxng.org/ns/structure/1.0"?>
<?xml-model href="http://www.tei-c.org/release/xml/tei/custom/schema/relaxng/tei_all.rng" type="application/xml"
	schematypens="http://purl.oclc.org/dsdl/schematron"?>
<TEI xmlns="http://www.tei-c.org/ns/1.0">
	<teiHeader>
		<fileDesc>
			<titleStmt>
				<title>Tursko1-117</title>
			</titleStmt>
			<publicationStmt>
				<p>Publication Information</p>
			</publicationStmt>
			<notesStmt>
				<note type="mine">【要】日付：月、DSCN1810.JPG, DSCN1816.JPGと同じ書き方をしているが読み取れない。</note>
			</notesStmt>
			<sourceDesc>
				<p/>
			</sourceDesc>
		</fileDesc>
		<xenoData>{ "saji:aspectRatioType": [ "D" ], "saji:fond": [ "Tursko 1" ] }</xenoData>
	</teiHeader>
	<facsimile>
		<surface>
			<graphic url="../../../Tursko%201/DSCN1809.JPG"/>
			<zone ulx="125" uly="125" lrx="1733" lry="3016" xml:id="zone_hdk_sj4_cjb"/>
			<zone ulx="2738" uly="2738" lrx="1645" lry="2941" xml:id="zone_rdl_5j4_cjb"/>
			<zone ulx="2810" uly="2810" lrx="1638" lry="2935" xml:id="zone_djf_vj4_cjb"/>
			<zone ulx="2753" uly="2753" lrx="1323" lry="2946" xml:id="zone_snw_vj4_cjb"/>
			<zone ulx="2813" uly="2813" lrx="1304" lry="2939" xml:id="zone_nfl_wj4_cjb"/>
			<zone ulx="2763" uly="2763" lrx="950" lry="2947" xml:id="zone_sqd_xj4_cjb"/>
			<zone ulx="2808" uly="2808" lrx="939" lry="2945" xml:id="zone_xgc_yj4_cjb"/>
			<zone ulx="2745" uly="2745" lrx="601" lry="2935" xml:id="zone_xns_yj4_cjb"/>
			<zone ulx="2804" uly="2804" lrx="590" lry="2926" xml:id="zone_urg_zj4_cjb"/>
		</surface>
		<surface>
			<graphic url="../../../Day%203/IMG_0076.JPG"/>
		</surface>
		<surface>
			<graphic url="../../../Day%203/IMG_0077.JPG"/>
		</surface>
	</facsimile>
	<text>
		<body>
			<div1 facs="#zone_hdk_sj4_cjb" type="ʿilmühaber_tapu_senedi">
				<p>
					<lb/>
					... fī					<date type="created" when="1864-05-08" when-custom="1280--02">2 ... sene 1280</date>
					<lb/>
				</p>
				<div2 facs="#zone_rdl_5j4_cjb" type="sign">
					<p>
						<lb/>
						...
						<lb/>
					</p>
					<div3 facs="#zone_djf_vj4_cjb" type="stamp">
						<p>
							<lb/>
							...
							<lb/>
						</p>
					</div3>
				</div2>
				<div2 facs="#zone_snw_vj4_cjb" type="sign">
					<p>
						<lb/>
						...
						<lb/>
					</p>
					<div3 facs="#zone_nfl_wj4_cjb" type="stamp">
						<p>
							<lb/>
							...
							<lb/>
						</p>
					</div3>
				</div2>
				<div2 facs="#zone_sqd_xj4_cjb" type="sign">
					<p>
						<lb/>
						...
						<lb/>
					</p>
					<div3 facs="#zone_xgc_yj4_cjb" type="stamp">
						<p>
							<lb/>
							...
							<lb/>
						</p>
					</div3>
				</div2>
				<div2 facs="#zone_xns_yj4_cjb" type="sign">
					<p>
						<lb/>
						...
						<lb/>
					</p>
					<div3 facs="#zone_urg_zj4_cjb" type="stamp">
						<p>
							<lb/>
							...
							<lb/>
						</p>
					</div3>
				</div2>
			</div1>
		</body>
	</text>
</TEI>
