<?xml version="1.0" encoding="UTF-8"?>
<?xml-model href="http://www.tei-c.org/release/xml/tei/custom/schema/relaxng/tei_all.rng" type="application/xml" schematypens="http://relaxng.org/ns/structure/1.0"?>
<?xml-model href="http://www.tei-c.org/release/xml/tei/custom/schema/relaxng/tei_all.rng" type="application/xml"
	schematypens="http://purl.oclc.org/dsdl/schematron"?>
<TEI xmlns="http://www.tei-c.org/ns/1.0">
	<teiHeader>
		<fileDesc>
			<titleStmt>
				<title>Tursko3-091</title>
			</titleStmt>
			<publicationStmt>
				<p>Publication Information</p>
			</publicationStmt>
			<sourceDesc>
				<p/>
			</sourceDesc>
		</fileDesc>
		<xenoData>{ "saji:aspectRatioType": [ "B?" ], "saji:fond": [ "Tursko 3" ], "saji:memo": [ "・おそらくDSCN9368.JPGの裏面であると思われるが、現状断定できてない。\r\n・日付から検討可能？要検討。\r\n・サイズは上記画像の裏面と推定して、暫定的に「B?」とした。" ]
					}</xenoData>
	</teiHeader>
	<facsimile>
		<surface>
			<graphic url="../../../Tursko%203/DSCN9367.JPG"/>
			<zone ulx="1070" uly="1070" lrx="1925" lry="1229" xml:id="zone_ugd_lhg_zlb"/>
		</surface>
		<surface>
			<graphic url="../../../Day%206/IMG_0002.JPG"/>
		</surface>
		<surface>
			<graphic url="../../../Day%206/IMG_0003.JPG"/>
		</surface>
		<surface>
			<graphic url="../../../Tursko%203/DSCN9368.JPG"/>
			<zone ulx="123" uly="123" lrx="1908" lry="2692" xml:id="zone_y2n_mhg_zlb"/>
			<zone ulx="2337" uly="2337" lrx="623" lry="2650" xml:id="zone_r5s_nhg_zlb"/>
		</surface>
	</facsimile>
	<text>
		<body>
			<div1 facs="#zone_y2n_mhg_zlb" next="#zone_ugd_lhg_zlb" subtype="temessük" type="EMIN">
				<p>
					<lb/>
					...					<date type="created" when="1804-04-10" when-custom="1218">sene 1218</date>
					<lb/>
				</p>
				<div2 facs="#zone_r5s_nhg_zlb" type="sign">
					<p>
						<lb/>
						...
						<lb/>
					</p>
				</div2>
			</div1>
			<div1 facs="#zone_ugd_lhg_zlb" type="summary_Croatian">
				<p>
					<lb/>
					...					<date type="summary_Croatian" when="1804">1804</date>
					<lb/>
				</p>
			</div1>
		</body>
	</text>
</TEI>
