<?xml version="1.0" encoding="UTF-8"?>
<?xml-model href="http://www.tei-c.org/release/xml/tei/custom/schema/relaxng/tei_all.rng" type="application/xml" schematypens="http://relaxng.org/ns/structure/1.0"?>
<?xml-model href="http://www.tei-c.org/release/xml/tei/custom/schema/relaxng/tei_all.rng" type="application/xml"
	schematypens="http://purl.oclc.org/dsdl/schematron"?>
<TEI xmlns="http://www.tei-c.org/ns/1.0">
	<teiHeader>
		<fileDesc>
			<titleStmt>
				<title>Tursko1-151</title>
			</titleStmt>
			<publicationStmt>
				<p>Publication Information</p>
			</publicationStmt>
			<notesStmt>
				<note type="mine">【要】典型：EMINなのか？</note>
			</notesStmt>
			<sourceDesc>
				<p/>
			</sourceDesc>
		</fileDesc>
		<xenoData>{ "saji:aspectRatioType": [ "C" ], "saji:fond": [ "Tursko 1" ] }</xenoData>
	</teiHeader>
	<facsimile>
		<surface>
			<graphic url="../../../Tursko%201/DSCN1879.JPG"/>
			<zone ulx="150" uly="150" lrx="2142" lry="2991" xml:id="zone_i3p_bgw_cjb"/>
			<zone ulx="2722" uly="2722" lrx="583" lry="2913" xml:id="zone_qpq_cgw_cjb"/>
		</surface>
		<surface>
			<graphic url="../../../Day%204/IMG_0002.JPG"/>
		</surface>
		<surface>
			<graphic url="../../../Day%204/IMG_0003.JPG"/>
		</surface>
		<surface>
			<graphic url="../../../Tursko%201/DSCN1880.JPG"/>
			<zone ulx="533" uly="533" lrx="2945" lry="1122" xml:id="zone_plt_dgw_cjb"/>
		</surface>
	</facsimile>
	<text>
		<body>
			<div1 cert="unknown" facs="#zone_i3p_bgw_cjb" type="EMIN">
				<p>
					<lb/>
					Hüve
					<lb/>
					<lb/>
					Bāʿis ... hurūf budur ki
					<lb/>
					<lb/>
					madīne-i Saray Bosna kazā ... Foyniçe nāhiyesine tābiʿ varoş Kirşevo'da vākiʿ kinisada mütemekkinlerin rāhiblerinden
					<lb/>
					<lb/>
					YOSB ve Anton ve GORU ve sā'irlere ... beş sene hizmet eyledüğüm ... mezkūre
					<lb/>
					<lb/>
					hizmet mukābelesinde bi-... Müslimīn ... geldi yüz elli guruş ... mesfūrdan rāhiblerden taleb ve ...
					<lb/>
					<lb/>
					eylediğide ... hālā Müslimūn altmış beş guruş
					<lb/>
					<lb/>
					.... eylediğimizde mesfūrdan rāhibler taraflarından sulh mezkūre ve ... olan madīne-i Saray'da
					<lb/>
					<lb/>
					... mahallesi mütemekkinlerinden ... bedel-i sulh olan meblağ-ı mezkūr altmış beş guruş akçe ... ve teslīm
					<lb/>
					<lb/>
					... yedinden beş senenin ... mukābelesinde yedinden ahz ve kabūl ve mesfūrdan YOSB ve ʿAnton ve GORU
					<lb/>
					<lb/>
					ve sā'irlerinin zimmetlerinde bir akçe ve bir habbe ...
					<lb/>
					<lb/>
					<lb/>
					<lb/>
					... fī					<date type="created" when="1786-06-17" when-custom="1200-08-20">20 Şaʿabān sene 1200</date>
					<lb/>
				</p>
				<div2 facs="#zone_qpq_cgw_cjb" type="sign">
					<p>
						<lb/>
						...
						<lb/>
					</p>
				</div2>
			</div1>
			<div1 facs="#zone_plt_dgw_cjb" type="summary_Croatian">
				<p>
					<lb/>
					...
					<lb/>
				</p>
			</div1>
		</body>
	</text>
</TEI>
