<?xml version="1.0" encoding="UTF-8"?>
<?xml-model href="http://www.tei-c.org/release/xml/tei/custom/schema/relaxng/tei_all.rng" type="application/xml" schematypens="http://relaxng.org/ns/structure/1.0"?>
<?xml-model href="http://www.tei-c.org/release/xml/tei/custom/schema/relaxng/tei_all.rng" type="application/xml"
	schematypens="http://purl.oclc.org/dsdl/schematron"?>
<TEI xmlns="http://www.tei-c.org/ns/1.0">
	<teiHeader>
		<fileDesc>
			<titleStmt>
				<title>Tursko1-056</title>
			</titleStmt>
			<publicationStmt>
				<p>Publication Information</p>
			</publicationStmt>
			<notesStmt>
				<note type="mine">イスタンブルの修道院宛のものを、フォイニチェが写した→イスタンブルのカトリック修道院宛の内容を、その他の地域（ex.
          クレシェヴォ）の修道院も複写した？→イスタンブルのカトリック修道院と、クレシェヴォ修道院との関係は？</note>
			</notesStmt>
			<sourceDesc>
				<p/>
			</sourceDesc>
		</fileDesc>
		<xenoData>{ "saji:aspectRatioType": [ "C" ], "saji:date_H": [ "1299-" ], "saji:fond": [ "Tursko 1"
          ]}</xenoData>
	</teiHeader>
	<facsimile>
		<surface>
			<graphic url="../../../Tursko%201/DSCN1060.JPG"/>
			<zone ulx="118" uly="118" lrx="2445" lry="3081" xml:id="zone_ody_mck_1jb"/>
		</surface>
		<surface>
			<graphic url="../../../Day%202/IMG_0391.JPG"/>
		</surface>
		<surface>
			<graphic url="../../../Day%202/IMG_0393.JPG"/>
		</surface>
		<surface>
			<graphic url="../../../Tursko%201/DSCN1061.JPG"/>
		</surface>
		<surface>
			<graphic url="../../../Tursko%201/DSCN1062.JPG"/>
			<zone ulx="975" uly="975" lrx="3025" lry="1110" xml:id="zone_p1w_rck_1jb"/>
		</surface>
		<surface>
			<graphic url="../../../Tursko%201/DSCN1063.JPG"/>
		</surface>
		<surface>
			<graphic url="../../../Tursko%201/DSCN1064.JPG"/>
			<zone ulx="728" uly="728" lrx="2689" lry="1583" xml:id="zone_ddj_tck_1jb"/>
		</surface>
	</facsimile>
	<text>
		<body>
			<div1 facs="#zone_ody_mck_1jb" type="fermān_hatt-ı_hümāyūn_sūret">
				<p>
					<lb/>
					... fī					<date from="1882-07-07" from-custom="1299-08-21" to-custom="1299-08-30" type="created">evāhir şehr Şaʿabānİ'l-muʿazzam sene tisʿ ve
            tisʿīn ve mieteyn ve elif</date>
					<lb/>
				</p>
				<div3 facs="#zone_p1w_rck_1jb" type="stamp">
					<p>
						<lb/>
						...
						<lb/>
					</p>
				</div3>
			</div1>
			<div1 facs="#zone_ddj_tck_1jb" type="summary_Croatian">
				<p>
					<lb/>
					...					<date type="summary_Croatian" when="1853">1853</date>
					 ...
					<lb/>
				</p>
			</div1>
		</body>
	</text>
</TEI>
