<?xml version="1.0" encoding="UTF-8"?>
<?xml-model href="http://www.tei-c.org/release/xml/tei/custom/schema/relaxng/tei_all.rng" type="application/xml" schematypens="http://relaxng.org/ns/structure/1.0"?>
<?xml-model href="http://www.tei-c.org/release/xml/tei/custom/schema/relaxng/tei_all.rng" type="application/xml"
	schematypens="http://purl.oclc.org/dsdl/schematron"?>
<TEI xmlns="http://www.tei-c.org/ns/1.0">
	<teiHeader>
		<fileDesc>
			<titleStmt>
				<title>Tursko1-084</title>
			</titleStmt>
			<publicationStmt>
				<p>Publication Information</p>
			</publicationStmt>
			<notesStmt>
				<note type="mine">【要】日付：日、読めなかった、年、1182？</note>
			</notesStmt>
			<sourceDesc>
				<p/>
			</sourceDesc>
		</fileDesc>
		<xenoData>{ "saji:aspectRatioType": [ "A" ], "saji:fond": [ "Tursko 1" ] }</xenoData>
	</teiHeader>
	<facsimile>
		<surface>
			<graphic url="../../../Tursko%201/DSCN1741.JPG"/>
			<zone ulx="745" uly="745" lrx="1611" lry="3178" xml:id="zone_ckb_h3f_bjb"/>
			<zone ulx="787" uly="787" lrx="1182" lry="1253" xml:id="zone_abz_h3f_bjb"/>
			<zone ulx="1096" uly="1096" lrx="982" lry="1243" xml:id="zone_lsm_33f_bjb"/>
		</surface>
		<surface>
			<graphic url="../../../Day%202/IMG_0529.JPG"/>
		</surface>
		<surface>
			<graphic url="../../../Day%202/IMG_0530.JPG"/>
		</surface>
		<surface>
			<graphic url="../../../Tursko%201/DSCN1742.JPG"/>
			<zone ulx="777" uly="777" lrx="3206" lry="1283" xml:id="zone_qxv_j3f_bjb"/>
		</surface>
	</facsimile>
	<text>
		<body>
			<div1 facs="#zone_ckb_h3f_bjb" type="hüccet">
				<p>
					<lb/>
					...					<date type="created" when="1769-04-05" when-custom="1182-11-">fi'l-yevmi'l-... min Zi'l-kaʿade sene isnā ve semānīn ve mie ve elif</date>
					<lb/>
				</p>
				<div2 facs="#zone_abz_h3f_bjb" type="sign">
					<p>
						<lb/>
						...
						<lb/>
					</p>
					<div3 facs="#zone_lsm_33f_bjb" type="stamp">
						<p>
							<lb/>
							...
							<lb/>
						</p>
					</div3>
				</div2>
			</div1>
			<div1 facs="#zone_qxv_j3f_bjb" type="summary_Serbian">
				<p>
					<lb/>
					...					<date type="summary_Croatian" when="1769-03-13">13 Marty 1769</date>
					<lb/>
				</p>
			</div1>
		</body>
	</text>
</TEI>
