<?xml version="1.0" encoding="UTF-8"?>
<?xml-model href="http://www.tei-c.org/release/xml/tei/custom/schema/relaxng/tei_all.rng" type="application/xml" schematypens="http://relaxng.org/ns/structure/1.0"?>
<?xml-model href="http://www.tei-c.org/release/xml/tei/custom/schema/relaxng/tei_all.rng" type="application/xml"
	schematypens="http://purl.oclc.org/dsdl/schematron"?>
<TEI xmlns="http://www.tei-c.org/ns/1.0">
	<teiHeader>
		<fileDesc>
			<titleStmt>
				<title>Tursko3-146</title>
			</titleStmt>
			<publicationStmt>
				<p>Publication Information</p>
			</publicationStmt>
			<sourceDesc>
				<p/>
			</sourceDesc>
		</fileDesc>
		<xenoData>{ "saji:aspectRatioType": [ "B" ], "saji:fond": [ "Tursko 3" ] }</xenoData>
	</teiHeader>
	<facsimile>
		<surface>
			<graphic url="../../../Tursko%203/DSCN9128.JPG"/>
			<zone ulx="705" uly="705" lrx="2873" lry="1350" xml:id="zone_qrh_k2w_glb"/>
		</surface>
		<surface>
			<graphic url="../../../Day%206/IMG_0124.JPG"/>
		</surface>
		<surface>
			<graphic url="../../../Day%206/IMG_0125.JPG"/>
		</surface>
		<surface>
			<graphic url="../../../Tursko%203/DSCN9129.JPG"/>
			<zone ulx="1290" uly="1290" lrx="2163" lry="3090" xml:id="zone_ixq_l2w_glb"/>
			<zone ulx="2677" uly="2677" lrx="689" lry="2982" xml:id="zone_kyv_m2w_glb"/>
			<zone ulx="2677" uly="2677" lrx="429" lry="2951" xml:id="zone_adm_n2w_glb"/>
		</surface>
	</facsimile>
	<text>
		<body>
			<div1 cert="low" facs="#zone_ixq_l2w_glb" next="#zone_qrh_k2w_glb" subtype="tapu_temessük" type="EMIN">
				<p>
					<lb/>
					...
					<lb/>
				</p>
				<div2 facs="#zone_kyv_m2w_glb" type="sign">
					<p>
						<lb/>
						...
						<lb/>
					</p>
				</div2>
				<div2 facs="#zone_adm_n2w_glb" type="sign">
					<p>
						<lb/>
						...
						<lb/>
					</p>
				</div2>
				<div2 type="şühūdu’l-hāl">
					<p>
						<lb/>
					</p>
				</div2>
			</div1>
			<div1 facs="#zone_qrh_k2w_glb" type="summary_Croatian">
				<p>
					<lb/>
					...
					<lb/>
				</p>
			</div1>
		</body>
	</text>
</TEI>
