<?xml version="1.0" encoding="UTF-8"?>
<?xml-model href="http://www.tei-c.org/release/xml/tei/custom/schema/relaxng/tei_all.rng" type="application/xml" schematypens="http://relaxng.org/ns/structure/1.0"?>
<?xml-model href="http://www.tei-c.org/release/xml/tei/custom/schema/relaxng/tei_all.rng" type="application/xml"
	schematypens="http://purl.oclc.org/dsdl/schematron"?>
<TEI xmlns="http://www.tei-c.org/ns/1.0">
	<teiHeader>
		<fileDesc>
			<titleStmt>
				<title>Tursko3-216</title>
			</titleStmt>
			<publicationStmt>
				<p>Publication Information</p>
			</publicationStmt>
			<notesStmt>
				<note type="summary">クレシェヴォの鉄鉱山のムカーターの、非ムスリムであるアントンに対する譲渡</note>
			</notesStmt>
			<sourceDesc>
				<p/>
			</sourceDesc>
		</fileDesc>
		<xenoData>{ "saji:aspectRatioType": [ "B" ], "saji:fond": [ "Tursko 3" ] }</xenoData>
	</teiHeader>
	<facsimile>
		<surface>
			<graphic url="../../../Tursko%203/DSCN8974.JPG"/>
			<zone ulx="219" uly="219" lrx="1281" lry="431" xml:id="zone_bm4_c3h_skb"/>
			<zone ulx="440" uly="440" lrx="1072" lry="700" xml:id="zone_dxf_d3h_skb"/>
			<zone ulx="164" uly="164" lrx="985" lry="425" xml:id="zone_icc_23h_skb"/>
		</surface>
		<surface>
			<graphic url="../../../Day%207/IMG_0061.JPG"/>
		</surface>
		<surface>
			<graphic url="../../../Day%207/IMG_0062.JPG"/>
		</surface>
		<surface>
			<graphic url="../../../Tursko%203/DSCN8975.JPG"/>
			<zone ulx="645" uly="645" lrx="2409" lry="3109" xml:id="zone_wgc_whh_skb"/>
			<zone ulx="2759" uly="2759" lrx="1151" lry="3083" xml:id="zone_wnx_xhh_skb"/>
			<zone ulx="2693" uly="2693" lrx="844" lry="3085" xml:id="zone_g2q_yhh_skb"/>
			<zone ulx="2438" uly="2438" lrx="610" lry="2963" xml:id="zone_t5t_zhh_skb"/>
		</surface>
	</facsimile>
	<text>
		<body>
			<div1 facs="#zone_wgc_whh_skb" type="EMIN_temessük">
				<p>
					<lb/>
					Vech-i tahrīr-i hurūf oldur ki
					<lb/>
					hālā nefs-ş Kirşevo'da vākiʿ maʿden-i āhen mukātaʿasında mutasarrıf olduğumuz ...
					<lb/>
					işbu dārende-i temessük zimmī ʿAnton veled-i MAYO nām kefereye(?) yüz guruş bedel
					<lb/>
					mukābelesinde ferāğ ve ... tafvīz ve teslīm eyledim mesfūr dahi minvāl-i
					<lb/>
					meşrūh üzere iştirā ve kabūl ve teslīm eylediğinde semen-i mezkūri bi'l-tamām
					<lb/>
					ve'l-kamāl yedime(?) defʿ ve teslīm ben dahi(?) bi'l-... ve sā'ir ... tarafılarından ...
					<lb/>
					yedime(?) ... zikr olunan mukātaʿnın semen-i ...					<lb/>
					... işbu hurūh-ı(?) ketb ... el-temessüğ-ü mesfūr dahi
					<lb/>
					yedine virildi tarafımızdan ve taraf-ı āhardan kilisa ... nām-ı maʿden ... olmaya
					<lb/>
					hürrira fī					<date from="1791-10-28" from-custom="1206-03-01" to-custom="1206-03-11" type="created">evā'il-i şehr-i Rebi'ü'l-evvel sene 1206</date>
				</p>
				<div2 facs="#zone_wnx_xhh_skb" type="sign">
					<p>
						<lb/>
						...
						<lb/>
						Sālih Ağa
						<lb/>
						Kirşevo
						<lb/>
						Emīni
					</p>
					<div3 facs="#zone_bm4_c3h_skb" type="stamp">
						<p>
							<lb/>
							...
							<lb/>
						</p>
					</div3>
				</div2>
				<div2 facs="#zone_g2q_yhh_skb" type="sign">
					<p>
						<lb/>
						...
						<lb/>
						Mustafa Ağa
						<lb/>
						Kirşevo						<lb/>
						Emīn
						<lb/>
						M
					</p>
					<div3 facs="#zone_dxf_d3h_skb" type="stamp">
						<p>
							<lb/>
							...
							<lb/>
						</p>
					</div3>
				</div2>
				<div2 facs="#zone_t5t_zhh_skb" type="sign">
					<p>
						<lb/>
						El-fakīr
						<lb/>
						... Mustafa
						<lb/>
						Emīni'l-hācı Sālih
						<lb/>
						...
						<lb/>
						M
					</p>
					<div3 facs="#zone_icc_23h_skb" type="stamp">
						<p>
							<lb/>
							...
							<lb/>
						</p>
					</div3>
				</div2>
				<div2 type="şühūdu'l-hāl">
					<p>
						<lb/>
						Şühūdu'l-hāl
						<lb/>
						... el-hācı Mustafa Ağa
						<lb/>
						... hācı ...
						<lb/>
						... el-hācı ʿÖmer El-kâtib
					</p>
				</div2>
			</div1>
		</body>
	</text>
</TEI>
