<?xml version="1.0" encoding="UTF-8"?>
<?xml-model href="http://www.tei-c.org/release/xml/tei/custom/schema/relaxng/tei_all.rng" type="application/xml" schematypens="http://relaxng.org/ns/structure/1.0"?>
<?xml-model href="http://www.tei-c.org/release/xml/tei/custom/schema/relaxng/tei_all.rng" type="application/xml"
	schematypens="http://purl.oclc.org/dsdl/schematron"?>
<TEI xmlns="http://www.tei-c.org/ns/1.0">
	<teiHeader>
		<fileDesc>
			<titleStmt>
				<title>Tursko3-242</title>
			</titleStmt>
			<publicationStmt>
				<p>Publication Information</p>
			</publicationStmt>
			<notesStmt>
				<note type="summary">非ムスリムの果樹園の修道院長に対する売却</note>
			</notesStmt>
			<sourceDesc>
				<p/>
			</sourceDesc>
		</fileDesc>
		<xenoData>{ "saji:aspectRatioType": [ "B" ], "saji:fond": [ "Tursko 3" ] }</xenoData>
	</teiHeader>
	<facsimile>
		<surface>
			<graphic url="../../../Tursko%203/DSCN0304.JPG"/>
			<zone ulx="114" uly="114" lrx="2300" lry="2407" xml:id="zone_npj_wwn_2kb"/>
			<zone ulx="2082" uly="2082" lrx="596" lry="2347" xml:id="zone_hsd_ywn_2kb"/>
		</surface>
		<surface>
			<graphic url="../../../Day%207/IMG_0120.JPG"/>
		</surface>
		<surface>
			<graphic url="../../../Day%207/IMG_0121.JPG"/>
		</surface>
		<surface>
			<graphic url="../../../Tursko%203/DSCN0305.JPG"/>
			<zone ulx="777" uly="777" lrx="2545" lry="1344" xml:id="zone_gkg_zwn_2kb"/>
		</surface>
	</facsimile>
	<text>
		<body>
			<div1 facs="#zone_npj_wwn_2kb" type="EMIN_tapu_tezkire">
				<p>
					<lb/>
					Hüve
					<lb/>
					Vech-i tahrīr-i hurūf oldur ki
					<lb/>
					bā-berāt-ı pādişāhiyle ber-vech-i mutasarruf olduğumuz ticāretimiz(?) kurālarından Muslimīn cemāʿat tımārı(?) karyesinde hudūdunda(?) mutasarruf olan
					<lb/>
					zimmī Īvān GAGULA veled-i YUZU nām zimmīnin taht-ı tasarrıfında bulunan bir kıtʿa bağçe demekle bir taraf ANTON KATE
					<lb/>
					bağçesi ve bir taraf rāhib-i gardiyān-ı müşterinin bağçesi ve iki taraf tarīk-i ʿām hudūd ile mahdūd ve muhtāz
					<lb/>
					mesfūrun bağçesi hakk ve ... işbu dārende-i hurūf Kirşevo varoş kilisasının
					<lb/>
					gardiyān nām resm-i tezkire ile dört yüz kırk guruş bedeli ferāğ mukābelesinde beyʿ-i bāt katʿi ...
					<lb/>
					şerʿile beyʿ edüb ol dahi minvāl-i muharrer üzere kabūl biz dahi sāhibi'l-arz bulunduğumuz hasebiyle
					<lb/>
					binā'en ferāğ mesfūrun bağçesi ve ferāgatında müşter-i gardiyāna tafvīz ve zirāʿat izin
					<lb/>
					ve ... virdüm işbu tapu tezkire defʿ ve iʿtā olundu zabt ve tasarrıfuna bir kimesne māniʿ
					<lb/>
					ve müdāhale olunmaya fī					<date when="1849-12-30" when-custom="1266-02-15">15 S sene 1266</date>
				</p>
				<div2 facs="#zone_hsd_ywn_2kb" type="sign">
					<p>
						<lb/>
						El-...
						<lb/>
						El-hācı Mehmed
						<lb/>
						El-me'mūr					</p>
				</div2>
				<div2 type="şühūdu'l-hāl">
					<p>
						<lb/>
						Şühūdu'l-hāl
						<lb/>
						KUBŞ MİRDAN
						<lb/>
						KBCE Īvān
						<lb/>
						MHT MCAR
						<lb/>
						ve gayrihim min'el-hazırīn(?)					</p>
				</div2>
			</div1>
			<div1 facs="#zone_gkg_zwn_2kb" type="summary_Croatian">
				<p>
					<lb/>
					Tapija na Gagulinu Bašeu					<date type="summary_Croatian" when="1849">1849</date>
					.
					<lb/>
					Nno 20.				</p>
			</div1>
		</body>
	</text>
</TEI>
