<?xml version="1.0" encoding="UTF-8"?>
<?xml-model href="http://www.tei-c.org/release/xml/tei/custom/schema/relaxng/tei_all.rng" type="application/xml" schematypens="http://relaxng.org/ns/structure/1.0"?>
<?xml-model href="http://www.tei-c.org/release/xml/tei/custom/schema/relaxng/tei_all.rng" type="application/xml"
	schematypens="http://purl.oclc.org/dsdl/schematron"?>
<TEI xmlns="http://www.tei-c.org/ns/1.0">
	<teiHeader>
		<fileDesc>
			<titleStmt>
				<title>Tursko3-054</title>
			</titleStmt>
			<publicationStmt>
				<p>Publication Information</p>
			</publicationStmt>
			<sourceDesc>
				<p/>
			</sourceDesc>
		</fileDesc>
		<xenoData>{ "saji:aspectRatioType": [ "B" ], "saji:fond": [ "Tursko 3" ] }</xenoData>
	</teiHeader>
	<facsimile>
		<surface>
			<graphic url="../../../Tursko%203/DSCN9247.JPG"/>
			<zone ulx="705" uly="705" lrx="2712" lry="1472" xml:id="zone_qtt_gxg_nlb"/>
		</surface>
		<surface>
			<graphic url="../../../Day%205/IMG_0126.JPG"/>
		</surface>
		<surface>
			<graphic url="../../../Day%205/IMG_0127.JPG"/>
		</surface>
		<surface>
			<graphic url="../../../Tursko%203/DSCN9248.JPG"/>
			<zone ulx="200" uly="200" lrx="2286" lry="2393" xml:id="zone_wsv_3xg_nlb"/>
			<zone ulx="1875" uly="1875" lrx="624" lry="2293" xml:id="zone_dmy_jxg_nlb"/>
		</surface>
	</facsimile>
	<text>
		<body>
			<div1 facs="#zone_wsv_3xg_nlb" next="#zone_qtt_gxg_nlb" subtype="zabt_temessük" type="EMIN">
				<p>
					<lb/>
					işbu					<date type="created" when="1838-03-25" when-custom="1253">bin iki yüz elli uç senesinde</date>
					 der ...
					<lb/>
				</p>
				<div2 facs="#zone_dmy_jxg_nlb" type="sign">
					<p>
						<lb/>
						...
						<lb/>
					</p>
				</div2>
				<div2 type="şühūdu’l-hāl">
					<p>
						<lb/>
						...
						<lb/>
					</p>
				</div2>
			</div1>
			<div1 facs="#zone_qtt_gxg_nlb" type="summary_Croatian">
				<p>
					<lb/>
					...					<date type="summary_Croatian" when="1838">1838</date>
					. -					<date type="summary_Croatian" when="1838-03-25" when-custom="1253">1253</date>
					<lb/>
				</p>
			</div1>
		</body>
	</text>
</TEI>
