<?xml version="1.0" encoding="UTF-8"?>
<?xml-model href="http://www.tei-c.org/release/xml/tei/custom/schema/relaxng/tei_all.rng" type="application/xml" schematypens="http://relaxng.org/ns/structure/1.0"?>
<?xml-model href="http://www.tei-c.org/release/xml/tei/custom/schema/relaxng/tei_all.rng" type="application/xml"
	schematypens="http://purl.oclc.org/dsdl/schematron"?>
<TEI xmlns="http://www.tei-c.org/ns/1.0">
	<teiHeader>
		<fileDesc>
			<titleStmt>
				<title>Tursko1-032</title>
			</titleStmt>
			<publicationStmt>
				<p>Publication Information</p>
			</publicationStmt>
			<sourceDesc>
				<p/>
			</sourceDesc>
		</fileDesc>
		<xenoData>{ "saji:aspectRatioType": [ "A" ], "saji:fond": [ "Tursko 1" ], "saji:memo": [ "典型" ],
          "saji:type": [ "ḳassām deftrei" ] }</xenoData>
	</teiHeader>
	<facsimile>
		<surface>
			<graphic url="../../../Tursko%201/DSCN1009.JPG"/>
			<zone ulx="50" uly="50" lrx="1817" lry="2733" xml:id="zone_eml_jsg_z3b"/>
			<zone ulx="2500" uly="2500" lrx="1418" lry="2690" xml:id="zone_pbs_ksg_z3b"/>
		</surface>
		<surface>
			<graphic url="../../../Day%202/IMG_0236.JPG"/>
		</surface>
		<surface>
			<graphic url="../../../Day%202/IMG_0238.JPG"/>
		</surface>
		<surface>
			<graphic url="../../../Tursko%201/DSCN1010.JPG"/>
			<zone ulx="1283" uly="1283" lrx="1316" lry="1729" xml:id="zone_fp3_msg_z3b"/>
		</surface>
	</facsimile>
	<text>
		<body>
			<div1 facs="#zone_eml_jsg_z3b" type="kassām_defteri">
				<l>
					... fī					<date cert="unknown" type="created" when="1816-01-29" when-custom="1231-02-">... S 231</date>
				</l>
				<div3 facs="#zone_pbs_ksg_z3b" type="stamp"/>
			</div1>
			<div1 type="unknown"/>
		</body>
	</text>
</TEI>
