<?xml version="1.0" encoding="UTF-8"?>
<?xml-model href="http://www.tei-c.org/release/xml/tei/custom/schema/relaxng/tei_all.rng" type="application/xml" schematypens="http://relaxng.org/ns/structure/1.0"?>
<?xml-model href="http://www.tei-c.org/release/xml/tei/custom/schema/relaxng/tei_all.rng" type="application/xml"
	schematypens="http://purl.oclc.org/dsdl/schematron"?>
<TEI xmlns="http://www.tei-c.org/ns/1.0">
	<teiHeader>
		<fileDesc>
			<titleStmt>
				<title>Tursko3-235</title>
			</titleStmt>
			<publicationStmt>
				<p>Publication Information</p>
			</publicationStmt>
			<sourceDesc>
				<p/>
			</sourceDesc>
		</fileDesc>
		<xenoData>{ "saji:aspectRatioType": [ "F" ], "saji:fond": [ "Tursko 3" ] }</xenoData>
	</teiHeader>
	<facsimile>
		<surface>
			<graphic url="../../../Tursko%203/DSCN0400.JPG"/>
			<zone ulx="623" uly="623" lrx="2122" lry="2945" xml:id="zone_en5_jh3_qkb"/>
			<zone ulx="2033" uly="2033" lrx="1233" lry="2933" xml:id="zone_z34_lh3_qkb"/>
			<zone ulx="2433" uly="2433" lrx="1226" lry="2922" xml:id="zone_dv2_mh3_qkb"/>
		</surface>
		<surface>
			<graphic url="../../../Day%207/IMG_0106.JPG"/>
		</surface>
		<surface>
			<graphic url="../../../Day%207/IMG_0107.JPG"/>
		</surface>
	</facsimile>
	<text>
		<body>
			<div1 facs="#zone_en5_jh3_qkb" subtype="cizye_ödeme" type="makbūz">
				<p>
					<lb/>
					... fī					<date cert="low" type="created" when="1842-02-10" when-custom="1257">... sene 57</date>
					<lb/>
				</p>
				<div2 facs="#zone_z34_lh3_qkb" type="sign">
					<p>
						<lb/>
						Bende ... Ahmad
						<lb/>
					</p>
					<div3 facs="#zone_dv2_mh3_qkb" type="stamp">
						<p>
							<lb/>
							<lb/>
						</p>
					</div3>
				</div2>
			</div1>
		</body>
	</text>
</TEI>
