<?xml version="1.0" encoding="UTF-8"?>
<?xml-model href="http://www.tei-c.org/release/xml/tei/custom/schema/relaxng/tei_all.rng" type="application/xml" schematypens="http://relaxng.org/ns/structure/1.0"?>
<?xml-model href="http://www.tei-c.org/release/xml/tei/custom/schema/relaxng/tei_all.rng" type="application/xml"
	schematypens="http://purl.oclc.org/dsdl/schematron"?>
<TEI xmlns="http://www.tei-c.org/ns/1.0">
	<teiHeader>
		<fileDesc>
			<titleStmt>
				<title>Tursko3-076</title>
			</titleStmt>
			<publicationStmt>
				<p>Publication Information</p>
			</publicationStmt>
			<notesStmt>
				<note type="summary">修道院長に対する支払い証書</note>
			</notesStmt>
			<sourceDesc>
				<p/>
			</sourceDesc>
		</fileDesc>
		<xenoData>{ "saji:aspectRatioType": [ "B" ], "saji:fond": [ "Tursko 3" ] }</xenoData>
	</teiHeader>
	<facsimile>
		<surface>
			<graphic url="../../../Tursko%203/DSCN9352.JPG"/>
			<zone ulx="1644" uly="1644" lrx="1622" lry="3138" xml:id="zone_v5c_kw1_zlb"/>
			<zone ulx="2758" uly="2758" lrx="574" lry="3125" xml:id="zone_v43_lw1_zlb"/>
		</surface>
		<surface>
			<graphic url="../../../Day%205/IMG_0172.JPG"/>
		</surface>
		<surface>
			<graphic url="../../../Day%205/IMG_0173.JPG"/>
		</surface>
	</facsimile>
	<text>
		<body>
			<div1 facs="#zone_v5c_kw1_zlb" type="tezkire">
				<p>
					<lb/>
					Vech-i tahrīr-i hurūf oldur ki
					<lb/>
					işbu					<date type="created" when="1774-03-12" when-custom="1187">bin yüz seksen yedi senesinde</date>
					 Kirşevo gardiyāna irsāl eyledüğüm
					<lb/>
					lüzüm ... iki bin iki yüz elli beş ... olmak üzere sekiz yüz elli
					<lb/>
					akçe mukābelesinde lākin Şevvāl on ikinci gününde PARATR KRŞİÇ nām-ı
					<lb/>
					mesfūr yedinde ... lüzümdan(?) akçeyi bi'l-tamām ahz ve kabz eyledüm işbu tezkire
					<lb/>
					tahrīr ve yedine refʿ ve iʿtā eyledüm tarafımızdan kimesne māniʿ olunmaya				</p>
				<div2 facs="#zone_v43_lw1_zlb" type="sign">
					<p>
						<lb/>
						...
						<lb/>
						ʿÖmer ʿAlī(?) Efendī
						<lb/>
						...					</p>
				</div2>
			</div1>
		</body>
	</text>
</TEI>
