<?xml version="1.0" encoding="UTF-8"?>
<?xml-model href="http://www.tei-c.org/release/xml/tei/custom/schema/relaxng/tei_all.rng" type="application/xml" schematypens="http://relaxng.org/ns/structure/1.0"?>
<?xml-model href="http://www.tei-c.org/release/xml/tei/custom/schema/relaxng/tei_all.rng" type="application/xml"
	schematypens="http://purl.oclc.org/dsdl/schematron"?>
<TEI xmlns="http://www.tei-c.org/ns/1.0">
	<teiHeader>
		<fileDesc>
			<titleStmt>
				<title>Tursko1-129</title>
			</titleStmt>
			<publicationStmt>
				<p>Publication Information</p>
			</publicationStmt>
			<notesStmt>
				<note type="mine">【要】日付：全ての日付を作成日としてタグ付けしている、本文を読んで作成日を要確認。</note>
			</notesStmt>
			<sourceDesc>
				<p/>
			</sourceDesc>
		</fileDesc>
		<xenoData>{ "saji:aspectRatioType": [ "C" ], "saji:fond": [ "Tursko 1" ] }</xenoData>
	</teiHeader>
	<facsimile>
		<surface>
			<graphic url="../../../Tursko%201/DSCN1836.JPG"/>
			<zone ulx="370" uly="370" lrx="2188" lry="1758" xml:id="zone_pff_zwp_cjb"/>
			<zone ulx="1448" uly="1448" lrx="880" lry="1592" xml:id="zone_avf_1xp_cjb"/>
		</surface>
		<surface>
			<graphic url="../../../Day%203/IMG_0104.JPG"/>
		</surface>
		<surface>
			<graphic url="../../../Day%203/IMG_0105.JPG"/>
		</surface>
	</facsimile>
	<text>
		<body>
			<div1 cert="low" facs="#zone_pff_zwp_cjb" type="şukka">
				<p>
					<lb/>
					... fī					<date type="created" when="1877-03-03" when-custom="1294-02-18">18 Safer sene 294</date>
					 ve fī					<date cert="unknown" type="created" when="1876-01-16" when-custom="1292--20">20 ... sene 92</date>
					<lb/>
				</p>
				<div3 facs="#zone_avf_1xp_cjb" type="stamp">
					<p>
						<lb/>
						...
						<lb/>
					</p>
				</div3>
			</div1>
		</body>
	</text>
</TEI>
