<?xml version="1.0" encoding="UTF-8"?>
<?xml-model href="http://www.tei-c.org/release/xml/tei/custom/schema/relaxng/tei_all.rng" type="application/xml" schematypens="http://relaxng.org/ns/structure/1.0"?>
<?xml-model href="http://www.tei-c.org/release/xml/tei/custom/schema/relaxng/tei_all.rng" type="application/xml"
	schematypens="http://purl.oclc.org/dsdl/schematron"?>
<TEI xmlns="http://www.tei-c.org/ns/1.0">
	<teiHeader>
		<fileDesc>
			<titleStmt>
				<title>Tursko1-131</title>
			</titleStmt>
			<publicationStmt>
				<p>Publication Information</p>
			</publicationStmt>
			<sourceDesc>
				<p/>
			</sourceDesc>
		</fileDesc>
		<xenoData>{ "saji:aspectRatioType": [ "A" ], "saji:fond": [ "Tursko 1" ] }</xenoData>
	</teiHeader>
	<facsimile>
		<surface>
			<graphic url="../../../Tursko%201/DSCN1839.JPG"/>
			<zone ulx="318" uly="318" lrx="1563" lry="3145" xml:id="zone_up3_c1q_cjb"/>
			<zone ulx="375" uly="375" lrx="1247" lry="876" xml:id="zone_rgt_d1q_cjb"/>
			<zone ulx="750" uly="750" lrx="1079" lry="869" xml:id="zone_j1g_21q_cjb"/>
		</surface>
		<surface>
			<graphic url="../../../Day%203/IMG_0110.JPG"/>
		</surface>
		<surface>
			<graphic url="../../../Day%203/IMG_0111.JPG"/>
		</surface>
		<surface>
			<graphic url="../../../Tursko%201/DSCN1840.JPG"/>
			<zone ulx="1055" uly="1055" lrx="2867" lry="1405" xml:id="zone_o1g_f1q_cjb"/>
		</surface>
	</facsimile>
	<text>
		<body>
			<div1 facs="#zone_up3_c1q_cjb" type="hüccet">
				<p>
					<lb/>
					... fī					<date type="created" when="1775-09-26" when-custom="1189-08-01">gürre-i Şaʿabānı'l-muʿazzam sene tisʿ ve semānīn ve mie ve elif</date>
					<lb/>
				</p>
				<div2 facs="#zone_rgt_d1q_cjb" type="sign">
					<p>
						<lb/>
						...
						<lb/>
					</p>
					<div3 facs="#zone_j1g_21q_cjb" type="stamp">
						<p>
							<lb/>
							...
							<lb/>
						</p>
					</div3>
				</div2>
			</div1>
			<div1 facs="#zone_o1g_f1q_cjb" type="summary_Crotatian">
				<p>
					<lb/>
					...
					<lb/>
				</p>
			</div1>
		</body>
	</text>
</TEI>
