<?xml version="1.0" encoding="UTF-8"?>
<?xml-model href="http://www.tei-c.org/release/xml/tei/custom/schema/relaxng/tei_all.rng" type="application/xml" schematypens="http://relaxng.org/ns/structure/1.0"?>
<?xml-model href="http://www.tei-c.org/release/xml/tei/custom/schema/relaxng/tei_all.rng" type="application/xml"
	schematypens="http://purl.oclc.org/dsdl/schematron"?>
<TEI xmlns="http://www.tei-c.org/ns/1.0">
	<teiHeader>
		<fileDesc>
			<titleStmt>
				<title>Tursko3-256</title>
			</titleStmt>
			<publicationStmt>
				<p>Publication Information</p>
			</publicationStmt>
			<notesStmt>
				<note type="summary">非ムスリムの土地の、修道院長への譲渡？</note>
			</notesStmt>
			<sourceDesc>
				<p/>
			</sourceDesc>
		</fileDesc>
		<xenoData>{ "saji:aspectRatioType": [ "C" ], "saji:fond": [ "Tursko 3" ] }</xenoData>
	</teiHeader>
	<facsimile>
		<surface>
			<graphic url="../../../Tursko%203/DSCN0357.JPG"/>
			<zone ulx="653" uly="653" lrx="2347" lry="2515" xml:id="zone_zxb_g4r_kkb"/>
		</surface>
		<surface>
			<graphic url="../../../Day%207/IMG_0151.JPG"/>
		</surface>
		<surface>
			<graphic url="../../../Day%207/IMG_0152.JPG"/>
		</surface>
		<surface>
			<graphic url="../../../Tursko%203/DSCN0358.JPG"/>
			<zone ulx="1694" uly="1694" lrx="1784" lry="2077" xml:id="zone_fsg_34r_kkb"/>
		</surface>
		<surface>
			<graphic url="../../../Tursko%203/DSCN0359.JPG"/>
			<zone ulx="783" uly="783" lrx="2684" lry="1483" xml:id="zone_tqf_j4r_kkb"/>
		</surface>
	</facsimile>
	<text>
		<body>
			<div1 facs="#zone_zxb_g4r_kkb" type="tapu_sened_sūret">
				<p>
					<lb/>
					ʿAbdülmecid
					<lb/>
					... Tapu senedi
					<lb/>
					Bāʿis ... oldur ki
					<lb/>
					Bosna sancağında Kirşevo tımārı ... Foyniçe kazāsına tābiʿ Müslimīn karyesinde ... mahallesinde BRİCALİ demekle
					<lb/>
					kilisa gardiyānı ... eder tarlaya ... mutasarrıf
					<lb/>
					olan PRANO veled-i İstepān nām zimmī mutasarrıf olduğu tarlası ... ve me'mūr ... Anton veled-i YORU nām zimmīye dört yüz krık
					<lb/>
					guruş bedel mukābelesinde ferāğ ve tafvīz ... dahi tafvīz ve kabūl birle bedel-i merkūm ... ber mūcib-i nizām yüzde beş guruş harc ...
					<lb/>
					cānib-i hazīne-i ... içün me'mūri tarafına ... ve imzā(?) etmiş olduğundan olvechiyle mezkūr tarla-i merkūm(?) tarafından zabt ve irāde(?) olunmak üzere bir kıtʿa
					<lb/>
					sened iʿtā mahalinden bā ... ve inhā ve Defterhāne-i ʿĀmirede mahalline kayd olunmuş olmağla ber-mūcib-i nizām tarla-i mezkūri ...
					<lb/>
					etmek ve sene be-sene aʿşār-ı şerʿiyesini me'mūri tarafına edā eylemek üzere mersūmun zabt ve tasarrıfına izin ve ruhsat virilüb taraf-ı āhardan müdāhale ve ...
					<lb/>
					olunmamak içün işbu sened iʿtā olundu fī					<date cert="unknown" type="created" when="1856-08-30" when-custom="1272">... sene 1272</date>
				</p>
				<div2 facs="#zone_fsg_34r_kkb" type="sign_sūret">
					<p>
						<lb/>
						...
						<lb/>
						<lb/>
						<lb/>
					</p>
				</div2>
			</div1>
			<div1 facs="#zone_tqf_j4r_kkb" type="summary_Croatian">
				<p>
					<lb/>
					...					<date type="summary_Croatian" when="1877">1877</date>
					.
					<lb/>
					Nno 39.
				</p>
			</div1>
		</body>
	</text>
</TEI>
