<?xml version="1.0" encoding="UTF-8"?>
<?xml-model href="http://www.tei-c.org/release/xml/tei/custom/schema/relaxng/tei_all.rng" type="application/xml" schematypens="http://relaxng.org/ns/structure/1.0"?>
<?xml-model href="http://www.tei-c.org/release/xml/tei/custom/schema/relaxng/tei_all.rng" type="application/xml"
	schematypens="http://purl.oclc.org/dsdl/schematron"?>
<TEI xmlns="http://www.tei-c.org/ns/1.0">
	<teiHeader>
		<fileDesc>
			<titleStmt>
				<title>Tursko1-143</title>
			</titleStmt>
			<publicationStmt>
				<p>Publication Information</p>
			</publicationStmt>
			<notesStmt>
				<note type="mine">【要】日付：1208年 or 1209年？クロアチア語要約の西暦と照合させるなど要確認。</note>
			</notesStmt>
			<sourceDesc>
				<p/>
			</sourceDesc>
		</fileDesc>
		<xenoData>{ "saji:aspectRatioType": [ "C" ], "saji:fond": [ "Tursko 1" ] }</xenoData>
	</teiHeader>
	<facsimile>
		<surface>
			<graphic url="../../../Tursko%201/DSCN1860.JPG"/>
			<zone ulx="172" uly="172" lrx="1573" lry="2863" xml:id="zone_hmk_msv_cjb"/>
			<zone ulx="2592" uly="2592" lrx="722" lry="2802" xml:id="zone_phm_nsv_cjb"/>
		</surface>
		<surface>
			<graphic url="../../../Day%203/IMG_0135.JPG"/>
		</surface>
		<surface>
			<graphic url="../../../Day%203/IMG_0136.JPG"/>
		</surface>
		<surface>
			<graphic url="../../../Tursko%201/DSCN1861.JPG"/>
			<zone ulx="838" uly="838" lrx="1750" lry="1322" xml:id="zone_gv3_psv_cjb"/>
		</surface>
	</facsimile>
	<text>
		<body>
			<div1 facs="#zone_hmk_msv_cjb" type="iʿlām">
				<p>
					<lb/>
					... fī					<date cert="medium" type="created" when="1794-10-18" when-custom="1209-03-24">24 Ra sene 1209</date>
					<lb/>
				</p>
				<div2 facs="#zone_phm_nsv_cjb" type="sign">
					<p>
						<lb/>
						...
						<lb/>
					</p>
				</div2>
			</div1>
			<div1 facs="#zone_gv3_psv_cjb" type="summary_Croatian">
				<p>
					<lb/>
					na ...					<date type="summary_Croatian" when="1793">1793</date>
					<lb/>
				</p>
			</div1>
		</body>
	</text>
</TEI>
