<?xml version="1.0" encoding="UTF-8"?>
<?xml-model href="http://www.tei-c.org/release/xml/tei/custom/schema/relaxng/tei_all.rng" type="application/xml" schematypens="http://relaxng.org/ns/structure/1.0"?>
<?xml-model href="http://www.tei-c.org/release/xml/tei/custom/schema/relaxng/tei_all.rng" type="application/xml"
	schematypens="http://purl.oclc.org/dsdl/schematron"?>
<TEI xmlns="http://www.tei-c.org/ns/1.0">
	<teiHeader>
		<fileDesc>
			<titleStmt>
				<title>Tursko3-145</title>
			</titleStmt>
			<publicationStmt>
				<p>Publication Information</p>
			</publicationStmt>
			<sourceDesc>
				<p/>
			</sourceDesc>
		</fileDesc>
		<xenoData>{ "saji:aspectRatioType": [ "B" ], "saji:fond": [ "Tursko 3" ] }</xenoData>
	</teiHeader>
	<facsimile>
		<surface>
			<graphic url="../../../Tursko%203/DSCN9125.JPG"/>
			<zone ulx="600" uly="600" lrx="2662" lry="1305" xml:id="zone_ows_4dw_glb"/>
		</surface>
		<surface>
			<graphic url="../../../Day%206/IMG_0122.JPG"/>
		</surface>
		<surface>
			<graphic url="../../../Day%206/IMG_0123.JPG"/>
		</surface>
		<surface>
			<graphic url="../../../Tursko%203/DSCN9126.JPG"/>
		</surface>
		<surface>
			<graphic url="../../../Tursko%203/DSCN9127.JPG"/>
			<zone ulx="369" uly="369" lrx="2193" lry="3107" xml:id="zone_nyt_qdw_glb"/>
			<zone ulx="2773" uly="2773" lrx="563" lry="3096" xml:id="zone_kmg_sdw_glb"/>
		</surface>
	</facsimile>
	<text>
		<body>
			<div1 cert="medium" facs="#zone_nyt_qdw_glb" next="#zone_ows_4dw_glb" subtype="tapu" type="EMIN">
				<p>
					<lb/>
					... fī					<date type="created" when="1824-06-22" when-custom="1239-10-25">25 L sene 239</date>
					<lb/>
				</p>
				<div2 facs="#zone_kmg_sdw_glb" type="sign">
					<p>
						<lb/>
						...
						<lb/>
					</p>
				</div2>
				<div2 type="şühūdu’l-hāl">
					<p>
						<lb/>
						...
						<lb/>
					</p>
				</div2>
			</div1>
			<div1 facs="#zone_ows_4dw_glb" type="summary_Croatian">
				<p>
					<lb/>
					...					<date type="summary_Croatian" when="1824">1824</date>
					 ...
					<lb/>
				</p>
			</div1>
		</body>
	</text>
</TEI>
