<?xml version="1.0" encoding="UTF-8"?>
<?xml-model href="http://www.tei-c.org/release/xml/tei/custom/schema/relaxng/tei_all.rng" type="application/xml" schematypens="http://relaxng.org/ns/structure/1.0"?>
<?xml-model href="http://www.tei-c.org/release/xml/tei/custom/schema/relaxng/tei_all.rng" type="application/xml"
	schematypens="http://purl.oclc.org/dsdl/schematron"?>
<TEI xmlns="http://www.tei-c.org/ns/1.0">
	<teiHeader>
		<fileDesc>
			<titleStmt>
				<title>Tursko3-031</title>
			</titleStmt>
			<publicationStmt>
				<p>Publication Information</p>
			</publicationStmt>
			<sourceDesc>
				<p/>
			</sourceDesc>
		</fileDesc>
		<xenoData>{ "saji:aspectRatioType": [ "B" ], "saji:fond": [ "Tursko 3" ] }</xenoData>
	</teiHeader>
	<facsimile>
		<surface>
			<graphic url="../../../Tursko%203/DSCN9265.JPG"/>
			<zone ulx="833" uly="833" lrx="2523" lry="1527" xml:id="zone_bqm_bkh_nlb"/>
		</surface>
		<surface>
			<graphic url="../../../Day%205/IMG_0074.JPG"/>
		</surface>
		<surface>
			<graphic url="../../../Day%205/IMG_0075.JPG"/>
		</surface>
		<surface>
			<graphic url="../../../Tursko%203/DSCN9266.JPG"/>
			<zone ulx="226" uly="226" lrx="2206" lry="2386" xml:id="zone_wgk_dkh_nlb"/>
			<zone ulx="1748" uly="1748" lrx="624" lry="2034" xml:id="zone_ms5_2kh_nlb"/>
		</surface>
	</facsimile>
	<text>
		<body>
			<div1 facs="#zone_wgk_dkh_nlb" next="#zone_bqm_bkh_nlb" subtype="tapu_tezkire" type="EMIN">
				<p>
					<lb/>
					işbu					<date type="created" when="1830-06-20" when-custom="1245">bin iki yüz krık beş senesinde</date>
					 der ...
					<lb/>
				</p>
				<div2 facs="#zone_ms5_2kh_nlb" type="sign">
					<p>
						<lb/>
						...
						<lb/>
					</p>
				</div2>
				<div2 type="şühūdu’l-hāl">
					<p>
						<lb/>
						...
						<lb/>
					</p>
				</div2>
			</div1>
			<div1 facs="#zone_bqm_bkh_nlb" type="summary_Croatian">
				<p>
					<lb/>
					...					<date type="summary_Croatian" when="1831">1831</date>
					. -					<date type="summary_Croatian" when="1830-06-20" when-custom="1245">1245</date>
					.
					<lb/>
					Nno 34.				</p>
			</div1>
		</body>
	</text>
</TEI>
