<?xml version="1.0" encoding="UTF-8"?>
<?xml-model href="http://www.tei-c.org/release/xml/tei/custom/schema/relaxng/tei_all.rng" type="application/xml" schematypens="http://relaxng.org/ns/structure/1.0"?>
<?xml-model href="http://www.tei-c.org/release/xml/tei/custom/schema/relaxng/tei_all.rng" type="application/xml"
	schematypens="http://purl.oclc.org/dsdl/schematron"?>
<TEI xmlns="http://www.tei-c.org/ns/1.0">
	<teiHeader>
		<fileDesc>
			<titleStmt>
				<title>Tursko3-065</title>
			</titleStmt>
			<publicationStmt>
				<p>Publication Information</p>
			</publicationStmt>
			<sourceDesc>
				<p/>
			</sourceDesc>
		</fileDesc>
		<xenoData>{ "saji:aspectRatioType": [ "B" ], "saji:fond": [ "Tursko 3" ] }</xenoData>
	</teiHeader>
	<facsimile>
		<surface>
			<graphic url="../../../Tursko%203/DSCN9223.JPG"/>
			<zone ulx="750" uly="750" lrx="2445" lry="1527" xml:id="zone_znm_wjs_mlb"/>
		</surface>
		<surface>
			<graphic url="../../../Day%205/IMG_0149.JPG"/>
		</surface>
		<surface>
			<graphic url="../../../Day%205/IMG_0150.JPG"/>
		</surface>
		<surface>
			<graphic url="../../../Tursko%203/DSCN9224.JPG"/>
			<zone ulx="105" uly="105" lrx="2639" lry="2027" xml:id="zone_grq_xjs_mlb"/>
			<zone ulx="1463" uly="1463" lrx="1236" lry="1878" xml:id="zone_ezd_zjs_mlb"/>
		</surface>
	</facsimile>
	<text>
		<body>
			<div1 facs="#zone_grq_xjs_mlb" next="#zone_znm_wjs_mlb" subtype="zabt_temessük" type="EMIN">
				<p>
					<lb/>
					... fī					<date type="created" when="1839-02-03" when-custom="1254-11-20">20 Za sene 254</date>
					<lb/>
				</p>
				<div2 facs="#zone_ezd_zjs_mlb" type="sign">
					<p>
						<lb/>
						...
						<lb/>
					</p>
				</div2>
				<div2 type="şühūdu’l-hāl">
					<p>
						<lb/>
						...
						<lb/>
					</p>
				</div2>
			</div1>
			<div1 facs="#zone_znm_wjs_mlb" type="summary_Croatian">
				<p>
					<lb/>
					...					<date type="summary_Croatian" when="1839-03-14" when-custom="1254">1254</date>
					.
					<lb/>
				</p>
			</div1>
		</body>
	</text>
</TEI>
