<?xml version="1.0" encoding="UTF-8"?>
<?xml-model href="http://www.tei-c.org/release/xml/tei/custom/schema/relaxng/tei_all.rng" type="application/xml" schematypens="http://relaxng.org/ns/structure/1.0"?>
<?xml-model href="http://www.tei-c.org/release/xml/tei/custom/schema/relaxng/tei_all.rng" type="application/xml"
	schematypens="http://purl.oclc.org/dsdl/schematron"?>
<TEI xmlns="http://www.tei-c.org/ns/1.0">
	<teiHeader>
		<fileDesc>
			<titleStmt>
				<title>Tursko3-098</title>
			</titleStmt>
			<publicationStmt>
				<p>Publication Information</p>
			</publicationStmt>
			<sourceDesc>
				<p/>
			</sourceDesc>
		</fileDesc>
		<xenoData>{ "saji:aspectRatioType": [ "B" ], "saji:fond": [ "Tursko 3" ] }</xenoData>
	</teiHeader>
	<facsimile>
		<surface>
			<graphic url="../../../Tursko%203/DSCN9217.JPG"/>
			<zone ulx="972" uly="972" lrx="2128" lry="1205" xml:id="zone_mzm_cvt_klb"/>
		</surface>
		<surface>
			<graphic url="../../../Day%206/IMG_0017.JPG"/>
		</surface>
		<surface>
			<graphic url="../../../Day%206/IMG_0018.JPG"/>
		</surface>
		<surface>
			<graphic url="../../../Tursko%203/DSCN9218.JPG"/>
			<zone ulx="250" uly="250" lrx="1867" lry="2716" xml:id="zone_wl2_2vt_klb"/>
			<zone ulx="2225" uly="2225" lrx="746" lry="2667" xml:id="zone_rqt_fvt_klb"/>
		</surface>
	</facsimile>
	<text>
		<body>
			<div1 facs="#zone_wl2_2vt_klb" next="#zone_mzm_cvt_klb" subtype="temessük" type="EMIN">
				<p>
					<lb/>
					işbu					<date type="created" when="1831-06-09" when-custom="1246">bin iki yüz krık altı senesinde</date>
					 der ...
					<lb/>
				</p>
				<div2 facs="#zone_rqt_fvt_klb" type="sign">
					<p>
						<lb/>
						...
						<lb/>
					</p>
				</div2>
				<div2 type="şühūdu’l-hāl">
					<p>
						<lb/>
						...
						<lb/>
					</p>
				</div2>
			</div1>
			<div1 facs="#zone_mzm_cvt_klb" type="summary_Croatian">
				<p>
					<lb/>
					...					<date type="summary_Croatian" when="1831">1831</date>
					 ...
					<lb/>
				</p>
			</div1>
		</body>
	</text>
</TEI>
