<?xml version="1.0" encoding="UTF-8"?>
<?xml-model href="http://www.tei-c.org/release/xml/tei/custom/schema/relaxng/tei_all.rng" type="application/xml" schematypens="http://relaxng.org/ns/structure/1.0"?>
<?xml-model href="http://www.tei-c.org/release/xml/tei/custom/schema/relaxng/tei_all.rng" type="application/xml"
	schematypens="http://purl.oclc.org/dsdl/schematron"?>
<TEI xmlns="http://www.tei-c.org/ns/1.0">
	<teiHeader>
		<fileDesc>
			<titleStmt>
				<title>Tursko1-086</title>
			</titleStmt>
			<publicationStmt>
				<p>Publication Information</p>
			</publicationStmt>
			<sourceDesc>
				<p/>
			</sourceDesc>
		</fileDesc>
		<xenoData>{ "saji:aspectRatioType": [ "C" ], "saji:fond": [ "Tursko 1" ] }</xenoData>
	</teiHeader>
	<facsimile>
		<surface>
			<graphic url="../../../Tursko%201/DSCN1746.JPG"/>
			<zone ulx="2235" uly="2235" lrx="2250" lry="3014" xml:id="zone_ld5_1fh_cjb"/>
			<zone ulx="2724" uly="2724" lrx="315" lry="2897" xml:id="zone_qlk_kfh_cjb"/>
		</surface>
		<surface>
			<graphic url="../../../Day%203/IMG_0003.JPG"/>
		</surface>
		<surface>
			<graphic url="../../../Day%203/IMG_0004.JPG"/>
		</surface>
		<surface>
			<graphic url="../../../Tursko%201/DSCN1747.JPG"/>
		</surface>
		<surface>
			<graphic url="../../../Tursko%201/DSCN1748.JPG"/>
			<zone ulx="838" uly="838" lrx="2573" lry="1327" xml:id="zone_vxk_cfh_cjb"/>
		</surface>
	</facsimile>
	<text>
		<body>
			<div1 facs="#zone_ld5_1fh_cjb" type="iʿlām">
				<p>
					<lb/>
					... fī					<date type="created" when="1803-04-26" when-custom="1218-01-05">5 el-yevm M sene 1218</date>
					<lb/>
				</p>
				<div2 facs="#zone_qlk_kfh_cjb" type="sign">
					<p>
						<lb/>
						...
						<lb/>
					</p>
				</div2>
			</div1>
			<div1 facs="#zone_vxk_cfh_cjb" type="summary_Croatian">
				<p>
					<lb/>
					...
					<lb/>
				</p>
			</div1>
		</body>
	</text>
</TEI>
