<?xml version="1.0" encoding="UTF-8"?>
<?xml-model href="http://www.tei-c.org/release/xml/tei/custom/schema/relaxng/tei_all.rng" type="application/xml" schematypens="http://relaxng.org/ns/structure/1.0"?>
<?xml-model href="http://www.tei-c.org/release/xml/tei/custom/schema/relaxng/tei_all.rng" type="application/xml"
	schematypens="http://purl.oclc.org/dsdl/schematron"?>
<TEI xmlns="http://www.tei-c.org/ns/1.0">
	<teiHeader>
		<fileDesc>
			<titleStmt>
				<title>Tursko1-136</title>
			</titleStmt>
			<publicationStmt>
				<p>Publication Information</p>
			</publicationStmt>
			<sourceDesc>
				<p/>
			</sourceDesc>
		</fileDesc>
		<xenoData>{ "saji:aspectRatioType": [ "C" ], "saji:fond": [ "Tursko 1" ] }</xenoData>
	</teiHeader>
	<facsimile>
		<surface>
			<graphic url="../../../Tursko%201/DSCN1848.JPG"/>
			<zone ulx="1463" uly="1463" lrx="2074" lry="2800" xml:id="zone_rzn_5hq_cjb"/>
			<zone ulx="2373" uly="2373" lrx="570" lry="2781" xml:id="zone_h1r_vhq_cjb"/>
		</surface>
		<surface>
			<graphic url="../../../Day%203/IMG_0120.JPG"/>
		</surface>
		<surface>
			<graphic url="../../../Day%203/IMG_0121.JPG"/>
		</surface>
	</facsimile>
	<text>
		<body>
			<div1 facs="#zone_rzn_5hq_cjb" type="ʿarz-ı_hāl">
				<p>
					<lb/>
					...
					<lb/>
				</p>
				<div2 facs="#zone_h1r_vhq_cjb" type="sign">
					<p>
						<lb/>
						...
						<lb/>
					</p>
				</div2>
			</div1>
		</body>
	</text>
</TEI>
