<?xml version="1.0" encoding="UTF-8"?>
<?xml-model href="http://www.tei-c.org/release/xml/tei/custom/schema/relaxng/tei_all.rng" type="application/xml" schematypens="http://relaxng.org/ns/structure/1.0"?>
<?xml-model href="http://www.tei-c.org/release/xml/tei/custom/schema/relaxng/tei_all.rng" type="application/xml"
	schematypens="http://purl.oclc.org/dsdl/schematron"?>
<TEI xmlns="http://www.tei-c.org/ns/1.0">
	<teiHeader>
		<fileDesc>
			<titleStmt>
				<title>Tursko1-163</title>
			</titleStmt>
			<publicationStmt>
				<p>Publication Information</p>
			</publicationStmt>
			<sourceDesc>
				<p/>
			</sourceDesc>
		</fileDesc>
		<xenoData>{ "saji:aspectRatioType": [ "C" ], "saji:fond": [ "Tursko 1" ] }</xenoData>
	</teiHeader>
	<facsimile>
		<surface>
			<graphic url="../../../Tursko%201/DSCN1906.JPG"/>
			<zone ulx="200" uly="200" lrx="1625" lry="3025" xml:id="zone_txs_qdx_cjb"/>
			<zone ulx="2749" uly="2749" lrx="718" lry="2955" xml:id="zone_xvq_rdx_cjb"/>
		</surface>
		<surface>
			<graphic url="../../../Day%204/IMG_0029.JPG"/>
		</surface>
		<surface>
			<graphic url="../../../Day%204/IMG_0030.JPG"/>
		</surface>
		<surface>
			<graphic url="../../../Tursko%201/DSCN1907.JPG"/>
			<zone ulx="172" uly="172" lrx="2850" lry="1755" xml:id="zone_o4r_sdx_cjb"/>
		</surface>
	</facsimile>
	<text>
		<body>
			<div1 facs="#zone_txs_qdx_cjb" type="mürāsele">
				<p>
					<lb/>
					...					<date type="created" when="1767-06-19" when-custom="1181-01-22">fi'l-yevmi'l-sānī ve'l-ʿaşrīn min Muharremi'l-harām sene 1181</date>
					<lb/>
				</p>
				<div2 facs="#zone_xvq_rdx_cjb" type="sign">
					<p>
						<lb/>
						...
						<lb/>
					</p>
				</div2>
			</div1>
			<div1 facs="#zone_o4r_sdx_cjb" type="summary_Croatian">
				<p>
					<lb/>
					...					<date type="summary_Croatian" when="1768-05-16" when-custom="1181">1181</date>
					 ...					<date type="summary_Croatian" when="1767">1767</date>
					<lb/>
				</p>
			</div1>
		</body>
	</text>
</TEI>
