<?xml version="1.0" encoding="UTF-8"?>
<?xml-model href="http://www.tei-c.org/release/xml/tei/custom/schema/relaxng/tei_all.rng" type="application/xml" schematypens="http://relaxng.org/ns/structure/1.0"?>
<?xml-model href="http://www.tei-c.org/release/xml/tei/custom/schema/relaxng/tei_all.rng" type="application/xml"
	schematypens="http://purl.oclc.org/dsdl/schematron"?>
<TEI xmlns="http://www.tei-c.org/ns/1.0">
	<teiHeader>
		<fileDesc>
			<titleStmt>
				<title>Tursko1-009</title>
			</titleStmt>
			<publicationStmt>
				<p>Publication Information</p>
			</publicationStmt>
			<sourceDesc>
				<p/>
			</sourceDesc>
		</fileDesc>
		<xenoData>{ "saji:aspectRatioType": [ "B" ], "saji:calligraphy": [ "Rıkʿa" ], "saji:date_M": [
          "1763(?)" ], "saji:foldingMethod": [ "4" ], "saji:fond": [ "Tursko 1" ], "saji:huve": [
          "1" ], "saji:item": [ "\"hüve\"", "本文", "クレシェヴォのスタンプ" ], "saji:lang": [ "ota" ],
          "saji:lineage": [ "8" ], "saji:memo": [ "本文中に日付らしきものは見当たらない", "典型" ], "saji:number": [
          "274" ], "saji:relationWithAnotherItems": [ "DSCN0891.JPG_表", "表全体像" ], "saji:stamp_c": [
          "1" ], "saji:transcription": [ "... emr ü fermān ..." ], "saji:type": [ "iʿlām" ] }</xenoData>
	</teiHeader>
	<facsimile>
		<surface>
			<graphic url="../../../Tursko%201/DSCN0891.JPG"/>
			<zone ulx="241" uly="241" lrx="1442" lry="2716" xml:id="zone_blg_qcb_x3b"/>
		</surface>
		<surface>
			<graphic url="../../../Day%201/IMG_0058.JPG"/>
		</surface>
		<surface>
			<graphic url="../../../Day%201/IMG_0061.JPG"/>
		</surface>
		<surface>
			<graphic url="../../../Tursko%201/DSCN0892.JPG"/>
			<zone ulx="383" uly="383" lrx="3162" lry="788" xml:id="zone_x1c_wcb_x3b"/>
		</surface>
		<surface>
			<graphic url="../../../Tursko%201/DSCN0893.JPG"/>
		</surface>
		<surface>
			<graphic url="../../../Tursko%201/DSCN0894.JPG"/>
			<zone ulx="1395" uly="1395" lrx="1266" lry="1629" xml:id="zone_flx_xcb_x3b"/>
		</surface>
	</facsimile>
	<text>
		<body>
			<div1 facs="#zone_blg_qcb_x3b" type="iʿlām">
				<l>...</l>
			</div1>
			<div3 facs="#zone_flx_xcb_x3b" type="stamp">
				<l>...</l>
			</div3>
			<div1 facs="#zone_x1c_wcb_x3b" type="sumamry_Croatian">
				<l>
					...					<date type="summary_Croatian" when="1763">1763</date>
				</l>
				<l>...</l>
			</div1>
		</body>
	</text>
</TEI>
