<?xml version="1.0" encoding="UTF-8"?>
<?xml-model href="http://www.tei-c.org/release/xml/tei/custom/schema/relaxng/tei_all.rng" type="application/xml" schematypens="http://relaxng.org/ns/structure/1.0"?>
<?xml-model href="http://www.tei-c.org/release/xml/tei/custom/schema/relaxng/tei_all.rng" type="application/xml"
	schematypens="http://purl.oclc.org/dsdl/schematron"?>
<TEI xmlns="http://www.tei-c.org/ns/1.0">
	<teiHeader>
		<fileDesc>
			<titleStmt>
				<title>Tursko1-152</title>
			</titleStmt>
			<publicationStmt>
				<p>Publication Information</p>
			</publicationStmt>
			<sourceDesc>
				<p/>
			</sourceDesc>
		</fileDesc>
		<xenoData>{ "saji:aspectRatioType": [ "D" ], "saji:fond": [ "Tursko 1" ] }</xenoData>
	</teiHeader>
	<facsimile>
		<surface>
			<graphic url="../../../Tursko%201/DSCN1882.JPG"/>
			<zone ulx="18" uly="18" lrx="2018" lry="3245" xml:id="zone_g4r_jqw_cjb"/>
			<zone ulx="2960" uly="2960" lrx="1912" lry="3165" xml:id="zone_vgn_lqw_cjb"/>
			<zone ulx="3038" uly="3038" lrx="1901" lry="3158" xml:id="zone_qs2_mqw_cjb"/>
			<zone ulx="2965" uly="2965" lrx="1480" lry="3149" xml:id="zone_o41_nqw_cjb"/>
			<zone ulx="3023" uly="3023" lrx="1458" lry="3138" xml:id="zone_js5_nqw_cjb"/>
			<zone ulx="2978" uly="2978" lrx="1158" lry="3171" xml:id="zone_zbk_4qw_cjb"/>
			<zone ulx="3039" uly="3039" lrx="1149" lry="3168" xml:id="zone_z4y_4qw_cjb"/>
			<zone ulx="2964" uly="2964" lrx="934" lry="3167" xml:id="zone_bhp_pqw_cjb"/>
			<zone ulx="3026" uly="3026" lrx="926" lry="3163" xml:id="zone_adm_qqw_cjb"/>
		</surface>
		<surface>
			<graphic url="../../../Day%204/IMG_0004.JPG"/>
		</surface>
		<surface>
			<graphic url="../../../Day%204/IMG_0005.JPG"/>
		</surface>
	</facsimile>
	<text>
		<body>
			<div1 type="ʿilmühaber_tapu_senedi" facs="#zone_g4r_jqw_cjb">
				<p>
					<lb/>
					... fī					<date cert="unknown" type="created" when="1865-05-04" when-custom="1281--09">9 ... sene 81</date>
					<lb/>
				</p>
				<div2 facs="#zone_vgn_lqw_cjb" type="sign">
					<p>
						<lb/>
						...
						<lb/>
					</p>
					<div3 facs="#zone_qs2_mqw_cjb" type="stamp">
						<p>
							<lb/>
							...
							<lb/>
						</p>
					</div3>
				</div2>
				<div2 facs="#zone_o41_nqw_cjb" type="sign">
					<p>
						<lb/>
						...
						<lb/>
					</p>
					<div3 facs="#zone_js5_nqw_cjb" type="stamp">
						<p>
							<lb/>
							...
							<lb/>
						</p>
					</div3>
				</div2>
				<div2 facs="#zone_zbk_4qw_cjb" type="sign">
					<p>
						<lb/>
						...
						<lb/>
					</p>
					<div3 facs="#zone_z4y_4qw_cjb" type="stamp">
						<p>
							<lb/>
							...
							<lb/>
						</p>
					</div3>
				</div2>
				<div2 facs="#zone_bhp_pqw_cjb" type="sign">
					<p>
						<lb/>
						...
						<lb/>
					</p>
					<div3 facs="#zone_adm_qqw_cjb" type="stamp">
						<p>
							<lb/>
							...
							<lb/>
						</p>
					</div3>
				</div2>
			</div1>
		</body>
	</text>
</TEI>
