<?xml version="1.0" encoding="UTF-8"?>
<?xml-model href="http://www.tei-c.org/release/xml/tei/custom/schema/relaxng/tei_all.rng" type="application/xml" schematypens="http://relaxng.org/ns/structure/1.0"?>
<?xml-model href="http://www.tei-c.org/release/xml/tei/custom/schema/relaxng/tei_all.rng" type="application/xml"
	schematypens="http://purl.oclc.org/dsdl/schematron"?>
<TEI xmlns="http://www.tei-c.org/ns/1.0">
	<teiHeader>
		<fileDesc>
			<titleStmt>
				<title>Tursko1-075</title>
			</titleStmt>
			<publicationStmt>
				<p>Publication Information</p>
			</publicationStmt>
			<notesStmt>
				<note type="mine">【要】クロアチア語要約ではʿarz-ı hālであると定義付けられているが、通常のʿarz-ı hālとはやや様式が違う。典型要検討。</note>
				<note type="mine">【要】日付：1286 or 1186 内容から要検討。クロアチア語要約では、1869年（=1286年）であると断定している。</note>
			</notesStmt>
			<sourceDesc>
				<p/>
			</sourceDesc>
		</fileDesc>
		<xenoData>{ "saji:aspectRatioType": [ "C" ], "saji:fond": [ "Tursko 1" ] }</xenoData>
	</teiHeader>
	<facsimile>
		<surface>
			<graphic url="../../../Tursko%201/DSCN1708.JPG"/>
			<zone ulx="135" uly="135" lrx="2085" lry="2614" xml:id="zone_lq4_pc2_bjb"/>
		</surface>
		<surface>
			<graphic url="../../../Day%202/IMG_0495.JPG"/>
		</surface>
		<surface>
			<graphic url="../../../Day%202/IMG_0496.JPG"/>
		</surface>
		<surface>
			<graphic url="../../../Tursko%201/DSCN1709.JPG"/>
		</surface>
		<surface>
			<graphic url="../../../Tursko%201/DSCN1710.JPG"/>
			<zone ulx="145" uly="145" lrx="2271" lry="1379" xml:id="zone_mkl_rc2_bjb"/>
		</surface>
	</facsimile>
	<text>
		<body>
			<div1 cert="low" facs="#zone_lq4_pc2_bjb" type="ʿarz-ı_hāl">
				<p>
					<lb/>
					... fī					<date cert="medium" type="created" when="1869-06-19" when-custom="1286-03-10">10 Rebi'ü'l-evvel sene 86</date>
					<lb/>
				</p>
			</div1>
			<div1 facs="#zone_mkl_rc2_bjb" type="summary_Croatian">
				<p>
					<lb/>
					<date type="summary_Croatian" when="1869">1869</date>
					<lb/>
					<lb/>
					Arzuhal
					<lb/>
					<lb/>
					Koga smo ...
					<lb/>
					<lb/>
					...					<date type="summary_Croatian" when="1869">1869</date>
					.
					<lb/>
				</p>
			</div1>
		</body>
	</text>
</TEI>
