<?xml version="1.0" encoding="UTF-8"?>
<?xml-model href="http://www.tei-c.org/release/xml/tei/custom/schema/relaxng/tei_all.rng" type="application/xml" schematypens="http://relaxng.org/ns/structure/1.0"?>
<?xml-model href="http://www.tei-c.org/release/xml/tei/custom/schema/relaxng/tei_all.rng" type="application/xml"
	schematypens="http://purl.oclc.org/dsdl/schematron"?>
<TEI xmlns="http://www.tei-c.org/ns/1.0">
	<teiHeader>
		<fileDesc>
			<titleStmt>
				<title>Tursko1-132</title>
			</titleStmt>
			<publicationStmt>
				<p>Publication Information</p>
			</publicationStmt>
			<sourceDesc>
				<p/>
			</sourceDesc>
		</fileDesc>
		<xenoData>{ "saji:aspectRatioType": [ "A" ], "saji:fond": [ "Tursko 1" ] }</xenoData>
	</teiHeader>
	<facsimile>
		<surface>
			<graphic url="../../../Tursko%201/DSCN1841.JPG"/>
			<zone ulx="272" uly="272" lrx="1591" lry="3018" xml:id="zone_ddr_s1q_cjb"/>
			<zone ulx="403" uly="403" lrx="1175" lry="873" xml:id="zone_lvl_51q_cjb"/>
			<zone ulx="715" uly="715" lrx="1048" lry="859" xml:id="zone_udh_v1q_cjb"/>
			<zone ulx="319" uly="319" lrx="1548" lry="942" xml:id="zone_avw_v1q_cjb"/>
			<zone ulx="785" uly="785" lrx="1407" lry="932" xml:id="zone_gsp_w1q_cjb"/>
		</surface>
		<surface>
			<graphic url="../../../Day%203/IMG_0112.JPG"/>
		</surface>
		<surface>
			<graphic url="../../../Day%203/IMG_0113.JPG"/>
		</surface>
		<surface>
			<graphic url="../../../Tursko%201/DSCN1842.JPG"/>
			<zone ulx="733" uly="733" lrx="3073" lry="988" xml:id="zone_b15_x1q_cjb"/>
		</surface>
	</facsimile>
	<text>
		<body>
			<div1 facs="#zone_ddr_s1q_cjb" type="hüccet">
				<p>
					<lb/>
					... fī					<date from="1772-07-11" from-custom="1186-04-11" to-custom="1186-04-20" type="created">evāsit Rebī'ü'l-āhir sene sitte ve semānīn ve mie ve elif</date>
					<lb/>
				</p>
				<div2 facs="#zone_lvl_51q_cjb" type="sign">
					<p>
						<lb/>
						...
						<lb/>
					</p>
					<div3 facs="#zone_udh_v1q_cjb" type="stamp">
						<p>
							<lb/>
							...
							<lb/>
						</p>
					</div3>
				</div2>
				<div2 facs="#zone_avw_v1q_cjb" type="sign">
					<p>
						<lb/>
						...
						<lb/>
					</p>
					<div3 facs="#zone_gsp_w1q_cjb" type="stamp">
						<p>
							<lb/>
							...
							<lb/>
						</p>
					</div3>
				</div2>
			</div1>
			<div1 facs="#zone_b15_x1q_cjb" type="summary_Crotatian">
				<p>
					<lb/>
					...					<date type="summary_Croatian" when="1772">1772</date>
					<lb/>
				</p>
			</div1>
		</body>
	</text>
</TEI>
