<?xml version="1.0" encoding="UTF-8"?>
<?xml-model href="http://www.tei-c.org/release/xml/tei/custom/schema/relaxng/tei_all.rng" type="application/xml" schematypens="http://relaxng.org/ns/structure/1.0"?>
<?xml-model href="http://www.tei-c.org/release/xml/tei/custom/schema/relaxng/tei_all.rng" type="application/xml"
	schematypens="http://purl.oclc.org/dsdl/schematron"?>
<TEI xmlns="http://www.tei-c.org/ns/1.0">
	<teiHeader>
		<fileDesc>
			<titleStmt>
				<title>Tursko2-014</title>
			</titleStmt>
			<publicationStmt>
				<p>Publication Information</p>
			</publicationStmt>
			<notesStmt>
				<note type="mine">ベラート？卵印はないのでフェルマーン？</note>
				<note type="mine">【要】日付：1181 or 1081　年? 要検討。</note>
			</notesStmt>
			<sourceDesc>
				<p/>
			</sourceDesc>
		</fileDesc>
		<xenoData>{ "saji:aspectRatioType": [ "A" ], "saji:fond": [ "Tursko 2" ], "saji:memo": [
               "典型" ] }</xenoData>
	</teiHeader>
	<facsimile>
		<surface>
			<graphic url="../../../Tursko%202/DSCN8946.JPG"/>
			<zone ulx="27" uly="27" lrx="1697" lry="3114" xml:id="zone_cwx_5k1_2jb"/>
			<zone ulx="39" uly="39" lrx="1658" lry="751" xml:id="zone_hdh_wk1_2jb"/>
			<zone ulx="2613" uly="2613" lrx="882" lry="3100" xml:id="zone_ht4_xk1_2jb"/>
		</surface>
		<surface>
			<graphic url="../../../Day%204/IMG_0190.JPG"/>
		</surface>
		<surface>
			<graphic url="../../../Day%204/IMG_0191.JPG"/>
		</surface>
		<surface>
			<graphic url="../../../Day%204/IMG_0192.JPG"/>
		</surface>
		<surface>
			<graphic url="../../../Tursko%202/DSCN8947.JPG"/>
			<zone ulx="894" uly="894" lrx="2984" lry="1700" xml:id="zone_cfy_yk1_2jb"/>
		</surface>
	</facsimile>
	<text>
		<body>
			<div1 facs="#zone_cwx_5k1_2jb" type="fermān">
				<p>
					<lb/>
					...					<date cert="low" from="1767-08-06" from-custom="1181-03-11" to-custom="1181-03-20" type="created">evāsit şehr Rebi'ü'l-evvel sene ahadā ve semānīn ve mie ve elif</date>
					<lb/>
				</p>
				<div1 facs="#zone_hdh_wk1_2jb" type="tuğra">
					<p>
						<lb/>
						...
						<lb/>
					</p>
				</div1>
				<div2 facs="#zone_ht4_xk1_2jb" type="sign">
					<p>
						<lb/>
						...
						<lb/>
					</p>
				</div2>
			</div1>
			<div1 facs="#zone_cfy_yk1_2jb" type="summary_Croatian">
				<p>
					<lb/>
					Datum:					<date from="1670-07-28" from-custom="1081-03-11" to-custom="1081-03-20" type="summary_Croatian">druga dekada rebiul evvel 1081</date>
					 -					<date from="1670-07-29" to="1670-08-07" type="summary_Croatian">29. juli-7avgusta 1670</date>
					<lb/>
				</p>
			</div1>
		</body>
	</text>
</TEI>
