<?xml version="1.0" encoding="UTF-8"?>
<?xml-model href="http://www.tei-c.org/release/xml/tei/custom/schema/relaxng/tei_all.rng" type="application/xml" schematypens="http://relaxng.org/ns/structure/1.0"?>
<?xml-model href="http://www.tei-c.org/release/xml/tei/custom/schema/relaxng/tei_all.rng" type="application/xml"
	schematypens="http://purl.oclc.org/dsdl/schematron"?>
<TEI xmlns="http://www.tei-c.org/ns/1.0">
	<teiHeader>
		<fileDesc>
			<titleStmt>
				<title>Tursko3-184</title>
			</titleStmt>
			<publicationStmt>
				<p>Publication Information</p>
			</publicationStmt>
			<sourceDesc>
				<p/>
			</sourceDesc>
		</fileDesc>
		<xenoData>{ "saji:aspectRatioType": [ "B" ], "saji:fond": [ "Tursko 3" ] }</xenoData>
	</teiHeader>
	<facsimile>
		<surface>
			<graphic url="../../../Tursko%203/DSCN9031.JPG"/>
			<zone ulx="122" uly="122" lrx="2400" lry="566" xml:id="zone_mjm_3gp_xkb"/>
		</surface>
		<surface>
			<graphic url="../../../Day%206/IMG_0208.JPG"/>
		</surface>
		<surface>
			<graphic url="../../../Day%206/IMG_0209.JPG"/>
		</surface>
		<surface>
			<graphic url="../../../Tursko%203/DSCN9032.JPG"/>
			<zone ulx="-9" uly="-9" lrx="2000" lry="2590" xml:id="zone_us2_kgp_xkb"/>
			<zone ulx="1670" uly="1670" lrx="1507" lry="2565" xml:id="zone_yjm_lgp_xkb"/>
			<zone ulx="2057" uly="2057" lrx="1115" lry="2255" xml:id="zone_srn_mgp_xkb"/>
		</surface>
	</facsimile>
	<text>
		<body>
			<div1 facs="#zone_us2_kgp_xkb" next="#zone_mjm_3gp_xkb" type="edā_tezkire">
				<p>
					<lb/>
					... fī					<date type="created" when="1801-06-08" when-custom="1216-01-27">27 M sene 216</date>
					<lb/>
				</p>
				<div2 facs="#zone_yjm_lgp_xkb" type="sign">
					<p>
						<lb/>
						...
						<lb/>
					</p>
					<div3 facs="#zone_srn_mgp_xkb" type="stamp">
						<p>
							<lb/>
							...							<lb/>
						</p>
					</div3>
				</div2>
			</div1>
			<div1 facs="#zone_mjm_3gp_xkb" type="summary_Croatian">
				<p>
					<lb/>
					...					<date type="summary_Croatian" when="1801">1801</date>
					<lb/>
				</p>
			</div1>
		</body>
	</text>
</TEI>
