<?xml version="1.0" encoding="UTF-8"?>
<?xml-model href="http://www.tei-c.org/release/xml/tei/custom/schema/relaxng/tei_all.rng" type="application/xml" schematypens="http://relaxng.org/ns/structure/1.0"?>
<?xml-model href="http://www.tei-c.org/release/xml/tei/custom/schema/relaxng/tei_all.rng" type="application/xml"
	schematypens="http://purl.oclc.org/dsdl/schematron"?>
<TEI xmlns="http://www.tei-c.org/ns/1.0">
	<teiHeader>
		<fileDesc>
			<titleStmt>
				<title>Tursko1-156</title>
			</titleStmt>
			<publicationStmt>
				<p>Publication Information</p>
			</publicationStmt>
			<notesStmt>
				<note type="mine">【要】日付：buyurulduの月が読み取れない。</note>
			</notesStmt>
			<sourceDesc>
				<p/>
			</sourceDesc>
		</fileDesc>
		<xenoData>{ "saji:aspectRatioType": [ "C" ], "saji:fond": [ "Tursko 1" ] }</xenoData>
	</teiHeader>
	<facsimile>
		<surface>
			<graphic url="../../../Tursko%201/DSCN1887.JPG"/>
			<zone ulx="2105" uly="2105" lrx="1905" lry="2907" xml:id="zone_vhn_mtw_cjb"/>
			<zone ulx="2657" uly="2657" lrx="550" lry="2845" xml:id="zone_c1n_qtw_cjb"/>
			<zone ulx="631" uly="631" lrx="1295" lry="2245" xml:id="zone_ufk_rtw_cjb"/>
		</surface>
		<surface>
			<graphic url="../../../Day%204/IMG_0013.JPG"/>
		</surface>
		<surface>
			<graphic url="../../../Day%204/IMG_0014.JPG"/>
		</surface>
		<surface>
			<graphic url="../../../Tursko%201/DSCN1888.JPG"/>
			<zone ulx="661" uly="661" lrx="2967" lry="1316" xml:id="zone_k2d_ttw_cjb"/>
		</surface>
	</facsimile>
	<text>
		<body>
			<div1 facs="#zone_vhn_mtw_cjb" type="ʿarz-ı_hāl">
				<p>
					<lb/>
					...
					<lb/>
				</p>
				<div2 facs="#zone_c1n_qtw_cjb" type="sign">
					<p>
						<lb/>
						...
						<lb/>
					</p>
				</div2>
			</div1>
			<div1 facs="#zone_ufk_rtw_cjb" type="buyuruldu">
				<p>
					<lb/>
					buyuruldu fī					<date type="created" when="1831-05-16" when-custom="1246--05">5 ... sene 1246</date>
					<lb/>
				</p>
			</div1>
			<div1 facs="#zone_k2d_ttw_cjb" type="summary_Croatian">
				<p>
					<lb/>
					<date type="summary_Croatian" when="1830">1830</date>
					.
					<lb/>
				</p>
			</div1>
		</body>
	</text>
</TEI>
