<?xml version="1.0" encoding="UTF-8"?>
<?xml-model href="http://www.tei-c.org/release/xml/tei/custom/schema/relaxng/tei_all.rng" type="application/xml" schematypens="http://relaxng.org/ns/structure/1.0"?>
<?xml-model href="http://www.tei-c.org/release/xml/tei/custom/schema/relaxng/tei_all.rng" type="application/xml"
	schematypens="http://purl.oclc.org/dsdl/schematron"?>
<TEI xmlns="http://www.tei-c.org/ns/1.0">
	<teiHeader>
		<fileDesc>
			<titleStmt>
				<title>Tursko1-174</title>
			</titleStmt>
			<publicationStmt>
				<p>Publication Information</p>
			</publicationStmt>
			<notesStmt>
				<note type="mine">【要】DSCN1948.JPGの写しの可能性。要確認。</note>
			</notesStmt>
			<sourceDesc>
				<p/>
			</sourceDesc>
		</fileDesc>
		<xenoData>{ "saji:aspectRatioType": [ "C" ], "saji:fond": [ "Tursko 1" ] }</xenoData>
	</teiHeader>
	<facsimile>
		<surface>
			<graphic url="../../../Tursko%201/DSCN1949.JPG"/>
			<zone ulx="481" uly="481" lrx="2363" lry="2845" xml:id="zone_nkv_lzd_djb"/>
			<zone ulx="546" uly="546" lrx="1528" lry="704" xml:id="zone_wl5_mzd_djb"/>
			<zone ulx="2028" uly="2028" lrx="1508" lry="2406" xml:id="zone_wqr_nzd_djb"/>
		</surface>
		<surface>
			<graphic url="../../../Day%204/IMG_0057.JPG"/>
		</surface>
		<surface>
			<graphic url="../../../Day%204/IMG_0058.JPG"/>
		</surface>
		<surface>
			<graphic url="../../../Tursko%201/DSCN1950.JPG"/>
			<zone ulx="911" uly="911" lrx="2856" lry="1622" xml:id="zone_lky_4zd_djb"/>
		</surface>
	</facsimile>
	<text>
		<body>
			<div1 facs="#zone_nkv_lzd_djb" type="tapu_senedi_sūret">
				<p>
					<lb/>
					... fī					<date type="created" when="1866-06-12" when-custom="1283-01-29">29 Muharrem sene 1283</date>
					<lb/>
				</p>
				<div1 facs="#zone_wl5_mzd_djb" type="tuğra_sūret">
					<p>
						<lb/>
						...
						<lb/>
					</p>
				</div1>
				<div3 facs="#zone_wqr_nzd_djb" type="stamp_sūret">
					<p>
						<lb/>
						...
						<lb/>
					</p>
				</div3>
			</div1>
			<div1 facs="#zone_lky_4zd_djb" type="summary_Croatian">
				<p>
					<lb/>
					...
					<lb/>
				</p>
			</div1>
		</body>
	</text>
</TEI>
