<?xml version="1.0" encoding="UTF-8"?>
<?xml-model href="http://www.tei-c.org/release/xml/tei/custom/schema/relaxng/tei_all.rng" type="application/xml" schematypens="http://relaxng.org/ns/structure/1.0"?>
<?xml-model href="http://www.tei-c.org/release/xml/tei/custom/schema/relaxng/tei_all.rng" type="application/xml"
	schematypens="http://purl.oclc.org/dsdl/schematron"?>
<TEI xmlns="http://www.tei-c.org/ns/1.0">
	<teiHeader>
		<fileDesc>
			<titleStmt>
				<title>Tursko3-192</title>
			</titleStmt>
			<publicationStmt>
				<p>Publication Information</p>
			</publicationStmt>
			<notesStmt>
				<note type="summary">非ムスリムからムスリムに対する○○の支払い証明書</note>
				<note type="mine">○○の内容は、DSCN9043.JPGと同一。そちらが読めればこちらも読めるはず。</note>
			</notesStmt>
			<sourceDesc>
				<p/>
			</sourceDesc>
		</fileDesc>
		<xenoData>{ "saji:aspectRatioType": [ "B" ], "saji:fond": [ "Tursko 3" ] }</xenoData>
	</teiHeader>
	<facsimile>
		<surface>
			<graphic url="../../../Tursko%203/DSCN9045.JPG"/>
			<zone ulx="58" uly="58" lrx="2325" lry="3158" xml:id="zone_tdg_kpp_xkb"/>
			<zone ulx="2628" uly="2628" lrx="656" lry="3071" xml:id="zone_vdg_lpp_xkb"/>
		</surface>
		<surface>
			<graphic url="../../../Day%207/IMG_0005.JPG"/>
		</surface>
		<surface>
			<graphic url="../../../Day%207/IMG_0006.JPG"/>
		</surface>
	</facsimile>
	<text>
		<body>
			<div1 cert="low" facs="#zone_tdg_kpp_xkb" type="EMIN_edā_temessük">
				<p>
					<lb/>
					Hüve
					<lb/>
					Vech-i tahrīr-i hurūf budur ki
					<lb/>
					Kirşevo kasabasında mütemekkinlerinden zimmī					<persName>Mayk TADI</persName>
					<lb/>
					nām mesfūrīn üzerinin bulunan el-... balık hāneden(?)
					<lb/>
					yüz iki guruş tarafımızdan taʿin olunan vekīimiz ...
					<lb/>
					Ahmed Ağa nām kimesne mevlağ-ı mezbūrī yüz iki guruş
					<lb/>
					yedinden yedime(?) bi-tamām ve kemāl(?) ahz ve kabz eyledüm ...
					<lb/>
					bir durlu'l-... kalmayub işbu edā temessüğı Ahmed Ağa'nın
					<lb/>
					yedine virldi vakt-i ... ibrāz oluna
					<lb/>
					<date cert="low" type="created" when="1790-09-23" when-custom="1205-01-15">sene 1205 māh R ... 15 M</date>
				</p>
				<div2 facs="#zone_vdg_lpp_xkb" type="sign">
					<p>
						<lb/>
						Bende-i
						<lb/>
						Yūsuf Beşe
						<lb/>
						VIH TIK BALKI					</p>
				</div2>
				<div2 type="şühūdu'l-hāl">
					<p>
						<lb/>
						Şühūdu'l-hāl
						<lb/>
						ʿATANA Ağa LAH
						<lb/>
						MHAREM Ağa
						<lb/>
						SKAM HBUŞ AME
						<lb/>
						Arslān Beğ
						<lb/>
						BAĞA KELCU					</p>
				</div2>
			</div1>
		</body>
	</text>
</TEI>
