<?xml version="1.0" encoding="UTF-8"?>
<?xml-model href="http://www.tei-c.org/release/xml/tei/custom/schema/relaxng/tei_all.rng" type="application/xml" schematypens="http://relaxng.org/ns/structure/1.0"?>
<?xml-model href="http://www.tei-c.org/release/xml/tei/custom/schema/relaxng/tei_all.rng" type="application/xml"
	schematypens="http://purl.oclc.org/dsdl/schematron"?>
<TEI xmlns="http://www.tei-c.org/ns/1.0">
	<teiHeader>
		<fileDesc>
			<titleStmt>
				<title>Tursko1-027</title>
			</titleStmt>
			<publicationStmt>
				<p>Publication Information</p>
			</publicationStmt>
			<sourceDesc>
				<p/>
			</sourceDesc>
		</fileDesc>
		<xenoData>{ "saji:aspectRatioType": [ "B" ], "saji:fond": [ "Tursko 1" ] }</xenoData>
	</teiHeader>
	<facsimile>
		<surface>
			<graphic url="../../../Tursko%201/DSCN0998.JPG"/>
			<zone ulx="27" uly="27" lrx="1845" lry="2718" xml:id="zone_hym_rzf_z3b"/>
			<zone ulx="2505" uly="2505" lrx="767" lry="2662" xml:id="zone_rxc_tzf_z3b"/>
		</surface>
		<surface>
			<graphic url="../../../Day%201/IMG_0205.JPG"/>
		</surface>
		<surface>
			<graphic url="../../../Day%201/IMG_0209.JPG"/>
		</surface>
		<surface>
			<graphic url="../../../Tursko%201/DSCN0999.JPG"/>
		</surface>
		<surface>
			<graphic url="../../../Tursko%201/DSCN1000.JPG"/>
			<zone ulx="994" uly="994" lrx="2734" lry="1316" xml:id="zone_tlb_vzf_z3b"/>
		</surface>
	</facsimile>
	<text>
		<body>
			<div1 facs="#zone_hym_rzf_z3b" type="unknown">
				<l>
					<date when="1833-08-15" when-custom="1249-03">Bin ikiyüz kırk dokuz seneden Mart</date>
					 ...
				</l>
				<l>
					... olundu fī					<date cert="low" type="created" when="1810-05-01" when-custom="1225-03-27">27 Ra 25</date>
				</l>
				<div3 facs="#zone_rxc_tzf_z3b" type="stamp"/>
			</div1>
			<div1 facs="#zone_tlb_vzf_z3b" type="summary_Croatian">
				<l>
					...					<date cert="low" type="summary_Croatian" when="1834">1834</date>
				</l>
			</div1>
		</body>
	</text>
</TEI>
