<?xml version="1.0" encoding="UTF-8"?>
<?xml-model href="http://www.tei-c.org/release/xml/tei/custom/schema/relaxng/tei_all.rng" type="application/xml" schematypens="http://relaxng.org/ns/structure/1.0"?>
<?xml-model href="http://www.tei-c.org/release/xml/tei/custom/schema/relaxng/tei_all.rng" type="application/xml"
	schematypens="http://purl.oclc.org/dsdl/schematron"?>
<TEI xmlns="http://www.tei-c.org/ns/1.0">
	<teiHeader>
		<fileDesc>
			<titleStmt>
				<title>Tursko3-154</title>
			</titleStmt>
			<publicationStmt>
				<p>Publication Information</p>
			</publicationStmt>
			<notesStmt>
				<note type="summary">エミンの請負っている徴税について、修道院長がさらに下請けを行ったことについての証文。</note>
			</notesStmt>
			<sourceDesc>
				<p/>
			</sourceDesc>
		</fileDesc>
		<xenoData>{ "saji:aspectRatioType": [ "B" ], "saji:fond": [ "Tursko 3" ] }</xenoData>
	</teiHeader>
	<facsimile>
		<surface>
			<graphic url="../../../Tursko%203/DSCN9059.JPG"/>
			<zone ulx="342" uly="342" lrx="534" lry="553" xml:id="zone_xcl_vsc_ykb"/>
			<zone ulx="2633" uly="2633" lrx="2175" lry="2930" xml:id="zone_xhj_wsc_ykb"/>
		</surface>
		<surface>
			<graphic url="../../../Day%206/IMG_0140.JPG"/>
		</surface>
		<surface>
			<graphic url="../../../Day%206/IMG_0141.JPG"/>
		</surface>
		<surface>
			<graphic url="../../../Tursko%203/DSCN9060.JPG"/>
			<zone ulx="108" uly="108" lrx="1883" lry="2841" xml:id="zone_rt5_xsc_ykb"/>
			<zone ulx="2398" uly="2398" lrx="448" lry="2784" xml:id="zone_hj1_zsc_ykb"/>
		</surface>
	</facsimile>
	<text>
		<body>
			<div1 facs="#zone_rt5_xsc_ykb" next="#zone_xhj_wsc_ykb" type="EMIN_temessük">
				<p>
					<lb/>
					Hüve
					<lb/>
					Vech-i tahrīr-i hurūf budur ki
					<lb/>
					der ʿuhde ve iltizāmımızda bulunan Kirşevo mukātaʿasına					<placeName>NAGRADU</placeName>
					 ve					<placeName>DUBUNİÇE</placeName>
					 ve					<placeName>RUNADA</placeName>
					<lb/>
					nām kurāların hāsıl olan aʿşār-ı şerʿiye ve rüsūmāt-ı sā'ir tapunāmūn gayri
					<lb/>
					işbu					<date from="1801-07-11" from-custom="1216-03-01" to-custom="1217-02-30">bin iki yüz on altı senesinin Martı ibtidāsından Şubatı gāyene değin</date>
					<lb/>
					zabt ve rabtına ve rüsūm-ı aʿşāri ahz ve kabzına taleb ve rāgib olan
					<lb/>
					Kirşevo kilisanın baş rāhib zimmī					<persName>PARAİYAYA</persName>
					 (or parasıyla?) iltizāmen altıb ve bunu(?)
					<lb/>
					iltizām olan yüz iğirmi guruş tarafımıza tamāmen edā ve teslīm olunub
					<lb/>
					sene-i nihāyetine varınca zabt ve rabt ve rüsūmāt ahz ve kabzına işbu
					<lb/>
					temessük mesfūrūn yedine virildi tarafımızdan ve taraf-ı āhardan kimesne māniʿ olumaya
					<lb/>
					fī					<date type="created" when="1802-04-29" when-custom="1216-12-27">27 Z sene 1216</date>
				</p>
				<div2 type="sign" facs="#zone_hj1_zsc_ykb">
					<p>
						<lb/>
						... fī
						<lb/>
						ʿATA AKU
						<lb/>
						El-me'mūr
						<lb/>
						M					</p>
					<div3 type="stamp" facs="#zone_xcl_vsc_ykb">
						<p>
							<lb/>
							...
							<lb/>
							...						</p>
					</div3>
				</div2>
			</div1>
			<div1 facs="#zone_xhj_wsc_ykb" type="summary_Croatian">
				<p>
					<lb/>
					... od ... godine					<date type="summary_Croatian" when="1802">1802</date>
					.
					<lb/>
				</p>
			</div1>
		</body>
	</text>
</TEI>
