<?xml version="1.0" encoding="UTF-8"?>
<?xml-model href="http://www.tei-c.org/release/xml/tei/custom/schema/relaxng/tei_all.rng" type="application/xml" schematypens="http://relaxng.org/ns/structure/1.0"?>
<?xml-model href="http://www.tei-c.org/release/xml/tei/custom/schema/relaxng/tei_all.rng" type="application/xml"
	schematypens="http://purl.oclc.org/dsdl/schematron"?>
<TEI xmlns="http://www.tei-c.org/ns/1.0">
	<teiHeader>
		<fileDesc>
			<titleStmt>
				<title>Tursko1-193</title>
			</titleStmt>
			<publicationStmt>
				<p>Publication Information</p>
			</publicationStmt>
			<notesStmt>
				<note type="mine">【要】DSCN1944.JPGの写しの可能性あり。要確認。</note>
			</notesStmt>
			<sourceDesc>
				<p/>
			</sourceDesc>
		</fileDesc>
		<xenoData>{ "saji:aspectRatioType": [ "D" ], "saji:fond": [ "Tursko 1" ] }</xenoData>
	</teiHeader>
	<facsimile>
		<surface>
			<graphic url="../../../Tursko%201/DSCN1943.JPG"/>
			<zone ulx="418" uly="418" lrx="2369" lry="1900" xml:id="zone_btp_swd_djb"/>
			<zone ulx="1643" uly="1643" lrx="1801" lry="1841" xml:id="zone_uys_twd_djb"/>
		</surface>
		<surface>
			<graphic url="../../../Day%204/IMG_0108.JPG"/>
		</surface>
		<surface>
			<graphic url="../../../Day%204/IMG_0109.JPG"/>
		</surface>
	</facsimile>
	<text>
		<body>
			<div1 facs="#zone_btp_swd_djb" type="unknown_sūret">
				<p>
					<lb/>
					... fī					<date type="created" when="1846-05-30" when-custom="1262-06-05">5 C sene 262</date>
					<lb/>
				</p>
				<div3 facs="#zone_uys_twd_djb" type="stamp_sūret">
					<p>
						<lb/>
						...
						<lb/>
					</p>
				</div3>
			</div1>
		</body>
	</text>
</TEI>
