<?xml version="1.0" encoding="UTF-8"?>
<?xml-model href="http://www.tei-c.org/release/xml/tei/custom/schema/relaxng/tei_all.rng" type="application/xml" schematypens="http://relaxng.org/ns/structure/1.0"?>
<?xml-model href="http://www.tei-c.org/release/xml/tei/custom/schema/relaxng/tei_all.rng" type="application/xml"
	schematypens="http://purl.oclc.org/dsdl/schematron"?>
<TEI xmlns="http://www.tei-c.org/ns/1.0">
	<teiHeader>
		<fileDesc>
			<titleStmt>
				<title>Tursko3-183</title>
			</titleStmt>
			<publicationStmt>
				<p>Publication Information</p>
			</publicationStmt>
			<notesStmt>
				<note type="summary">非ムスリム女性から修道院への寄付金(?)の支払いとその領収書に関する証書。</note>
				<note type="mine">きちんと読み切れていないが、この寄附(?)の支払いについて何かトラブルが発生した？</note>
				<note type="mine">単独ヤーウyの頭がアインのように大きくなる(ex.2行目Saraybosba)</note>
			</notesStmt>
			<sourceDesc>
				<p/>
			</sourceDesc>
		</fileDesc>
		<xenoData>{ "saji:aspectRatioType": [ "B" ], "saji:fond": [ "Tursko 3" ] }</xenoData>
	</teiHeader>
	<facsimile>
		<surface>
			<graphic url="../../../Tursko%203/DSCN9030.JPG"/>
			<zone ulx="741" uly="741" lrx="2408" lry="2958" xml:id="zone_oyw_tfp_xkb"/>
			<zone ulx="2160" uly="2160" lrx="639" lry="2605" xml:id="zone_y3c_vfp_xkb"/>
		</surface>
		<surface>
			<graphic url="../../../Day%206/IMG_0206.JPG"/>
		</surface>
		<surface>
			<graphic url="../../../Day%206/IMG_0207.JPG"/>
		</surface>
	</facsimile>
	<text>
		<body>
			<div1 cert="low" facs="#zone_oyw_tfp_xkb" type="EMIN_temessük">
				<p>
					<lb/>
					Vech-i tahrīr-i hurūf budur ki
					<lb/>
					Medīne-i Saraybosna mütemekkinkerinden					<persName>AYKN</persName>
					 bundan akdem ... olan ... Marya
					<lb/>
					helākinden mukaddem ... benim mālımdan Kirşevo'da olan kinisanın rāhiblerinden
					<lb/>
					işbu dārende-i temessük Fra Petre nām rāhibe ve kinisa-i merkūmede mütemekkin sā'ir
					<lb/>
					ruhbānlara ... olarak virdiği dokuz yüz beş guruş ila on altı pāreyi
					<lb/>
					bā tamām ve kâmāl ruhābīn-i(?) mesfūrūn ... defʿ ve teslīm etmeleriyle ben dahi tamāmen
					<lb/>
					ahz u kabz ve ... eyledim mebāliğ-i merkūdan yanlarında ve ...-lerinde bir akçe
					<lb/>
					ve bir habbe'l-... kalmadı ... cān,blerini ... ve ... eylediğim ecilden
					<lb/>
					işbu temessük tahrīr olunub ve ruhābīn-i(?) mesfūrūn yedlerine virildi bir dahi
					<lb/>
					mebāliğ-i(?) merkūm mutālebe tarafımdan ve taraf-ı āhardan ... olunmayalar
					<lb/>
					fī					<date type="created" when="1820-01-18" when-custom="1235-04-03">3 R sene 235</date>
				</p>
				<div2 facs="#zone_y3c_vfp_xkb" type="sign">
					<p>
						<lb/>
						...
						<lb/>
						MALİYA veled-i MHAT
						<lb/>
						SAHİ ʿan Saraybosna
						<lb/>
						ʿan mahalle-i MRLKLİÇ					</p>
				</div2>
				<div2 type="şühūdu'l-hāl">
					<p>
						<lb/>
						Şühūdu'l-hāl
						<lb/>
						Ahmad 'Alemdār SERDLLİN 'an Saray
						<lb/>
						Süleyman Beşe POTRUDYLU 'an Saray
						<lb/>
						Mehmed Beşe HRYE 'an Saray
						<lb/>
						Zimmī PRU DUYMUİÇ					</p>
				</div2>
			</div1>
		</body>
	</text>
</TEI>
