<?xml version="1.0" encoding="UTF-8"?>
<?xml-model href="http://www.tei-c.org/release/xml/tei/custom/schema/relaxng/tei_all.rng" type="application/xml" schematypens="http://relaxng.org/ns/structure/1.0"?>
<?xml-model href="http://www.tei-c.org/release/xml/tei/custom/schema/relaxng/tei_all.rng" type="application/xml"
	schematypens="http://purl.oclc.org/dsdl/schematron"?>
<TEI xmlns="http://www.tei-c.org/ns/1.0">
	<teiHeader>
		<fileDesc>
			<titleStmt>
				<title>Tursko3-228</title>
			</titleStmt>
			<publicationStmt>
				<p>Publication Information</p>
			</publicationStmt>
			<sourceDesc>
				<p/>
			</sourceDesc>
		</fileDesc>
		<xenoData>{ "saji:aspectRatioType": [ "C" ], "saji:fond": [ "Tursko 3" ] }</xenoData>
	</teiHeader>
	<facsimile>
		<surface>
			<graphic url="../../../Tursko%203/DSCN0407.JPG"/>
			<zone ulx="10" uly="10" lrx="1900" lry="3140" xml:id="zone_wnd_dm3_qkb"/>
		</surface>
		<surface>
			<graphic url="../../../Day%207/IMG_0088.JPG"/>
		</surface>
		<surface>
			<graphic url="../../../Day%207/IMG_0091.JPG"/>
		</surface>
		<surface>
			<graphic url="../../../Tursko%203/DSCN0408.JPG"/>
			<zone ulx="1558" uly="1558" lrx="790" lry="1934" xml:id="zone_ejx_fm3_qkb"/>
		</surface>
	</facsimile>
	<text>
		<body>
			<div1 facs="#zone_wnd_dm3_qkb" subtype="maʿrūz" type="iʿlām">
				<p>
					<lb/>
					... fī					<date cert="low" type="create" when="1861-07-07" when-custom="1277">28 ... sene 1277</date>
					<lb/>
				</p>
				<div2 facs="#zone_ejx_fm3_qkb" type="sign">
					<p>
						<lb/>
						...
						<lb/>
					</p>
					<div3 type="stamp">
						<p>
							<lb/>
							...
							<lb/>
						</p>
					</div3>
				</div2>
			</div1>
		</body>
	</text>
</TEI>
