<?xml version="1.0" encoding="UTF-8"?>
<?xml-model href="http://www.tei-c.org/release/xml/tei/custom/schema/relaxng/tei_all.rng" type="application/xml" schematypens="http://relaxng.org/ns/structure/1.0"?>
<?xml-model href="http://www.tei-c.org/release/xml/tei/custom/schema/relaxng/tei_all.rng" type="application/xml"
	schematypens="http://purl.oclc.org/dsdl/schematron"?>
<TEI xmlns="http://www.tei-c.org/ns/1.0">
	<teiHeader>
		<fileDesc>
			<titleStmt>
				<title>Tursko1-149</title>
			</titleStmt>
			<publicationStmt>
				<p>Publication Information</p>
			</publicationStmt>
			<sourceDesc>
				<p/>
			</sourceDesc>
		</fileDesc>
		<xenoData>{ "saji:aspectRatioType": [ "A" ], "saji:fond": [ "Tursko 1" ] }</xenoData>
	</teiHeader>
	<facsimile>
		<surface>
			<graphic url="../../../Tursko%201/DSCN1875.JPG"/>
		</surface>
		<surface>
			<graphic url="../../../Day%203/IMG_0147.JPG"/>
		</surface>
		<surface>
			<graphic url="../../../Day%203/IMG_0148.JPG"/>
		</surface>
		<surface>
			<graphic url="../../../Tursko%201/DSCN1876.JPG"/>
			<zone ulx="300" uly="300" lrx="1545" lry="3227" xml:id="zone_sfm_vdw_cjb"/>
			<zone ulx="317" uly="317" lrx="1287" lry="846" xml:id="zone_w3q_wdw_cjb"/>
			<zone ulx="684" uly="684" lrx="1113" lry="836" xml:id="zone_ok2_xdw_cjb"/>
		</surface>
	</facsimile>
	<text>
		<body>
			<div1 facs="#zone_sfm_vdw_cjb" type="hüccet">
				<p>
					<lb/>
					...					<date type="created" when="1766-03-16" when-custom="1179-10-05">
						fi'l-yevmi'l-hāmis min şehr-i Şevvāl sene
						<lb/>
						<lb/>
						tisʿ ve sabʿīn ve mie ve elif
					</date>
					<lb/>
				</p>
				<div2 facs="#zone_w3q_wdw_cjb" type="sign">
					<p>
						<lb/>
						...
						<lb/>
					</p>
					<div3 facs="#zone_ok2_xdw_cjb" type="stamp">
						<p>
							<lb/>
							...
							<lb/>
						</p>
					</div3>
				</div2>
			</div1>
		</body>
	</text>
</TEI>
