<?xml version="1.0" encoding="UTF-8"?>
<?xml-model href="http://www.tei-c.org/release/xml/tei/custom/schema/relaxng/tei_all.rng" type="application/xml" schematypens="http://relaxng.org/ns/structure/1.0"?>
<?xml-model href="http://www.tei-c.org/release/xml/tei/custom/schema/relaxng/tei_all.rng" type="application/xml"
	schematypens="http://purl.oclc.org/dsdl/schematron"?>
<TEI xmlns="http://www.tei-c.org/ns/1.0">
	<teiHeader>
		<fileDesc>
			<titleStmt>
				<title>Tursko3-169</title>
			</titleStmt>
			<publicationStmt>
				<p>Publication Information</p>
			</publicationStmt>
			<notesStmt>
				<note type="summary">エミンのムカーター内にある非ムスリムの果樹園を、修道院長に対して売却・譲渡することを承認した証文。</note>
			</notesStmt>
			<sourceDesc>
				<p/>
			</sourceDesc>
		</fileDesc>
		<xenoData>{ "saji:aspectRatioType": [ "B" ], "saji:fond": [ "Tursko 3" ] }</xenoData>
	</teiHeader>
	<facsimile>
		<surface>
			<graphic url="../../../Tursko%203/DSCN9086.JPG"/>
			<zone ulx="296" uly="296" lrx="439" lry="539" xml:id="zone_jmc_vxz_flb"/>
		</surface>
		<surface>
			<graphic url="../../../Day%206/IMG_0174.JPG"/>
		</surface>
		<surface>
			<graphic url="../../../Day%206/IMG_0175.JPG"/>
		</surface>
		<surface>
			<graphic url="../../../Tursko%203/DSCN9087.JPG"/>
			<zone ulx="1052" uly="1052" lrx="1971" lry="1528" xml:id="zone_ngp_wxz_flb"/>
		</surface>
		<surface>
			<graphic url="../../../Tursko%203/DSCN9088.JPG"/>
			<zone ulx="254" uly="254" lrx="2082" lry="2990" xml:id="zone_fxx_xxz_flb"/>
			<zone ulx="2454" uly="2454" lrx="404" lry="2810" xml:id="zone_b2j_zxz_flb"/>
		</surface>
	</facsimile>
	<text>
		<body>
			<div1 facs="#zone_fxx_xxz_flb" next="#zone_ngp_wxz_flb" type="EMIN">
				<p>
					<lb/>
					Hüve
					<lb/>
					Vech-i tahrīr-i hurūf oldur ki
					<lb/>
					işbu					<date when-custom="1231">bin iki yüz otuz bir senesine</date>
					 mahsūben ʿuhdemizde bulunan Kirşevo mukātaʿası dāhilinde
					<lb/>
					<placeName>DUSNYA CAʿT</placeName>
					ında					<placeName>DRJVİÇE</placeName>
					 karyesin lede'l-ahālī(?) ... hudūd(?) ... ile
					<lb/>
					karye-i mezbūrde mütemekkinlerin					<persName>BUÇİLANİN PRATO</persName>
					 nām zimmīnin bir kıtʿ bağçesini işbu
					<lb/>
					dārende-i Kirşevo rāhib					<persName>Fra YÜZÜ veledi TOMİÇ</persName>
					 nām zimmīye yiğirmi guruş ... mukābelesinde
					<lb/>
					beyʿ ve ferāğ ve teslīm birle ol dahi ber-minvāl-i muharrer iştirā ve teferrug ve teslīm ve kabz ve kabūl
					<lb/>
					içün tarafımızdan zabt ve tasarrıfına istīzān etmekle fārig-i mesfūrin ferāgatından(?) müşteri
					<lb/>
					mesfūr rāhib izin virilüb tarafımızdan ve taraf-ı āhardan ferd-i vāhid dahi
					<lb/>
					ve taʿarruz eylemeye tahrīren fī					<date type="created" when="1816-08-12" when-custom="1231-09-19">19 N sene 231</date>
				</p>
				<div2 facs="#zone_b2j_zxz_flb" type="sign">
					<p>
						<lb/>
						...
						<lb/>
						Mehmed Mutasarrıf-ı
						<lb/>
						mukātaʿa-i
						<lb/>
						mezbūre
						<lb/>
						M					</p>
					<div3 facs="#zone_jmc_vxz_flb" type="stamp">
						<p>
							<lb/>
							...
							<lb/>
						</p>
					</div3>
				</div2>
				<div2 type="şühūdu'l-hāl">
					<p>
						<lb/>
						Şühūdu'l-hāl
						<lb/>
						ʿAbdüllāh ʿAlemdār Serdār-i Kirşevo
						<lb/>
						Feyzüllāh Ağa İSTKO PLAFEzāde
						<lb/>
						Īvān TOMİÇ
						<lb/>
						YRAJ MANRİÇ
						<lb/>
						ve gayrihim					</p>
				</div2>
			</div1>
			<div1 facs="#zone_ngp_wxz_flb" type="summary_Croatian">
				<p>
					<lb/>
					na					<date when="1816-08-11">11 Augusta 816</date>
					 ...
					<lb/>
					...
					<lb/>
					od ...
					<lb/>
					ja ...				</p>
			</div1>
		</body>
	</text>
</TEI>
