<?xml version="1.0" encoding="UTF-8"?>
<?xml-model href="http://www.tei-c.org/release/xml/tei/custom/schema/relaxng/tei_all.rng" type="application/xml" schematypens="http://relaxng.org/ns/structure/1.0"?>
<?xml-model href="http://www.tei-c.org/release/xml/tei/custom/schema/relaxng/tei_all.rng" type="application/xml"
	schematypens="http://purl.oclc.org/dsdl/schematron"?>
<TEI xmlns="http://www.tei-c.org/ns/1.0">
	<teiHeader>
		<fileDesc>
			<titleStmt>
				<title>Tursko1-002</title>
			</titleStmt>
			<publicationStmt>
				<p>Publication Information</p>
			</publicationStmt>
			<sourceDesc>
				<p/>
			</sourceDesc>
		</fileDesc>
		<xenoData>{ "saji:aspectRatioType": [ "A" ], "saji:calligraphy": [ "Rıkʿa" ], "saji:date_H": [
          "1156-Z-" ], "saji:date_M": [ "1744-02-" ], "saji:foldingMethod": [ "9" ], "saji:fond": [
          "Tursko 1" ], "saji:item": [ "本文", "証人", "オスマン朝スタンプ", "クレシェヴォのスタンプ" ], "saji:lang": [
          "ota" ], "saji:lineage": [ "16" ], "saji:memo": [ "冒頭左上に、定型文らしきもの",
          "最後に、？名の証人の名前：\"Şuhūdu'l-ḥāl\"" ], "saji:number": [ "87" ], "saji:openingPhrase": [
          "Madīna-i Saray Bosna" ], "saji:placeFull": [ "Madīna-i Saray Bosna ḳażāsı ... Foyniçe
          nāḥiyesine tābiʿ nefs-i Kreşevo" ], "saji:relationWithAnotherItems": [ "DSCN0907.JPG_表",
          "表全体像" ], "saji:stamp_c": [ "1" ], "saji:stamp_o": [ "1" ], "saji:type": [ "hüccet" ]
          }</xenoData>
	</teiHeader>
	<facsimile>
		<surface>
			<graphic url="../../../Tursko%201/DSCN0907.JPG"/>
			<zone ulx="418" uly="418" lrx="1700" lry="3200" xml:id="zone_mwj_bjy_y3b"/>
			<zone ulx="871" uly="871" lrx="948" lry="1048" xml:id="zone_jq5_cjy_y3b"/>
		</surface>
		<surface>
			<graphic url="../../../Day%201/IMG_0019.JPG"/>
		</surface>
		<surface>
			<graphic url="../../../Day%201/IMG_0022.JPG"/>
		</surface>
		<surface>
			<graphic url="../../../Day%2018/IMG_0004.JPG"/>
		</surface>
		<surface>
			<graphic url="../../../Day%2018/IMG_0005.JPG"/>
		</surface>
		<surface>
			<graphic url="../../../Tursko%201/DSCN0908.JPG"/>
			<zone ulx="894" uly="894" lrx="3000" lry="1333" xml:id="zone_l1r_2jy_y3b"/>
		</surface>
	</facsimile>
	<text>
		<body>
			<div1 facs="#zone_mwj_bjy_y3b" type="hüccet">
				<l>
					fī					<date from="1744-02-04" from-custom="1156-12-21" to-custom="1156-12-30" type="created">evāhir ve Zi'l-hicce-i şerīf sene sitte ve hamsīn ve miye ve elif</date>
				</l>
				<div3 facs="#zone_jq5_cjy_y3b" type="stamp"/>
			</div1>
			<div1 type="summary_Croatian">
				<l>...</l>
				<l>
					...					<date type="summary_Croatian" when="1744-02-12" when-custom="1156">1156</date>
				</l>
			</div1>
		</body>
	</text>
</TEI>
