<?xml version="1.0" encoding="UTF-8"?>
<?xml-model href="http://www.tei-c.org/release/xml/tei/custom/schema/relaxng/tei_all.rng" type="application/xml" schematypens="http://relaxng.org/ns/structure/1.0"?>
<?xml-model href="http://www.tei-c.org/release/xml/tei/custom/schema/relaxng/tei_all.rng" type="application/xml"
	schematypens="http://purl.oclc.org/dsdl/schematron"?>
<TEI xmlns="http://www.tei-c.org/ns/1.0">
	<teiHeader>
		<fileDesc>
			<titleStmt>
				<title>Tursko3-246</title>
			</titleStmt>
			<publicationStmt>
				<p>Publication Information</p>
			</publicationStmt>
			<notesStmt>
				<note type="summary">非ムスリムの耕作地の、修道院長に対する売却の承認</note>
			</notesStmt>
			<sourceDesc>
				<p/>
			</sourceDesc>
		</fileDesc>
		<xenoData>{ "saji:aspectRatioType": [ "B" ], "saji:fond": [ "Tursko 3" ] }</xenoData>
	</teiHeader>
	<facsimile>
		<surface>
			<graphic url="../../../Tursko%203/DSCN0318.JPG"/>
			<zone ulx="228" uly="228" lrx="2221" lry="2657" xml:id="zone_dqz_ncp_2kb"/>
			<zone ulx="2036" uly="2036" lrx="504" lry="2437" xml:id="zone_iqx_4cp_2kb"/>
		</surface>
		<surface>
			<graphic url="../../../Day%207/IMG_0129.JPG"/>
		</surface>
		<surface>
			<graphic url="../../../Day%207/IMG_0130.JPG"/>
		</surface>
		<surface>
			<graphic url="../../../Tursko%203/DSCN0319.JPG"/>
			<zone ulx="705" uly="705" lrx="3050" lry="1255" xml:id="zone_jwz_pcp_2kb"/>
		</surface>
	</facsimile>
	<text>
		<body>
			<div1 facs="#zone_dqz_ncp_2kb" type="EMIN_zabt_tezkire">
				<p>
					<lb/>
					Hüve
					<lb/>
					Vech-i tahrīr-i hurūf oldur ki
					<lb/>
					işbu					<date when="1844-01-19" when-custom="1259">bin iki yüz elli dokuz senesinde</date>
					 der ʿuhde ve iltizāmımızda bulunan Kirşevo mukātaʿasında ...
					<lb/>
					hudūd dāhilinde bir kıtʿa tarla CFRİNE demekle bir taraf TİLU tarlası ve taraf-ı sānī gardiyān tarlası
					<lb/>
					ve tarafeyin tarīk-i ʿāmyile mahdūd ve mumtāz olub Kirşevo varoş mutavattınlarında zimmī MATO TOLİÇ
					<lb/>
					mutasarrıf eyledüğü işbu dārende-i hurūf Kirşevo kilisadan gardiyān nām-ı mesfūre resmiyle üç yüz
					<lb/>
					otuz guruş bedel mukābelesinde beyʿ-i bāt katʿiyle beyʿ edüb ol dahi kabūl biz dahi mukātaʿa
					<lb/>
					bulunduğumuz hasebiyle gardiyāna tafvīz ve yedine işbu zabt tezkire virildi
					<lb/>
					fī					<date type="created" when="1843-04-07" when-custom="1259-03-08">8 Ra sene 259</date>
				</p>
				<div2 facs="#zone_iqx_4cp_2kb" type="sign">
					<p>
						<lb/>
						El-meʿmūri'l-memhūr
						<lb/>
						Mehmed Emīn-i Mukā-
						<lb/>
						taʿa-i Kirşevo
						<lb/>
						Hālā
						<lb/>
						M
					</p>
				</div2>
				<div2 type="şühūdu'l-hāl">
					<p>
						<lb/>
						Şühūdu'l-hāl
						<lb/>
						CNKİZADE Ahmad ʿAlemdār
						<lb/>
						KOGİÇ İmām
						<lb/>
						Zimmī Īwān YOİÇ
						<lb/>
						Zimmī Īwān PRATKUİÇ
						<lb/>
						Zimmī TUNA KORİÇ
						<lb/>
						ve gayrihim
					</p>
				</div2>
			</div1>
			<div1 facs="#zone_jwz_pcp_2kb" type="summary_Croatian">
				<p>
					<lb/>
					Tapija na njiiu na Komenipu, Koyu ...
					<lb/>
					pismo od Nale Deliea, gr. 525. ...
					<lb/>
					Nno 14.
				</p>
			</div1>
		</body>
	</text>
</TEI>
