<?xml version="1.0" encoding="UTF-8"?>
<?xml-model href="http://www.tei-c.org/release/xml/tei/custom/schema/relaxng/tei_all.rng" type="application/xml" schematypens="http://relaxng.org/ns/structure/1.0"?>
<?xml-model href="http://www.tei-c.org/release/xml/tei/custom/schema/relaxng/tei_all.rng" type="application/xml"
	schematypens="http://purl.oclc.org/dsdl/schematron"?>
<TEI xmlns="http://www.tei-c.org/ns/1.0">
	<teiHeader>
		<fileDesc>
			<titleStmt>
				<title>Tursko3-112</title>
			</titleStmt>
			<publicationStmt>
				<p>Publication Information</p>
			</publicationStmt>
			<sourceDesc>
				<p/>
			</sourceDesc>
		</fileDesc>
		<xenoData>{ "saji:aspectRatioType": [ "B" ], "saji:fond": [ "Tursko 3" ] }</xenoData>
	</teiHeader>
	<facsimile>
		<surface>
			<graphic url="../../../Tursko%203/DSCN9134.JPG"/>
			<zone ulx="500" uly="500" lrx="675" lry="703" xml:id="zone_zz4_gdk_hlb"/>
		</surface>
		<surface>
			<graphic url="../../../Day%206/IMG_0045.JPG"/>
		</surface>
		<surface>
			<graphic url="../../../Day%206/IMG_0046.JPG"/>
		</surface>
		<surface>
			<graphic url="../../../Tursko%203/DSCN9135.JPG"/>
			<zone ulx="50" uly="50" lrx="1792" lry="2858" xml:id="zone_njf_3dk_hlb"/>
			<zone ulx="2133" uly="2133" lrx="1387" lry="2818" xml:id="zone_tnb_4dk_hlb"/>
		</surface>
	</facsimile>
	<text>
		<body>
			<div1 cert="medium" facs="#zone_njf_3dk_hlb" type="hurūf">
				<p>
					<lb/>
					... fī					<date type="created" when="1708-04-01" when-custom="1120-01-11">11 M sene 1120</date>
					<lb/>
				</p>
				<div2 facs="#zone_tnb_4dk_hlb" type="sign">
					<p>
						<lb/>
						...
						<lb/>
					</p>
					<div3 facs="#zone_zz4_gdk_hlb" type="stamp">
						<p>
							<lb/>
							...
							<lb/>
						</p>
					</div3>
				</div2>
			</div1>
		</body>
	</text>
</TEI>
