<?xml version="1.0" encoding="UTF-8"?>
<?xml-model href="http://www.tei-c.org/release/xml/tei/custom/schema/relaxng/tei_all.rng" type="application/xml" schematypens="http://relaxng.org/ns/structure/1.0"?>
<?xml-model href="http://www.tei-c.org/release/xml/tei/custom/schema/relaxng/tei_all.rng" type="application/xml"
	schematypens="http://purl.oclc.org/dsdl/schematron"?>
<TEI xmlns="http://www.tei-c.org/ns/1.0">
	<teiHeader>
		<fileDesc>
			<titleStmt>
				<title>Tursko1-093</title>
			</titleStmt>
			<publicationStmt>
				<p>Publication Information</p>
			</publicationStmt>
			<sourceDesc>
				<p/>
			</sourceDesc>
		</fileDesc>
		<xenoData>{ "saji:aspectRatioType": [ "A" ], "saji:fond": [ "Tursko 1" ] }</xenoData>
	</teiHeader>
	<facsimile>
		<surface>
			<graphic url="../../../Tursko%201/DSCN1766.JPG"/>
			<zone ulx="21" uly="21" lrx="1415" lry="3200" xml:id="zone_w2g_w13_cjb"/>
			<zone ulx="918" uly="918" lrx="1068" lry="1459" xml:id="zone_fwh_y13_cjb"/>
			<zone ulx="1295" uly="1295" lrx="978" lry="1446" xml:id="zone_ewd_z13_cjb"/>
		</surface>
		<surface>
			<graphic url="../../../Day%203/IMG_0019.JPG"/>
		</surface>
		<surface>
			<graphic url="../../../Day%203/IMG_0020.JPG"/>
		</surface>
		<surface>
			<graphic url="../../../Tursko%201/DSCN1767.JPG"/>
			<zone ulx="554" uly="554" lrx="2046" lry="2037" xml:id="zone_zbr_bb3_cjb"/>
		</surface>
	</facsimile>
	<text>
		<body>
			<div1 facs="#zone_w2g_w13_cjb" type="hüccet">
				<p>
					<lb/>
					...					<date type="created" when="1842-12-27" when-custom="1258-11-25">
						fi'l-hāmis ʿaşrīn şehr Zi'l-kaʿada-ı şerīf sene
						<lb/>
						<lb/>
						semān ve hamsīn ve mieteyn ve elif
					</date>
					<lb/>
				</p>
				<div2 facs="#zone_fwh_y13_cjb" type="sign">
					<p>
						<lb/>
						...
						<lb/>
					</p>
					<div3 facs="#zone_ewd_z13_cjb" type="stamp">
						<p>
							<lb/>
							...
							<lb/>
						</p>
					</div3>
				</div2>
			</div1>
			<div1 facs="#zone_zbr_bb3_cjb" type="summary_Croatian">
				<p>
					<lb/>
					<date cert="unknown" type="summary_Croatian" when="1842">1842. ... 10</date>
					<lb/>
				</p>
			</div1>
		</body>
	</text>
</TEI>
