<?xml version="1.0" encoding="UTF-8"?>
<?xml-model href="http://www.tei-c.org/release/xml/tei/custom/schema/relaxng/tei_all.rng" type="application/xml" schematypens="http://relaxng.org/ns/structure/1.0"?>
<?xml-model href="http://www.tei-c.org/release/xml/tei/custom/schema/relaxng/tei_all.rng" type="application/xml"
	schematypens="http://purl.oclc.org/dsdl/schematron"?>
<TEI xmlns="http://www.tei-c.org/ns/1.0">
	<teiHeader>
		<fileDesc>
			<titleStmt>
				<title>Tursko3-118</title>
			</titleStmt>
			<publicationStmt>
				<p>Publication Information</p>
			</publicationStmt>
			<sourceDesc>
				<p/>
			</sourceDesc>
		</fileDesc>
		<xenoData>{ "saji:aspectRatioType": [ "B" ], "saji:fond": [ "Tursko 3" ] }</xenoData>
	</teiHeader>
	<facsimile>
		<surface>
			<graphic url="../../../Tursko%203/DSCN9145.JPG"/>
			<zone ulx="916" uly="916" lrx="2856" lry="1161" xml:id="zone_fxd_jmk_hlb"/>
		</surface>
		<surface>
			<graphic url="../../../Day%206/IMG_0057.JPG"/>
		</surface>
		<surface>
			<graphic url="../../../Day%206/IMG_0058.JPG"/>
		</surface>
		<surface>
			<graphic url="../../../Tursko%203/DSCN9146.JPG"/>
			<zone ulx="845" uly="845" lrx="2023" lry="1095" xml:id="zone_byc_lmk_hlb"/>
			<zone ulx="916" uly="916" lrx="1640" lry="1176" xml:id="zone_nkv_lmk_hlb"/>
			<zone ulx="990" uly="990" lrx="1285" lry="1273" xml:id="zone_mjn_mmk_hlb"/>
		</surface>
		<surface>
			<graphic url="../../../Tursko%203/DSCN9147.JPG"/>
			<zone ulx="290" uly="290" lrx="1682" lry="3054" xml:id="zone_zbm_4mk_hlb"/>
			<zone ulx="2742" uly="2742" lrx="1084" lry="3035" xml:id="zone_k1w_pmk_hlb"/>
			<zone ulx="2644" uly="2644" lrx="806" lry="3017" xml:id="zone_ht5_qmk_hlb"/>
			<zone ulx="2533" uly="2533" lrx="491" lry="2993" xml:id="zone_lfr_rmk_hlb"/>
		</surface>
	</facsimile>
	<text>
		<body>
			<div1 facs="#zone_zbm_4mk_hlb" next="#zone_fxd_jmk_hlb" subtype="temessük" type="EMIN">
				<p>
					<lb/>
					işbu					<date type="created" when="1792-08-17" when-custom="1206">bin iki yüz altı senesine</date>
					 mahsūben der ...
					<lb/>
				</p>
				<div2 facs="#zone_k1w_pmk_hlb" type="sign">
					<p>
						<lb/>
						...
						<lb/>
					</p>
					<div3 facs="#zone_byc_lmk_hlb" type="stamp">
						<p>
							<lb/>
							...
							<lb/>
						</p>
					</div3>
				</div2>
				<div2 facs="#zone_ht5_qmk_hlb" type="sign">
					<p>
						<lb/>
						...
						<lb/>
					</p>
					<div3 facs="#zone_nkv_lmk_hlb" type="stamp">
						<p>
							<lb/>
							...
							<lb/>
						</p>
					</div3>
				</div2>
				<div2 facs="#zone_mjn_mmk_hlb" type="sign">
					<p>
						<lb/>
						...
						<lb/>
					</p>
					<div3 facs="#zone_lfr_rmk_hlb" type="stamp">
						<p>
							<lb/>
							...
							<lb/>
						</p>
					</div3>
				</div2>
			</div1>
			<div1 facs="#zone_fxd_jmk_hlb" type="summary_Croatian">
				<p>
					<lb/>
					...					<date type="summary_Croatian" when="1792">1792</date>
					 ...
					<lb/>
				</p>
			</div1>
		</body>
	</text>
</TEI>
