<?xml version="1.0" encoding="UTF-8"?>
<?xml-model href="http://www.tei-c.org/release/xml/tei/custom/schema/relaxng/tei_all.rng" type="application/xml" schematypens="http://relaxng.org/ns/structure/1.0"?>
<?xml-model href="http://www.tei-c.org/release/xml/tei/custom/schema/relaxng/tei_all.rng" type="application/xml"
	schematypens="http://purl.oclc.org/dsdl/schematron"?>
<TEI xmlns="http://www.tei-c.org/ns/1.0">
	<teiHeader>
		<fileDesc>
			<titleStmt>
				<title>Tursko3-189</title>
			</titleStmt>
			<publicationStmt>
				<p>Publication Information</p>
			</publicationStmt>
			<notesStmt>
				<note type="summary">修道院長からエミンに対する、ウシュルの支払い証明書</note>
			</notesStmt>
			<sourceDesc>
				<p/>
			</sourceDesc>
		</fileDesc>
		<xenoData>{ "saji:aspectRatioType": [ "B" ], "saji:fond": [ "Tursko 3" ] }</xenoData>
	</teiHeader>
	<facsimile>
		<surface>
			<graphic url="../../../Tursko%203/DSCN9039.JPG"/>
			<zone ulx="833" uly="833" lrx="341" lry="1050" xml:id="zone_xpj_tlp_xkb"/>
			<zone ulx="1700" uly="1700" lrx="2221" lry="2462" xml:id="zone_etd_5lp_xkb"/>
		</surface>
		<surface>
			<graphic url="../../../Day%206/IMG_0220.JPG"/>
		</surface>
		<surface>
			<graphic url="../../../Day%206/IMG_0221.JPG"/>
		</surface>
		<surface>
			<graphic url="../../../Day%207/IMG_0002.JPG"/>
		</surface>
		<surface>
			<graphic url="../../../Tursko%203/DSCN9040.JPG"/>
			<zone ulx="-7" uly="-7" lrx="1862" lry="2338" xml:id="zone_x3t_vlp_xkb"/>
			<zone ulx="1912" uly="1912" lrx="471" lry="2293" xml:id="zone_yzt_wlp_xkb"/>
		</surface>
	</facsimile>
	<text>
		<body>
			<div1 cert="low" facs="#zone_x3t_vlp_xkb" next="#zone_etd_5lp_xkb" type="EMIN_edā_tahvīl">
				<p>
					<lb/>
					Hüve
					<lb/>
					Bāʿis-i tahvīl-i kalem oldur ki
					<lb/>
					Kirşevo mukātaʿasına tābiʿ nefs-i Kirşevo varoş kilisaya dā'ir işbu					<date type="created" when="1835-04-27" when-custom="1250">
						bin
						<lb/>
						iki yüz elli senesinin
					</date>
					 hāsıl olunan ʿöşri mahsūlen(?) ... kilisaya mezbūrenin					<lb/>
					gardiyān yediyle(?) tarafımıza tamāmen ve kâmilen defʿ ve iʿtā eyledüğe yedine işbu
					<lb/>
					memhūrlu edā tahvīlimiz virildi vakt-i ... ibrāz oluna
				</p>
				<div2 facs="#zone_yzt_wlp_xkb" type="sign">
					<p>
						<lb/>
						El-me'mūr
						<lb/>
						Bi'l-memhūr
						<lb/>
						REŞİD Süleymān
						<lb/>
						Emīn-i Kirşevo
						<lb/>
						Hālā
					</p>
					<div3 facs="#zone_xpj_tlp_xkb" type="stamp">
						<p>
							<lb/>
							Süleymān
							<lb/>
							Reşid ...
							<lb/>
							...
						</p>
					</div3>
				</div2>
			</div1>
			<div1 facs="#zone_etd_5lp_xkb" type="summary_Croatian">
				<p>
					<lb/>
					...					<date type="summary_Croatian" when="1875">1875</date>
					.
				</p>
			</div1>
		</body>
	</text>
</TEI>
