<?xml version="1.0" encoding="UTF-8"?>
<?xml-model href="http://www.tei-c.org/release/xml/tei/custom/schema/relaxng/tei_all.rng" type="application/xml" schematypens="http://relaxng.org/ns/structure/1.0"?>
<?xml-model href="http://www.tei-c.org/release/xml/tei/custom/schema/relaxng/tei_all.rng" type="application/xml"
	schematypens="http://purl.oclc.org/dsdl/schematron"?>
<TEI xmlns="http://www.tei-c.org/ns/1.0">
	<teiHeader>
		<fileDesc>
			<titleStmt>
				<title>Tursko1-162</title>
			</titleStmt>
			<publicationStmt>
				<p>Publication Information</p>
			</publicationStmt>
			<notesStmt>
				<note type="summary">ボスナのカトリック・ミッレト全体の話。上野論文にあるような、ミッレトの代表がスルタンに対して免除の継続を求めるような内容のもの。</note>
				<note type="mine">改革勅令（1856年）後。</note>
				<note type="mine">おそらく、裏面で修道院が同定しているような‘arż-ı ḥālではない。</note>
				<note type="mine">【要】重要な内容かもしれないので、きちんと転写する。</note>
			</notesStmt>
			<sourceDesc>
				<p/>
			</sourceDesc>
		</fileDesc>
		<xenoData>{ "saji:aspectRatioType": [ "C" ], "saji:fond": [ "Tursko 1" ], "saji:memo": [ "典型" ] }</xenoData>
	</teiHeader>
	<facsimile>
		<surface>
			<graphic url="../../../Tursko%201/DSCN1902.JPG"/>
			<zone ulx="1012" uly="1012" lrx="1975" lry="3175" xml:id="zone_rpn_pcx_cjb"/>
		</surface>
		<surface>
			<graphic url="../../../Day%204/IMG_0027.JPG"/>
		</surface>
		<surface>
			<graphic url="../../../Day%204/IMG_0028.JPG"/>
		</surface>
		<surface>
			<graphic url="../../../Tursko%201/DSCN1903.JPG"/>
		</surface>
		<surface>
			<graphic url="../../../Tursko%201/DSCN1904.JPG"/>
		</surface>
		<surface>
			<graphic url="../../../Tursko%201/DSCN1905.JPG"/>
			<zone ulx="183" uly="183" lrx="2234" lry="1772" xml:id="zone_onn_rcx_cjb"/>
		</surface>
	</facsimile>
	<text>
		<body>
			<div1 cert="low" type="takrīr_sūret">
				<p>
					<lb/>
					... fī					<date type="created" when="1869-06-19" when-custom="1286-03-10">10 Rebi'ü'l-evvel sene 86</date>
					<lb/>
				</p>
			</div1>
			<div1 facs="#zone_onn_rcx_cjb" type="summay_Croatian">
				<p>
					<lb/>
					<date type="summary_Croatian" when="1869">1869</date>
					<lb/>
				</p>
			</div1>
		</body>
	</text>
</TEI>
