<?xml version="1.0" encoding="UTF-8"?>
<?xml-model href="http://www.tei-c.org/release/xml/tei/custom/schema/relaxng/tei_all.rng" type="application/xml" schematypens="http://relaxng.org/ns/structure/1.0"?>
<?xml-model href="http://www.tei-c.org/release/xml/tei/custom/schema/relaxng/tei_all.rng" type="application/xml"
	schematypens="http://purl.oclc.org/dsdl/schematron"?>
<TEI xmlns="http://www.tei-c.org/ns/1.0">
	<teiHeader>
		<fileDesc>
			<titleStmt>
				<title>Tursko1-028</title>
			</titleStmt>
			<publicationStmt>
				<p>Publication Information</p>
			</publicationStmt>
			<notesStmt>
				<note type="mine">日付：buyuruldu、月C or Ca、年(1)193 or (1)194、がはっきりしない。要検討。</note>
			</notesStmt>
			<sourceDesc>
				<p/>
			</sourceDesc>
		</fileDesc>
		<xenoData>{ "saji:aspectRatioType": [ "B" ], "saji:fond": [ "Tursko 1" ] }</xenoData>
	</teiHeader>
	<facsimile>
		<surface>
			<graphic url="../../../Tursko%201/DSCN1001.JPG"/>
			<zone ulx="108" uly="108" lrx="1675" lry="2916" xml:id="zone_zjd_2bg_z3b"/>
			<zone ulx="481" uly="481" lrx="1250" lry="2100" xml:id="zone_ajb_gbg_z3b"/>
		</surface>
		<surface>
			<graphic url="../../../Day%201/IMG_0211.JPG"/>
		</surface>
		<surface>
			<graphic url="../../../Day%201/IMG_0214.JPG"/>
		</surface>
		<surface>
			<graphic url="../../../Tursko%201/DSCN1002.JPG"/>
			<zone ulx="288" uly="288" lrx="3195" lry="877" xml:id="zone_mnn_3bg_z3b"/>
		</surface>
	</facsimile>
	<text>
		<body>
			<div1 facs="#zone_zjd_2bg_z3b" type="ʿarz-ı_hāl"/>
			<div1 facs="#zone_ajb_gbg_z3b" type="buyuruldu">
				<l>
					... fī					<date type="created" when="1779-06-19" when-custom="1193-06-05">5 C 193</date>
				</l>
			</div1>
			<div1 facs="#zone_mnn_3bg_z3b" type="summary_Croatian">
				<l>
					<date type="summary_Croatian" when="1780-01-06" when-custom="1193">1193</date>
					 ...
				</l>
			</div1>
		</body>
	</text>
</TEI>
