<?xml version="1.0" encoding="UTF-8"?>
<?xml-model href="http://www.tei-c.org/release/xml/tei/custom/schema/relaxng/tei_all.rng" type="application/xml" schematypens="http://relaxng.org/ns/structure/1.0"?>
<?xml-model href="http://www.tei-c.org/release/xml/tei/custom/schema/relaxng/tei_all.rng" type="application/xml"
	schematypens="http://purl.oclc.org/dsdl/schematron"?>
<TEI xmlns="http://www.tei-c.org/ns/1.0">
	<teiHeader>
		<fileDesc>
			<titleStmt>
				<title>Tursko3-140</title>
			</titleStmt>
			<publicationStmt>
				<p>Publication Information</p>
			</publicationStmt>
			<notesStmt>
				<note type="mine">【要検討】署名部分の用紙欠損。おそらくエミン文書であると思われるが、内容を読んで断定する必要がある。</note>
			</notesStmt>
			<sourceDesc>
				<p/>
			</sourceDesc>
		</fileDesc>
		<xenoData>{ "saji:aspectRatioType": [ "B" ], "saji:fond": [ "Tursko 3" ] }</xenoData>
	</teiHeader>
	<facsimile>
		<surface>
			<graphic url="../../../Tursko%203/DSCN9116.JPG"/>
			<zone ulx="575" uly="575" lrx="1654" lry="2070" xml:id="zone_vmq_4tv_glb"/>
		</surface>
		<surface>
			<graphic url="../../../Day%206/IMG_0112.JPG"/>
		</surface>
		<surface>
			<graphic url="../../../Day%206/IMG_0113.JPG"/>
		</surface>
		<surface>
			<graphic url="../../../Tursko%203/DSCN9117.JPG"/>
			<zone ulx="190" uly="190" lrx="2355" lry="3135" xml:id="zone_kgs_rtv_glb"/>
		</surface>
	</facsimile>
	<text>
		<body>
			<div1 cert="medium" facs="#zone_kgs_rtv_glb" next="#zone_vmq_4tv_glb" type="EMIN">
				<p>
					<lb/>
					... fī					<date type="created" when="1848-03-22" when-custom="1264-04-17">17 R sene 264</date>
					<lb/>
				</p>
				<div2 type="sign">
					<p>
						<lb/>
						[欠損]
						<lb/>
					</p>
				</div2>
				<div2 type="şühūdu’l-hāl">
					<p>
						<lb/>
						...
						<lb/>
					</p>
				</div2>
			</div1>
			<div1 facs="#zone_vmq_4tv_glb" type="summary_Croatian">
				<p>
					<lb/>
					...					<date type="summary_Croatian" when="1848">1848</date>
					 ...
					<lb/>
				</p>
			</div1>
		</body>
	</text>
</TEI>
