<?xml version="1.0" encoding="UTF-8"?>
<?xml-model href="http://www.tei-c.org/release/xml/tei/custom/schema/relaxng/tei_all.rng" type="application/xml" schematypens="http://relaxng.org/ns/structure/1.0"?>
<?xml-model href="http://www.tei-c.org/release/xml/tei/custom/schema/relaxng/tei_all.rng" type="application/xml"
	schematypens="http://purl.oclc.org/dsdl/schematron"?>
<TEI xmlns="http://www.tei-c.org/ns/1.0">
	<teiHeader>
		<fileDesc>
			<titleStmt>
				<title>Tursko3-157</title>
			</titleStmt>
			<publicationStmt>
				<p>Publication Information</p>
			</publicationStmt>
			<notesStmt>
				<note type="summary">✕</note>
				<note type="mine">字の癖が強いのか、通常と使われている単語がやや違っているからか、ほとんど読めなかった。【要】読み直し。</note>
			</notesStmt>
			<sourceDesc>
				<p/>
			</sourceDesc>
		</fileDesc>
		<xenoData>{ "saji:aspectRatioType": [ "B" ], "saji:fond": [ "Tursko 3" ] }</xenoData>
	</teiHeader>
	<facsimile>
		<surface>
			<graphic url="../../../Tursko%203/DSCN9064.JPG"/>
			<zone ulx="133" uly="133" lrx="2578" lry="833" xml:id="zone_yw5_rqs_flb"/>
			<zone ulx="187" uly="187" lrx="931" lry="2256" xml:id="zone_nm1_tqs_flb"/>
		</surface>
		<surface>
			<graphic url="../../../Day%206/IMG_0149.JPG"/>
		</surface>
		<surface>
			<graphic url="../../../Day%206/IMG_0150.JPG"/>
		</surface>
		<surface>
			<graphic url="../../../Tursko%203/DSCN9065.JPG"/>
			<zone ulx="928" uly="928" lrx="2193" lry="2785" xml:id="zone_bvx_5qs_flb"/>
			<zone ulx="1696" uly="1696" lrx="630" lry="1930" xml:id="zone_fkk_grs_flb"/>
			<zone ulx="2045" uly="2045" lrx="1675" lry="2245" xml:id="zone_xcg_hrs_flb"/>
			<zone ulx="2023" uly="2023" lrx="1445" lry="2321" xml:id="zone_tvd_3rs_flb"/>
			<zone ulx="1987" uly="1987" lrx="1148" lry="2190" xml:id="zone_clb_jrs_flb"/>
			<zone ulx="1921" uly="1921" lrx="848" lry="2133" xml:id="zone_vpx_jrs_flb"/>
			<zone ulx="1939" uly="1939" lrx="539" lry="2157" xml:id="zone_jxs_krs_flb"/>
			<zone ulx="2345" uly="2345" lrx="1657" lry="2572" xml:id="zone_ldv_jss_flb"/>
			<zone ulx="2296" uly="2296" lrx="1357" lry="2587" xml:id="zone_btq_kss_flb"/>
			<zone ulx="2236" uly="2236" lrx="1006" lry="2527" xml:id="zone_psp_lss_flb"/>
		</surface>
	</facsimile>
	<text>
		<body>
			<div1 cert="low" facs="#zone_bvx_5qs_flb" next="#zone_yw5_rqs_flb" type="EMIN_temessük">
				<p>
					<lb/>
					Vech-i tahrīr-i hurūf budur ki
					<lb/>
					işbu					<date from-custom="1141-12-01">bin yüz krık bir senesinin ... olmak üzere māh-ı Zı'l-hicce-i şerīf gürresi günden(?)</date>
					 elli bir gün
					<lb/>
					Kirşevo emīn					<persName>RʿALHAN Ağa</persName>
					 nām ...'ye
					<lb/>
					.... otuz iki on altı ve ...
					<lb/>
					eder üzerlerimize(?) vācib ... edā ve lāzımı'l-... ...					<lb/>
					... Ağa'ya otüz iki ... tamāmen edā ve teslīm eyledüğümüzden sonra işbu
					<lb/>
					memhūrlu temessüğümüz ... olunub ... oluna fī					<date type="created" when="1729-07-19" when-custom="1141-12-23">23 Zı'l-hicce sene 1141</date>
				</p>
				<div2 facs="#zone_fkk_grs_flb" type="sign">
					<p>
						<lb/>
						Bende
						<lb/>
						ZBUYACAH Kirşevo
					</p>
				</div2>
				<div2 facs="#zone_xcg_hrs_flb" type="sign">
					<p>
						<lb/>
						Bende
						<lb/>
						PETER TOMİÇ
					</p>
				</div2>
				<div2 facs="#zone_tvd_3rs_flb" type="sign">
					<p>
						<lb/>
						Bende
						<lb/>
						Īvān
						<lb/>
						ÇÜTÜN
					</p>
				</div2>
				<div2 facs="#zone_clb_jrs_flb" type="sign">
					<p>
						<lb/>
						Bende
						<lb/>
						MİŞU MARKTNA
					</p>
				</div2>
				<div2 facs="#zone_vpx_jrs_flb" type="sign">
					<p>
						<lb/>
						Bende
						<lb/>
						ʿĀSU İstepānbiç
					</p>
				</div2>
				<div2 facs="#zone_jxs_krs_flb" type="sign">
					<p>
						<lb/>
						Bende
						<lb/>
						YRANİÇ Pavro
					</p>
				</div2>
				<div2 facs="#zone_ldv_jss_flb" type="sign">
					<p>
						<lb/>
						Bende
						<lb/>
						Peter TOKOTNA
					</p>
				</div2>
				<div2 facs="#zone_btq_kss_flb" type="sign">
					<p>
						<lb/>
						Bende
						<lb/>
						MACO ŞLOARDE
						<lb/>
						DEAFKA
					</p>
				</div2>
				<div2 facs="#zone_psp_lss_flb" type="sign">
					<p>
						<lb/>
						Bende
						<lb/>
						Īvān
						<lb/>
						YURİNA
					</p>
				</div2>
				<div2 type="şühūdu'l-hāl">
					<p>
						<lb/>
						El-HACCI Mustafa Ağa
						<lb/>
						ÇULDARN Silahdār
						<lb/>
						ŞHRDEYARE
						<lb/>
						ʿOsman Efendī
						<lb/>
						İmām-ı cāmiʿ-i cedīd
						<lb/>
						El-HACCI Caʿfar
						<lb/>
						SRUN
						<lb/>
						ʿAbdüllā Beşe
						<lb/>
						SUSİÇ
					</p>
				</div2>
			</div1>
			<div1 facs="#zone_yw5_rqs_flb" next="#zone_nm1_tqs_flb" type="unkown">
				<p>
					<lb/>
					Meblağ-ı mezbūr ... teslīm olunan beyāndır
					<lb/>
					...
					<lb/>
					<lb/>
					<lb/>
					<lb/>
				</p>
			</div1>
			<div1 facs="#zone_nm1_tqs_flb" type="summary_Croatian">
				<p>
					<lb/>
					<date type="summary_Croatian" when="1810">1810</date>
					. ...
					<lb/>
				</p>
			</div1>
		</body>
	</text>
</TEI>
