<?xml version="1.0" encoding="UTF-8"?>
<?xml-model href="http://www.tei-c.org/release/xml/tei/custom/schema/relaxng/tei_all.rng" type="application/xml" schematypens="http://relaxng.org/ns/structure/1.0"?>
<?xml-model href="http://www.tei-c.org/release/xml/tei/custom/schema/relaxng/tei_all.rng" type="application/xml"
	schematypens="http://purl.oclc.org/dsdl/schematron"?>
<TEI xmlns="http://www.tei-c.org/ns/1.0">
	<teiHeader>
		<fileDesc>
			<titleStmt>
				<title>Tursko1-192</title>
			</titleStmt>
			<publicationStmt>
				<p>Publication Information</p>
			</publicationStmt>
			<notesStmt>
				<note type="mine">【要】日付：月日の読み取りができなかった。要確認。</note>
			</notesStmt>
			<sourceDesc>
				<p/>
			</sourceDesc>
		</fileDesc>
		<xenoData>{ "saji:aspectRatioType": [ "B" ], "saji:fond": [ "Tursko 1" ] }</xenoData>
	</teiHeader>
	<facsimile>
		<surface>
			<graphic url="../../../Tursko%201/DSCN1941.JPG"/>
			<zone ulx="550" uly="550" lrx="2217" lry="1833" xml:id="zone_ns5_svd_djb"/>
			<zone ulx="1435" uly="1435" lrx="678" lry="1657" xml:id="zone_mhy_tvd_djb"/>
		</surface>
		<surface>
			<graphic url="../../../Day%204/IMG_0105.JPG"/>
		</surface>
		<surface>
			<graphic url="../../../Day%204/IMG_0106.JPG"/>
		</surface>
		<surface>
			<graphic url="../../../Tursko%201/DSCN1942.JPG"/>
			<zone ulx="322" uly="322" lrx="3162" lry="1844" xml:id="zone_bbc_vvd_djb"/>
		</surface>
	</facsimile>
	<text>
		<body>
			<div1 facs="#zone_ns5_svd_djb" type="mürāsele_sūret">
				<p>
					<lb/>
					... fī					<date cert="low" type="created" when="1854-02-18" when-custom="1270-05-21">21 Ca sene 70</date>
					<lb/>
				</p>
				<div3 facs="#zone_mhy_tvd_djb" type="stamp_sūret">
					<p>
						<lb/>
						...
						<lb/>
					</p>
				</div3>
			</div1>
			<div1 facs="#zone_bbc_vvd_djb" type="summary_Croatian">
				<p>
					<lb/>
					...
					<lb/>
				</p>
			</div1>
		</body>
	</text>
</TEI>
