<?xml version="1.0" encoding="UTF-8"?>
<?xml-model href="http://www.tei-c.org/release/xml/tei/custom/schema/relaxng/tei_all.rng" type="application/xml" schematypens="http://relaxng.org/ns/structure/1.0"?>
<?xml-model href="http://www.tei-c.org/release/xml/tei/custom/schema/relaxng/tei_all.rng" type="application/xml"
	schematypens="http://purl.oclc.org/dsdl/schematron"?>
<TEI xmlns="http://www.tei-c.org/ns/1.0">
	<teiHeader>
		<fileDesc>
			<titleStmt>
				<title>Tursko3-046</title>
			</titleStmt>
			<publicationStmt>
				<p>Publication Information</p>
			</publicationStmt>
			<sourceDesc>
				<p/>
			</sourceDesc>
		</fileDesc>
		<xenoData>{ "saji:aspectRatioType": [ "B" ], "saji:fond": [ "Tursko 3" ] }</xenoData>
	</teiHeader>
	<facsimile>
		<surface>
			<graphic url="../../../Tursko%203/DSCN9297.JPG"/>
			<zone ulx="872" uly="872" lrx="2628" lry="1355" xml:id="zone_gks_vll_tlb"/>
		</surface>
		<surface>
			<graphic url="../../../Day%205/IMG_0110.JPG"/>
		</surface>
		<surface>
			<graphic url="../../../Day%205/IMG_0111.JPG"/>
		</surface>
		<surface>
			<graphic url="../../../Tursko%203/DSCN9298.JPG"/>
			<zone ulx="290" uly="290" lrx="2354" lry="2763" xml:id="zone_gwl_xll_tlb"/>
			<zone ulx="2168" uly="2168" lrx="1017" lry="2621" xml:id="zone_mrn_yll_tlb"/>
			<zone ulx="2317" uly="2317" lrx="1000" lry="2543" xml:id="zone_s4g_zll_tlb"/>
		</surface>
	</facsimile>
	<text>
		<body>
			<div1 cert="low" facs="#zone_gwl_xll_tlb" next="#zone_gks_vll_tlb" subtype="hurūf" type="EMIN">
				<p>
					<lb/>
					işbu					<date when="1849-11-14" when-custom="1265">bin iki yüz altmış beş senesinde</date>
					 ...
					<lb/>
					...					<date type="created" when="1849-11-14" when-custom="1265">sene 65</date>
				</p>
				<div2 facs="#zone_mrn_yll_tlb" type="sign">
					<p>
						<lb/>
						...
						<lb/>
					</p>
					<div3 facs="#zone_s4g_zll_tlb" type="stamp_sūret">
						<p>
							<lb/>
							...
							<lb/>
						</p>
					</div3>
				</div2>
				<div2 type="şühūdu’l-hāl">
					<p>
						<lb/>
						...
						<lb/>
					</p>
				</div2>
			</div1>
			<div1 facs="#zone_gks_vll_tlb" type="summary_Croatian">
				<p>
					<lb/>
					<date from="1847-12-07" from-custom="1263" to-custom="1265" type="summary_Croatian">1263. - 1265</date>
					.
					<lb/>
					Nno. 8.				</p>
			</div1>
		</body>
	</text>
</TEI>
