<?xml version="1.0" encoding="UTF-8"?>
<?xml-model href="http://www.tei-c.org/release/xml/tei/custom/schema/relaxng/tei_all.rng" type="application/xml" schematypens="http://relaxng.org/ns/structure/1.0"?>
<?xml-model href="http://www.tei-c.org/release/xml/tei/custom/schema/relaxng/tei_all.rng" type="application/xml"
	schematypens="http://purl.oclc.org/dsdl/schematron"?>
<TEI xmlns="http://www.tei-c.org/ns/1.0">
	<teiHeader>
		<fileDesc>
			<titleStmt>
				<title>Tursko2-018</title>
			</titleStmt>
			<publicationStmt>
				<p>Publication Information</p>
			</publicationStmt>
			<notesStmt>
				<note type="mine">【要】再撮影：裏面のクロアチア語要約が一部しか映っていないので再撮影する。</note>
			</notesStmt>
			<sourceDesc>
				<p/>
			</sourceDesc>
		</fileDesc>
		<xenoData>{ "saji:aspectRatioType": [ "n/a" ], "saji:fond": [ "Tursko 2" ] }</xenoData>
	</teiHeader>
	<facsimile>
		<surface>
			<graphic url="../../../Tursko%202/DSCN8961.JPG"/>
			<zone ulx="888" uly="888" lrx="2978" lry="1438" xml:id="zone_hhs_jkn_2jb"/>
		</surface>
		<surface>
			<graphic url="../../../Day%204/IMG_0208.JPG"/>
		</surface>
		<surface>
			<graphic url="../../../Day%204/IMG_0209.JPG"/>
		</surface>
		<surface>
			<graphic url="../../../Day%204/IMG_0210.JPG"/>
		</surface>
		<surface>
			<graphic url="../../../Tursko%202/DSCN8962.JPG"/>
			<zone ulx="609" uly="609" lrx="2173" lry="3154" xml:id="zone_npd_mkn_2jb"/>
		</surface>
		<surface>
			<graphic url="../../../Tursko%202/DSCN8963.JPG"/>
			<zone ulx="888" uly="888" lrx="3026" lry="1475" xml:id="zone_z4g_4kn_2jb"/>
			<zone ulx="1081" uly="1081" lrx="3011" lry="1253" xml:id="zone_o1d_pkn_2jb"/>
		</surface>
		<surface>
			<graphic url="../../../Tursko%202/DSCN8964.JPG"/>
			<zone ulx="2010" uly="2010" lrx="507" lry="2281" xml:id="zone_ams_qkn_2jb"/>
		</surface>
		<surface>
			<graphic url="../../../Tursko%202/DSCN8965.JPG"/>
			<zone ulx="252" uly="252" lrx="3035" lry="1105" xml:id="zone_vdw_skn_2jb"/>
		</surface>
	</facsimile>
	<text>
		<body>
			<div1 facs="#zone_npd_mkn_2jb" type="fermān_sūret">
				<p>
					<lb/>
					...					<date type="created" when="1783-10-11" when-custom="1197-11-15">fi'l-yevmi'l-hāmis ʿaşar Zi'l-kaʿade sene sabʿ tisʿīn ve mie ve elif</date>
					<lb/>
				</p>
				<div2 facs="#zone_ams_qkn_2jb" type="sign_sūret">
					<p>
						<lb/>
						...
						<lb/>
					</p>
				</div2>
			</div1>
			<div2 facs="#zone_z4g_4kn_2jb" type="sign">
				<p>
					<lb/>
					...
					<lb/>
				</p>
				<div3 facs="#zone_o1d_pkn_2jb" type="stamp">
					<p>
						<lb/>
						...
						<lb/>
					</p>
				</div3>
			</div2>
			<div1 facs="#zone_vdw_skn_2jb" type="summary_Croatian">
				<p>
					<lb/>
					...					<date when="1784-11-12" when-custom="1198">1198</date>
					.
					<lb/>
				</p>
			</div1>
			<div1 facs="#zone_hhs_jkn_2jb" type="summary_Croatian">
				<p>
					<lb/>
					Datum:					<date type="summary_Croatian" when="1783-10-11" when-custom="1197-11-15">15. zilkade 1197</date>
					 -					<date type="summary_Croatian" when="1783-10-12">12. oktobar 1783</date>
					.
					<lb/>
				</p>
			</div1>
		</body>
	</text>
</TEI>
