<?xml version="1.0" encoding="UTF-8"?>
<?xml-model href="http://www.tei-c.org/release/xml/tei/custom/schema/relaxng/tei_all.rng" type="application/xml" schematypens="http://relaxng.org/ns/structure/1.0"?>
<?xml-model href="http://www.tei-c.org/release/xml/tei/custom/schema/relaxng/tei_all.rng" type="application/xml"
	schematypens="http://purl.oclc.org/dsdl/schematron"?>
<TEI xmlns="http://www.tei-c.org/ns/1.0">
	<teiHeader>
		<fileDesc>
			<titleStmt>
				<title>Tursko1-031</title>
			</titleStmt>
			<publicationStmt>
				<p>Publication Information</p>
			</publicationStmt>
			<sourceDesc>
				<p/>
			</sourceDesc>
		</fileDesc>
		<xenoData>{ "saji:aspectRatioType": [ "B" ], "saji:fond": [ "Tursko 1" ] }</xenoData>
	</teiHeader>
	<facsimile>
		<surface>
			<graphic url="../../../Tursko%201/DSCN1007.JPG"/>
			<zone ulx="1892" uly="1892" lrx="1616" lry="3069" xml:id="zone_vty_4rg_z3b"/>
		</surface>
		<surface>
			<graphic url="../../../Day%202/IMG_0226.JPG"/>
		</surface>
		<surface>
			<graphic url="../../../Day%202/IMG_0228.JPG"/>
		</surface>
		<surface>
			<graphic url="../../../Tursko%201/DSCN1008.JPG"/>
			<zone ulx="591" uly="591" lrx="654" lry="795" xml:id="zone_usr_qrg_z3b"/>
		</surface>
	</facsimile>
	<text>
		<body>
			<div1 facs="#zone_vty_4rg_z3b" type="iʿlām">
				<l>
					... fī					<date type="created" when="1798-05-13" when-custom="1212-11-28">28 Zi'l-kaʿade 1212</date>
				</l>
			</div1>
			<div3 facs="#zone_usr_qrg_z3b" type="stamp"/>
		</body>
	</text>
</TEI>
