<?xml version="1.0" encoding="UTF-8"?>
<?xml-model href="http://www.tei-c.org/release/xml/tei/custom/schema/relaxng/tei_all.rng" type="application/xml" schematypens="http://relaxng.org/ns/structure/1.0"?>
<?xml-model href="http://www.tei-c.org/release/xml/tei/custom/schema/relaxng/tei_all.rng" type="application/xml"
	schematypens="http://purl.oclc.org/dsdl/schematron"?>
<TEI xmlns="http://www.tei-c.org/ns/1.0">
	<teiHeader>
		<fileDesc>
			<titleStmt>
				<title>Tursko2-011</title>
			</titleStmt>
			<publicationStmt>
				<p>Publication Information</p>
			</publicationStmt>
			<sourceDesc>
				<p/>
			</sourceDesc>
		</fileDesc>
		<xenoData>{ "saji:aspectRatioType": [ "C" ], "saji:fond": [ "Tursko 2" ] }</xenoData>
	</teiHeader>
	<facsimile>
		<surface>
			<graphic url="../../../Tursko%202/DSCN8937.JPG"/>
			<zone ulx="281" uly="281" lrx="2550" lry="2250" xml:id="zone_h12_tg1_2jb"/>
			<zone ulx="1738" uly="1738" lrx="1212" lry="2236" xml:id="zone_fgx_5g1_2jb"/>
			<zone ulx="605" uly="605" lrx="2865" lry="916" xml:id="zone_rlw_vg1_2jb"/>
			<zone ulx="703" uly="703" lrx="2857" lry="791" xml:id="zone_hj1_xg1_2jb"/>
		</surface>
		<surface>
			<graphic url="../../../Day%204/IMG_0170.JPG"/>
		</surface>
		<surface>
			<graphic url="../../../Day%204/IMG_0171.JPG"/>
		</surface>
		<surface>
			<graphic url="../../../Day%204/IMG_0174.JPG"/>
		</surface>
		<surface>
			<graphic url="../../../Day%204/IMG_0176.JPG"/>
		</surface>
		<surface>
			<graphic url="../../../Day%204/IMG_0177.JPG"/>
		</surface>
		<surface>
			<graphic url="../../../Day%204/IMG_0180.JPG"/>
		</surface>
		<surface>
			<graphic url="../../../Tursko%202/DSCN8938.JPG"/>
		</surface>
		<surface>
			<graphic url="../../../Tursko%202/DSCN8939.JPG"/>
			<zone ulx="427" uly="427" lrx="2862" lry="1250" xml:id="zone_bx3_zg1_2jb"/>
		</surface>
	</facsimile>
	<text>
		<body>
			<div1 facs="#zone_h12_tg1_2jb" type="fermān_sūret">
				<p>
					<lb/>
					...					<date from="1775-04-02" from-custom="1189-02-01" to-custom="1189-02-10" type="created">
						evāil şehr
						<lb/>
						<lb/>
						Saferi'l-... sene tisʿ ve semānīn ve mie ve elif
					</date>
					<lb/>
				</p>
				<div2 facs="#zone_fgx_5g1_2jb" type="sign">
					<p>
						<lb/>
						...
						<lb/>
					</p>
				</div2>
			</div1>
			<div2 facs="#zone_rlw_vg1_2jb" type="sign">
				<p>
					<lb/>
					...
					<lb/>
				</p>
				<div3 facs="#zone_hj1_xg1_2jb" type="stamp">
					<p>
						<lb/>
						...
						<lb/>
					</p>
				</div3>
			</div2>
			<div1 facs="#zone_bx3_zg1_2jb" type="summary_Croatian">
				<p>
					<lb/>
					Datum:					<date from="1775-04-02" from-custom="1189-02-01" to-custom="1189-02-10" type="summary_Croatian">I dekada sefer 1189</date>
					 -					<date from="1775-04-03" to="1775-04-12" type="summary_Croatian">3-12 aprila 1775</date>
					<lb/>
				</p>
			</div1>
		</body>
	</text>
</TEI>
