<?xml version="1.0" encoding="UTF-8"?>
<?xml-model href="http://www.tei-c.org/release/xml/tei/custom/schema/relaxng/tei_all.rng" type="application/xml" schematypens="http://relaxng.org/ns/structure/1.0"?>
<?xml-model href="http://www.tei-c.org/release/xml/tei/custom/schema/relaxng/tei_all.rng" type="application/xml"
	schematypens="http://purl.oclc.org/dsdl/schematron"?>
<TEI xmlns="http://www.tei-c.org/ns/1.0">
	<teiHeader>
		<fileDesc>
			<titleStmt>
				<title>Tursko1-175</title>
			</titleStmt>
			<publicationStmt>
				<p>Publication Information</p>
			</publicationStmt>
			<notesStmt>
				<note type="mine">【要】日付：1281 or 1181 年　要検討。</note>
			</notesStmt>
			<sourceDesc>
				<p/>
			</sourceDesc>
		</fileDesc>
		<xenoData>{ "saji:aspectRatioType": [ "C" ], "saji:fond": [ "Tursko 1" ], "saji:type": [
               "ṣūret-i ṭapu senedi" ] }</xenoData>
	</teiHeader>
	<facsimile>
		<surface>
			<graphic url="../../../Tursko%201/DSCN1951.JPG"/>
			<zone ulx="180" uly="180" lrx="2178" lry="3134" xml:id="zone_dy3_q12_djb"/>
			<zone ulx="2727" uly="2727" lrx="1306" lry="2959" xml:id="zone_tkh_r12_djb"/>
			<zone ulx="2835" uly="2835" lrx="1298" lry="2944" xml:id="zone_ohw_r12_djb"/>
			<zone ulx="2692" uly="2692" lrx="1077" lry="2901" xml:id="zone_kh3_s12_djb"/>
			<zone ulx="2774" uly="2774" lrx="1064" lry="2883" xml:id="zone_rfv_s12_djb"/>
			<zone ulx="2659" uly="2659" lrx="835" lry="2850" xml:id="zone_unz_pb2_djb"/>
			<zone ulx="2694" uly="2694" lrx="831" lry="2846" xml:id="zone_mcl_qb2_djb"/>
			<zone ulx="2551" uly="2551" lrx="542" lry="2777" xml:id="zone_esf_rb2_djb"/>
			<zone ulx="2635" uly="2635" lrx="537" lry="2772" xml:id="zone_w52_sb2_djb"/>
		</surface>
		<surface>
			<graphic url="../../../Day%204/IMG_0059.JPG"/>
		</surface>
		<surface>
			<graphic url="../../../Day%204/IMG_0060.JPG"/>
		</surface>
		<surface>
			<graphic url="../../../Tursko%201/DSCN1952.JPG"/>
			<zone ulx="816" uly="816" lrx="2589" lry="1300" xml:id="zone_z42_512_djb"/>
		</surface>
	</facsimile>
	<text>
		<body>
			<div1 facs="#zone_dy3_q12_djb" type="ʿilmühaber_tapu_senedi_sūret">
				<p>
					<lb/>
					... fī					<date cert="medium" type="created" when="1864-10-09" when-custom="1281-05-09">9 Cemaziye'l-evvel sene
                  81</date>
					<lb/>
				</p>
				<div2 facs="#zone_tkh_r12_djb" type="sign_sūret">
					<p>
						<lb/>
						...
						<lb/>
					</p>
					<div3 facs="#zone_ohw_r12_djb" type="stamp_sūret">
						<p>
							<lb/>
							...
							<lb/>
						</p>
					</div3>
				</div2>
				<div2 facs="#zone_kh3_s12_djb" type="sign_sūret">
					<p>
						<lb/>
						...
						<lb/>
					</p>
					<div3 facs="#zone_rfv_s12_djb" type="stamp_sūret">
						<p>
							<lb/>
							...
							<lb/>
						</p>
					</div3>
				</div2>
				<div2 facs="#zone_unz_pb2_djb" type="sign_sūret">
					<p>
						<lb/>
						...
						<lb/>
					</p>
					<div3 facs="#zone_mcl_qb2_djb" type="stamp_sūret">
						<p>
							<lb/>
							...
							<lb/>
						</p>
					</div3>
				</div2>
				<div2 facs="#zone_esf_rb2_djb" type="sign_sūret">
					<p>
						<lb/>
						...
						<lb/>
					</p>
					<div3 facs="#zone_w52_sb2_djb" type="stamp_sūret">
						<p>
							<lb/>
							...
							<lb/>
						</p>
					</div3>
				</div2>
			</div1>
			<div1 facs="#zone_z42_512_djb" type="summary_Croatian">
				<p>
					<lb/>
					...					<date type="summary_Croatian" when="1875">1875</date>
					.
					<lb/>
				</p>
			</div1>
		</body>
	</text>
</TEI>
