<?xml version="1.0" encoding="UTF-8"?>
<?xml-model href="http://www.tei-c.org/release/xml/tei/custom/schema/relaxng/tei_all.rng" type="application/xml" schematypens="http://relaxng.org/ns/structure/1.0"?>
<?xml-model href="http://www.tei-c.org/release/xml/tei/custom/schema/relaxng/tei_all.rng" type="application/xml"
	schematypens="http://purl.oclc.org/dsdl/schematron"?>
<TEI xmlns="http://www.tei-c.org/ns/1.0">
	<teiHeader>
		<fileDesc>
			<titleStmt>
				<title>Tursko3-175</title>
			</titleStmt>
			<publicationStmt>
				<p>Publication Information</p>
			</publicationStmt>
			<sourceDesc>
				<p/>
			</sourceDesc>
		</fileDesc>
		<xenoData>{ "saji:aspectRatioType": [ "B" ], "saji:fond": [ "Tursko 3" ] }</xenoData>
	</teiHeader>
	<facsimile>
		<surface>
			<graphic url="../../../Tursko%203/DSCN9016.JPG"/>
			<zone ulx="1066" uly="1066" lrx="2745" lry="1355" xml:id="zone_q2k_fq4_xkb"/>
		</surface>
		<surface>
			<graphic url="../../../Day%206/IMG_0188.JPG"/>
		</surface>
		<surface>
			<graphic url="../../../Day%206/IMG_0189.JPG"/>
		</surface>
		<surface>
			<graphic url="../../../Tursko%203/DSCN9017.JPG"/>
			<zone ulx="200" uly="200" lrx="1954" lry="3245" xml:id="zone_u1n_hq4_xkb"/>
			<zone ulx="2305" uly="2305" lrx="1329" lry="3216" xml:id="zone_fbz_3q4_xkb"/>
			<zone ulx="2764" uly="2764" lrx="975" lry="3035" xml:id="zone_b5z_jq4_xkb"/>
		</surface>
	</facsimile>
	<text>
		<body>
			<div1 facs="#zone_u1n_hq4_xkb" next="#zone_q2k_fq4_xkb" type="tezkire">
				<p>
					<lb/>
					... fī					<date type="created" when="1768-09-20" when-custom="1182-05-09">9 Ca sene 1182</date>
					<lb/>
				</p>
				<div2 facs="#zone_fbz_3q4_xkb" type="sign">
					<p>
						<lb/>
						...
						<lb/>
					</p>
					<div3 facs="#zone_b5z_jq4_xkb" type="stamp">
						<p>
							<lb/>
							...
							<lb/>
						</p>
					</div3>
				</div2>
			</div1>
			<div1 facs="#zone_q2k_fq4_xkb" type="summary_Croatian">
				<p>
					<lb/>
					...					<date type="summary_Croatian" when="1769">1769</date>
					 ...
					<lb/>
				</p>
			</div1>
		</body>
	</text>
</TEI>
