<?xml version="1.0" encoding="UTF-8"?>
<?xml-model href="http://www.tei-c.org/release/xml/tei/custom/schema/relaxng/tei_all.rng" type="application/xml" schematypens="http://relaxng.org/ns/structure/1.0"?>
<?xml-model href="http://www.tei-c.org/release/xml/tei/custom/schema/relaxng/tei_all.rng" type="application/xml"
	schematypens="http://purl.oclc.org/dsdl/schematron"?>
<TEI xmlns="http://www.tei-c.org/ns/1.0">
	<teiHeader>
		<fileDesc>
			<titleStmt>
				<title>Tursko1-125</title>
			</titleStmt>
			<publicationStmt>
				<p>Publication Information</p>
			</publicationStmt>
			<notesStmt>
				<note type="summary">ジズヤの支払い証明</note>
				<note type="summary">ジズヤ関連</note>
				<note type="mine">【要】日付：すべて年代は下二桁しか記述されていない。ルールに基づき1200年代と判断したが、要検討。</note>
			</notesStmt>
			<sourceDesc>
				<p/>
			</sourceDesc>
		</fileDesc>
		<xenoData>{ "saji:aspectRatioType": [ "C" ], "saji:fond": [ "Tursko 1" ], "saji:memo": [ "典型" ] }</xenoData>
	</teiHeader>
	<facsimile>
		<surface>
			<graphic url="../../../Tursko%201/DSCN1824.JPG"/>
			<zone ulx="278" uly="278" lrx="2197" lry="878" xml:id="zone_hbc_g54_cjb"/>
			<zone ulx="637" uly="637" lrx="1816" lry="778" xml:id="zone_brg_nv4_cjb"/>
			<zone ulx="258" uly="258" lrx="1708" lry="850" xml:id="zone_zdw_tv4_cjb"/>
			<zone ulx="750" uly="750" lrx="1330" lry="835" xml:id="zone_pcp_5v4_cjb"/>
			<zone ulx="249" uly="249" lrx="1184" lry="861" xml:id="zone_db2_vv4_cjb"/>
			<zone ulx="739" uly="739" lrx="798" lry="855" xml:id="zone_crc_wv4_cjb"/>
			<zone ulx="253" uly="253" lrx="647" lry="881" xml:id="zone_x3v_wv4_cjb"/>
			<zone ulx="765" uly="765" lrx="255" lry="877" xml:id="zone_yzp_xv4_cjb"/>
			<zone ulx="901" uly="901" lrx="2229" lry="1607" xml:id="zone_zpn_zv4_cjb"/>
			<zone ulx="1467" uly="1467" lrx="1850" lry="1596" xml:id="zone_oms_1w4_cjb"/>
			<zone ulx="899" uly="899" lrx="1715" lry="1590" xml:id="zone_fqj_bw4_cjb"/>
			<zone ulx="1457" uly="1457" lrx="1327" lry="1570" xml:id="zone_asd_cw4_cjb"/>
			<zone ulx="905" uly="905" lrx="1176" lry="1562" xml:id="zone_czw_cw4_cjb"/>
			<zone ulx="1417" uly="1417" lrx="805" lry="1547" xml:id="zone_p2c_2w4_cjb"/>
			<zone ulx="891" uly="891" lrx="635" lry="1496" xml:id="zone_dgb_fw4_cjb"/>
			<zone ulx="1354" uly="1354" lrx="243" lry="1492" xml:id="zone_tx5_fw4_cjb"/>
			<zone ulx="1725" uly="1725" lrx="2245" lry="2398" xml:id="zone_ezq_hw4_cjb"/>
			<zone ulx="2230" uly="2230" lrx="1835" lry="2392" xml:id="zone_pbh_jw4_cjb"/>
			<zone ulx="1707" uly="1707" lrx="1723" lry="2384" xml:id="zone_ubz_jw4_cjb"/>
			<zone ulx="2209" uly="2209" lrx="1307" lry="2376" xml:id="zone_ynq_kw4_cjb"/>
			<zone ulx="1707" uly="1707" lrx="1174" lry="2345" xml:id="zone_vz3_lw4_cjb"/>
			<zone ulx="2205" uly="2205" lrx="758" lry="2337" xml:id="zone_hjb_mw4_cjb"/>
			<zone ulx="1695" uly="1695" lrx="635" lry="2433" xml:id="zone_cwy_mw4_cjb"/>
			<zone ulx="2234" uly="2234" lrx="245" lry="2429" xml:id="zone_kpq_nw4_cjb"/>
			<zone ulx="2420" uly="2420" lrx="2230" lry="3180" xml:id="zone_mmy_4w4_cjb"/>
			<zone ulx="2647" uly="2647" lrx="1267" lry="2807" xml:id="zone_qwz_pw4_cjb"/>
			<zone ulx="2668" uly="2668" lrx="1184" lry="2778" xml:id="zone_ztq_rw4_cjb"/>
			<zone ulx="2477" uly="2477" lrx="1291" lry="2625" xml:id="zone_fkm_sw4_cjb"/>
			<zone ulx="2494" uly="2494" lrx="1193" lry="2618" xml:id="zone_wnb_tw4_cjb"/>
		</surface>
		<surface>
			<graphic url="../../../Day%203/IMG_0096.JPG"/>
		</surface>
		<surface>
			<graphic url="../../../Day%203/IMG_0097.JPG"/>
		</surface>
		<surface>
			<graphic url="../../../Tursko%201/DSCN1825.JPG"/>
		</surface>
		<surface>
			<graphic url="../../../Tursko%201/DSCN1826.JPG"/>
		</surface>
	</facsimile>
	<text>
		<body>
			<div1 facs="#zone_hbc_g54_cjb" type="ʿilmühaber">
				<p>
					<lb/>
					... fī					<date type="created" when="1854-04-13" when-custom="1270-07-16">16 B sene 70</date>
					<lb/>
				</p>
				<div2 facs="#zone_brg_nv4_cjb" type="sign">
					<p>
						<lb/>
						...
						<lb/>
					</p>
				</div2>
			</div1>
			<div1 facs="#zone_zdw_tv4_cjb" type="ʿilmühaber">
				<p>
					<lb/>
					... fī					<date type="created" when="1854-04-10" when-custom="1270-07-13">13 B sene 70</date>
					<lb/>
				</p>
				<div2 facs="#zone_pcp_5v4_cjb" type="sign">
					<p>
						<lb/>
						...
						<lb/>
					</p>
				</div2>
			</div1>
			<div1 facs="#zone_db2_vv4_cjb" type="ʿilmühaber">
				<p>
					<lb/>
					... fī					<date type="created" when="1854-04-28" when-custom="1270-08-01">gürre Ş sene 70</date>
					<lb/>
				</p>
				<div2 facs="#zone_crc_wv4_cjb" type="sign">
					<p>
						<lb/>
						...
						<lb/>
					</p>
				</div2>
			</div1>
			<div1 facs="#zone_x3v_wv4_cjb" type="ʿilmühaber">
				<p>
					<lb/>
					...					<date cert="low" type="created" when="1853-09-29" when-custom="1269--26">sene 69 fī 26</date>
					 ...
					<lb/>
				</p>
				<div2 facs="#zone_yzp_xv4_cjb" type="sign">
					<p>
						<lb/>
						...
						<lb/>
					</p>
				</div2>
			</div1>
			<div1 facs="#zone_zpn_zv4_cjb" type="ʿilmühaber">
				<p>
					<lb/>
					... fī					<date type="created" when="1854-03-29" when-custom="1270-07-01">gürre B sene 70</date>
					<lb/>
				</p>
				<div2 facs="#zone_oms_1w4_cjb" type="sign">
					<p>
						<lb/>
						...
						<lb/>
					</p>
				</div2>
			</div1>
			<div1 facs="#zone_fqj_bw4_cjb" type="ʿilmühaber">
				<p>
					<lb/>
					... fī					<date type="created" when="1853-12-21" when-custom="1270-03-21">21 Ra sene 70</date>
					<lb/>
				</p>
				<div2 facs="#zone_asd_cw4_cjb" type="sign">
					<p>
						<lb/>
						...
						<lb/>
					</p>
				</div2>
			</div1>
			<div1 facs="#zone_czw_cw4_cjb" type="ʿilmühaber">
				<p>
					<lb/>
					...
					<lb/>
				</p>
				<div2 facs="#zone_p2c_2w4_cjb" type="sign">
					<p>
						<lb/>
						...
						<lb/>
					</p>
				</div2>
			</div1>
			<div1 facs="#zone_dgb_fw4_cjb" type="ʿilmühaber">
				<p>
					<lb/>
					... fī					<date type="created" when="1853-12-15" when-custom="1270-03-15">15 Ra sene 70</date>
					<lb/>
				</p>
				<div2 facs="#zone_tx5_fw4_cjb" type="sign">
					<p>
						<lb/>
						...
						<lb/>
					</p>
				</div2>
			</div1>
			<div1 facs="#zone_ezq_hw4_cjb" type="ʿilmühaber">
				<p>
					<lb/>
					... fī					<date type="created" when="1854-09-07" when-custom="1270--15">15 ... sene 70</date>
					<lb/>
				</p>
				<div2 facs="#zone_pbh_jw4_cjb" type="sign">
					<p>
						<lb/>
						...
						<lb/>
					</p>
				</div2>
			</div1>
			<div1 facs="#zone_ubz_jw4_cjb" type="ʿilmühaber">
				<p>
					<lb/>
					... fī					<date type="created" when="1854-04-12" when-custom="1270-07-15">15 Receb sene 70</date>
					<lb/>
				</p>
				<div2 facs="#zone_ynq_kw4_cjb" type="sign">
					<p>
						<lb/>
						...
						<lb/>
					</p>
				</div2>
			</div1>
			<div1 facs="#zone_vz3_lw4_cjb" type="ʿilmühaber">
				<p>
					<lb/>
					... fī ...					<date type="created" when="1854-09-21" when-custom="1270">sene 70</date>
					<lb/>
				</p>
				<div2 facs="#zone_hjb_mw4_cjb" type="sign">
					<p>
						<lb/>
						...
						<lb/>
					</p>
				</div2>
			</div1>
			<div1 facs="#zone_cwy_mw4_cjb" type="ʿilmühaber">
				<p>
					<lb/>
					... fī					<date type="created" when="1854-05-12" when-custom="1270-08-15">15 Ş sene 70</date>
					<lb/>
				</p>
				<div2 facs="#zone_kpq_nw4_cjb" type="sign">
					<p>
						<lb/>
						...
						<lb/>
					</p>
				</div2>
			</div1>
			<div1 facs="#zone_mmy_4w4_cjb" type="ʿedā_senedi">
				<p>
					<lb/>
					... fī					<date type="created" when="1854-09-17" when-custom="1270-12-25">25 Z sene 70</date>
					<lb/>
				</p>
				<div2 facs="#zone_qwz_pw4_cjb" type="sign">
					<p>
						<lb/>
						...
						<lb/>
					</p>
					<div3 facs="#zone_ztq_rw4_cjb" type="stamp">
						<p>
							<lb/>
							...
							<lb/>
						</p>
					</div3>
				</div2>
				<div2 facs="#zone_fkm_sw4_cjb" type="sign">
					<p>
						<lb/>
						...
						<lb/>
					</p>
					<div3 facs="#zone_wnb_tw4_cjb" type="stamp">
						<p>
							<lb/>
							...
							<lb/>
						</p>
					</div3>
				</div2>
			</div1>
		</body>
	</text>
</TEI>
