<?xml version="1.0" encoding="UTF-8"?>
<?xml-model href="http://www.tei-c.org/release/xml/tei/custom/schema/relaxng/tei_all.rng" type="application/xml" schematypens="http://relaxng.org/ns/structure/1.0"?>
<?xml-model href="http://www.tei-c.org/release/xml/tei/custom/schema/relaxng/tei_all.rng" type="application/xml"
	schematypens="http://purl.oclc.org/dsdl/schematron"?>
<TEI xmlns="http://www.tei-c.org/ns/1.0">
	<teiHeader>
		<fileDesc>
			<titleStmt>
				<title>Tursko3-100</title>
			</titleStmt>
			<publicationStmt>
				<p>Publication Information</p>
			</publicationStmt>
			<sourceDesc>
				<p/>
			</sourceDesc>
		</fileDesc>
		<xenoData>{ "saji:aspectRatioType": [ "B" ], "saji:fond": [ "Tursko 3" ] }</xenoData>
	</teiHeader>
	<facsimile>
		<surface>
			<graphic url="../../../Tursko%203/DSCN9213.JPG"/>
			<zone ulx="369" uly="369" lrx="2892" lry="2200" xml:id="zone_uwx_vqt_klb"/>
		</surface>
		<surface>
			<graphic url="../../../Day%206/IMG_0021.JPG"/>
		</surface>
		<surface>
			<graphic url="../../../Day%206/IMG_0022.JPG"/>
		</surface>
		<surface>
			<graphic url="../../../Tursko%203/DSCN9214.JPG"/>
			<zone ulx="154" uly="154" lrx="2227" lry="2872" xml:id="zone_k1k_yqt_klb"/>
			<zone ulx="2317" uly="2317" lrx="686" lry="2831" xml:id="zone_cnk_zqt_klb"/>
		</surface>
	</facsimile>
	<text>
		<body>
			<div1 cert="low" facs="#zone_k1k_yqt_klb" next="#zone_uwx_vqt_klb" subtype="temessük" type="EMIN">
				<p>
					<lb/>
					işbu					<date type="created" when="1820-10-06" when-custom="1235">bin iki yüz otuz beş senesinde</date>
					 der ...
					<lb/>
				</p>
				<div2 facs="#zone_cnk_zqt_klb" type="sign">
					<p>
						<lb/>
						...
						<lb/>
					</p>
				</div2>
				<div2 type="şühūdu’l-hāl">
					<p>
						<lb/>
						...
						<lb/>
					</p>
				</div2>
			</div1>
			<div1 facs="#zone_uwx_vqt_klb" type="summary_Croatian">
				<p>
					<lb/>
					...					<date type="summary_Croatian" when="1820-10-06" when-custom="1235">1235</date>
					.
					<lb/>
				</p>
			</div1>
		</body>
	</text>
</TEI>
