<?xml version="1.0" encoding="UTF-8"?>
<?xml-model href="http://www.tei-c.org/release/xml/tei/custom/schema/relaxng/tei_all.rng" type="application/xml" schematypens="http://relaxng.org/ns/structure/1.0"?>
<?xml-model href="http://www.tei-c.org/release/xml/tei/custom/schema/relaxng/tei_all.rng" type="application/xml"
	schematypens="http://purl.oclc.org/dsdl/schematron"?>
<TEI xmlns="http://www.tei-c.org/ns/1.0">
	<teiHeader>
		<fileDesc>
			<titleStmt>
				<title>Tursko3-268</title>
			</titleStmt>
			<publicationStmt>
				<p>Publication Information</p>
			</publicationStmt>
			<notesStmt>
				<note type="summary">ムスリムの耕作地の、修道院長に対する売却の承認</note>
			</notesStmt>
			<sourceDesc>
				<p/>
			</sourceDesc>
		</fileDesc>
		<xenoData>{ "saji:aspectRatioType": [ "B" ], "saji:fond": [ "Tursko 3" ] }</xenoData>
	</teiHeader>
	<facsimile>
		<surface>
			<graphic url="../../../Tursko%203/DSCN0375.JPG"/>
			<zone ulx="58" uly="58" lrx="2375" lry="2716" xml:id="zone_xnt_5ff_pkb"/>
			<zone ulx="2232" uly="2232" lrx="677" lry="2693" xml:id="zone_y1z_vff_pkb"/>
		</surface>
		<surface>
			<graphic url="../../../Day%207/IMG_0179.JPG"/>
		</surface>
		<surface>
			<graphic url="../../../Day%207/IMG_0180.JPG"/>
		</surface>
		<surface>
			<graphic url="../../../Tursko%203/DSCN0376.JPG"/>
			<zone ulx="852" uly="852" lrx="779" lry="1061" xml:id="zone_tft_yff_pkb"/>
			<zone ulx="2175" uly="2175" lrx="2166" lry="3007" xml:id="zone_k1r_zff_pkb"/>
		</surface>
	</facsimile>
	<text>
		<body>
			<div1 facs="#zone_xnt_5ff_pkb" next="#zone_k1r_zff_pkb" type="EMIN_zabt_tezkire_sūret">
				<p>
					<lb/>
					Hüve
					<lb/>
					Vech-i tahrīr-i hurūf oldur ki
					<lb/>
					işbu					<date type="created" when="1845-01-08" when-custom="1260">bin iki yüz altmış senesinde</date>
					 der ʿuhde ve iltizāmımızda bulunan Kirşevo mukātaʿasına tābiʿ
					<lb/>
					... hudūd dāhilinde bir kıtʿa tarla KUÇUİÇE demekle bir taraf MATO ... tarlası
					<lb/>
					ve taraf-ı sānī MATO RALİÇ tarla ve taraf-ı sālis BOTOK hudūd ile ve taraf-ı rābiʿ tarīk-i
					<lb/>
					ʿām ile mahdūd ve mümtāz olub Kirşevo kasabasında mukīm eden HACIRoğlu Mustafa ʿAlemdār
					<lb/>
					mutasarrıf eylediği işbu dārende-i hurūf Kirşevo varoş kilisada gardiyān nām-ı mesfūre
					<lb/>
					resmiyle dört yüz guruş bedel mukābelesinde beyʿ-i bāt katʿiyle beyʿ edüb ol dahi kabūl biz dahi
					<lb/>
					me'mūr olduğumuz hasebiyle gardiyāna tafvīz birle(?) ve yedine işbu zabt tezkiresi virildi				</p>
				<div2 facs="#zone_y1z_vff_pkb" type="sign">
					<p>
						<lb/>
						El-me'mūrı'l-memhūr
						<lb/>
						Mehmed Emīn-i Mukā-
						<lb/>
						taʿ-i Kirşevo
						<lb/>
						Hālā
						<lb/>
						M					</p>
					<div3 facs="#zone_tft_yff_pkb" type="stamp_sūret">
						<p>
							<lb/>
							...
							<lb/>
						</p>
					</div3>
				</div2>
				<div2 type="şühūdu'l-hāl">
					<p>
						<lb/>
						Şühūdu'l-hāl
						<lb/>
						MRDALD Mollā Mehmed ʿan Kirşevo
						<lb/>
						PRNİÇ Mollā İbrāhīm ʿan mezbūr
						<lb/>
						Mollā Mehmed HABRADĞLİ
						<lb/>
						ve gayrihim
					</p>
				</div2>
				<div2 type="note">
					<p>
						<lb/>
						Tekâlif-i ...
					</p>
				</div2>
			</div1>
			<div1 facs="#zone_k1r_zff_pkb" type="summary_Croatian">
				<p>
					<lb/>
					Na ... od ... gr: 400. ...
					<lb/>
					...					<date type="summary_Croatian" when="1844">1844</date>
					. Nno 16.				</p>
			</div1>
		</body>
	</text>
</TEI>
