<?xml version="1.0" encoding="UTF-8"?>
<?xml-model href="http://www.tei-c.org/release/xml/tei/custom/schema/relaxng/tei_all.rng" type="application/xml" schematypens="http://relaxng.org/ns/structure/1.0"?>
<?xml-model href="http://www.tei-c.org/release/xml/tei/custom/schema/relaxng/tei_all.rng" type="application/xml"
	schematypens="http://purl.oclc.org/dsdl/schematron"?>
<TEI xmlns="http://www.tei-c.org/ns/1.0">
	<teiHeader>
		<fileDesc>
			<titleStmt>
				<title>Tursko3-139</title>
			</titleStmt>
			<publicationStmt>
				<p>Publication Information</p>
			</publicationStmt>
			<sourceDesc>
				<p/>
			</sourceDesc>
		</fileDesc>
		<xenoData>{ "saji:aspectRatioType": [ "B" ], "saji:fond": [ "Tursko 3" ] }</xenoData>
	</teiHeader>
	<facsimile>
		<surface>
			<graphic url="../../../Tursko%203/DSCN9114.JPG"/>
			<zone ulx="828" uly="828" lrx="663" lry="1031" xml:id="zone_fsc_ksv_glb"/>
			<zone ulx="497" uly="497" lrx="1604" lry="636" xml:id="zone_try_ksv_glb"/>
		</surface>
		<surface>
			<graphic url="../../../Day%206/IMG_0109.JPG"/>
		</surface>
		<surface>
			<graphic url="../../../Day%206/IMG_0111.JPG"/>
		</surface>
		<surface>
			<graphic url="../../../Tursko%203/DSCN9115.JPG"/>
			<zone ulx="63" uly="63" lrx="2163" lry="3218" xml:id="zone_dfl_msv_glb"/>
			<zone ulx="2516" uly="2516" lrx="365" lry="3089" xml:id="zone_j5r_rsv_glb"/>
		</surface>
	</facsimile>
	<text>
		<body>
			<div1 facs="#zone_dfl_msv_glb" next="#zone_try_ksv_glb" subtype="zabt_temessük" type="EMIN">
				<p>
					<lb/>
					işbu					<date when="1823-09-05" when-custom="1238">bin iki yüz otuz sekiz senesinde</date>
					 der ...
					<lb/>
					... fī					<date type="created" when="1823-05-10" when-custom="1238-08-29">29 Ş sene 238</date>
				</p>
				<div2 facs="#zone_j5r_rsv_glb" type="sign">
					<p>
						<lb/>
						...						<lb/>
					</p>
					<div3 facs="#zone_fsc_ksv_glb" type="stamp">
						<p>
							<lb/>
							...
							<lb/>
						</p>
					</div3>
				</div2>
			</div1>
			<div1 facs="#zone_try_ksv_glb" type="summary_Croatian">
				<p>
					<lb/>
					...					<date type="summary_Croatian" when="1823">1823</date>
					<lb/>
				</p>
			</div1>
		</body>
	</text>
</TEI>
