<?xml version="1.0" encoding="UTF-8"?>
<?xml-model href="http://www.tei-c.org/release/xml/tei/custom/schema/relaxng/tei_all.rng" type="application/xml" schematypens="http://relaxng.org/ns/structure/1.0"?>
<?xml-model href="http://www.tei-c.org/release/xml/tei/custom/schema/relaxng/tei_all.rng" type="application/xml"
	schematypens="http://purl.oclc.org/dsdl/schematron"?>
<TEI xmlns="http://www.tei-c.org/ns/1.0">
	<teiHeader>
		<fileDesc>
			<titleStmt>
				<title>Tursko3-201</title>
			</titleStmt>
			<publicationStmt>
				<p>Publication Information</p>
			</publicationStmt>
			<notesStmt>
				<note type="summary"/>
				<note type="mine">mürāsele、かつEMINが作成したものかどうか署名からは判断できなかったので、転写見送り。またmürāseleを集中的に読むときに【要】再読。</note>
			</notesStmt>
			<sourceDesc>
				<p/>
			</sourceDesc>
		</fileDesc>
		<xenoData>{ "saji:aspectRatioType": [ "B" ], "saji:fond": [ "Tursko 3" ] }</xenoData>
	</teiHeader>
	<facsimile>
		<surface>
			<graphic url="../../../Tursko%203/DSCN8984.JPG"/>
			<zone ulx="868" uly="868" lrx="2734" lry="1244" xml:id="zone_g2k_wtx_wkb"/>
		</surface>
		<surface>
			<graphic url="../../../Day%207/IMG_0025.JPG"/>
		</surface>
		<surface>
			<graphic url="../../../Day%207/IMG_0026.JPG"/>
		</surface>
		<surface>
			<graphic url="../../../Day%207/IMG_0076.JPG"/>
		</surface>
		<surface>
			<graphic url="../../../Tursko%203/DSCN8985.JPG"/>
			<zone ulx="781" uly="781" lrx="812" lry="970" xml:id="zone_kcs_ytx_wkb"/>
		</surface>
		<surface>
			<graphic url="../../../Tursko%203/DSCN8986.JPG"/>
			<zone ulx="123" uly="123" lrx="2308" lry="2615" xml:id="zone_lpz_ztx_wkb"/>
			<zone ulx="2278" uly="2278" lrx="678" lry="2559" xml:id="zone_e5g_b5x_wkb"/>
		</surface>
	</facsimile>
	<text>
		<body>
			<div1 cert="unknown" facs="#zone_lpz_ztx_wkb" next="#zone_g2k_wtx_wkb" type="mürāsele">
				<p>
					<lb/>
					... fī					<date cert="low" type="created" when="1791-01-12" when-custom="1205-05-08">8 Ca sene 1205</date>
					<lb/>
				</p>
				<div2 facs="#zone_e5g_b5x_wkb" type="sign">
					<p>
						<lb/>
						...
						<lb/>
					</p>
					<div3 facs="#zone_kcs_ytx_wkb" type="stamp">
						<p>
							<lb/>
							...
							<lb/>
						</p>
					</div3>
				</div2>
				<div2 type="şühūdu'l-hāl">
					<p>
						<lb/>
						...
						<lb/>
					</p>
				</div2>
			</div1>
			<div1 facs="#zone_g2k_wtx_wkb" type="summary_Croatian">
				<p>
					<lb/>
					...
					<lb/>
				</p>
			</div1>
		</body>
	</text>
</TEI>
