<?xml version="1.0" encoding="UTF-8"?>
<?xml-model href="http://www.tei-c.org/release/xml/tei/custom/schema/relaxng/tei_all.rng" type="application/xml" schematypens="http://relaxng.org/ns/structure/1.0"?>
<?xml-model href="http://www.tei-c.org/release/xml/tei/custom/schema/relaxng/tei_all.rng" type="application/xml"
	schematypens="http://purl.oclc.org/dsdl/schematron"?>
<TEI xmlns="http://www.tei-c.org/ns/1.0">
	<teiHeader>
		<fileDesc>
			<titleStmt>
				<title>Tursko3-060</title>
			</titleStmt>
			<publicationStmt>
				<p>Publication Information</p>
			</publicationStmt>
			<sourceDesc>
				<p/>
			</sourceDesc>
		</fileDesc>
		<xenoData>{ "saji:aspectRatioType": [ "B" ], "saji:fond": [ "Tursko 3" ] }</xenoData>
	</teiHeader>
	<facsimile>
		<surface>
			<graphic url="../../../Tursko%203/DSCN9233.JPG"/>
			<zone ulx="583" uly="583" lrx="2639" lry="1588" xml:id="zone_w32_hrs_mlb"/>
		</surface>
		<surface>
			<graphic url="../../../Day%205/IMG_0139.JPG"/>
		</surface>
		<surface>
			<graphic url="../../../Day%205/IMG_0140.JPG"/>
		</surface>
		<surface>
			<graphic url="../../../Tursko%203/DSCN9234.JPG"/>
			<zone ulx="200" uly="200" lrx="2116" lry="2561" xml:id="zone_ymr_3rs_mlb"/>
			<zone ulx="1983" uly="1983" lrx="561" lry="2200" xml:id="zone_b3m_krs_mlb"/>
		</surface>
	</facsimile>
	<text>
		<body>
			<div1 facs="#zone_ymr_3rs_mlb" next="#zone_w32_hrs_mlb" subtype="temessük" type="EMIN">
				<p>
					<lb/>
					işbu					<date type="created" when="1835-04-27" when-custom="1250">bin iki yüz elli senesinde</date>
					 der ...
					<lb/>
				</p>
				<div2 facs="#zone_b3m_krs_mlb" type="sign">
					<p>
						<lb/>
						...
						<lb/>
					</p>
				</div2>
				<div2 type="şühūdu’l-hāl">
					<p>
						<lb/>
						...
						<lb/>
					</p>
				</div2>
			</div1>
			<div1 facs="#zone_w32_hrs_mlb" type="summary_Croatian">
				<p>
					<lb/>
					...					<date type="summary_Croatian" when="1837">1837</date>
					. -					<date type="summary_Croatian" when="1835-04-27" when-custom="1250">1250</date>
					.
					<lb/>
				</p>
			</div1>
		</body>
	</text>
</TEI>
