<?xml version="1.0" encoding="UTF-8"?>
<?xml-model href="http://www.tei-c.org/release/xml/tei/custom/schema/relaxng/tei_all.rng" type="application/xml" schematypens="http://relaxng.org/ns/structure/1.0"?>
<?xml-model href="http://www.tei-c.org/release/xml/tei/custom/schema/relaxng/tei_all.rng" type="application/xml"
	schematypens="http://purl.oclc.org/dsdl/schematron"?>
<TEI xmlns="http://www.tei-c.org/ns/1.0">
	<teiHeader>
		<fileDesc>
			<titleStmt>
				<title>Tursko3-079</title>
			</titleStmt>
			<publicationStmt>
				<p>Publication Information</p>
			</publicationStmt>
			<sourceDesc>
				<p/>
			</sourceDesc>
		</fileDesc>
		<xenoData>{ "saji:aspectRatioType": [ "A" ], "saji:fond": [ "Tursko 3" ] }</xenoData>
	</teiHeader>
	<facsimile>
		<surface>
			<graphic url="../../../Tursko%203/DSCN9355.JPG"/>
			<zone ulx="327" uly="327" lrx="1673" lry="3100" xml:id="zone_uwc_vy1_zlb"/>
			<zone ulx="372" uly="372" lrx="1276" lry="997" xml:id="zone_elg_zy1_zlb"/>
			<zone ulx="825" uly="825" lrx="959" lry="985" xml:id="zone_wcg_1z1_zlb"/>
		</surface>
		<surface>
			<graphic url="../../../Day%205/IMG_0180.JPG"/>
		</surface>
		<surface>
			<graphic url="../../../Day%205/IMG_0181.JPG"/>
		</surface>
	</facsimile>
	<text>
		<body>
			<div1 facs="#zone_uwc_vy1_zlb" type="hüccet">
				<p>
					<lb/>
					hurira fī					<date cert="low" from="1725-05-23" from-custom="1137-09-11" to-custom="1137-09-20" type="created">evāsit şehr Ramazāni'l-mubārek sene sabʿ ve selāsūn ve mie ve
						elif</date>
					<lb/>
				</p>
				<div2 facs="#zone_elg_zy1_zlb" type="sign">
					<p>
						<lb/>
						...
						<lb/>
					</p>
					<div3 facs="#zone_wcg_1z1_zlb" type="stamp">
						<p>
							<lb/>
							...
							<lb/>
						</p>
					</div3>
				</div2>
				<div2 type="şühūdu’l-hāl">
					<p>
						<lb/>
						...
						<lb/>
					</p>
				</div2>
			</div1>
		</body>
	</text>
</TEI>
