<?xml version="1.0" encoding="UTF-8"?>
<?xml-model href="http://www.tei-c.org/release/xml/tei/custom/schema/relaxng/tei_all.rng" type="application/xml" schematypens="http://relaxng.org/ns/structure/1.0"?>
<?xml-model href="http://www.tei-c.org/release/xml/tei/custom/schema/relaxng/tei_all.rng" type="application/xml"
	schematypens="http://purl.oclc.org/dsdl/schematron"?>
<TEI xmlns="http://www.tei-c.org/ns/1.0">
	<teiHeader>
		<fileDesc>
			<titleStmt>
				<title>Tursko3-217</title>
			</titleStmt>
			<publicationStmt>
				<p>Publication Information</p>
			</publicationStmt>
			<notesStmt>
				<note type="summary">字に慣れられずほとんど読めていないので、後で【要】要約。</note>
				<note type="mine">何の裏面か特定できず、DSCN8971.JPGの画像に写っているのがこの文書であることから、サイズは「B」ではないかと推定した。</note>
				<note type="mine">その後、DSCN8973.JPGの裏面であると断定した。</note>
				<note type="mine">【要】サイズ認定については要確認</note>
			</notesStmt>
			<sourceDesc>
				<p/>
			</sourceDesc>
		</fileDesc>
		<xenoData>{ "saji:aspectRatioType": [ "B?" ], "saji:fond": [ "Tursko 3" ] }</xenoData>
	</teiHeader>
	<facsimile>
		<surface>
			<graphic url="../../../Tursko%203/DSCN8972.JPG"/>
			<zone ulx="277" uly="277" lrx="3134" lry="1022" xml:id="zone_rn4_1hh_skb"/>
		</surface>
		<surface>
			<graphic url="../../../Day%207/IMG_0063.JPG"/>
		</surface>
		<surface>
			<graphic url="../../../Day%207/IMG_0064.JPG"/>
		</surface>
		<surface>
			<graphic url="../../../Tursko%203/DSCN8973.JPG"/>
			<zone ulx="1616" uly="1616" lrx="1592" lry="2950" xml:id="zone_iwc_wgh_skb"/>
			<zone ulx="2697" uly="2697" lrx="500" lry="2930" xml:id="zone_d1z_xgh_skb"/>
		</surface>
	</facsimile>
	<text>
		<body>
			<div1 facs="#zone_iwc_wgh_skb" type="unkown">
				<p>
					<lb/>
					Kirşevo karyesinde(?) vākiʿ ... nām ... cānibinde
					<lb/>
					... ve sā'ir ile ... inhā ... el-mülāsele  Kirşevo'da
					<lb/>
					vākiʿ ruhbān(?) kilisa arāzīlerinden yayla(?) ve mahalle-i mezkūrede ...
					<lb/>
					tarīki'l-... olan çayırlar ve arāzīleri üzerinde ... tarīk-i ... ile
					<lb/>
					... tarīk-i kadīm ... şerʿ-i şerīf ve mübāşir
					<lb/>
					... müslimīn ile baʿde'l-... ve'l-... kadīm tarīk ... olub
					<lb/>
					... çayır ve arāzīlerinden ... ve ... tarīk ... muhtāc ...
					<lb/>
					bi'l-taleb ... tarīk-i kadīm ile
					<lb/>
					... ruhbānān arāzī ve çaryırlarından ... tarīk-i ... ile ....
					<lb/>
					fī					<date cert="low" type="created" when="1778-01-27" when-custom="1191">... 1191</date>
				</p>
				<div2 facs="#zone_d1z_xgh_skb" type="sign">
					<p>
						<lb/>
						...
						<lb/>
						<lb/>
						<lb/>
					</p>
				</div2>
			</div1>
			<div1 facs="#zone_rn4_1hh_skb" type="summary_Serbian">
				<p>
					<lb/>
					... 22 ...					<date type="summary_Serbian" when="1778">1778</date>
					 ...
					<lb/>
					...
					<lb/>
					...
					<lb/>
					...
				</p>
			</div1>
		</body>
	</text>
</TEI>
