<?xml version="1.0" encoding="UTF-8"?>
<?xml-model href="http://www.tei-c.org/release/xml/tei/custom/schema/relaxng/tei_all.rng" type="application/xml" schematypens="http://relaxng.org/ns/structure/1.0"?>
<?xml-model href="http://www.tei-c.org/release/xml/tei/custom/schema/relaxng/tei_all.rng" type="application/xml"
	schematypens="http://purl.oclc.org/dsdl/schematron"?>
<TEI xmlns="http://www.tei-c.org/ns/1.0">
	<teiHeader>
		<fileDesc>
			<titleStmt>
				<title>Tursko3-094</title>
			</titleStmt>
			<publicationStmt>
				<p>Publication Information</p>
			</publicationStmt>
			<sourceDesc>
				<p/>
			</sourceDesc>
		</fileDesc>
		<xenoData>{ "saji:aspectRatioType": [ "B" ], "saji:fond": [ "Tursko 3" ] }</xenoData>
	</teiHeader>
	<facsimile>
		<surface>
			<graphic url="../../../Tursko%203/DSCN9362.JPG"/>
			<zone ulx="805" uly="805" lrx="2745" lry="1255" xml:id="zone_mhz_d2g_zlb"/>
		</surface>
		<surface>
			<graphic url="../../../Day%206/IMG_0008.JPG"/>
		</surface>
		<surface>
			<graphic url="../../../Day%206/IMG_0009.JPG"/>
		</surface>
		<surface>
			<graphic url="../../../Tursko%203/DSCN9363.JPG"/>
			<zone ulx="1072" uly="1072" lrx="2254" lry="3002" xml:id="zone_z3l_f2g_zlb"/>
			<zone ulx="2618" uly="2618" lrx="463" lry="2994" xml:id="zone_sdk_h2g_zlb"/>
		</surface>
	</facsimile>
	<text>
		<body>
			<div1 facs="#zone_z3l_f2g_zlb" next="#zone_mhz_d2g_zlb" subtype="zabt_tezkire" type="EMIN">
				<p>
					<lb/>
					...					<date type="created" when="1773-03-23" when-custom="1186">sene 1186</date>
					<lb/>
				</p>
				<div2 facs="#zone_sdk_h2g_zlb" type="sign">
					<p>
						<lb/>
						...
						<lb/>
					</p>
				</div2>
				<div2 type="şühūdu’l-hāl">
					<p>
						<lb/>
						...
						<lb/>
					</p>
				</div2>
			</div1>
			<div1 facs="#zone_mhz_d2g_zlb" type="summary_Croatian">
				<p>
					<lb/>
					...
					<lb/>
				</p>
			</div1>
		</body>
	</text>
</TEI>
