<?xml version="1.0" encoding="UTF-8"?>
<?xml-model href="http://www.tei-c.org/release/xml/tei/custom/schema/relaxng/tei_all.rng" type="application/xml" schematypens="http://relaxng.org/ns/structure/1.0"?>
<?xml-model href="http://www.tei-c.org/release/xml/tei/custom/schema/relaxng/tei_all.rng" type="application/xml"
	schematypens="http://purl.oclc.org/dsdl/schematron"?>
<TEI xmlns="http://www.tei-c.org/ns/1.0">
	<teiHeader>
		<fileDesc>
			<titleStmt>
				<title>Tursko3-232</title>
			</titleStmt>
			<publicationStmt>
				<p>Publication Information</p>
			</publicationStmt>
			<sourceDesc>
				<p/>
			</sourceDesc>
		</fileDesc>
		<xenoData>{ "saji:aspectRatioType": [ "F" ], "saji:fond": [ "Tursko 3" ] }</xenoData>
	</teiHeader>
	<facsimile>
		<surface>
			<graphic url="../../../Tursko%203/DSCN0397.JPG"/>
			<zone ulx="490" uly="490" lrx="2109" lry="2954" xml:id="zone_bvs_223_qkb"/>
			<zone ulx="2015" uly="2015" lrx="1477" lry="2942" xml:id="zone_cdd_g23_qkb"/>
			<zone ulx="2434" uly="2434" lrx="1466" lry="2938" xml:id="zone_ktb_h23_qkb"/>
		</surface>
		<surface>
			<graphic url="../../../Day%207/IMG_0100.JPG"/>
		</surface>
		<surface>
			<graphic url="../../../Day%207/IMG_0101.JPG"/>
		</surface>
	</facsimile>
	<text>
		<body>
			<div1 facs="#zone_bvs_223_qkb" subtype="cizye_ödeme" type="makbūz">
				<p>
					<lb/>
					... fī					<date cert="low" type="created" when="1842-02-10" when-custom="1257">... sene 57</date>
					<lb/>
				</p>
				<div2 facs="#zone_cdd_g23_qkb" type="sign">
					<p>
						<lb/>
						Bende ... Ahmad
						<lb/>
					</p>
					<div3 facs="#zone_ktb_h23_qkb" type="stamp">
						<p>
							<lb/>
							<lb/>
						</p>
					</div3>
				</div2>
			</div1>
		</body>
	</text>
</TEI>
