<?xml version="1.0" encoding="UTF-8"?>
<?xml-model href="http://www.tei-c.org/release/xml/tei/custom/schema/relaxng/tei_all.rng" type="application/xml" schematypens="http://relaxng.org/ns/structure/1.0"?>
<?xml-model href="http://www.tei-c.org/release/xml/tei/custom/schema/relaxng/tei_all.rng" type="application/xml"
	schematypens="http://purl.oclc.org/dsdl/schematron"?>
<TEI xmlns="http://www.tei-c.org/ns/1.0">
	<teiHeader>
		<fileDesc>
			<titleStmt>
				<title>Tursko3-077</title>
			</titleStmt>
			<publicationStmt>
				<p>Publication Information</p>
			</publicationStmt>
			<sourceDesc>
				<p/>
			</sourceDesc>
		</fileDesc>
		<xenoData>{ "saji:aspectRatioType": [ "B" ], "saji:fond": [ "Tursko 3" ] }</xenoData>
	</teiHeader>
	<facsimile>
		<surface>
			<graphic url="../../../Tursko%203/DSCN9351.JPG"/>
			<zone ulx="1261" uly="1261" lrx="1816" lry="2715" xml:id="zone_x2d_w51_zlb"/>
			<zone ulx="2400" uly="2400" lrx="650" lry="2673" xml:id="zone_qcn_y51_zlb"/>
		</surface>
		<surface>
			<graphic url="../../../Day%205/IMG_0174.JPG"/>
		</surface>
		<surface>
			<graphic url="../../../Day%205/IMG_0175.JPG"/>
		</surface>
		<surface>
			<graphic url="../../../Day%205/IMG_0176.JPG"/>
		</surface>
		<surface>
			<graphic url="../../../Day%205/IMG_0177.JPG"/>
		</surface>
	</facsimile>
	<text>
		<body>
			<div1 facs="#zone_qcn_y51_zlb" type="unkown">
				<p>
					<lb/>
					...					<date type="created" when="1727-08-16" when-custom="1139-12">Zı'l-hicce-i şerīf sene 1139</date>
					<lb/>
				</p>
				<div2 facs="#zone_x2d_w51_zlb" type="sign">
					<p>
						<lb/>
						...
						<lb/>
					</p>
				</div2>
			</div1>
		</body>
	</text>
</TEI>
