<?xml version="1.0" encoding="UTF-8"?>
<?xml-model href="http://www.tei-c.org/release/xml/tei/custom/schema/relaxng/tei_all.rng" type="application/xml" schematypens="http://relaxng.org/ns/structure/1.0"?>
<?xml-model href="http://www.tei-c.org/release/xml/tei/custom/schema/relaxng/tei_all.rng" type="application/xml"
	schematypens="http://purl.oclc.org/dsdl/schematron"?>
<TEI xmlns="http://www.tei-c.org/ns/1.0">
	<teiHeader>
		<fileDesc>
			<titleStmt>
				<title>Tursko3-059</title>
			</titleStmt>
			<publicationStmt>
				<p>Publication Information</p>
			</publicationStmt>
			<sourceDesc>
				<p/>
			</sourceDesc>
		</fileDesc>
		<xenoData>{ "saji:aspectRatioType": [ "B" ], "saji:fond": [ "Tursko 3" ] }</xenoData>
	</teiHeader>
	<facsimile>
		<surface>
			<graphic url="../../../Tursko%203/DSCN9237.JPG"/>
			<zone ulx="844" uly="844" lrx="2767" lry="1683" xml:id="zone_abv_dts_mlb"/>
		</surface>
		<surface>
			<graphic url="../../../Day%205/IMG_0137.JPG"/>
		</surface>
		<surface>
			<graphic url="../../../Day%205/IMG_0138.JPG"/>
		</surface>
		<surface>
			<graphic url="../../../Tursko%203/DSCN9238.JPG"/>
			<zone ulx="176" uly="176" lrx="2339" lry="2653" xml:id="zone_byj_fts_mlb"/>
			<zone ulx="2093" uly="2093" lrx="676" lry="2631" xml:id="zone_qzw_gts_mlb"/>
		</surface>
	</facsimile>
	<text>
		<body>
			<div1 facs="#zone_byj_fts_mlb" next="#zone_abv_dts_mlb" subtype="zabt_temessük" type="EMIN">
				<p>
					<lb/>
					işbu					<date type="created" when="1835-04-27" when-custom="1250">bin iki yüz elli senesinde</date>
					 der ...
					<lb/>
				</p>
				<div2 facs="#zone_qzw_gts_mlb" type="sign">
					<p>
						<lb/>
						...
						<lb/>
					</p>
				</div2>
				<div2 type="şühūdu’l-hāl">
					<p>
						<lb/>
						...
						<lb/>
					</p>
				</div2>
			</div1>
			<div1 facs="#zone_abv_dts_mlb" type="summary_Croatian">
				<p>
					<lb/>
					...
					<lb/>
				</p>
			</div1>
		</body>
	</text>
</TEI>
