<?xml version="1.0" encoding="UTF-8"?>
<?xml-model href="http://www.tei-c.org/release/xml/tei/custom/schema/relaxng/tei_all.rng" type="application/xml" schematypens="http://relaxng.org/ns/structure/1.0"?>
<?xml-model href="http://www.tei-c.org/release/xml/tei/custom/schema/relaxng/tei_all.rng" type="application/xml"
	schematypens="http://purl.oclc.org/dsdl/schematron"?>
<TEI xmlns="http://www.tei-c.org/ns/1.0">
	<teiHeader>
		<fileDesc>
			<titleStmt>
				<title>Tursko3-148</title>
			</titleStmt>
			<publicationStmt>
				<p>Publication Information</p>
			</publicationStmt>
			<notesStmt>
				<note type="summary">支払い証書</note>
				<note type="mine">誰から誰へ、なんの支払い証書であるかは辞書を使ってきちんと読まなければ良く分からない。【要】読み直し。</note>
			</notesStmt>
			<sourceDesc>
				<p/>
			</sourceDesc>
		</fileDesc>
		<xenoData>{ "saji:aspectRatioType": [ "B" ], "saji:fond": [ "Tursko 3" ] }</xenoData>
	</teiHeader>
	<facsimile>
		<surface>
			<graphic url="../../../Tursko%203/DSCN9050.JPG"/>
			<zone ulx="872" uly="872" lrx="2489" lry="1239" xml:id="zone_l1g_hlc_ykb"/>
		</surface>
		<surface>
			<graphic url="../../../Day%206/IMG_0128.JPG"/>
		</surface>
		<surface>
			<graphic url="../../../Day%206/IMG_0129.JPG"/>
		</surface>
		<surface>
			<graphic url="../../../Tursko%203/DSCN9051.JPG"/>
			<zone ulx="300" uly="300" lrx="1631" lry="3015" xml:id="zone_oly_3lc_ykb"/>
			<zone ulx="2537" uly="2537" lrx="566" lry="2998" xml:id="zone_dcf_klc_ykb"/>
		</surface>
	</facsimile>
	<text>
		<body>
			<div1 cert="low" facs="#zone_oly_3lc_ykb" next="#zone_l1g_hlc_ykb" type="EMIN_edā_tezkire">
				<p>
					<lb/>
					Hüve
					<lb/>
					Bāʿis-i tahrīr-i hurūf-ı tezkire oldur ki
					<lb/>
					işbu bin yüz seksen sekiz senesinden seksen dokuz senesinden(?) gāyetine(?) değin Muharremi'l-harāmi gürresinden
					<lb/>
					olan işbu sened-i mübārekde Kirşevo nām kilisanın ruhbānları re'si kırık ʿadedi
					<lb/>
					... merkūm ... Sālih Ağa yedine ... yedine edā tezkire-
					<lb/>
					si virildi tarafımızdan ve taraf-ı āhardan bir kimesne māniʿ ve müdāhale ... eylemeyesiz ...
					<lb/>
					oluna ve'l-selām					<date from="1774-03-13" from-custom="1188-01-01" to-custom="1188-01-10" type="created">sene 1188 tahrīren fī evā’il MuharramI'l-harām</date>
				</p>
				<div2 facs="#zone_dcf_klc_ykb" type="sign">
					<p>
						<lb/>
						...
						<lb/>
						...
						<lb/>
						Sālih Ağa
						<lb/>
						...
						<lb/>
						...
						<lb/>
						M					</p>
				</div2>
			</div1>
			<div1 type="derkenār">
				<p>
					<lb/>
					...					<lb/>
					...				</p>
			</div1>
			<div1 facs="#zone_l1g_hlc_ykb" type="summary_Serbian">
				<p>
					<lb/>
					...					<date type="summary_Serbian" when="1774">1774</date>
					<lb/>
					... No 40				</p>
			</div1>
		</body>
	</text>
</TEI>
