<?xml version="1.0" encoding="UTF-8"?>
<?xml-model href="http://www.tei-c.org/release/xml/tei/custom/schema/relaxng/tei_all.rng" type="application/xml" schematypens="http://relaxng.org/ns/structure/1.0"?>
<?xml-model href="http://www.tei-c.org/release/xml/tei/custom/schema/relaxng/tei_all.rng" type="application/xml"
	schematypens="http://purl.oclc.org/dsdl/schematron"?>
<TEI xmlns="http://www.tei-c.org/ns/1.0">
	<teiHeader>
		<fileDesc>
			<titleStmt>
				<title>Tursko3-188</title>
			</titleStmt>
			<publicationStmt>
				<p>Publication Information</p>
			</publicationStmt>
			<notesStmt>
				<note type="summary">非ムスリム間の土地と徴税権の譲渡契約の証文</note>
				<note type="mine">şühūdu'l-hālのところに、「クレシェヴォ・エミン付のアブデュッラー・ベシェʿAbdüllāh Beşe tābiʿ Kirşevo Emīni」という名前の人物がいる。こういう役職があったのか？</note>
				<note type="mine">あまりよく読めていないので、【要】読み直し。</note>
			</notesStmt>
			<sourceDesc>
				<p/>
			</sourceDesc>
		</fileDesc>
		<xenoData>{ "saji:aspectRatioType": [ "B" ], "saji:fond": [ "Tursko 3" ] }</xenoData>
	</teiHeader>
	<facsimile>
		<surface>
			<graphic url="../../../Tursko%203/DSCN9038.JPG"/>
			<zone ulx="909" uly="909" lrx="2327" lry="3072" xml:id="zone_e3z_pkp_xkb"/>
			<zone ulx="2364" uly="2364" lrx="494" lry="2681" xml:id="zone_cgf_rkp_xkb"/>
		</surface>
		<surface>
			<graphic url="../../../Day%206/IMG_0218.JPG"/>
		</surface>
		<surface>
			<graphic url="../../../Day%206/IMG_0219.JPG"/>
		</surface>
	</facsimile>
	<text>
		<body>
			<div1 facs="#zone_e3z_pkp_xkb" type="EMIN_tezkire">
				<p>
					<lb/>
					Hüve
					<lb/>
					Vech-i tahrīr-i hurūf oldur ki
					<lb/>
					işbu					<date type="created" when="1814-12-11" when-custom="1229">bin iki yüz yiğirmi dokuz senesinde</date>
					 Kirşevo mukātaʿasından					<placeName>VIRANKA</placeName>
					 karyesi mütemekkinlerinden
					<lb/>
					<persName>MİŞANUİÇ ZMREMİYHAT</persName>
					 nām mesfūr bundan akdem ... eden ...
					<lb/>
					... Bekīroğlu ... intikāl eden
					<lb/>
					karye-i mezbūrede bir kıtʿa ...-hānesinde üçüncü hāssa-ı mutasarruflar olmağla karye-i mezbūrede mütemekkinlerinden
					<lb/>
					<persName>ʿAHUCA BINT-İ ZİMMİ MATO MİŞANUÇ</persName>
					 taleb olunmağla yiğirmi guruşu resmiyle beyʿ katʿiyle beyʿ edüb
					<lb/>
					ol dahi minvāl-i muherrer ve kabūl eyledikten sonra biz dahi me'mūr olduğum hasebiyle beyʿleri tafvīz
					<lb/>
					ve cā'iz görüb mā-dām ki sāl be-sāl aʿşār-ı şerʿiyesin ve rüsūmāt-ı ʿörfiyesin
					<lb/>
					merkūm zimmī					<persName>Mato</persName>
					'nun yedine(?) işbu tezkire iʿtā olundu mutasarrıf eylesın(?) kimesne māniʿ
					<lb/>
					olunmaya tahrīren fī					<date when-custom="1229-07">māh Recebi'l-... sene tisʿ ve ʿaşrīn ve mietein ve elif</date>
				</p>
				<div2 facs="#zone_cgf_rkp_xkb" type="sign">
					<p>
						<lb/>
						El-... Mehmed
						<lb/>
						Dervīş
						<lb/>
						NVALİzāde
						<lb/>
						Emīn-i
						<lb/>
						Kirşevo
					</p>
				</div2>
				<div2 type="şühūdu'l-hāl">
					<p>
						<lb/>
						Şühūdu'l-hāl
						<lb/>
						Zimmī YAKO ÇAPLİ ʿan karye-i mezbūr
						<lb/>
						Zimmī Īvān PULİÇ ʿan mezbūr
						<lb/>
						KOÇKABUEUMATŞÇ ʿan mezbūr
						<lb/>
						MİHAT KATİÇ ʿan mezbūr
						<lb/>
						MATO VIDRUBİÇ
						<lb/>
						Zimmī COʿAM ÇİHANİÇE
						<lb/>
						ʿAbdüllāh Beşe tābiʿ Kirşevo Emīni
					</p>
				</div2>
			</div1>
		</body>
	</text>
</TEI>
