<?xml version="1.0" encoding="UTF-8"?>
<?xml-model href="http://www.tei-c.org/release/xml/tei/custom/schema/relaxng/tei_all.rng" type="application/xml" schematypens="http://relaxng.org/ns/structure/1.0"?>
<?xml-model href="http://www.tei-c.org/release/xml/tei/custom/schema/relaxng/tei_all.rng" type="application/xml"
	schematypens="http://purl.oclc.org/dsdl/schematron"?>
<TEI xmlns="http://www.tei-c.org/ns/1.0">
	<teiHeader>
		<fileDesc>
			<titleStmt>
				<title>Tursko2-016</title>
			</titleStmt>
			<publicationStmt>
				<p>Publication Information</p>
			</publicationStmt>
			<sourceDesc>
				<p/>
			</sourceDesc>
		</fileDesc>
		<xenoData>{ "saji:aspectRatioType": [ "C" ], "saji:fond": [ "Tursko 2" ] }</xenoData>
	</teiHeader>
	<facsimile>
		<surface>
			<graphic url="../../../Tursko%202/DSCN8953.JPG"/>
			<zone ulx="83" uly="83" lrx="2108" lry="2916" xml:id="zone_cwx_rt1_2jb"/>
			<zone ulx="2690" uly="2690" lrx="406" lry="2785" xml:id="zone_o24_tt1_2jb"/>
		</surface>
		<surface>
			<graphic url="../../../Day%204/IMG_0198.JPG"/>
		</surface>
		<surface>
			<graphic url="../../../Day%204/IMG_0201.JPG"/>
		</surface>
		<surface>
			<graphic url="../../../Day%204/IMG_0202.JPG"/>
		</surface>
		<surface>
			<graphic url="../../../Day%204/IMG_0203.JPG"/>
		</surface>
		<surface>
			<graphic url="../../../Tursko%202/DSCN8954.JPG"/>
			<zone ulx="1692" uly="1692" lrx="2929" lry="2032" xml:id="zone_bxr_wt1_2jb"/>
			<zone ulx="1818" uly="1818" lrx="2912" lry="1936" xml:id="zone_bkl_xt1_2jb"/>
		</surface>
		<surface>
			<graphic url="../../../Tursko%202/DSCN8955.JPG"/>
		</surface>
		<surface>
			<graphic url="../../../Tursko%202/DSCN8956.JPG"/>
			<zone ulx="727" uly="727" lrx="2784" lry="1450" xml:id="zone_phx_yt1_2jb"/>
		</surface>
	</facsimile>
	<text>
		<body>
			<div1 facs="#zone_cwx_rt1_2jb" type="fermān_sūret">
				<p>
					<lb/>
					...					<date type="created" when="1760-03-02" when-custom="1173-07-15">fi'l-yevmi'l-hāmis ʿaşar Receb sene suls ve sabʿīn ve mie ve elif</date>
					<lb/>
				</p>
				<div2 facs="#zone_o24_tt1_2jb" type="sign">
					<p>
						<lb/>
						...
						<lb/>
					</p>
				</div2>
			</div1>
			<div2 facs="#zone_bxr_wt1_2jb" type="sign">
				<p>
					<lb/>
					...
					<lb/>
				</p>
				<div3 facs="#zone_bkl_xt1_2jb" type="stamp">
					<p>
						<lb/>
						...
						<lb/>
					</p>
				</div3>
			</div2>
			<div1 facs="#zone_phx_yt1_2jb" type="summary_Croatian">
				<p>
					<lb/>
					Datum:					<date type="summary_Croatian" when="1760-03-02" when-custom="1173-07-15">15. redžep 1173</date>
					 -					<date type="summary_Croatian" when="1760-03-13">13. mart 1760</date>
					<lb/>
				</p>
			</div1>
		</body>
	</text>
</TEI>
