<?xml version="1.0" encoding="UTF-8"?>
<?xml-model href="http://www.tei-c.org/release/xml/tei/custom/schema/relaxng/tei_all.rng" type="application/xml" schematypens="http://relaxng.org/ns/structure/1.0"?>
<?xml-model href="http://www.tei-c.org/release/xml/tei/custom/schema/relaxng/tei_all.rng" type="application/xml"
	schematypens="http://purl.oclc.org/dsdl/schematron"?>
<TEI xmlns="http://www.tei-c.org/ns/1.0">
	<teiHeader>
		<fileDesc>
			<titleStmt>
				<title>Tursko3-113</title>
			</titleStmt>
			<publicationStmt>
				<p>Publication Information</p>
			</publicationStmt>
			<notesStmt>
				<note type="mine">クレシェヴォの鉄鉱山</note>
			</notesStmt>
			<sourceDesc>
				<p/>
			</sourceDesc>
		</fileDesc>
		<xenoData>{ "saji:aspectRatioType": [ "B" ], "saji:fond": [ "Tursko 3" ] }</xenoData>
	</teiHeader>
	<facsimile>
		<surface>
			<graphic url="../../../Tursko%203/DSCN9143.JPG"/>
			<zone ulx="1005" uly="1005" lrx="2850" lry="1227" xml:id="zone_h4j_flk_hlb"/>
		</surface>
		<surface>
			<graphic url="../../../Day%206/IMG_0047.JPG"/>
		</surface>
		<surface>
			<graphic url="../../../Day%206/IMG_0048.JPG"/>
		</surface>
		<surface>
			<graphic url="../../../Tursko%203/DSCN9144.JPG"/>
			<zone ulx="216" uly="216" lrx="1400" lry="2833" xml:id="zone_p4n_hlk_hlb"/>
			<zone ulx="2482" uly="2482" lrx="470" lry="2800" xml:id="zone_mps_3lk_hlb"/>
		</surface>
	</facsimile>
	<text>
		<body>
			<div1 facs="#zone_p4n_hlk_hlb" next="#zone_h4j_flk_hlb" type="mürāsele">
				<p>
					<lb/>
					... fī					<date type="created" when="1765-07-10" when-custom="1179-01-22">22 min Muharremi'l-harām sene 1179</date>
					<lb/>
				</p>
				<div2 facs="#zone_mps_3lk_hlb" type="sign">
					<p>
						<lb/>
						...
						<lb/>
					</p>
				</div2>
			</div1>
			<div1 facs="#zone_h4j_flk_hlb" type="summary_Croatian">
				<p>
					<lb/>
					...					<date type="summary_Croatian" when="1766">1766</date>
					 ...
					<lb/>
				</p>
			</div1>
		</body>
	</text>
</TEI>
