<?xml version="1.0" encoding="UTF-8"?>
<?xml-model href="http://www.tei-c.org/release/xml/tei/custom/schema/relaxng/tei_all.rng" type="application/xml" schematypens="http://relaxng.org/ns/structure/1.0"?>
<?xml-model href="http://www.tei-c.org/release/xml/tei/custom/schema/relaxng/tei_all.rng" type="application/xml"
	schematypens="http://purl.oclc.org/dsdl/schematron"?>
<TEI xmlns="http://www.tei-c.org/ns/1.0">
	<teiHeader>
		<fileDesc>
			<titleStmt>
				<title>Tursko3-056</title>
			</titleStmt>
			<publicationStmt>
				<p>Publication Information</p>
			</publicationStmt>
			<sourceDesc>
				<p/>
			</sourceDesc>
		</fileDesc>
		<xenoData>{ "saji:aspectRatioType": [ "B" ], "saji:fond": [ "Tursko 3" ] }</xenoData>
	</teiHeader>
	<facsimile>
		<surface>
			<graphic url="../../../Tursko%203/DSCN9243.JPG"/>
			<zone ulx="916" uly="916" lrx="2417" lry="1483" xml:id="zone_mws_sxs_mlb"/>
		</surface>
		<surface>
			<graphic url="../../../Day%205/IMG_0131.JPG"/>
		</surface>
		<surface>
			<graphic url="../../../Day%205/IMG_0132.JPG"/>
		</surface>
		<surface>
			<graphic url="../../../Tursko%203/DSCN9244.JPG"/>
			<zone ulx="366" uly="366" lrx="2075" lry="2858" xml:id="zone_olx_vxs_mlb"/>
			<zone ulx="2073" uly="2073" lrx="607" lry="2423" xml:id="zone_sym_xxs_mlb"/>
		</surface>
	</facsimile>
	<text>
		<body>
			<div1 cert="low" facs="#zone_olx_vxs_mlb" next="#zone_mws_sxs_mlb" subtype="hurūf" type="EMIN">
				<p>
					<lb/>
					işbu					<date type="created" when="1772-04-02" when-custom="1185">bin yüz seksen beş senede</date>
					 der ...
					<lb/>
				</p>
				<div2 facs="#zone_sym_xxs_mlb" type="sign">
					<p>
						<lb/>
						...
						<lb/>
					</p>
				</div2>
				<div2 type="şühūdu’l-hāl">
					<p>
						<lb/>
						...
						<lb/>
					</p>
				</div2>
			</div1>
			<div1 facs="#zone_mws_sxs_mlb" type="summary_Croatian">
				<p>
					<lb/>
					...
					<lb/>
				</p>
			</div1>
		</body>
	</text>
</TEI>
