<?xml version="1.0" encoding="UTF-8"?>
<?xml-model href="http://www.tei-c.org/release/xml/tei/custom/schema/relaxng/tei_all.rng" type="application/xml" schematypens="http://relaxng.org/ns/structure/1.0"?>
<?xml-model href="http://www.tei-c.org/release/xml/tei/custom/schema/relaxng/tei_all.rng" type="application/xml"
	schematypens="http://purl.oclc.org/dsdl/schematron"?>
<TEI xmlns="http://www.tei-c.org/ns/1.0">
	<teiHeader>
		<fileDesc>
			<titleStmt>
				<title>Tursko3-179</title>
			</titleStmt>
			<publicationStmt>
				<p>Publication Information</p>
			</publicationStmt>
			<sourceDesc>
				<p/>
			</sourceDesc>
		</fileDesc>
		<xenoData>{ "saji:aspectRatioType": [ "B" ], "saji:fond": [ "Tursko 3" ] }</xenoData>
	</teiHeader>
	<facsimile>
		<surface>
			<graphic url="../../../Tursko%203/DSCN9025.JPG"/>
			<zone ulx="816" uly="816" lrx="2428" lry="1266" xml:id="zone_pfg_qx4_xkb"/>
		</surface>
		<surface>
			<graphic url="../../../Day%206/IMG_0196.JPG"/>
		</surface>
		<surface>
			<graphic url="../../../Day%206/IMG_0197.JPG"/>
		</surface>
		<surface>
			<graphic url="../../../Tursko%203/DSCN9026.JPG"/>
			<zone ulx="1564" uly="1564" lrx="1800" lry="2585" xml:id="zone_nsr_rx4_xkb"/>
			<zone ulx="2317" uly="2317" lrx="676" lry="2569" xml:id="zone_xzv_sx4_xkb"/>
		</surface>
	</facsimile>
	<text>
		<body>
			<div1 facs="#zone_nsr_rx4_xkb" next="#zone_pfg_qx4_xkb" type="mürāsele">
				<p>
					<lb/>
					... fī					<date type="created" when="1774-06-13" when-custom="1188-04-04">4 Rebī'ü'l-āhir sene 1188</date>
					<lb/>
				</p>
				<div2 type="sign">
					<div3 facs="#zone_xzv_sx4_xkb" type="stamp">
						<p>
							<lb/>
							...
							<lb/>
						</p>
					</div3>
				</div2>
			</div1>
			<div1 facs="#zone_pfg_qx4_xkb" type="summary_Croatian">
				<p>
					<lb/>
					<date type="summary_Croatian" when="1774">1774</date>
					.
					<lb/>
				</p>
			</div1>
		</body>
	</text>
</TEI>
