<?xml version="1.0" encoding="UTF-8"?>
<?xml-model href="http://www.tei-c.org/release/xml/tei/custom/schema/relaxng/tei_all.rng" type="application/xml" schematypens="http://relaxng.org/ns/structure/1.0"?>
<?xml-model href="http://www.tei-c.org/release/xml/tei/custom/schema/relaxng/tei_all.rng" type="application/xml"
	schematypens="http://purl.oclc.org/dsdl/schematron"?>
<TEI xmlns="http://www.tei-c.org/ns/1.0">
	<teiHeader>
		<fileDesc>
			<titleStmt>
				<title>Tursko3-024</title>
			</titleStmt>
			<publicationStmt>
				<p>Publication Information</p>
			</publicationStmt>
			<sourceDesc>
				<p/>
			</sourceDesc>
		</fileDesc>
		<xenoData>{ "saji:aspectRatioType": [ "B" ], "saji:fond": [ "Tursko 3" ] }</xenoData>
	</teiHeader>
	<facsimile>
		<surface>
			<graphic url="../../../Tursko%203/DSCN9335.JPG"/>
			<zone ulx="800" uly="800" lrx="2600" lry="1694" xml:id="zone_y5h_m31_zlb"/>
		</surface>
		<surface>
			<graphic url="../../../Day%205/IMG_0060.JPG"/>
		</surface>
		<surface>
			<graphic url="../../../Day%205/IMG_0061.JPG"/>
		</surface>
		<surface>
			<graphic url="../../../Tursko%203/DSCN9336.JPG"/>
			<zone ulx="249" uly="249" lrx="2300" lry="2557" xml:id="zone_gdk_431_zlb"/>
			<zone ulx="2079" uly="2079" lrx="758" lry="2469" xml:id="zone_gcp_p31_zlb"/>
		</surface>
	</facsimile>
	<text>
		<body>
			<div1 facs="#zone_gdk_431_zlb" next="#zone_y5h_m31_zlb" subtype="zabt_temessük" type="EMIN">
				<p>
					<lb/>
					işbu					<date type="created" when="1837-04-05" when-custom="1252">bin iki yüz elli iki senesinde</date>
					 ...
					<lb/>
				</p>
				<div2 facs="#zone_gcp_p31_zlb" type="sign">
					<p>
						<lb/>
						...
						<lb/>
					</p>
				</div2>
				<div2 type="şühūdu’l-hāl">
					<p>
						<lb/>
						...					</p>
				</div2>
			</div1>
			<div1 facs="#zone_y5h_m31_zlb" type="summary_Croatian">
				<p>
					<lb/>
					...					<date type="summary_Croatian" when="1910-12-31" when-custom="1328">1328</date>
					 ...					<date type="summary_Croatian" when="1837">1837</date>
					.
					<lb/>
					Nno 6.
					<lb/>
					62				</p>
			</div1>
		</body>
	</text>
</TEI>
