<?xml version="1.0" encoding="UTF-8"?>
<?xml-model href="http://www.tei-c.org/release/xml/tei/custom/schema/relaxng/tei_all.rng" type="application/xml" schematypens="http://relaxng.org/ns/structure/1.0"?>
<?xml-model href="http://www.tei-c.org/release/xml/tei/custom/schema/relaxng/tei_all.rng" type="application/xml"
	schematypens="http://purl.oclc.org/dsdl/schematron"?>
<TEI xmlns="http://www.tei-c.org/ns/1.0">
	<teiHeader>
		<fileDesc>
			<titleStmt>
				<title>Tursko3-007</title>
			</titleStmt>
			<publicationStmt>
				<p>Publication Information</p>
			</publicationStmt>
			<sourceDesc>
				<p/>
			</sourceDesc>
		</fileDesc>
		<xenoData>{ "saji:aspectRatioType": [ "D?" ], "saji:fond": [ "Tursko 3" ], "saji:memo": [ "・DSCN9192.JPGの裏面かどうか判別できない。\r\n・暫定的に上記裏面と推定して、サイズ「D」とした。" ] }</xenoData>
	</teiHeader>
	<facsimile>
		<surface>
			<graphic url="../../../Tursko%203/DSCN9193.JPG"/>
			<zone ulx="755" uly="755" lrx="2250" lry="1261" xml:id="zone_iy3_5zq_jlb"/>
		</surface>
		<surface>
			<graphic url="../../../Day%205/IMG_0022.JPG"/>
		</surface>
		<surface>
			<graphic url="../../../Day%205/IMG_0023.JPG"/>
		</surface>
		<surface>
			<graphic url="../../../Tursko%203/DSCN9194.JPG"/>
			<zone ulx="440" uly="440" lrx="2060" lry="1893" xml:id="zone_kmw_vzq_jlb"/>
		</surface>
	</facsimile>
	<text>
		<body>
			<div1 facs="#zone_kmw_vzq_jlb" type="fetvā">
				<p>
					<lb/>
					...
					<lb/>
				</p>
			</div1>
			<div1 facs="#zone_iy3_5zq_jlb" type="summary_Croatian">
				<p>
					<lb/>
					...					<date type="summary_Croatian" when="1807">1807</date>
					.
					<lb/>
				</p>
			</div1>
		</body>
	</text>
</TEI>
