<?xml version="1.0" encoding="UTF-8"?>
<?xml-model href="http://www.tei-c.org/release/xml/tei/custom/schema/relaxng/tei_all.rng" type="application/xml" schematypens="http://relaxng.org/ns/structure/1.0"?>
<?xml-model href="http://www.tei-c.org/release/xml/tei/custom/schema/relaxng/tei_all.rng" type="application/xml"
	schematypens="http://purl.oclc.org/dsdl/schematron"?>
<TEI xmlns="http://www.tei-c.org/ns/1.0">
	<teiHeader>
		<fileDesc>
			<titleStmt>
				<title>Tursko3-213</title>
			</titleStmt>
			<publicationStmt>
				<p>Publication Information</p>
			</publicationStmt>
			<sourceDesc>
				<p/>
			</sourceDesc>
		</fileDesc>
		<xenoData>{ "saji:aspectRatioType": [ "B" ], "saji:fond": [ "Tursko 3" ] }</xenoData>
	</teiHeader>
	<facsimile>
		<surface>
			<graphic url="../../../Tursko%203/DSCN9009.JPG"/>
			<zone ulx="1044" uly="1044" lrx="2817" lry="1361" xml:id="zone_k21_jxy_wkb"/>
		</surface>
		<surface>
			<graphic url="../../../Day%207/IMG_0051.JPG"/>
		</surface>
		<surface>
			<graphic url="../../../Day%207/IMG_0052.JPG"/>
		</surface>
		<surface>
			<graphic url="../../../Tursko%203/DSCN9010.JPG"/>
			<zone ulx="1310" uly="1310" lrx="1979" lry="2557" xml:id="zone_sxp_kxy_wkb"/>
			<zone ulx="2187" uly="2187" lrx="342" lry="2519" xml:id="zone_vgh_mxy_wkb"/>
		</surface>
	</facsimile>
	<text>
		<body>
			<div1 cert="low" facs="#zone_sxp_kxy_wkb" next="#zone_k21_jxy_wkb" type="ʿarz-ı_hāl">
				<p>
					<lb/>
					...
					<lb/>
				</p>
				<div2 facs="#zone_vgh_mxy_wkb" type="sign">
					<p>
						<lb/>
						...
						<lb/>
					</p>
				</div2>
			</div1>
			<div1 facs="#zone_k21_jxy_wkb" type="summary_Croatian">
				<p>
					<lb/>
					...
					<lb/>
				</p>
			</div1>
		</body>
	</text>
</TEI>
