<?xml version="1.0" encoding="UTF-8"?>
<?xml-model href="http://www.tei-c.org/release/xml/tei/custom/schema/relaxng/tei_all.rng" type="application/xml" schematypens="http://relaxng.org/ns/structure/1.0"?>
<?xml-model href="http://www.tei-c.org/release/xml/tei/custom/schema/relaxng/tei_all.rng" type="application/xml"
	schematypens="http://purl.oclc.org/dsdl/schematron"?>
<TEI xmlns="http://www.tei-c.org/ns/1.0">
	<teiHeader>
		<fileDesc>
			<titleStmt>
				<title>Tursko3-001</title>
			</titleStmt>
			<publicationStmt>
				<p>Publication Information</p>
			</publicationStmt>
			<sourceDesc>
				<p/>
			</sourceDesc>
		</fileDesc>
		<xenoData>{ "saji:aspectRatioType": [ "B" ], "saji:fond": [ "Tursko 3" ], "saji:memo": [ "・裏面補強跡あり（緑の布）。" ] }</xenoData>
	</teiHeader>
	<facsimile>
		<surface>
			<graphic url="../../../Tursko%203/DSCN9317.JPG"/>
			<zone ulx="750" uly="750" lrx="2817" lry="1400" xml:id="zone_bfk_pbm_ylb"/>
		</surface>
		<surface>
			<graphic url="../../../Day%205/IMG_0009.JPG"/>
		</surface>
		<surface>
			<graphic url="../../../Day%205/IMG_0010.JPG"/>
		</surface>
		<surface>
			<graphic url="../../../Tursko%203/DSCN9318.JPG"/>
			<zone ulx="1194" uly="1194" lrx="1724" lry="2811" xml:id="zone_jj1_5bm_ylb"/>
			<zone ulx="788" uly="788" lrx="1718" lry="1382" xml:id="zone_trr_5bm_ylb"/>
			<zone ulx="1128" uly="1128" lrx="1250" lry="1371" xml:id="zone_c5x_zbm_ylb"/>
			<zone ulx="667" uly="667" lrx="1071" lry="1289" xml:id="zone_qjb_bcm_ylb"/>
			<zone ulx="1071" uly="1071" lrx="768" lry="1282" xml:id="zone_fxv_ccm_ylb"/>
			<zone ulx="607" uly="607" lrx="1993" lry="1314" xml:id="zone_pr3_fcm_ylb"/>
			<zone ulx="1060" uly="1060" lrx="1989" lry="1310" xml:id="zone_ojt_hcm_ylb"/>
			<zone ulx="292" uly="292" lrx="1143" lry="828" xml:id="zone_trx_jcm_ylb"/>
			<zone ulx="642" uly="642" lrx="1118" lry="817" xml:id="zone_uc5_kcm_ylb"/>
			<zone ulx="1392" uly="1392" lrx="2318" lry="2064" xml:id="zone_un1_mcm_ylb"/>
			<zone ulx="1796" uly="1796" lrx="2296" lry="2039" xml:id="zone_rhx_ncm_ylb"/>
			<zone ulx="2057" uly="2057" lrx="2150" lry="2714" xml:id="zone_xwz_4cm_ylb"/>
			<zone ulx="2078" uly="2078" lrx="2136" lry="2314" xml:id="zone_xc4_qcm_ylb"/>
		</surface>
	</facsimile>
	<text>
		<body>
			<div1 cert="low" facs="#zone_jj1_5bm_ylb" next="#zone_bfk_pbm_ylb" type="hüccet">
				<p>
					<lb/>
					... fī					<date cert="low" from="1567-09-04" from-custom="975-03-01" to-custom="975-03-10" type="created">evā’il şehr Rebi'ü'l-evvel 975</date>
					<lb/>
				</p>
				<div2 type="şühūdu’l-hāl">
					<p>
						<lb/>
						...
						<lb/>
					</p>
				</div2>
				<div2 facs="#zone_trr_5bm_ylb" type="sign">
					<p>
						<lb/>
						...
						<lb/>
					</p>
					<div3 facs="#zone_c5x_zbm_ylb" type="stamp">
						<p>
							<lb/>
							...
							<lb/>
						</p>
					</div3>
				</div2>
				<div2 facs="#zone_qjb_bcm_ylb" type="sign">
					<p>
						<lb/>
						...
						<lb/>
					</p>
					<div3 facs="#zone_fxv_ccm_ylb" type="stamp">
						<p>
							<lb/>
							...
							<lb/>
						</p>
					</div3>
				</div2>
				<div2 facs="#zone_pr3_fcm_ylb" type="sign">
					<p>
						<lb/>
						...
						<lb/>
					</p>
					<div3 facs="#zone_ojt_hcm_ylb" type="stamp">
						<p>
							<lb/>
							...
							<lb/>
						</p>
					</div3>
				</div2>
				<div2 facs="#zone_trx_jcm_ylb" type="sign">
					<p>
						<lb/>
						...
						<lb/>
					</p>
					<div3 facs="#zone_uc5_kcm_ylb" type="stamp">
						<p>
							<lb/>
							...
							<lb/>
						</p>
					</div3>
				</div2>
				<div2 facs="#zone_un1_mcm_ylb" type="sign">
					<p>
						<lb/>
						...
						<lb/>
					</p>
					<div3 facs="#zone_rhx_ncm_ylb" type="stamp">
						<p>
							<lb/>
							...
							<lb/>
						</p>
					</div3>
				</div2>
				<div2 facs="#zone_xwz_4cm_ylb" type="sign">
					<p>
						<lb/>
						...
						<lb/>
					</p>
					<div3 facs="#zone_xc4_qcm_ylb" type="stamp">
						<p>
							<lb/>
							...
							<lb/>
						</p>
					</div3>
				</div2>
			</div1>
			<div1 facs="#zone_bfk_pbm_ylb" type="summary_Serbian">
				<p>
					<lb/>
					...
					<lb/>
				</p>
			</div1>
		</body>
	</text>
</TEI>
