<?xml version="1.0" encoding="UTF-8"?>
<?xml-model href="http://www.tei-c.org/release/xml/tei/custom/schema/relaxng/tei_all.rng" type="application/xml" schematypens="http://relaxng.org/ns/structure/1.0"?>
<?xml-model href="http://www.tei-c.org/release/xml/tei/custom/schema/relaxng/tei_all.rng" type="application/xml"
	schematypens="http://purl.oclc.org/dsdl/schematron"?>
<TEI xmlns="http://www.tei-c.org/ns/1.0">
	<teiHeader>
		<fileDesc>
			<titleStmt>
				<title>Tursko2-019</title>
			</titleStmt>
			<publicationStmt>
				<p>Publication Information</p>
			</publicationStmt>
			<notesStmt>
				<note type="mine">【要】日付：クロアチア語要約の日付は15日になっているが、5日の間違いではないか？要約の日付も妙な記述になっているし、要確認。</note>
			</notesStmt>
			<sourceDesc>
				<p/>
			</sourceDesc>
		</fileDesc>
		<xenoData>{ "saji:aspectRatioType": [ "C" ], "saji:fond": [ "Tursko 2" ] }</xenoData>
	</teiHeader>
	<facsimile>
		<surface>
			<graphic url="../../../Tursko%202/DSCN8966.JPG"/>
			<zone ulx="150" uly="150" lrx="2333" lry="2446" xml:id="zone_vcv_5p5_2jb"/>
		</surface>
		<surface>
			<graphic url="../../../Day%204/IMG_0211.JPG"/>
		</surface>
		<surface>
			<graphic url="../../../Day%204/IMG_0212.JPG"/>
		</surface>
		<surface>
			<graphic url="../../../Day%204/IMG_0213.JPG"/>
		</surface>
		<surface>
			<graphic url="../../../Day%204/IMG_0214.JPG"/>
		</surface>
		<surface>
			<graphic url="../../../Day%204/IMG_0215.JPG"/>
		</surface>
		<surface>
			<graphic url="../../../Tursko%202/DSCN8967.JPG"/>
			<zone ulx="951" uly="951" lrx="2987" lry="1284" xml:id="zone_bt2_zp5_2jb"/>
			<zone ulx="1064" uly="1064" lrx="2967" lry="1175" xml:id="zone_adt_zp5_2jb"/>
		</surface>
		<surface>
			<graphic url="../../../Tursko%202/DSCN8968.JPG"/>
			<zone ulx="1829" uly="1829" lrx="517" lry="2356" xml:id="zone_kqm_bq5_2jb"/>
		</surface>
		<surface>
			<graphic url="../../../Tursko%202/DSCN8969.JPG"/>
			<zone ulx="111" uly="111" lrx="2578" lry="866" xml:id="zone_j3y_cq5_2jb"/>
			<zone ulx="1172" uly="1172" lrx="2984" lry="1922" xml:id="zone_wry_dq5_2jb"/>
		</surface>
	</facsimile>
	<text>
		<body>
			<div1 facs="#zone_vcv_5p5_2jb" type="fermān_sūret">
				<p>
					<lb/>
					...					<date type="created" when="1760-02-21" when-custom="1173-07-05">fi'l-yevmi'l-hāmis Receb Sene suls ve sabʿīn
                  ve mie ve elif</date>
					<lb/>
				</p>
				<div2 facs="#zone_kqm_bq5_2jb" type="sign_sūret">
					<p>
						<lb/>
						...
						<lb/>
					</p>
				</div2>
			</div1>
			<div2 facs="#zone_bt2_zp5_2jb" type="sign">
				<p>
					<lb/>
					...
					<lb/>
				</p>
				<div3 facs="#zone_adt_zp5_2jb" type="stamp">
					<p>
						<lb/>
						...
						<lb/>
					</p>
				</div3>
			</div2>
			<div1 facs="#zone_j3y_cq5_2jb" type="summary_Croatian">
				<p>
					<lb/>
					...					<date type="summary_Croatian" when="1759">1759</date>
					.
					<lb/>
				</p>
			</div1>
			<div1 facs="#zone_wry_dq5_2jb" type="summary_Croatian">
				<p>
					<lb/>
					Datum:					<date type="summary_Croatian" when="1760-03-02" when-custom="1173-07-15">15. redžep 1173</date>
					 -					<date type="summary_Croatian" when="1760-03-13">13. mart 1760</date>
					<lb/>
				</p>
			</div1>
		</body>
	</text>
</TEI>
