<?xml version="1.0" encoding="UTF-8"?>
<?xml-model href="http://www.tei-c.org/release/xml/tei/custom/schema/relaxng/tei_all.rng" type="application/xml" schematypens="http://relaxng.org/ns/structure/1.0"?>
<?xml-model href="http://www.tei-c.org/release/xml/tei/custom/schema/relaxng/tei_all.rng" type="application/xml"
	schematypens="http://purl.oclc.org/dsdl/schematron"?>
<TEI xmlns="http://www.tei-c.org/ns/1.0">
	<teiHeader>
		<fileDesc>
			<titleStmt>
				<title>Tursko3-119</title>
			</titleStmt>
			<publicationStmt>
				<p>Publication Information</p>
			</publicationStmt>
			<sourceDesc>
				<p/>
			</sourceDesc>
		</fileDesc>
		<xenoData>{ "saji:aspectRatioType": [ "B" ], "saji:fond": [ "Tursko 3" ] }</xenoData>
	</teiHeader>
	<facsimile>
		<surface>
			<graphic url="../../../Tursko%203/DSCN9149.JPG"/>
			<zone ulx="944" uly="944" lrx="2884" lry="1344" xml:id="zone_sm4_qnk_hlb"/>
		</surface>
		<surface>
			<graphic url="../../../Day%206/IMG_0060.JPG"/>
		</surface>
		<surface>
			<graphic url="../../../Day%206/IMG_0061.JPG"/>
		</surface>
		<surface>
			<graphic url="../../../Tursko%203/DSCN9150.JPG"/>
			<zone ulx="1082" uly="1082" lrx="1737" lry="1357" xml:id="zone_k3l_snk_hlb"/>
		</surface>
		<surface>
			<graphic url="../../../Tursko%203/DSCN9151.JPG"/>
			<zone ulx="1291" uly="1291" lrx="2175" lry="2783" xml:id="zone_ql5_tnk_hlb"/>
			<zone ulx="2288" uly="2288" lrx="665" lry="2734" xml:id="zone_qkv_5nk_hlb"/>
		</surface>
	</facsimile>
	<text>
		<body>
			<div1 facs="#zone_ql5_tnk_hlb" next="#zone_sm4_qnk_hlb" subtype="unkown" type="EMIN">
				<p>
					<lb/>
					işbu					<date type="created" when="1833-05-18" when-custom="1248">bin iki yüz krık sekiz senesinde</date>
					 der ...
					<lb/>
				</p>
				<div2 facs="#zone_qkv_5nk_hlb" type="sign">
					<p>
						<lb/>
						...
						<lb/>
					</p>
					<div3 facs="#zone_k3l_snk_hlb" type="stamp">
						<p>
							<lb/>
							...
							<lb/>
						</p>
					</div3>
				</div2>
				<div2 type="şühūdu’l-hāl">
					<p>
						<lb/>
						...
						<lb/>
					</p>
				</div2>
			</div1>
			<div1 facs="#zone_sm4_qnk_hlb" type="summary_Croatian">
				<p>
					<lb/>
					... fī					<date type="summary_Croatian" when="1833">1833</date>
					 ...
					<lb/>
				</p>
			</div1>
		</body>
	</text>
</TEI>
