<?xml version="1.0" encoding="UTF-8"?>
<?xml-model href="http://www.tei-c.org/release/xml/tei/custom/schema/relaxng/tei_all.rng" type="application/xml" schematypens="http://relaxng.org/ns/structure/1.0"?>
<?xml-model href="http://www.tei-c.org/release/xml/tei/custom/schema/relaxng/tei_all.rng" type="application/xml"
	schematypens="http://purl.oclc.org/dsdl/schematron"?>
<TEI xmlns="http://www.tei-c.org/ns/1.0">
	<teiHeader>
		<fileDesc>
			<titleStmt>
				<title>Tursko3-230</title>
			</titleStmt>
			<publicationStmt>
				<p>Publication Information</p>
			</publicationStmt>
			<sourceDesc>
				<p/>
			</sourceDesc>
		</fileDesc>
		<xenoData>{ "saji:aspectRatioType": [ "F" ], "saji:fond": [ "Tursko 3" ], "saji:memo": [ "典型" ] }</xenoData>
	</teiHeader>
	<facsimile>
		<surface>
			<graphic url="../../../Tursko%203/DSCN0395.JPG"/>
			<zone ulx="315" uly="315" lrx="2216" lry="2592" xml:id="zone_xl1_q3b_qkb"/>
			<zone ulx="1678" uly="1678" lrx="1475" lry="2466" xml:id="zone_hpf_t3b_qkb"/>
			<zone ulx="1948" uly="1948" lrx="1457" lry="2448" xml:id="zone_tq4_53b_qkb"/>
		</surface>
		<surface>
			<graphic url="../../../Day%207/IMG_0096.JPG"/>
		</surface>
		<surface>
			<graphic url="../../../Day%207/IMG_0097.JPG"/>
		</surface>
	</facsimile>
	<text>
		<body>
			<div1 facs="#zone_xl1_q3b_qkb" subtype="cizye_ödeme" type="makbūz">
				<p>
					<lb/>
					... fī					<date cert="low" type="created" when="1841-10-15" when-custom="1257-08">Ş sene 57</date>
					<lb/>
				</p>
				<div2 facs="#zone_hpf_t3b_qkb" type="sign">
					<p>
						<lb/>
						Bende ... Ahmad
						<lb/>
					</p>
					<div3 facs="#zone_tq4_53b_qkb" type="stamp">
						<p>
							<lb/>
							<lb/>
						</p>
					</div3>
				</div2>
			</div1>
		</body>
	</text>
</TEI>
