<?xml version="1.0" encoding="UTF-8"?>
<?xml-model href="http://www.tei-c.org/release/xml/tei/custom/schema/relaxng/tei_all.rng" type="application/xml" schematypens="http://relaxng.org/ns/structure/1.0"?>
<?xml-model href="http://www.tei-c.org/release/xml/tei/custom/schema/relaxng/tei_all.rng" type="application/xml"
	schematypens="http://purl.oclc.org/dsdl/schematron"?>
<TEI xmlns="http://www.tei-c.org/ns/1.0">
	<teiHeader>
		<fileDesc>
			<titleStmt>
				<title>Tursko1-089</title>
			</titleStmt>
			<publicationStmt>
				<p>Publication Information</p>
			</publicationStmt>
			<notesStmt>
				<note type="mine">【要】日付：2日でいいか？</note>
			</notesStmt>
			<sourceDesc>
				<p/>
			</sourceDesc>
		</fileDesc>
		<xenoData>{ "saji:aspectRatioType": [ "A" ], "saji:fond": [ "Tursko 1" ] }</xenoData>
	</teiHeader>
	<facsimile>
		<surface>
			<graphic url="../../../Tursko%201/DSCN1752.JPG"/>
			<zone ulx="175" uly="175" lrx="1483" lry="3108" xml:id="zone_hfc_13h_cjb"/>
			<zone ulx="558" uly="558" lrx="807" lry="992" xml:id="zone_zhm_b3h_cjb"/>
			<zone ulx="833" uly="833" lrx="774" lry="978" xml:id="zone_rvh_c3h_cjb"/>
		</surface>
		<surface>
			<graphic url="../../../Day%203/IMG_0010.JPG"/>
		</surface>
		<surface>
			<graphic url="../../../Day%203/IMG_0011.JPG"/>
		</surface>
		<surface>
			<graphic url="../../../Tursko%201/DSCN1753.JPG"/>
			<zone ulx="879" uly="879" lrx="1350" lry="1416" xml:id="zone_xyw_d3h_cjb"/>
		</surface>
		<surface>
			<graphic url="../../../Tursko%201/DSCN1754.JPG"/>
			<zone ulx="727" uly="727" lrx="2912" lry="1300" xml:id="zone_zfd_f3h_cjb"/>
		</surface>
	</facsimile>
	<text>
		<body>
			<div1 facs="#zone_hfc_13h_cjb" type="hüccet">
				<p>
					<lb/>
					...					<date cert="low" type="created" when="1829-01-07" when-custom="1244-07-02">fi'l-sānī min şehr Recebi'l-müreccib sene arbaʿa ve arbaʿin ve mieteyn ve elif</date>
					<lb/>
				</p>
				<div2 facs="#zone_zhm_b3h_cjb" type="sign">
					<p>
						<lb/>
						...
						<lb/>
					</p>
					<div3 facs="#zone_rvh_c3h_cjb" type="stamp">
						<p>
							<lb/>
							...
							<lb/>
						</p>
					</div3>
				</div2>
			</div1>
			<div1 facs="#zone_xyw_d3h_cjb" type="unkown">
				<p>
					<lb/>
					... fī					<date type="created" when="1829-01-14" when-custom="1244-07-09">9 B sene 244</date>
					<lb/>
				</p>
			</div1>
			<div1 facs="#zone_zfd_f3h_cjb" type="summary_Croatian">
				<p>
					<lb/>
					...
					<lb/>
				</p>
			</div1>
		</body>
	</text>
</TEI>
