<?xml version="1.0" encoding="UTF-8"?>
<?xml-model href="http://www.tei-c.org/release/xml/tei/custom/schema/relaxng/tei_all.rng" type="application/xml" schematypens="http://relaxng.org/ns/structure/1.0"?>
<?xml-model href="http://www.tei-c.org/release/xml/tei/custom/schema/relaxng/tei_all.rng" type="application/xml"
	schematypens="http://purl.oclc.org/dsdl/schematron"?>
<TEI xmlns="http://www.tei-c.org/ns/1.0">
	<teiHeader>
		<fileDesc>
			<titleStmt>
				<title>Tursko3-263</title>
			</titleStmt>
			<publicationStmt>
				<p>Publication Information</p>
			</publicationStmt>
			<notesStmt>
				<note type="mine">DSCN0346.JPGの写しか</note>
			</notesStmt>
			<sourceDesc>
				<p/>
			</sourceDesc>
		</fileDesc>
		<xenoData>{ "saji:aspectRatioType": [ "B" ], "saji:fond": [ "Tursko 3" ], "saji:memo": [ "典型" ] }</xenoData>
	</teiHeader>
	<facsimile>
		<surface>
			<graphic url="../../../Tursko%203/DSCN0344.JPG"/>
			<zone ulx="91" uly="91" lrx="2258" lry="2516" xml:id="zone_vg2_k3r_kkb"/>
			<zone ulx="2140" uly="2140" lrx="802" lry="2391" xml:id="zone_kxd_n3r_kkb"/>
			<zone ulx="2210" uly="2210" lrx="800" lry="2375" xml:id="zone_wz5_n3r_kkb"/>
			<zone ulx="391" uly="391" lrx="1791" lry="1462" xml:id="zone_uhl_hjr_kkb"/>
		</surface>
		<surface>
			<graphic url="../../../Day%207/IMG_0169.JPG"/>
		</surface>
		<surface>
			<graphic url="../../../Day%208/IMG_0001.JPG"/>
		</surface>
		<surface>
			<graphic url="../../../Day%208/IMG_0002.JPG"/>
		</surface>
		<surface>
			<graphic url="../../../Tursko%203/DSCN0345.JPG"/>
			<zone ulx="772" uly="772" lrx="3039" lry="1861" xml:id="zone_dwg_r3r_kkb"/>
		</surface>
	</facsimile>
	<text>
		<body>
			<div1 facs="#zone_vg2_k3r_kkb" subtype="tapu_senedi" type="ʿilmühaber_sūret">
				<p>
					<lb/>
					... fī					<date type="created" when="1855-12-06" when-custom="1272-03-27">27 R sene 72</date>
				</p>
				<div2 facs="#zone_kxd_n3r_kkb" type="sign">
					<p>
						<lb/>
						...					</p>
					<div3 facs="#zone_wz5_n3r_kkb" type="stamp_sūret">
						<p>
							<lb/>
							...						</p>
					</div3>
				</div2>
				<div2 facs="#zone_uhl_hjr_kkb" type="unknown">
					<p>
						<lb/>
						...					</p>
				</div2>
			</div1>
			<div1 facs="#zone_dwg_r3r_kkb" type="summary_Croatian">
				<p>
					<lb/>
					...					<date type="summary_Croatian" when="1856">1856</date>
					.				</p>
			</div1>
		</body>
	</text>
</TEI>
