<?xml version="1.0" encoding="UTF-8"?>
<?xml-model href="http://www.tei-c.org/release/xml/tei/custom/schema/relaxng/tei_all.rng" type="application/xml" schematypens="http://relaxng.org/ns/structure/1.0"?>
<?xml-model href="http://www.tei-c.org/release/xml/tei/custom/schema/relaxng/tei_all.rng" type="application/xml"
	schematypens="http://purl.oclc.org/dsdl/schematron"?>
<TEI xmlns="http://www.tei-c.org/ns/1.0">
	<teiHeader>
		<fileDesc>
			<titleStmt>
				<title>Tursko3-182</title>
			</titleStmt>
			<publicationStmt>
				<p>Publication Information</p>
			</publicationStmt>
			<sourceDesc>
				<p/>
			</sourceDesc>
		</fileDesc>
		<xenoData>{ "saji:aspectRatioType": [ "B" ], "saji:fond": [ "Tursko 3" ] }</xenoData>
	</teiHeader>
	<facsimile>
		<surface>
			<graphic url="../../../Tursko%203/DSCN9029.JPG"/>
			<zone ulx="958" uly="958" lrx="2025" lry="2675" xml:id="zone_d3c_z2p_xkb"/>
			<zone ulx="2366" uly="2366" lrx="1166" lry="2602" xml:id="zone_gxc_bfp_xkb"/>
		</surface>
		<surface>
			<graphic url="../../../Day%206/IMG_0204.JPG"/>
		</surface>
		<surface>
			<graphic url="../../../Day%206/IMG_0205.JPG"/>
		</surface>
		<surface>
			<graphic url="../../../Day%207/IMG_0001.JPG"/>
		</surface>
	</facsimile>
	<text>
		<body>
			<div1 facs="#zone_d3c_z2p_xkb" type="mürāsele">
				<p>
					<lb/>
					ve'l-selām fī					<date type="created" when="1819-11-16" when-custom="1235-01-29">29 M sene 235</date>
					<lb/>
				</p>
				<div2 type="sign">
					<div3 facs="#zone_gxc_bfp_xkb" type="stamp">
						<p>
							<lb/>
							...
							<lb/>
						</p>
					</div3>
				</div2>
			</div1>
		</body>
	</text>
</TEI>
