<?xml version="1.0" encoding="UTF-8"?>
<?xml-model href="http://www.tei-c.org/release/xml/tei/custom/schema/relaxng/tei_all.rng" type="application/xml" schematypens="http://relaxng.org/ns/structure/1.0"?>
<?xml-model href="http://www.tei-c.org/release/xml/tei/custom/schema/relaxng/tei_all.rng" type="application/xml"
	schematypens="http://purl.oclc.org/dsdl/schematron"?>
<TEI xmlns="http://www.tei-c.org/ns/1.0">
	<teiHeader>
		<fileDesc>
			<titleStmt>
				<title>Tursko3-089</title>
			</titleStmt>
			<publicationStmt>
				<p>Publication Information</p>
			</publicationStmt>
			<sourceDesc>
				<p/>
			</sourceDesc>
		</fileDesc>
		<xenoData>{ "saji:aspectRatioType": [ "B" ], "saji:fond": [ "Tursko 3" ], "saji:memo": [ "・料紙に大きな欠損あり。本文の一部が読み取れない。" ] }</xenoData>
	</teiHeader>
	<facsimile>
		<surface>
			<graphic url="../../../Tursko%203/DSCN9370.JPG"/>
			<zone ulx="644" uly="644" lrx="2628" lry="1977" xml:id="zone_jnq_y3g_zlb"/>
			<zone ulx="1541" uly="1541" lrx="1053" lry="1946" xml:id="zone_x25_z3g_zlb"/>
		</surface>
		<surface>
			<graphic url="../../../Day%205/IMG_0202.JPG"/>
		</surface>
		<surface>
			<graphic url="../../../Day%205/IMG_0203.JPG"/>
		</surface>
	</facsimile>
	<text>
		<body>
			<div1 facs="#zone_jnq_y3g_zlb" type="EMIN">
				<p>
					<lb/>
					işbu					<date type="created" when="0672-11-27" when-custom="1252">bin iki yüz elli iki senesinde</date>
					 der ...
					<lb/>
				</p>
				<div2 facs="#zone_x25_z3g_zlb" type="sign">
					<p>
						<lb/>
						...
						<lb/>
					</p>
				</div2>
				<div2 type="şühūdu’l-hāl">
					<p>
						<lb/>
						...
						<lb/>
					</p>
				</div2>
			</div1>
		</body>
	</text>
</TEI>
