<?xml version="1.0" encoding="UTF-8"?>
<?xml-model href="http://www.tei-c.org/release/xml/tei/custom/schema/relaxng/tei_all.rng" type="application/xml" schematypens="http://relaxng.org/ns/structure/1.0"?>
<?xml-model href="http://www.tei-c.org/release/xml/tei/custom/schema/relaxng/tei_all.rng" type="application/xml"
	schematypens="http://purl.oclc.org/dsdl/schematron"?>
<TEI xmlns="http://www.tei-c.org/ns/1.0">
	<teiHeader>
		<fileDesc>
			<titleStmt>
				<title>Tursko3-254</title>
			</titleStmt>
			<publicationStmt>
				<p>Publication Information</p>
			</publicationStmt>
			<sourceDesc>
				<p/>
			</sourceDesc>
		</fileDesc>
		<xenoData>{ "saji:aspectRatioType": [ "A" ], "saji:fond": [ "Tursko 3" ] }</xenoData>
	</teiHeader>
	<facsimile>
		<surface>
			<graphic url="../../../Tursko%203/DSCN0329.JPG"/>
			<zone ulx="0" uly="0" lrx="1745" lry="2918" xml:id="zone_mz2_z4l_kkb"/>
		</surface>
		<surface>
			<graphic url="../../../Day%207/IMG_0147.JPG"/>
		</surface>
		<surface>
			<graphic url="../../../Day%207/IMG_0148.JPG"/>
		</surface>
		<surface>
			<graphic url="../../../Tursko%203/DSCN0330.JPG"/>
		</surface>
		<surface>
			<graphic url="../../../Tursko%203/DSCN0331.JPG"/>
			<zone ulx="155" uly="155" lrx="2112" lry="938" xml:id="zone_hlw_bpl_kkb"/>
			<zone ulx="686" uly="686" lrx="1997" lry="906" xml:id="zone_g11_dpl_kkb"/>
		</surface>
		<surface>
			<graphic url="../../../Tursko%203/DSCN0332.JPG"/>
		</surface>
		<surface>
			<graphic url="../../../Tursko%203/DSCN0333.JPG"/>
		</surface>
		<surface>
			<graphic url="../../../Tursko%203/DSCN0334.JPG"/>
			<zone ulx="655" uly="655" lrx="2223" lry="1588" xml:id="zone_ojq_2pl_kkb"/>
		</surface>
	</facsimile>
	<text>
		<body>
			<div1 facs="#zone_mz2_z4l_kkb" type="hüccet">
				<p>
					<lb/>
					...					<date type="created" when="1855-12-01" when-custom="1272-03-22">
						fi'l-yevmi'l-sānī ve'l-ʿaşrūn min şehr-i Rebi'ü'l-evvel
						<lb/>
						sene isnā ve sabʿīn ve mieteyn ve elif
					</date>
				</p>
				<div2 facs="#zone_hlw_bpl_kkb" type="sign">
					<p>
						<lb/>
						...
						<lb/>
					</p>
					<div3 facs="#zone_g11_dpl_kkb" type="stamp">
						<p>
							<lb/>
							...
							<lb/>
						</p>
					</div3>
				</div2>
			</div1>
			<div1 facs="#zone_ojq_2pl_kkb" type="summary_Crotatian">
				<p>
					<lb/>
					...
					<lb/>
				</p>
			</div1>
		</body>
	</text>
</TEI>
