<?xml version="1.0" encoding="UTF-8"?>
<?xml-model href="http://www.tei-c.org/release/xml/tei/custom/schema/relaxng/tei_all.rng" type="application/xml" schematypens="http://relaxng.org/ns/structure/1.0"?>
<?xml-model href="http://www.tei-c.org/release/xml/tei/custom/schema/relaxng/tei_all.rng" type="application/xml"
	schematypens="http://purl.oclc.org/dsdl/schematron"?>
<TEI xmlns="http://www.tei-c.org/ns/1.0">
	<teiHeader>
		<fileDesc>
			<titleStmt>
				<title>Tursko3-117</title>
			</titleStmt>
			<publicationStmt>
				<p>Publication Information</p>
			</publicationStmt>
			<sourceDesc>
				<p/>
			</sourceDesc>
		</fileDesc>
		<xenoData>{ "saji:aspectRatioType": [ "B" ], "saji:fond": [ "Tursko 3" ] }</xenoData>
	</teiHeader>
	<facsimile>
		<surface>
			<graphic url="../../../Tursko%203/DSCN9136.JPG"/>
			<zone ulx="1643" uly="1643" lrx="913" lry="1920" xml:id="zone_hyl_g2k_hlb"/>
			<zone ulx="803" uly="803" lrx="2860" lry="1073" xml:id="zone_mdk_h2k_hlb"/>
		</surface>
		<surface>
			<graphic url="../../../Day%206/IMG_0055.JPG"/>
		</surface>
		<surface>
			<graphic url="../../../Day%206/IMG_0056.JPG"/>
		</surface>
		<surface>
			<graphic url="../../../Tursko%203/DSCN9137.JPG"/>
			<zone ulx="190" uly="190" lrx="1700" lry="2827" xml:id="zone_ccc_j2k_hlb"/>
			<zone ulx="2458" uly="2458" lrx="537" lry="2788" xml:id="zone_a2m_k2k_hlb"/>
		</surface>
	</facsimile>
	<text>
		<body>
			<div1 facs="#zone_ccc_j2k_hlb" next="#zone_mdk_h2k_hlb" type="mürāsele">
				<p>
					<lb/>
					... fī					<date type="created" when="1780-04-01" when-custom="1194-03-27">27 Ra sene 194</date>
					<lb/>
				</p>
				<div2 facs="#zone_a2m_k2k_hlb" type="sign">
					<p>
						<lb/>
						...
						<lb/>
					</p>
					<div3 facs="#zone_hyl_g2k_hlb" type="stamp">
						<p>
							<lb/>
							...
							<lb/>
						</p>
					</div3>
				</div2>
			</div1>
			<div1 facs="#zone_mdk_h2k_hlb" type="summary_Serbian">
				<p>
					<lb/>
					...
					<lb/>
				</p>
			</div1>
		</body>
	</text>
</TEI>
