<?xml version="1.0" encoding="UTF-8"?>
<?xml-model href="http://www.tei-c.org/release/xml/tei/custom/schema/relaxng/tei_all.rng" type="application/xml" schematypens="http://relaxng.org/ns/structure/1.0"?>
<?xml-model href="http://www.tei-c.org/release/xml/tei/custom/schema/relaxng/tei_all.rng" type="application/xml"
	schematypens="http://purl.oclc.org/dsdl/schematron"?>
<TEI xmlns="http://www.tei-c.org/ns/1.0">
	<teiHeader>
		<fileDesc>
			<titleStmt>
				<title>Tursko1-024</title>
			</titleStmt>
			<publicationStmt>
				<p>Publication Information</p>
			</publicationStmt>
			<notesStmt>
				<note type="mine">Beyaz üzerine buyurulduのように見えるが、スタンプが下方にある上、「tezkire」という自己言及が見られる。</note>
				<note type="mine">署名：傘型</note>
			</notesStmt>
			<sourceDesc>
				<p/>
			</sourceDesc>
		</fileDesc>
		<xenoData>{ "saji:aspectRatioType": [ "B" ], "saji:calligraphy": [ "Dīvān kuruması" ], "saji:fond":
          [ "Tursko 1" ], "saji:from": [ "Defterdar Süleyman İzzet" ], "saji:memo": [ "典型" ] }</xenoData>
	</teiHeader>
	<facsimile>
		<surface>
			<graphic url="../../../Tursko%201/DSCN0993.JPG"/>
			<zone ulx="100" uly="100" lrx="1827" lry="3145" xml:id="zone_l5b_cpf_z3b"/>
			<zone ulx="2698" uly="2698" lrx="767" lry="2838" xml:id="zone_k1m_dpf_z3b"/>
		</surface>
		<surface>
			<graphic url="../../../Day%201/IMG_0187.JPG"/>
		</surface>
		<surface>
			<graphic url="../../../Day%201/IMG_0189.JPG"/>
		</surface>
	</facsimile>
	<text>
		<body>
			<div1 facs="#zone_l5b_cpf_z3b" type="tezkire">
				<l>... işbu tezkire ...</l>
				<l>
					... fī					<date type="created" when="1798-04-05" when-custom="1212-10-19">19 L 1212</date>
				</l>
				<div3 facs="#zone_k1m_dpf_z3b" type="stamp"/>
			</div1>
		</body>
	</text>
</TEI>
