<?xml version="1.0" encoding="UTF-8"?>
<?xml-model href="http://www.tei-c.org/release/xml/tei/custom/schema/relaxng/tei_all.rng" type="application/xml" schematypens="http://relaxng.org/ns/structure/1.0"?>
<?xml-model href="http://www.tei-c.org/release/xml/tei/custom/schema/relaxng/tei_all.rng" type="application/xml"
	schematypens="http://purl.oclc.org/dsdl/schematron"?>
<TEI xmlns="http://www.tei-c.org/ns/1.0">
	<teiHeader>
		<fileDesc>
			<titleStmt>
				<title>Tursko3-067</title>
			</titleStmt>
			<publicationStmt>
				<p>Publication Information</p>
			</publicationStmt>
			<notesStmt>
				<note type="mine">あまりに字が汚いしスタンプなども現状あるかどうか分からないので、手習いに写し書きしたものか？作成年が非常に古そうなので、本当の文書か写しか裏面なども見つつ要検討。</note>
			</notesStmt>
			<sourceDesc>
				<p/>
			</sourceDesc>
		</fileDesc>
		<xenoData>{ "saji:aspectRatioType": [ "B" ], "saji:fond": [ "Tursko 3" ] }</xenoData>
	</teiHeader>
	<facsimile>
		<surface>
			<graphic url="../../../Tursko%203/DSCN9304.JPG"/>
			<zone ulx="318" uly="318" lrx="2145" lry="3053" xml:id="zone_w2g_dql_tlb"/>
			<zone ulx="2773" uly="2773" lrx="376" lry="3042" xml:id="zone_end_gql_tlb"/>
		</surface>
		<surface>
			<graphic url="../../../Day%205/IMG_0154.JPG"/>
		</surface>
		<surface>
			<graphic url="../../../Day%205/IMG_0155.JPG"/>
		</surface>
	</facsimile>
	<text>
		<body>
			<div1 facs="#zone_w2g_dql_tlb" type="EMIN">
				<p>
					<lb/>
					işbu					<date type="created" when="1739-04-08" when-custom="1151">bin yüz elli bir senesinde</date>
					 ...					<lb/>
				</p>
				<div2 facs="#zone_end_gql_tlb" type="sign">
					<p>
						<lb/>
						...
						<lb/>
					</p>
				</div2>
				<div2 type="şühūdu’l-hāl">
					<p>
						<lb/>
						... fī						<lb/>
					</p>
				</div2>
			</div1>
		</body>
	</text>
</TEI>
