<?xml version="1.0" encoding="UTF-8"?>
<?xml-model href="http://www.tei-c.org/release/xml/tei/custom/schema/relaxng/tei_all.rng" type="application/xml" schematypens="http://relaxng.org/ns/structure/1.0"?>
<?xml-model href="http://www.tei-c.org/release/xml/tei/custom/schema/relaxng/tei_all.rng" type="application/xml"
	schematypens="http://purl.oclc.org/dsdl/schematron"?>
<TEI xmlns="http://www.tei-c.org/ns/1.0">
	<teiHeader>
		<fileDesc>
			<titleStmt>
				<title>Tursko1-167</title>
			</titleStmt>
			<publicationStmt>
				<p>Publication Information</p>
			</publicationStmt>
			<notesStmt>
				<note type="mine">【要】日付：すべての構成要素の月の読み取り要確認。</note>
			</notesStmt>
			<sourceDesc>
				<p/>
			</sourceDesc>
		</fileDesc>
		<xenoData>{ "saji:aspectRatioType": [ "C" ], "saji:fond": [ "Tursko 1" ], "saji:memo": [ "典型", "差出人：Çükazzade (/Sofyalızade)" ] }</xenoData>
	</teiHeader>
	<facsimile>
		<surface>
			<graphic url="../../../Tursko%201/DSCN1959.JPG"/>
			<zone ulx="2016" uly="2016" lrx="1591" lry="2978" xml:id="zone_ijp_m42_djb"/>
			<zone ulx="2709" uly="2709" lrx="545" lry="2890" xml:id="zone_vns_442_djb"/>
			<zone ulx="311" uly="311" lrx="1928" lry="2305" xml:id="zone_v5p_q42_djb"/>
			<zone ulx="1280" uly="1280" lrx="2183" lry="2872" xml:id="zone_gb1_s42_djb"/>
			<zone ulx="2704" uly="2704" lrx="1771" lry="2858" xml:id="zone_th4_542_djb"/>
		</surface>
		<surface>
			<graphic url="../../../Day%204/IMG_0038.JPG"/>
		</surface>
		<surface>
			<graphic url="../../../Day%204/IMG_0039.JPG"/>
		</surface>
	</facsimile>
	<text>
		<body>
			<div1 facs="#zone_ijp_m42_djb" type="iʿlām">
				<p>
					<lb/>
					... fī					<date cert="low" type="created" when="1803-08-04" when-custom="1218-04-16">16 R sene 218</date>
					<lb/>
				</p>
				<div2 facs="#zone_vns_442_djb" type="sign">
					<p>
						<lb/>
						...
						<lb/>
					</p>
				</div2>
			</div1>
			<div1 facs="#zone_v5p_q42_djb" type="buyuruldu">
				<p>
					<lb/>
					... fī					<date cert="unknown" type="created" when="1804-04-03" when-custom="1218--23">23 ... sene 218</date>
					<lb/>
				</p>
			</div1>
			<div1 facs="#zone_gb1_s42_djb" type="iʿlām">
				<p>
					<lb/>
					... fī					<date cert="low" type="created" when="1803-11-01" when-custom="1218-07-17">17 B sene 1218</date>
					<lb/>
				</p>
				<div3 facs="#zone_th4_542_djb" type="stamp">
					<p>
						<lb/>
						...
						<lb/>
					</p>
				</div3>
			</div1>
		</body>
	</text>
</TEI>
