<?xml version="1.0" encoding="UTF-8"?>
<?xml-model href="http://www.tei-c.org/release/xml/tei/custom/schema/relaxng/tei_all.rng" type="application/xml" schematypens="http://relaxng.org/ns/structure/1.0"?>
<?xml-model href="http://www.tei-c.org/release/xml/tei/custom/schema/relaxng/tei_all.rng" type="application/xml"
	schematypens="http://purl.oclc.org/dsdl/schematron"?>
<TEI xmlns="http://www.tei-c.org/ns/1.0">
	<teiHeader>
		<fileDesc>
			<titleStmt>
				<title>Tursko3-020</title>
			</titleStmt>
			<publicationStmt>
				<p>Publication Information</p>
			</publicationStmt>
			<sourceDesc>
				<p/>
			</sourceDesc>
		</fileDesc>
		<xenoData>{ "saji:aspectRatioType": [ "B" ], "saji:fond": [ "Tursko 3" ] }</xenoData>
	</teiHeader>
	<facsimile>
		<surface>
			<graphic url="../../../Tursko%203/DSCN9327.JPG"/>
			<zone ulx="877" uly="877" lrx="2662" lry="1577" xml:id="zone_zqw_n3m_ylb"/>
		</surface>
		<surface>
			<graphic url="../../../Day%205/IMG_0050.JPG"/>
		</surface>
		<surface>
			<graphic url="../../../Day%205/IMG_0051.JPG"/>
		</surface>
		<surface>
			<graphic url="../../../Tursko%203/DSCN9328.JPG"/>
			<zone ulx="235" uly="235" lrx="2257" lry="2399" xml:id="zone_vyd_q3m_ylb"/>
			<zone ulx="1877" uly="1877" lrx="727" lry="2206" xml:id="zone_cmk_r3m_ylb"/>
		</surface>
	</facsimile>
	<text>
		<body>
			<div1 facs="#zone_vyd_q3m_ylb" next="#zone_zqw_n3m_ylb" type="EMIN">
				<p>
					<lb/>
					işbu					<date type="created" when="1832-05-29" when-custom="1247">bin iki yüz krık yedi senesinde</date>
					 der ...
					<lb/>
				</p>
				<div2 facs="#zone_cmk_r3m_ylb" type="sign">
					<p>
						<lb/>
						...
						<lb/>
					</p>
				</div2>
				<div2 type="şühūdu’l-hāl">
					<p>
						<lb/>
						...
						<lb/>
					</p>
				</div2>
			</div1>
			<div1 facs="#zone_zqw_n3m_ylb" type="summary_Croatian">
				<p>
					<lb/>
					...					<date type="summary_Croatian" when="1833">1833</date>
					. -					<date type="summary_Croatian" when="1825-08-13" when-custom="1240">1240</date>
					.
					<lb/>
					Nno 7.				</p>
			</div1>
		</body>
	</text>
</TEI>
