<?xml version="1.0" encoding="UTF-8"?>
<?xml-model href="http://www.tei-c.org/release/xml/tei/custom/schema/relaxng/tei_all.rng" type="application/xml" schematypens="http://relaxng.org/ns/structure/1.0"?>
<?xml-model href="http://www.tei-c.org/release/xml/tei/custom/schema/relaxng/tei_all.rng" type="application/xml"
	schematypens="http://purl.oclc.org/dsdl/schematron"?>
<TEI xmlns="http://www.tei-c.org/ns/1.0">
	<teiHeader>
		<fileDesc>
			<titleStmt>
				<title>Tursko1-069</title>
			</titleStmt>
			<publicationStmt>
				<p>Publication Information</p>
			</publicationStmt>
			<sourceDesc>
				<p/>
			</sourceDesc>
		</fileDesc>
		<xenoData>{ "saji:aspectRatioType": [ "D" ], "saji:fond": [ "Tursko 1" ], "saji:memo": [ "典型" ]
          }</xenoData>
	</teiHeader>
	<facsimile>
		<surface>
			<graphic url="../../../Tursko%201/DSCN1671.JPG"/>
			<zone ulx="45" uly="45" lrx="2054" lry="2954" xml:id="zone_iy3_1bx_1jb"/>
			<zone ulx="245" uly="245" lrx="1802" lry="573" xml:id="zone_okt_bbx_1jb"/>
		</surface>
		<surface>
			<graphic url="../../../Day%202/IMG_0479.JPG"/>
		</surface>
		<surface>
			<graphic url="../../../Day%202/IMG_0480.JPG"/>
		</surface>
		<surface>
			<graphic url="../../../Tursko%201/DSCN1672.JPG"/>
			<zone ulx="816" uly="816" lrx="2534" lry="1150" xml:id="zone_mpy_cbx_1jb"/>
		</surface>
	</facsimile>
	<text>
		<body>
			<div1 facs="#zone_iy3_1bx_1jb" type="beyāz_üzerine_buyuruldu">
				<p>
					<lb/>
					buyuruldu fī					<date type="created" when="1846-04-30" when-custom="1262-05-05">5 Ca sene 62</date>
					<lb/>
				</p>
				<div3 facs="#zone_okt_bbx_1jb" type="stamp">
					<p>
						<lb/>
						...
						<lb/>
					</p>
				</div3>
			</div1>
			<div1 facs="#zone_mpy_cbx_1jb" type="summary_Croatian">
				<p>
					<lb/>
					...
					<lb/>
				</p>
			</div1>
		</body>
	</text>
</TEI>
