<?xml version="1.0" encoding="UTF-8"?>
<?xml-model href="http://www.tei-c.org/release/xml/tei/custom/schema/relaxng/tei_all.rng" type="application/xml" schematypens="http://relaxng.org/ns/structure/1.0"?>
<?xml-model href="http://www.tei-c.org/release/xml/tei/custom/schema/relaxng/tei_all.rng" type="application/xml"
	schematypens="http://purl.oclc.org/dsdl/schematron"?>
<TEI xmlns="http://www.tei-c.org/ns/1.0">
	<teiHeader>
		<fileDesc>
			<titleStmt>
				<title>Tursko3-124</title>
			</titleStmt>
			<publicationStmt>
				<p>Publication Information</p>
			</publicationStmt>
			<notesStmt>
				<note type="summary">☆ウシュルが徴収されるミーリー地のリスト</note>
				<note type="mine">クレシェヴォ修道院が所有しているミーリー地が分かる</note>
				<note type="mine">DSCN0371.JPGと比較するとこの文書の土地記録年が分かるかも</note>
			</notesStmt>
			<sourceDesc>
				<p/>
			</sourceDesc>
		</fileDesc>
		<profileDesc>
			<textClass>
				<classCode scheme="">その他</classCode>
			</textClass>
		</profileDesc>
		<xenoData>{ "saji:aspectRatioType": [ "B" ], "saji:fond": [ "Tursko 3" ], "saji:memo": [ "典型" ] }</xenoData>
	</teiHeader>
	<facsimile>
		<surface>
			<graphic url="../../../Tursko%203/DSCN9161.JPG"/>
			<zone ulx="83" uly="83" lrx="2556" lry="2022" xml:id="zone_bpt_3cq_h3b"/>
		</surface>
		<surface>
			<graphic url="../../../Day%206/IMG_0070.JPG"/>
		</surface>
		<surface>
			<graphic url="../../../Day%206/IMG_0071.JPG"/>
		</surface>
	</facsimile>
	<text>
		<body>
			<div1 facs="#zone_bpt_3cq_h3b" subtype="‘öşr_bedeli" type="defteri">
				<p>
					<lb/>
					hüve
					<lb/>
					<placeName>
						<placeName type="proper">Foyniçe</placeName>
						 kazāsına tābiʿ						<placeName type="proper">Kirşevo</placeName>
						 kurbında vākiʿ Latin milletinin kiliseleri
					</placeName>
					ne
					merbūt arāzī mīrīnin
					<lb/>
					aʿaşār bedelātı mübeyyin defteridir
					<lb/>
					bedelāt
					<lb/>
					0300 Varoş-ı mezbūr hudūdunda GRAD ve GYLAVICE ve DUBUYCE tarlalar ve LUATA çayırları
					<lb/>
					0150 Kezā varoş-ı mezbūr hudūdunda RAVNA ve ZAPUDA tarlalar ve çayır
					<lb/>
					0130 Kezā varoş-ı mezbūr hudūdunda Lipa ve Kamenik kıtʿa(?) 4 tarlalar
					<lb/>
					0030 Homolj cemāʿatında(?) Ljetovik karyesi hudūdunda olan bir mikdār arāzī
					<lb/>
					0250 Kirşevo'da muslimīn cemāʿatı hudūdunda Chiutucoviç(?) demekle çiftlikhāne 1 tarla ve çayırlar
					<lb/>
					0140 Kezā cemāʿat-ı mezbūr hudūdunda CARDAK demekle çiftlikhāne 1 tarlalar ve çayırlar işbu çayırlar HİNAC cebelinde vākiʿ olduklar
					<lb/>
					0150 Kezā cemāʿat-ı merkūmda vākiʿ Komari karyesinin hudūdunda bulunan bir hānelik arāzī
					<lb/>
					0040 Mratiniç cemāʿatında PUÇRKALE nām ... vākiʿ PUÇRKALE demekle tarla kıtʿa 1
					<lb/>
					0050 Saray kazāsında KOLIŞ cemāʿatı hudūdunda BANBRDU demekle rāhibān hānesi etrāfında bulunan arāzī
					<lb/>
					0130 Neretva kazāsına PUDHUM karyesinde rāhibānın sākin olduklar hāne ve PUDGİRADYNUM demekle bağ 1 ve DLMIRIRAT demekle 1
					<lb/>
					0250 Kazā-ı merkūm MRAKVA karyesinde bir hānelik arāzī
					<lb/>
					0150 Dusina(?) kazāsında Deževica(?) nāhiyesinde OSKA karyesinde rāhibān mutavattın olduklar hāne iki kıtʿa tarla ve iki kıtʿa çayır
					<lb/>
					0125 Kezā nāhiye-i mezbūrunda SUNA demekle ʿarīf karye hudūdunda rāhibler tevattun eyledikleri hāne arāzī tarlalar ve çayırlar
					<lb/>
					1885
					<lb/>
					55 Bukovica(?)'dan
					<lb/>
					20 ŞHUABALE
					<lb/>
					50 Kamenik				</p>
			</div1>
		</body>
	</text>
</TEI>
