<?xml version="1.0" encoding="UTF-8"?>
<?xml-model href="http://www.tei-c.org/release/xml/tei/custom/schema/relaxng/tei_all.rng" type="application/xml" schematypens="http://relaxng.org/ns/structure/1.0"?>
<?xml-model href="http://www.tei-c.org/release/xml/tei/custom/schema/relaxng/tei_all.rng" type="application/xml"
	schematypens="http://purl.oclc.org/dsdl/schematron"?>
<TEI xmlns="http://www.tei-c.org/ns/1.0">
	<teiHeader>
		<fileDesc>
			<titleStmt>
				<title>Tursko3-259</title>
			</titleStmt>
			<publicationStmt>
				<p>Publication Information</p>
			</publicationStmt>
			<notesStmt>
				<note type="summary">ムスリムの国有地arāzī-i mīrīyeの耕作地の、非ムスリムたちに対する売却・譲渡の承認</note>
			</notesStmt>
			<sourceDesc>
				<p/>
			</sourceDesc>
		</fileDesc>
		<xenoData>{ "saji:aspectRatioType": [ "B" ], "saji:fond": [ "Tursko 3" ] }</xenoData>
	</teiHeader>
	<facsimile>
		<surface>
			<graphic url="../../../Tursko%203/DSCN0360.JPG"/>
			<zone ulx="216" uly="216" lrx="2175" lry="2691" xml:id="zone_gbf_3qr_kkb"/>
			<zone ulx="2263" uly="2263" lrx="528" lry="2650" xml:id="zone_n4f_kqr_kkb"/>
			<zone ulx="2461" uly="2461" lrx="515" lry="2641" xml:id="zone_blc_lqr_kkb"/>
		</surface>
		<surface>
			<graphic url="../../../Day%207/IMG_0158.JPG"/>
		</surface>
		<surface>
			<graphic url="../../../Day%207/IMG_0159.JPG"/>
		</surface>
		<surface>
			<graphic url="../../../Tursko%203/DSCN0361.JPG"/>
			<zone ulx="150" uly="150" lrx="2304" lry="404" xml:id="zone_jzs_mqr_kkb"/>
		</surface>
	</facsimile>
	<text>
		<body>
			<div1 facs="#zone_gbf_3qr_kkb" type="EMIN_tapu">
				<p>
					<lb/>
					Hüve
					<lb/>
					Vech-i tahrīr-i hurūf oldur ki
					<lb/>
					<date when-custom="1264">bin iki yüz altmış dört senesinde</date>
					 der ʿuhde ve iltizāmımızda bulunan Kirşevo mukātaʿasında
					<lb/>
					... cemāʿatında vākiʿ nefs-i ... hudūd dāhilinde arāzī-i mīrīye mutasarrıf olan Mollā Mustafa
					<lb/>
					KAVGİÇ İbn Sālih nām kendi taht-ı tasarrıfında bulunan bir kıtʿa tarla STUPUVİÇ demekle
					<lb/>
					bir tarafında müşteri bunda tarlası bir tarafta Hasan ... tarlası bir tarafta ...
					<lb/>
					bir tarafında orman varınca(?) hudūd ile mahdūd ve mumtāz tarlaya merkūmun hakkı ve karār ve tasarrıfını(?)
					<lb/>
					işbu dārende-i hurūf Kirşevo nefs-i varoş mutemekkinlerinde BUYUK veled-i Īwān YÜZÜ ve ...
					<lb/>
					YUŞE veled-i BURU mesfūrān yalnız sekiz yüz yiğirmi guruş bedel-i ferāğ mukābelesinde beyʿ-i bāt
					<lb/>
					katʿiyle beyʿ ü ferāğ ve hakkı ... zabt ve tasarrıf(?)
					<lb/>
					içün(?) tarafımızdan ... ile ol dahi ber-minvāl muharrer üzere kabūl biz dahi mukātaʿa-i
					<lb/>
					civārında ... hasebiyle bināen ... arāzisini ve ferāgatında müşter-i mesfūre YÜZU'ya
					<lb/>
					ve nasrānī ... ve zabt ve zirāʿat izin ve ruhsat virdüm işbu tapuya defʿ(?)
					<lb/>
					ve iʿtā olundu mā-dām ki taraf-ı mukātaʿa rāciʿ olan aʿşār-ı şerʿiyesini ve rüsūmāt sā'iresini
					<lb/>
					edāyle zabt ve ... tarafımızdan ve taraf-ı āhardan bir kimesne māniʿ ve müdāhale olunmaya
					<lb/>
					fī					<date type="created" when="1849-07-24" when-custom="1265-09-05">5 N sene 265</date>
				</p>
				<div2 facs="#zone_n4f_kqr_kkb" type="sign">
					<p>
						<lb/>
						...
						<lb/>
						El-me'mūr
						<lb/>
						Mehmed Mukātaʿ-i
						<lb/>
						Emīn-i Kirşevo
						<lb/>
						M
					</p>
					<div3 facs="#zone_blc_lqr_kkb" type="stamp">
						<p>
							<lb/>
							Mehmed
							<lb/>
							...
						</p>
					</div3>
				</div2>
				<div2 type="şühūdu'l-hāl">
					<p>
						<lb/>
						Şühūdu'l-hāl
						<lb/>
						MSNİ NVCİÇ
						<lb/>
						Mollā İbrāhīm Beşe Nevzāde
						<lb/>
						El-hācı Hasan Ağa
						<lb/>
						KURUYUZU
						<lb/>
						YAREBİRÇE
						<lb/>
						ve gayrihim mine'l-hazırīn
					</p>
				</div2>
				<div2 type="note">
					<p>
						<lb/>
						... tekâlifdan ... şart ... beş
						<lb/>
						...
					</p>
				</div2>
			</div1>
			<div1 facs="#zone_jzs_mqr_kkb" type="summary_Croatian">
				<p>
					<lb/>
					... na
					<lb/>
				</p>
			</div1>
		</body>
	</text>
</TEI>
