<?xml version="1.0" encoding="UTF-8"?>
<?xml-model href="http://www.tei-c.org/release/xml/tei/custom/schema/relaxng/tei_all.rng" type="application/xml" schematypens="http://relaxng.org/ns/structure/1.0"?>
<?xml-model href="http://www.tei-c.org/release/xml/tei/custom/schema/relaxng/tei_all.rng" type="application/xml"
	schematypens="http://purl.oclc.org/dsdl/schematron"?>
<TEI xmlns="http://www.tei-c.org/ns/1.0">
	<teiHeader>
		<fileDesc>
			<titleStmt>
				<title>Tursko1-171</title>
			</titleStmt>
			<publicationStmt>
				<p>Publication Information</p>
			</publicationStmt>
			<notesStmt>
				<note type="mine">【要】DSCN1971.JPGは、DCN1969.JPGの裏面。現在独立した文書IDとなっているが、統合する。</note>
			</notesStmt>
			<sourceDesc>
				<p/>
			</sourceDesc>
		</fileDesc>
		<xenoData>{ "saji:aspectRatioType": [ "C" ], "saji:fond": [ "Tursko 1" ] }</xenoData>
	</teiHeader>
	<facsimile>
		<surface>
			<graphic url="../../../Tursko%201/DSCN1969.JPG"/>
			<zone ulx="200" uly="200" lrx="1433" lry="2883" xml:id="zone_nw4_1dz_djb"/>
			<zone ulx="2568" uly="2568" lrx="489" lry="2796" xml:id="zone_by5_bdz_djb"/>
		</surface>
		<surface>
			<graphic url="../../../Day%204/IMG_0047.JPG"/>
		</surface>
		<surface>
			<graphic url="../../../Day%204/IMG_0048.JPG"/>
		</surface>
		<surface>
			<graphic url="../../../Tursko%201/DSCN1970.JPG"/>
		</surface>
		<surface/>
	</facsimile>
	<text>
		<body>
			<div1 facs="#zone_nw4_1dz_djb" type="mürāsele">
				<p>
					<lb/>
					... fī					<date from="1767-06-28" from-custom="1181-02-01" to-custom="1181-02-10" type="created">evāir Saferi'l-... sene 1181</date>
					<lb/>
				</p>
				<div2 facs="#zone_by5_bdz_djb" type="sign">
					<p>
						<lb/>
						...
						<lb/>
					</p>
				</div2>
			</div1>
		</body>
	</text>
</TEI>
