<?xml version="1.0" encoding="UTF-8"?>
<?xml-model href="http://www.tei-c.org/release/xml/tei/custom/schema/relaxng/tei_all.rng" type="application/xml" schematypens="http://relaxng.org/ns/structure/1.0"?>
<?xml-model href="http://www.tei-c.org/release/xml/tei/custom/schema/relaxng/tei_all.rng" type="application/xml"
	schematypens="http://purl.oclc.org/dsdl/schematron"?>
<TEI xmlns="http://www.tei-c.org/ns/1.0">
	<teiHeader>
		<fileDesc>
			<titleStmt>
				<title>Tursko1-100</title>
			</titleStmt>
			<publicationStmt>
				<p>Publication Information</p>
			</publicationStmt>
			<notesStmt>
				<note type="mine">【要】日付(buyuruldu)：月、S or Ca</note>
			</notesStmt>
			<sourceDesc>
				<p/>
			</sourceDesc>
		</fileDesc>
		<xenoData>{ "saji:aspectRatioType": [ "C" ], "saji:fond": [ "Tursko 1" ], "saji:memo": [ "典型" ] }</xenoData>
	</teiHeader>
	<facsimile>
		<surface>
			<graphic url="../../../Tursko%201/DSCN1775.JPG"/>
			<zone ulx="233" uly="233" lrx="1908" lry="2841" xml:id="zone_c4b_2h3_cjb"/>
			<zone ulx="2583" uly="2583" lrx="696" lry="2763" xml:id="zone_gh5_fh3_cjb"/>
			<zone ulx="922" uly="922" lrx="1285" lry="2174" xml:id="zone_wtw_hh3_cjb"/>
		</surface>
		<surface>
			<graphic url="../../../Day%203/IMG_0035.JPG"/>
		</surface>
		<surface>
			<graphic url="../../../Day%203/IMG_0036.JPG"/>
		</surface>
	</facsimile>
	<text>
		<body>
			<div1 facs="#zone_c4b_2h3_cjb" type="iʿlām">
				<p>
					<lb/>
					... fī					<date type="created" when="1837-09-21" when-custom="1253-06-21">21 C sene 53</date>
					<lb/>
				</p>
				<div2 facs="#zone_gh5_fh3_cjb" type="sign">
					<p>
						<lb/>
						...
						<lb/>
					</p>
				</div2>
			</div1>
			<div1 facs="#zone_wtw_hh3_cjb" type="buyuruldu">
				<p>
					<lb/>
					buyuruldu fī					<date type="created" when="1837-05-30" when-custom="1253-02-25">25 S sene 1253</date>
					<lb/>
				</p>
			</div1>
		</body>
	</text>
</TEI>
