<?xml version="1.0" encoding="UTF-8"?>
<?xml-model href="http://www.tei-c.org/release/xml/tei/custom/schema/relaxng/tei_all.rng" type="application/xml" schematypens="http://relaxng.org/ns/structure/1.0"?>
<?xml-model href="http://www.tei-c.org/release/xml/tei/custom/schema/relaxng/tei_all.rng" type="application/xml"
	schematypens="http://purl.oclc.org/dsdl/schematron"?>
<TEI xmlns="http://www.tei-c.org/ns/1.0">
	<teiHeader>
		<fileDesc>
			<titleStmt>
				<title>Tursko1-091</title>
			</titleStmt>
			<publicationStmt>
				<p>Publication Information</p>
			</publicationStmt>
			<notesStmt>
				<note type="mine">【要】日付：1116年 or 1126年？</note>
			</notesStmt>
			<sourceDesc>
				<p/>
			</sourceDesc>
		</fileDesc>
		<xenoData>{ "saji:aspectRatioType": [ "A" ], "saji:fond": [ "Tursko 1" ] }</xenoData>
	</teiHeader>
	<facsimile>
		<surface>
			<graphic url="../../../Tursko%201/DSCN1756.JPG"/>
			<zone ulx="670" uly="670" lrx="1510" lry="3180" xml:id="zone_gr1_gmh_cjb"/>
			<zone ulx="764" uly="764" lrx="1038" lry="1248" xml:id="zone_d5m_hmh_cjb"/>
			<zone ulx="1108" uly="1108" lrx="924" lry="1240" xml:id="zone_bzy_hmh_cjb"/>
			<zone ulx="706" uly="706" lrx="1429" lry="1208" xml:id="zone_awp_3mh_cjb"/>
			<zone ulx="1062" uly="1062" lrx="1237" lry="1198" xml:id="zone_emk_jmh_cjb"/>
		</surface>
		<surface>
			<graphic url="../../../Day%203/IMG_0015.JPG"/>
		</surface>
		<surface>
			<graphic url="../../../Day%203/IMG_0016.JPG"/>
		</surface>
	</facsimile>
	<text>
		<body>
			<div1 facs="#zone_gr1_gmh_cjb" type="hüccet">
				<p>
					<lb/>
					... fī					<date cert="low" from="1704-07-23" from-custom="1116-03-21" to-custom="1116-03-30" type="created">evāhir şehr Rebi'ü'l-evvel sene sitte ʿaşret ve mie ve elif</date>
					<lb/>
				</p>
				<div2 facs="#zone_d5m_hmh_cjb" type="sign">
					<p>
						<lb/>
						...
						<lb/>
					</p>
					<div3 facs="#zone_bzy_hmh_cjb" type="stamp">
						<p>
							<lb/>
							...
							<lb/>
						</p>
					</div3>
				</div2>
				<div2 facs="#zone_awp_3mh_cjb" type="sign">
					<p>
						<lb/>
						...
						<lb/>
					</p>
					<div3 facs="#zone_emk_jmh_cjb" type="stamp">
						<p>
							<lb/>
							...
							<lb/>
						</p>
					</div3>
				</div2>
			</div1>
		</body>
	</text>
</TEI>
