<?xml version="1.0" encoding="UTF-8"?>
<?xml-model href="http://www.tei-c.org/release/xml/tei/custom/schema/relaxng/tei_all.rng" type="application/xml" schematypens="http://relaxng.org/ns/structure/1.0"?>
<?xml-model href="http://www.tei-c.org/release/xml/tei/custom/schema/relaxng/tei_all.rng" type="application/xml"
	schematypens="http://purl.oclc.org/dsdl/schematron"?>
<TEI xmlns="http://www.tei-c.org/ns/1.0">
	<teiHeader>
		<fileDesc>
			<titleStmt>
				<title>Tursko3-231</title>
			</titleStmt>
			<publicationStmt>
				<p>Publication Information</p>
			</publicationStmt>
			<sourceDesc>
				<p/>
			</sourceDesc>
		</fileDesc>
		<xenoData>{ "saji:aspectRatioType": [ "F" ], "saji:fond": [ "Tursko 3" ] }</xenoData>
	</teiHeader>
	<facsimile>
		<surface>
			<graphic url="../../../Tursko%203/DSCN0396.JPG"/>
			<zone ulx="435" uly="435" lrx="1993" lry="2200" xml:id="zone_c11_1d3_qkb"/>
			<zone ulx="1711" uly="1711" lrx="1137" lry="2185" xml:id="zone_gwj_bd3_qkb"/>
		</surface>
		<surface>
			<graphic url="../../../Day%207/IMG_0098.JPG"/>
		</surface>
		<surface>
			<graphic url="../../../Day%207/IMG_0099.JPG"/>
		</surface>
	</facsimile>
	<text>
		<body>
			<div1 facs="#zone_c11_1d3_qkb" subtype="cizye_ödeme" type="makbūz">
				<p>
					<lb/>
					... fī					<date cert="low" type="created" when="1842-02-10" when-custom="1257">... sene 57</date>
					<lb/>
				</p>
				<div2 type="sign">
					<div3 facs="#zone_gwj_bd3_qkb" type="stamp">
						<p>
							<lb/>
							...							<lb/>
						</p>
					</div3>
				</div2>
			</div1>
		</body>
	</text>
</TEI>
