<?xml version="1.0" encoding="UTF-8"?>
<?xml-model href="http://www.tei-c.org/release/xml/tei/custom/schema/relaxng/tei_all.rng" type="application/xml" schematypens="http://relaxng.org/ns/structure/1.0"?>
<?xml-model href="http://www.tei-c.org/release/xml/tei/custom/schema/relaxng/tei_all.rng" type="application/xml"
	schematypens="http://purl.oclc.org/dsdl/schematron"?>
<TEI xmlns="http://www.tei-c.org/ns/1.0">
	<teiHeader>
		<fileDesc>
			<titleStmt>
				<title>Tursko3-087</title>
			</titleStmt>
			<publicationStmt>
				<p>Publication Information</p>
			</publicationStmt>
			<sourceDesc>
				<p/>
			</sourceDesc>
		</fileDesc>
		<xenoData>{ "saji:aspectRatioType": [ "B" ], "saji:fond": [ "Tursko 3" ] }</xenoData>
	</teiHeader>
	<facsimile>
		<surface>
			<graphic url="../../../Tursko%203/DSCN9372.JPG"/>
			<zone ulx="358" uly="358" lrx="2233" lry="2883" xml:id="zone_qnq_hkg_zlb"/>
		</surface>
		<surface>
			<graphic url="../../../Day%205/IMG_0198.JPG"/>
		</surface>
		<surface>
			<graphic url="../../../Day%205/IMG_0199.JPG"/>
		</surface>
	</facsimile>
	<text>
		<body>
			<div1 facs="#zone_qnq_hkg_zlb" type="Croatian">
				<p>
					<lb/>
					...					<date type="created" when="1825">1825</date>
					<lb/>
				</p>
			</div1>
		</body>
	</text>
</TEI>
