<?xml version="1.0" encoding="UTF-8"?>
<?xml-model href="http://www.tei-c.org/release/xml/tei/custom/schema/relaxng/tei_all.rng" type="application/xml" schematypens="http://relaxng.org/ns/structure/1.0"?>
<?xml-model href="http://www.tei-c.org/release/xml/tei/custom/schema/relaxng/tei_all.rng" type="application/xml"
	schematypens="http://purl.oclc.org/dsdl/schematron"?>
<TEI xmlns="http://www.tei-c.org/ns/1.0">
	<teiHeader>
		<fileDesc>
			<titleStmt>
				<title>Tursko2-013</title>
			</titleStmt>
			<publicationStmt>
				<p>Publication Information</p>
			</publicationStmt>
			<notesStmt>
				<note type="mine">【要】再撮影：全体像がないので、アスペクト比が判然としない。全体像を要再撮影。</note>
			</notesStmt>
			<sourceDesc>
				<p/>
			</sourceDesc>
		</fileDesc>
		<xenoData>{ "saji:aspectRatioType": [ "C?" ], "saji:fond": [ "Tursko 2" ] }</xenoData>
	</teiHeader>
	<facsimile>
		<surface>
			<graphic url="../../../Tursko%202/DSCN8944.JPG"/>
			<zone ulx="267" uly="267" lrx="2300" lry="2134" xml:id="zone_tbs_kj1_2jb"/>
			<zone ulx="1986" uly="1986" lrx="831" lry="2106" xml:id="zone_kq5_lj1_2jb"/>
			<zone ulx="881" uly="881" lrx="2687" lry="1377" xml:id="zone_vxl_mj1_2jb"/>
			<zone ulx="1066" uly="1066" lrx="2672" lry="1222" xml:id="zone_rvb_nj1_2jb"/>
		</surface>
		<surface>
			<graphic url="../../../Day%204/IMG_0187.JPG"/>
		</surface>
		<surface>
			<graphic url="../../../Day%204/IMG_0188.JPG"/>
		</surface>
		<surface>
			<graphic url="../../../Day%204/IMG_0189.JPG"/>
		</surface>
		<surface>
			<graphic url="../../../Tursko%202/DSCN8945.JPG"/>
			<zone ulx="383" uly="383" lrx="3039" lry="1638" xml:id="zone_kgr_4j1_2jb"/>
		</surface>
	</facsimile>
	<text>
		<body>
			<div1 facs="#zone_tbs_kj1_2jb" type="fermān_sūret">
				<p>
					<lb/>
					...					<date type="created" when="1615-03-15" when-custom="1024-02-15">fi'l-yevmi'l-hāmis ʿaşar şehr Saferi'l-... sene arbaʿa ve ʿaşrīn ve elif</date>
					<lb/>
				</p>
				<div2 facs="#zone_kq5_lj1_2jb" type="sign">
					<p>
						<lb/>
						...
						<lb/>
					</p>
				</div2>
			</div1>
			<div2 facs="#zone_vxl_mj1_2jb" type="sign">
				<p>
					<lb/>
					...
					<lb/>
				</p>
				<div3 facs="#zone_rvb_nj1_2jb" type="stamp">
					<p>
						<lb/>
						... fī						<lb/>
					</p>
				</div3>
			</div2>
			<div1 facs="#zone_kgr_4j1_2jb" type="summary_Croatian">
				<p>
					<lb/>
					Datum:					<date type="summary_Croatian" when="1615-03-15" when-custom="1024-02-15">15. safer 1024</date>
					 -					<date type="summary_Croatian" when="1615-03-16">16. mart 1615</date>
					<lb/>
				</p>
			</div1>
		</body>
	</text>
</TEI>
