<?xml version="1.0" encoding="UTF-8"?>
<?xml-model href="http://www.tei-c.org/release/xml/tei/custom/schema/relaxng/tei_all.rng" type="application/xml" schematypens="http://relaxng.org/ns/structure/1.0"?>
<?xml-model href="http://www.tei-c.org/release/xml/tei/custom/schema/relaxng/tei_all.rng" type="application/xml"
	schematypens="http://purl.oclc.org/dsdl/schematron"?>
<TEI xmlns="http://www.tei-c.org/ns/1.0">
	<teiHeader>
		<fileDesc>
			<titleStmt>
				<title>Tursko1-180</title>
			</titleStmt>
			<publicationStmt>
				<p>Publication Information</p>
			</publicationStmt>
			<notesStmt>
				<note type="mine">オスマン帝国史料解題にfetvāの様式について解説がある。</note>
			</notesStmt>
			<sourceDesc>
				<p/>
			</sourceDesc>
		</fileDesc>
		<xenoData>{ "saji:aspectRatioType": [ "D" ], "saji:fond": [ "Tursko 1" ], "saji:memo": [ "典型" ] }</xenoData>
	</teiHeader>
	<facsimile>
		<surface>
			<graphic url="../../../Tursko%201/DSCN1914.JPG"/>
			<zone ulx="56" uly="56" lrx="1944" lry="3267" xml:id="zone_dkp_ygx_cjb"/>
			<zone ulx="1552" uly="1552" lrx="753" lry="2356" xml:id="zone_wmj_bhx_cjb"/>
		</surface>
		<surface>
			<graphic url="../../../Day%204/IMG_0073.JPG"/>
		</surface>
		<surface>
			<graphic url="../../../Day%204/IMG_0074.JPG"/>
		</surface>
	</facsimile>
	<text>
		<body>
			<div1 facs="#zone_dkp_ygx_cjb" type="fetvā">
				<p>
					<lb/>
					...
					<lb/>
				</p>
				<div2 facs="#zone_wmj_bhx_cjb" type="sign">
					<p>
						<lb/>
						...
						<lb/>
					</p>
				</div2>
			</div1>
		</body>
	</text>
</TEI>
