<?xml version="1.0" encoding="UTF-8"?>
<?xml-model href="http://www.tei-c.org/release/xml/tei/custom/schema/relaxng/tei_all.rng" type="application/xml" schematypens="http://relaxng.org/ns/structure/1.0"?>
<?xml-model href="http://www.tei-c.org/release/xml/tei/custom/schema/relaxng/tei_all.rng" type="application/xml"
	schematypens="http://purl.oclc.org/dsdl/schematron"?>
<TEI xmlns="http://www.tei-c.org/ns/1.0">
	<teiHeader>
		<fileDesc>
			<titleStmt>
				<title>Tursko3-052</title>
			</titleStmt>
			<publicationStmt>
				<p>Publication Information</p>
			</publicationStmt>
			<sourceDesc>
				<p/>
			</sourceDesc>
		</fileDesc>
		<xenoData>{ "saji:aspectRatioType": [ "B" ], "saji:fond": [ "Tursko 3" ] }</xenoData>
	</teiHeader>
	<facsimile>
		<surface>
			<graphic url="../../../Tursko%203/DSCN9251.JPG"/>
			<zone ulx="644" uly="644" lrx="2623" lry="1555" xml:id="zone_h4h_5yg_nlb"/>
		</surface>
		<surface>
			<graphic url="../../../Day%205/IMG_0122.JPG"/>
		</surface>
		<surface>
			<graphic url="../../../Day%205/IMG_0123.JPG"/>
		</surface>
		<surface>
			<graphic url="../../../Tursko%203/DSCN9252.JPG"/>
			<zone ulx="150" uly="150" lrx="2325" lry="2500" xml:id="zone_g11_wyg_nlb"/>
			<zone ulx="1920" uly="1920" lrx="546" lry="2174" xml:id="zone_cr2_xyg_nlb"/>
		</surface>
	</facsimile>
	<text>
		<body>
			<div1 facs="#zone_g11_wyg_nlb" next="#zone_h4h_5yg_nlb" subtype="tezkire" type="EMIN">
				<p>
					<lb/>
					işbu					<date when="1808-02-26" when-custom="1222">bin iki yüz yiğirmi iki senesinde</date>
					 der ...
					<lb/>
					...					<date type="created" when="1808-02-26" when-custom="1222">sene 1222</date>
				</p>
				<div2 facs="#zone_cr2_xyg_nlb" type="sign">
					<p>
						<lb/>
						...
						<lb/>
					</p>
				</div2>
				<div2 type="şühūdu’l-hāl">
					<p>
						<lb/>
						...
						<lb/>
					</p>
				</div2>
			</div1>
			<div1 facs="#zone_h4h_5yg_nlb" type="summary_Croatian">
				<p>
					<lb/>
					...					<date type="summary_Croatian" when="1807">1807</date>
					. ...
					<lb/>
				</p>
			</div1>
		</body>
	</text>
</TEI>
