<?xml version="1.0" encoding="UTF-8"?>
<?xml-model href="http://www.tei-c.org/release/xml/tei/custom/schema/relaxng/tei_all.rng" type="application/xml" schematypens="http://relaxng.org/ns/structure/1.0"?>
<?xml-model href="http://www.tei-c.org/release/xml/tei/custom/schema/relaxng/tei_all.rng" type="application/xml"
	schematypens="http://purl.oclc.org/dsdl/schematron"?>
<TEI xmlns="http://www.tei-c.org/ns/1.0">
	<teiHeader>
		<fileDesc>
			<titleStmt>
				<title>Tursko3-051</title>
			</titleStmt>
			<publicationStmt>
				<p>Publication Information</p>
			</publicationStmt>
			<sourceDesc>
				<p/>
			</sourceDesc>
		</fileDesc>
		<xenoData>{ "saji:aspectRatioType": [ "B" ], "saji:fond": [ "Tursko 3" ] }</xenoData>
	</teiHeader>
	<facsimile>
		<surface>
			<graphic url="../../../Tursko%203/DSCN9253.JPG"/>
			<zone ulx="2311" uly="2311" lrx="2756" lry="2550" xml:id="zone_z5m_11h_nlb"/>
			<zone ulx="711" uly="711" lrx="2889" lry="1827" xml:id="zone_o2f_2bh_nlb"/>
		</surface>
		<surface>
			<graphic url="../../../Day%205/IMG_0120.JPG"/>
		</surface>
		<surface>
			<graphic url="../../../Day%205/IMG_0121.JPG"/>
		</surface>
		<surface>
			<graphic url="../../../Tursko%203/DSCN9254.JPG"/>
			<zone ulx="272" uly="272" lrx="2318" lry="2745" xml:id="zone_bpm_c1h_nlb"/>
			<zone ulx="2066" uly="2066" lrx="693" lry="2372" xml:id="zone_kws_x1h_nlb"/>
		</surface>
	</facsimile>
	<text>
		<body>
			<div1 cert="medium" facs="#zone_bpm_c1h_nlb" next="#zone_o2f_2bh_nlb" subtype="temessük" type="EMIN">
				<p>
					<lb/>
					işbu					<date type="created" when="1820-10-06" when-custom="1235">bin iki yüz otuz beş senesinde</date>
					 der ...
					<lb/>
				</p>
				<div2 facs="#zone_kws_x1h_nlb" type="sign">
					<p>
						<lb/>
						...
						<lb/>
					</p>
					<div3 facs="#zone_z5m_11h_nlb" type="stamp_sūret">
						<p>
							<lb/>
							...
							<lb/>
						</p>
					</div3>
				</div2>
				<div2 type="şühūdu’l-hāl">
					<p>
						<lb/>
						...
						<lb/>
					</p>
				</div2>
			</div1>
			<div1 facs="#zone_o2f_2bh_nlb" type="summary_Croatian">
				<p>
					<lb/>
					<date type="summary_Croatian" when="1821">1821</date>
					 ...					<date type="summary_Croatian" when="1820-10-06" when-custom="1235">1235</date>
					.
					<lb/>
				</p>
			</div1>
		</body>
	</text>
</TEI>
