<?xml version="1.0" encoding="UTF-8"?>
<?xml-model href="http://www.tei-c.org/release/xml/tei/custom/schema/relaxng/tei_all.rng" type="application/xml" schematypens="http://relaxng.org/ns/structure/1.0"?>
<?xml-model href="http://www.tei-c.org/release/xml/tei/custom/schema/relaxng/tei_all.rng" type="application/xml"
	schematypens="http://purl.oclc.org/dsdl/schematron"?>
<TEI xmlns="http://www.tei-c.org/ns/1.0">
	<teiHeader>
		<fileDesc>
			<titleStmt>
				<title>Tursko3-252</title>
			</titleStmt>
			<publicationStmt>
				<p>Publication Information</p>
			</publicationStmt>
			<notesStmt>
				<note type="summary">税納付書</note>
				<note type="mine">未完成のもののようだ</note>
			</notesStmt>
			<sourceDesc>
				<p/>
			</sourceDesc>
		</fileDesc>
		<profileDesc>
			<textClass>
				<classCode scheme="">納税証明</classCode>
			</textClass>
		</profileDesc>
		<xenoData>{ "saji:aspectRatioType": [ "A" ], "saji:fond": [ "Tursko 3" ], "saji:memo": [ "典型" ] }</xenoData>
	</teiHeader>
	<facsimile>
		<surface>
			<graphic url="../../../Tursko%203/DSCN0323.JPG"/>
			<zone ulx="63" uly="63" lrx="1682" lry="3218" xml:id="zone_w2r_dfp_2kb"/>
		</surface>
		<surface>
			<graphic url="../../../Day%207/IMG_0143.JPG"/>
		</surface>
		<surface>
			<graphic url="../../../Day%207/IMG_0144.JPG"/>
		</surface>
		<surface>
			<graphic url="../../../Tursko%203/DSCN0324.JPG"/>
		</surface>
		<surface>
			<graphic url="../../../Tursko%203/DSCN0325.JPG"/>
		</surface>
		<surface>
			<graphic url="../../../Tursko%203/DSCN0326.JPG"/>
			<zone ulx="572" uly="572" lrx="2889" lry="1372" xml:id="zone_nqx_jfp_2kb"/>
		</surface>
		<surface>
			<graphic url="../../../Tursko%203/DSCN0327.JPG"/>
		</surface>
		<surface>
			<graphic url="../../../Tursko%203/DSCN0328.JPG"/>
			<zone ulx="1375" uly="1375" lrx="1771" lry="1916" xml:id="zone_sds_lfp_2kb"/>
		</surface>
	</facsimile>
	<text>
		<body>
			<div1 facs="#zone_w2r_dfp_2kb" type="ʿilmühaber">
				<p>
					<lb/>
					Altı senekik vergü ʿilmühaberdir				</p>
			</div1>
			<div1 facs="#zone_nqx_jfp_2kb" type="summary_Croatian">
				<p>
					<lb/>
					...				</p>
			</div1>
		</body>
	</text>
</TEI>
