<?xml version="1.0" encoding="UTF-8"?>
<?xml-model href="http://www.tei-c.org/release/xml/tei/custom/schema/relaxng/tei_all.rng" type="application/xml" schematypens="http://relaxng.org/ns/structure/1.0"?>
<?xml-model href="http://www.tei-c.org/release/xml/tei/custom/schema/relaxng/tei_all.rng" type="application/xml"
	schematypens="http://purl.oclc.org/dsdl/schematron"?>
<TEI xmlns="http://www.tei-c.org/ns/1.0">
	<teiHeader>
		<fileDesc>
			<titleStmt>
				<title>Tursko3-240</title>
			</titleStmt>
			<publicationStmt>
				<p>Publication Information</p>
			</publicationStmt>
			<notesStmt>
				<note type="summary">国有地arāzi-i emīriyeの耕作地の保有者である非ムスリムから修道院長に対する売却・譲渡の承認</note>
				<note type="mine">非常に文字もつづりもきれいに書かれていて、参考になる。</note>
			</notesStmt>
			<sourceDesc>
				<p/>
			</sourceDesc>
		</fileDesc>
		<xenoData>{ "saji:aspectRatioType": [ "B" ], "saji:fond": [ "Tursko 3" ] }</xenoData>
	</teiHeader>
	<facsimile>
		<surface>
			<graphic url="../../../Tursko%203/DSCN0308.JPG"/>
			<zone ulx="269" uly="269" lrx="2400" lry="3029" xml:id="zone_kjj_kr4_2kb"/>
			<zone ulx="2248" uly="2248" lrx="1025" lry="2647" xml:id="zone_fhq_lr4_2kb"/>
			<zone ulx="2395" uly="2395" lrx="1015" lry="2595" xml:id="zone_l1b_nr4_2kb"/>
		</surface>
		<surface>
			<graphic url="../../../Day%207/IMG_0116.JPG"/>
		</surface>
		<surface>
			<graphic url="../../../Day%207/IMG_0117.JPG"/>
		</surface>
		<surface>
			<graphic url="../../../Tursko%203/DSCN0309.JPG"/>
			<zone ulx="605" uly="605" lrx="2873" lry="1183" xml:id="zone_zvr_pr4_2kb"/>
		</surface>
	</facsimile>
	<text>
		<body>
			<div1 facs="#zone_kjj_kr4_2kb" type="EMIN_zabtnāme_tezkire_sūret">
				<p>
					<lb/>
					Hüve
					<lb/>
					Vech-i tahrīr-i hurūf oldur ki
					<lb/>
					işbu					<date type="created" when="1849-11-14" when-custom="1265">bin iki yüz altmış beş senesinde</date>
					 der ʿuhde ve iltizāmımızda bulunan Kirşevo mukātaʿsı
					<lb/>
					varoş hudūd dāhilinde arāzi-i emīriye bir kıtʿa tarla İSNSİNAK demekle bir taraf					<lb/>
					KOBAKİÇ Īwān tarlası e taraf-ı sānī ANUN MATAN tarlası ve taraf-ı sālis ve rābiʿ
					<lb/>
					tarīk-i ʿām ile mahdūd ve muhtāz olub Kirşevo varoş mutavattınlarından zimmī TONA KORİÇ
					<lb/>
					mutasarrıf eyledüği işbu dārende-i hurūf Kirşevo veroş kilisadan gardiyān					<sic>nā</sic>
					<corr>nām</corr>
					 mesfūre
					<lb/>
					resm-i tezkire ile üç yüz otüz guruş bedeli ve semen mukābelesinde beyʿ-i bāt katʿiyle beyʿ
					<lb/>
					edüb biz dahi mukātaʿa me'mūrimiz hasebiyle resm baʿde'l-ahz mesfūr gardiyāna tafvīz
					<lb/>
					ve yedine işbu zabtnāme-i tezkire virildi mā-dāmki taraf-ı mīrīte rāciʿ olan ʿöşr-i rüsūmāt
					<lb/>
					be her sene edā tarafımızdan ve taraf-ı āhardan bir kimesne māniʿ olunmaya
				</p>
				<div2 facs="#zone_fhq_lr4_2kb" type="sign">
					<p>
						<lb/>
						El-me'mūr Mehmed
						<lb/>
						Emīn-i mukātaʿa-i
						<lb/>
						Kirşevo
						<lb/>
						Hālā
						<lb/>
						M
					</p>
					<div3 facs="#zone_l1b_nr4_2kb" type="stamp_sūret">
						<p>
							<lb/>
							...
							<lb/>
							Mehmed
						</p>
					</div3>
				</div2>
				<div2 type="şühūdu'l-hāl">
					<p>
						<lb/>
						Şühūdu'l-hāl
						<lb/>
						Mollā Mehmed bin Sāl(?) ʿan Kirşevo
						<lb/>
						PRİÇE ŞUNİÇ
						<lb/>
						TUNA BALE ʿan Kirşevo
					</p>
				</div2>
			</div1>
			<div1 facs="#zone_zvr_pr4_2kb" type="summary_Croatian">
				<p>
					<lb/>
					Tapija na ... od ...
					<lb/>
					gr. 363. Nno 13.
				</p>
			</div1>
		</body>
	</text>
</TEI>
