<?xml version="1.0" encoding="UTF-8"?>
<?xml-model href="http://www.tei-c.org/release/xml/tei/custom/schema/relaxng/tei_all.rng" type="application/xml" schematypens="http://relaxng.org/ns/structure/1.0"?>
<?xml-model href="http://www.tei-c.org/release/xml/tei/custom/schema/relaxng/tei_all.rng" type="application/xml"
	schematypens="http://purl.oclc.org/dsdl/schematron"?>
<TEI xmlns="http://www.tei-c.org/ns/1.0">
	<teiHeader>
		<fileDesc>
			<titleStmt>
				<title>Tursko1-037</title>
			</titleStmt>
			<publicationStmt>
				<p>Publication Information</p>
			</publicationStmt>
			<sourceDesc>
				<p/>
			</sourceDesc>
		</fileDesc>
		<xenoData>{ "saji:aspectRatioType": [ "C" ], "saji:fond": [ "Tursko 1" ] }</xenoData>
	</teiHeader>
	<facsimile>
		<surface>
			<graphic url="../../../Tursko%201/DSCN1018.JPG"/>
			<zone ulx="154" uly="154" lrx="2318" lry="2690" xml:id="zone_w42_dxg_z3b"/>
			<zone ulx="17" uly="17" lrx="1447" lry="130" xml:id="zone_fhc_fxg_z3b"/>
		</surface>
		<surface>
			<graphic url="../../../Day%202/IMG_0271.JPG"/>
		</surface>
		<surface>
			<graphic url="../../../Day%202/IMG_0273.JPG"/>
		</surface>
		<surface>
			<graphic url="../../../Tursko%201/DSCN1019.JPG"/>
		</surface>
		<surface>
			<graphic url="../../../Tursko%201/DSCN1020.JPG"/>
		</surface>
	</facsimile>
	<text>
		<body>
			<div1 cert="low" facs="#zone_w42_dxg_z3b" type="unkonown_Croatian">
				<l>
					...					<date type="created" when="1858-08-09" when-custom="1274">1274</date>
				</l>
			</div1>
			<div1 facs="#zone_fhc_fxg_z3b" type="summary_Ottoman"/>
		</body>
	</text>
</TEI>
