<?xml version="1.0" encoding="UTF-8"?>
<?xml-model href="http://www.tei-c.org/release/xml/tei/custom/schema/relaxng/tei_all.rng" type="application/xml" schematypens="http://relaxng.org/ns/structure/1.0"?>
<?xml-model href="http://www.tei-c.org/release/xml/tei/custom/schema/relaxng/tei_all.rng" type="application/xml"
	schematypens="http://purl.oclc.org/dsdl/schematron"?>
<TEI xmlns="http://www.tei-c.org/ns/1.0">
	<teiHeader>
		<fileDesc>
			<titleStmt>
				<title>Tursko1-070</title>
			</titleStmt>
			<publicationStmt>
				<p>Publication Information</p>
			</publicationStmt>
			<sourceDesc>
				<p/>
			</sourceDesc>
		</fileDesc>
		<xenoData>{ "saji:aspectRatioType": [ "C" ], "saji:fond": [ "Tursko 1" ], "saji:memo": [ "典型" ],
          "saji:type": [ "‘arż-ı ḥāl ve buyuruldu ve iʿlām" ] }</xenoData>
	</teiHeader>
	<facsimile>
		<surface>
			<graphic url="../../../Tursko%201/DSCN1673.JPG"/>
			<zone ulx="1765" uly="1765" lrx="1448" lry="2934" xml:id="zone_a1q_rbx_1jb"/>
			<zone ulx="181" uly="181" lrx="1132" lry="2156" xml:id="zone_fls_5bx_1jb"/>
			<zone ulx="1062" uly="1062" lrx="2132" lry="2581" xml:id="zone_bj5_wbx_1jb"/>
			<zone ulx="2295" uly="2295" lrx="1615" lry="2428" xml:id="zone_qjc_zbx_1jb"/>
			<zone ulx="90" uly="90" lrx="2150" lry="1225" xml:id="zone_xfg_1cx_1jb"/>
		</surface>
		<surface>
			<graphic url="../../../Day%202/IMG_0482.JPG"/>
		</surface>
		<surface>
			<graphic url="../../../Day%202/IMG_0483.JPG"/>
		</surface>
		<surface>
			<graphic url="../../../Tursko%201/DSCN1674.JPG"/>
			<zone ulx="844" uly="844" lrx="3012" lry="1200" xml:id="zone_imk_ccx_1jb"/>
		</surface>
	</facsimile>
	<text>
		<body>
			<div1 facs="#zone_a1q_rbx_1jb" type="ʿarz-ı_hāl">
				<p>
					<lb/>
					...
					<lb/>
				</p>
			</div1>
			<div1 facs="#zone_fls_5bx_1jb" type="buyuruldu">
				<p>
					<lb/>
					buyuruldu fī					<date type="created" when="1758-11-29" when-custom="1172-03-29">29 Ra 172</date>
					<lb/>
				</p>
			</div1>
			<div1 facs="#zone_bj5_wbx_1jb" type="iʿlām">
				<p>
					<lb/>
					... fī					<date type="created" when="1759-02-02" when-custom="1172-06-05">5 Rebī'ü'l-āhir sene 1172</date>
					<lb/>
				</p>
				<div3 facs="#zone_qjc_zbx_1jb" type="stamp">
					<p>
						<lb/>
						...
						<lb/>
					</p>
				</div3>
			</div1>
			<div1 facs="#zone_xfg_1cx_1jb" type="buyuruldu">
				<p>
					<lb/>
					buyuruldu fī					<date type="created" when="1759-02-04" when-custom="1172-06-07">7 R 172</date>
					<lb/>
				</p>
			</div1>
			<div1 facs="#zone_imk_ccx_1jb" type="summary_Croatian">
				<p>
					<lb/>
					...
					<lb/>
				</p>
			</div1>
		</body>
	</text>
</TEI>
