<?xml version="1.0" encoding="UTF-8"?>
<?xml-model href="http://www.tei-c.org/release/xml/tei/custom/schema/relaxng/tei_all.rng" type="application/xml" schematypens="http://relaxng.org/ns/structure/1.0"?>
<?xml-model href="http://www.tei-c.org/release/xml/tei/custom/schema/relaxng/tei_all.rng" type="application/xml"
	schematypens="http://purl.oclc.org/dsdl/schematron"?>
<TEI xmlns="http://www.tei-c.org/ns/1.0">
	<teiHeader>
		<fileDesc>
			<titleStmt>
				<title>Tursko3-005</title>
			</titleStmt>
			<publicationStmt>
				<p>Publication Information</p>
			</publicationStmt>
			<sourceDesc>
				<p/>
			</sourceDesc>
		</fileDesc>
		<xenoData>{ "saji:aspectRatioType": [ "A" ], "saji:fond": [ "Tursko 3" ] }</xenoData>
	</teiHeader>
	<facsimile>
		<surface>
			<graphic url="../../../Tursko%203/DSCN9196.JPG"/>
			<zone ulx="789" uly="789" lrx="1950" lry="1436" xml:id="zone_nst_kkt_klb"/>
		</surface>
		<surface>
			<graphic url="../../../Day%205/IMG_0017.JPG"/>
		</surface>
		<surface>
			<graphic url="../../../Day%205/IMG_0018.JPG"/>
		</surface>
		<surface>
			<graphic url="../../../Tursko%203/DSCN9197.JPG"/>
			<zone ulx="336" uly="336" lrx="1679" lry="1989" xml:id="zone_dwv_mkt_klb"/>
			<zone ulx="2000" uly="2000" lrx="1690" lry="2863" xml:id="zone_qqz_nkt_klb"/>
		</surface>
	</facsimile>
	<text>
		<body>
			<div1 facs="#zone_dwv_mkt_klb" next="#zone_qqz_nkt_klb" type="fetvā">
				<p>
					<lb/>
					...
					<lb/>
				</p>
			</div1>
			<div1 facs="#zone_qqz_nkt_klb" next="#zone_nst_kkt_klb" type="fetvā">
				<p>
					<lb/>
					...
					<lb/>
				</p>
			</div1>
			<div1 facs="#zone_nst_kkt_klb" type="summary_Croatian">
				<p>
					<lb/>
					...
					<lb/>
				</p>
			</div1>
		</body>
	</text>
</TEI>
