<?xml version="1.0" encoding="UTF-8"?>
<?xml-model href="http://www.tei-c.org/release/xml/tei/custom/schema/relaxng/tei_all.rng" type="application/xml" schematypens="http://relaxng.org/ns/structure/1.0"?>
<?xml-model href="http://www.tei-c.org/release/xml/tei/custom/schema/relaxng/tei_all.rng" type="application/xml"
	schematypens="http://purl.oclc.org/dsdl/schematron"?>
<TEI xmlns="http://www.tei-c.org/ns/1.0">
	<teiHeader>
		<fileDesc>
			<titleStmt>
				<title>Tursko1-120</title>
			</titleStmt>
			<publicationStmt>
				<p>Publication Information</p>
			</publicationStmt>
			<notesStmt>
				<note type="mine">日付のアラビア語のつづりなどがおかしいので、もしかすると全体的にアラビア語（オスマン語も？）が苦手なカーディーなのかもしれない。その他本文も注意する。</note>
			</notesStmt>
			<sourceDesc>
				<p/>
			</sourceDesc>
		</fileDesc>
		<xenoData>{ "saji:aspectRatioType": [ "A" ], "saji:fond": [ "Tursko 1" ] }</xenoData>
	</teiHeader>
	<facsimile>
		<surface>
			<graphic url="../../../Tursko%201/DSCN1813.JPG"/>
			<zone ulx="580" uly="580" lrx="1600" lry="2950" xml:id="zone_ssd_xm4_cjb"/>
			<zone ulx="654" uly="654" lrx="1111" lry="1120" xml:id="zone_j1l_ym4_cjb"/>
			<zone ulx="976" uly="976" lrx="963" lry="1113" xml:id="zone_is1_zm4_cjb"/>
		</surface>
		<surface>
			<graphic url="../../../Day%203/IMG_0082.JPG"/>
		</surface>
		<surface>
			<graphic url="../../../Day%203/IMG_0083.JPG"/>
		</surface>
	</facsimile>
	<text>
		<body>
			<div1 facs="#zone_ssd_xm4_cjb" type="hüccet">
				<p>
					<lb/>
					... fī					<date type="created" when="1775-05-29" when-custom="1189-03">şehr Rebi' evvel sene tisʿ ve semānīn ve mie ve elif</date>
					<lb/>
				</p>
				<div2 facs="#zone_j1l_ym4_cjb" type="sign">
					<p>
						<lb/>
						...
						<lb/>
					</p>
					<div3 facs="#zone_is1_zm4_cjb" type="stamp">
						<p>
							<lb/>
							...
							<lb/>
						</p>
					</div3>
				</div2>
			</div1>
		</body>
	</text>
</TEI>
