<?xml version="1.0" encoding="UTF-8"?>
<?xml-model href="http://www.tei-c.org/release/xml/tei/custom/schema/relaxng/tei_all.rng" type="application/xml" schematypens="http://relaxng.org/ns/structure/1.0"?>
<?xml-model href="http://www.tei-c.org/release/xml/tei/custom/schema/relaxng/tei_all.rng" type="application/xml"
	schematypens="http://purl.oclc.org/dsdl/schematron"?>
<TEI xmlns="http://www.tei-c.org/ns/1.0">
	<teiHeader>
		<fileDesc>
			<titleStmt>
				<title>Tursko2-003</title>
			</titleStmt>
			<publicationStmt>
				<p>Publication Information</p>
			</publicationStmt>
			<notesStmt>
				<note type="mine">【要】日付：月 R or Z　要確認。</note>
			</notesStmt>
			<sourceDesc>
				<p/>
			</sourceDesc>
		</fileDesc>
		<xenoData>{ "saji:aspectRatioType": [ "B" ], "saji:fond": [ "Tursko 2" ] }</xenoData>
	</teiHeader>
	<facsimile>
		<surface>
			<graphic url="../../../Tursko%202/DSCN8919.JPG"/>
			<zone ulx="-23" uly="-23" lrx="2170" lry="2730" xml:id="zone_gbb_dhz_djb"/>
			<zone ulx="315" uly="315" lrx="2037" lry="572" xml:id="zone_v4h_2hz_djb"/>
		</surface>
		<surface>
			<graphic url="../../../Day%204/IMG_0142.JPG"/>
		</surface>
		<surface>
			<graphic url="../../../Day%204/IMG_0144.JPG"/>
		</surface>
		<surface>
			<graphic url="../../../Day%204/IMG_0146.JPG"/>
		</surface>
		<surface>
			<graphic url="../../../Tursko%202/DSCN8920.JPG"/>
			<zone ulx="466" uly="466" lrx="2617" lry="694" xml:id="zone_tp2_ghz_djb"/>
			<zone ulx="1011" uly="1011" lrx="2345" lry="1383" xml:id="zone_xqd_hhz_djb"/>
		</surface>
	</facsimile>
	<text>
		<body>
			<div1 facs="#zone_gbb_dhz_djb" type="beyāz_üzerine_buyuruldu">
				<p>
					<lb/>
					... buyuruldu fī					<date cert="medium" type="created" when="1777-05-22" when-custom="1191-04-15">15 R sene 191</date>
					<lb/>
				</p>
				<div3 facs="#zone_v4h_2hz_djb" type="stamp">
					<p>
						<lb/>
						...
						<lb/>
					</p>
				</div3>
			</div1>
			<div1 facs="#zone_tp2_ghz_djb" type="summary_Croatian">
				<p>
					<lb/>
					...					<date when="1776">1776</date>
					<lb/>
				</p>
			</div1>
			<div1 facs="#zone_xqd_hhz_djb" type="summary_Croatian">
				<p>
					<lb/>
					Datum:					<date type="summary_Croatian" when="1777-05-22" when-custom="1191-04-15">15. rebiul ahir 1191</date>
					 -					<date type="summary_Croatian" when="1777-05-23">23. maj 1777</date>
					<lb/>
				</p>
			</div1>
		</body>
	</text>
</TEI>
