<?xml version="1.0" encoding="UTF-8"?>
<?xml-model href="http://www.tei-c.org/release/xml/tei/custom/schema/relaxng/tei_all.rng" type="application/xml" schematypens="http://relaxng.org/ns/structure/1.0"?>
<?xml-model href="http://www.tei-c.org/release/xml/tei/custom/schema/relaxng/tei_all.rng" type="application/xml"
	schematypens="http://purl.oclc.org/dsdl/schematron"?>
<TEI xmlns="http://www.tei-c.org/ns/1.0">
	<teiHeader>
		<fileDesc>
			<titleStmt>
				<title>Tursko3-251</title>
			</titleStmt>
			<publicationStmt>
				<p>Publication Information</p>
			</publicationStmt>
			<notesStmt>
				<note type="summary">国有地arāz-i mīrīyeの非ムスリムの耕作地の、修道院長に対する譲渡の承認</note>
			</notesStmt>
			<sourceDesc>
				<p/>
			</sourceDesc>
		</fileDesc>
		<xenoData>{ "saji:aspectRatioType": [ "B" ], "saji:fond": [ "Tursko 3" ] }</xenoData>
	</teiHeader>
	<facsimile>
		<surface>
			<graphic url="../../../Tursko%203/DSCN0310.JPG"/>
			<zone ulx="0" uly="0" lrx="2385" lry="2507" xml:id="zone_yns_rv4_2kb"/>
			<zone ulx="2102" uly="2102" lrx="628" lry="2453" xml:id="zone_dvh_dw4_2kb"/>
			<zone ulx="2221" uly="2221" lrx="612" lry="2428" xml:id="zone_t4g_2w4_2kb"/>
		</surface>
		<surface>
			<graphic url="../../../Day%207/IMG_0141.JPG"/>
		</surface>
		<surface>
			<graphic url="../../../Day%207/IMG_0142.JPG"/>
		</surface>
		<surface>
			<graphic url="../../../Tursko%203/DSCN0311.JPG"/>
			<zone ulx="44" uly="44" lrx="1950" lry="550" xml:id="zone_x4x_gw4_2kb"/>
		</surface>
	</facsimile>
	<text>
		<body>
			<div1 facs="#zone_yns_rv4_2kb" type="EMIN_tapu">
				<p>
					<lb/>
					Hüve
					<lb/>
					Vech-i tahrīr-i hurūf oldur ki
					<lb/>
					işbu					<date when="1847-12-07" when-custom="1263">bin iki yüz altmış üç senesinde</date>
					 der ʿuhde ve iltizāmımızda bulunan Kirşevo mukātaʿasında varoş cemāʿat-i ...
					<lb/>
					<sic>hudū</sic>
					<corr>hudūd</corr>
					 dāhilinde arāz-i mīrīye mutasarrıfların MATUNALİÇ veled-i İSTİYĀN nām kend-i taht-ı tasarrıfında bulunan bir
					<lb/>
					kıtʿa tarla KUÇUİÇE demekle bir tarafında MATO MACAR ZMŞİÇ tarlası ve bir taraf-ı KUÇUİÇE RAHBİÇ tarlası
					<lb/>
					ve tarafında orman ve varınca ve bir tarafında tarīk-i ʿām hudūd ile mahdūd ve mümtāz olub arāz-i mīrīye tarlaya
					<lb/>
					mesfūrun hakk ve karār ve tasarrıfı ... işbu dārende-i hurūf Kirşevo varoş kilisasında mütemekkin olan
					<lb/>
					gardiyān nām kimesne resm-i tapu ile yedi yüz doksan guruş bedel-i ferāğ mukābele ferāğ ... idüb
					<lb/>
					mesfūre gardiyāna arāzī-i mīrīye ... tāleb ... bizim dahi me'mūrimiz hasbiyle
					<lb/>
					kānūn-ı pādişāh üzere resm-i tapusunu baʿde'l-ahz arāzī-i mīrīye MATO mesfūr ferāgat-ı müşteri gardiyān
					<lb/>
					tafvīz ve zabt ve ... izin ve ruhsat virdim mā-dām ki sāl be-sāl taraf mukābelesinde rāciʿ olan aʿşār-ı şerʿiye
					<lb/>
					ve rüsūmāt-ı ʿörfiyesini edā ile işbu tapuya iʿtā ve teslīm olundu zabt ve tasarrıfına ... bir tarafına māniʿ
					<lb/>
					ve müdāhale olunmaya fī					<date type="created" when="1847-09-12" when-custom="1263-10-02">2 L sene 263</date>
				</p>
				<div2 facs="#zone_dvh_dw4_2kb" type="sign">
					<p>
						<lb/>
						El-me'mūr
						<lb/>
						Mehmed mukātaʿa-i
						<lb/>
						Emīn-i Kir-
						<lb/>
						şevo M
					</p>
					<div3 facs="#zone_t4g_2w4_2kb" type="stamp">
						<p>
							<lb/>
							...
							<lb/>
							Mehmed
						</p>
					</div3>
				</div2>
				<div2 type="şühūdu'l-hāl">
					<p>
						<lb/>
						Şühūdu'l-hāl
						<lb/>
						... BAN MHT
						<lb/>
						Anton BAN
						<lb/>
						PARİÇE ŞUNİÇ
						<lb/>
						PAVURAYA
						<lb/>
						Nikola AKAMKÇE
						<lb/>
						ve gayrihim
					</p>
				</div2>
			</div1>
			<div1 facs="#zone_x4x_gw4_2kb" type="summary_Croatian">
				<p>
					<lb/>
					Tapija od ...
					<lb/>
					... na ...
					<lb/>
					Nno 15.
				</p>
			</div1>
		</body>
	</text>
</TEI>
