<?xml version="1.0" encoding="UTF-8"?>
<?xml-model href="http://www.tei-c.org/release/xml/tei/custom/schema/relaxng/tei_all.rng" type="application/xml" schematypens="http://relaxng.org/ns/structure/1.0"?>
<?xml-model href="http://www.tei-c.org/release/xml/tei/custom/schema/relaxng/tei_all.rng" type="application/xml"
	schematypens="http://purl.oclc.org/dsdl/schematron"?>
<TEI xmlns="http://www.tei-c.org/ns/1.0">
	<teiHeader>
		<fileDesc>
			<titleStmt>
				<title>Tursko3-003</title>
			</titleStmt>
			<publicationStmt>
				<p>Publication Information</p>
			</publicationStmt>
			<sourceDesc>
				<p/>
			</sourceDesc>
		</fileDesc>
		<xenoData>{ "saji:aspectRatioType": [ "B" ], "saji:fond": [ "Tursko 3" ] }</xenoData>
	</teiHeader>
	<facsimile>
		<surface>
			<graphic url="../../../Tursko%203/DSCN9348.JPG"/>
			<zone ulx="23" uly="23" lrx="2077" lry="2892" xml:id="zone_kv5_2s1_zlb"/>
			<zone ulx="2481" uly="2481" lrx="705" lry="2737" xml:id="zone_vlj_3s1_zlb"/>
		</surface>
		<surface>
			<graphic url="../../../Day%205/IMG_0013.JPG"/>
		</surface>
		<surface>
			<graphic url="../../../Day%205/IMG_0014.JPG"/>
		</surface>
	</facsimile>
	<text>
		<body>
			<div1 cert="low" facs="#zone_kv5_2s1_zlb" type="EMIN">
				<p>
					<lb/>
					tahrīren fī					<date type="created" when="1705-10-18" when-custom="1117-07-01">gürre-i Recebi'l-... sene 1117</date>
					<lb/>
				</p>
				<div2 facs="#zone_vlj_3s1_zlb" type="sign">
					<p>
						<lb/>
						...
						<lb/>
					</p>
				</div2>
				<div2 type="şühūdu’l-hāl">
					<p>
						<lb/>
						...
						<lb/>
					</p>
				</div2>
			</div1>
		</body>
	</text>
</TEI>
