<?xml version="1.0" encoding="UTF-8"?>
<?xml-model href="http://www.tei-c.org/release/xml/tei/custom/schema/relaxng/tei_all.rng" type="application/xml" schematypens="http://relaxng.org/ns/structure/1.0"?>
<?xml-model href="http://www.tei-c.org/release/xml/tei/custom/schema/relaxng/tei_all.rng" type="application/xml"
	schematypens="http://purl.oclc.org/dsdl/schematron"?>
<TEI xmlns="http://www.tei-c.org/ns/1.0">
	<teiHeader>
		<fileDesc>
			<titleStmt>
				<title>Tursko3-039</title>
			</titleStmt>
			<publicationStmt>
				<p>Publication Information</p>
			</publicationStmt>
			<sourceDesc>
				<p/>
			</sourceDesc>
		</fileDesc>
		<xenoData>{ "saji:aspectRatioType": [ "B" ], "saji:fond": [ "Tursko 3" ] }</xenoData>
	</teiHeader>
	<facsimile>
		<surface>
			<graphic url="../../../Tursko%203/DSCN9281.JPG"/>
			<zone ulx="744" uly="744" lrx="2684" lry="1383" xml:id="zone_j3z_dsv_nlb"/>
		</surface>
		<surface>
			<graphic url="../../../Day%205/IMG_0094.JPG"/>
		</surface>
		<surface>
			<graphic url="../../../Day%205/IMG_0095.JPG"/>
		</surface>
		<surface>
			<graphic url="../../../Tursko%203/DSCN9282.JPG"/>
			<zone ulx="114" uly="114" lrx="2264" lry="2421" xml:id="zone_ubz_fsv_nlb"/>
			<zone ulx="2048" uly="2048" lrx="633" lry="2360" xml:id="zone_qnf_hsv_nlb"/>
		</surface>
	</facsimile>
	<text>
		<body>
			<div1 cert="medium" facs="#zone_ubz_fsv_nlb" next="#zone_j3z_dsv_nlb" subtype="temessük" type="EMIN">
				<p>
					<lb/>
					işbu					<date type="created" when="1820-10-06" when-custom="1235">bin iki yüz otuz beş senesinde</date>
					 der ...
					<lb/>
				</p>
				<div2 facs="#zone_qnf_hsv_nlb" type="sign">
					<p>
						<lb/>
						...
						<lb/>
					</p>
				</div2>
				<div2 type="şühūdu’l-hāl">
					<p>
						<lb/>
						...
						<lb/>
					</p>
				</div2>
			</div1>
			<div1 facs="#zone_j3z_dsv_nlb" type="summary_Croatian">
				<p>
					<lb/>
					...					<date type="summary_Croatian" when="1821">1821</date>
					. ...
					<lb/>
				</p>
			</div1>
		</body>
	</text>
</TEI>
