<?xml version="1.0" encoding="UTF-8"?>
<?xml-model href="http://www.tei-c.org/release/xml/tei/custom/schema/relaxng/tei_all.rng" type="application/xml" schematypens="http://relaxng.org/ns/structure/1.0"?>
<?xml-model href="http://www.tei-c.org/release/xml/tei/custom/schema/relaxng/tei_all.rng" type="application/xml"
	schematypens="http://purl.oclc.org/dsdl/schematron"?>
<TEI xmlns="http://www.tei-c.org/ns/1.0">
	<teiHeader>
		<fileDesc>
			<titleStmt>
				<title>Tursko3-181</title>
			</titleStmt>
			<publicationStmt>
				<p>Publication Information</p>
			</publicationStmt>
			<notesStmt>
				<note type="summary">レアーヤーから修道士に対する物品の売却の許可文書？</note>
				<note type="mine">Şühūdu'l-hālの書かれる場所にtapunameが書かれている。左手に書かれているizin temessükの内容を証明するものと思われる。</note>
			</notesStmt>
			<sourceDesc>
				<p/>
			</sourceDesc>
		</fileDesc>
		<xenoData>{ "saji:aspectRatioType": [ "B" ], "saji:fond": [ "Tursko 3" ] }</xenoData>
	</teiHeader>
	<facsimile>
		<surface>
			<graphic url="../../../Tursko%203/DSCN9028.JPG"/>
			<zone ulx="241" uly="241" lrx="1592" lry="2858" xml:id="zone_zbj_j1p_xkb"/>
			<zone ulx="2458" uly="2458" lrx="1572" lry="2709" xml:id="zone_vnr_p1p_xkb"/>
			<zone ulx="2502" uly="2502" lrx="1274" lry="2813" xml:id="zone_nz5_q1p_xkb"/>
			<zone ulx="2683" uly="2683" lrx="1267" lry="2811" xml:id="zone_lgx_r1p_xkb"/>
			<zone ulx="2488" uly="2488" lrx="1090" lry="2804" xml:id="zone_uwx_s1p_xkb"/>
			<zone ulx="2642" uly="2642" lrx="1093" lry="2795" xml:id="zone_lv4_t1p_xkb"/>
			<zone ulx="2468" uly="2468" lrx="844" lry="2788" xml:id="zone_ng3_51p_xkb"/>
			<zone ulx="2632" uly="2632" lrx="841" lry="2781" xml:id="zone_hyy_51p_xkb"/>
			<zone ulx="2384" uly="2384" lrx="616" lry="2751" xml:id="zone_qcp_v1p_xkb"/>
			<zone ulx="2600" uly="2600" lrx="609" lry="2744" xml:id="zone_yyc_w1p_xkb"/>
			<zone ulx="1716" uly="1716" lrx="2311" lry="2777" xml:id="zone_f4m_x1p_xkb"/>
			<zone ulx="1736" uly="1736" lrx="2125" lry="2125" xml:id="zone_nvm_x1p_xkb"/>
			<zone ulx="1744" uly="1744" lrx="2065" lry="1917" xml:id="zone_op1_z1p_xkb"/>
		</surface>
		<surface>
			<graphic url="../../../Day%206/IMG_0202.JPG"/>
		</surface>
		<surface>
			<graphic url="../../../Day%206/IMG_0203.JPG"/>
		</surface>
	</facsimile>
	<text>
		<body>
			<div1 facs="#zone_zbj_j1p_xkb" next="#zone_f4m_x1p_xkb" type="EMIN_izin_temessük">
				<p>
					<lb/>
					Hüve
					<lb/>
					Vech-i tahrīr-i hurūf oldur ki
					<lb/>
					işbu					<placeName>ŞKA</placeName>
					 nāhiyenin reʿāyāsı tarafımıza gelüb					<placeName>ŞYPUVAÇE</placeName>
					 karyesinde rāhib içün
					<lb/>
					birā(?) ve yapmak tāleb olmağyile ve senede ... olmak üzere yedi buçuk guruş
					<lb/>
					ve iki ... yağ ve iki tāne kuzı kul(?) olunub ve işbu izin temessük
					<lb/>
					mesfūr reʿāyānın yedlerine virildi mezkūr(?) husūs içün yapmağa tarafımızdan
					<lb/>
					ve taraf-ı āhardan bir ferd māniʿ ve müdāhale(?) olunmaya					<date type="created" when="1802-05-01" when-custom="1216">sene 1216</date>
				</p>
				<div2 facs="#zone_vnr_p1p_xkb" type="sign">
					<p>
						<lb/>
						...
						<lb/>
						El-hāccı Ahmad
						<lb/>
						El-me'mūr					</p>
				</div2>
				<div2 facs="#zone_nz5_q1p_xkb" type="sign">
					<p>
						<lb/>
						Mehmed
						<lb/>
						El-me'mūr					</p>
					<div3 facs="#zone_lgx_r1p_xkb" type="stamp">
						<p>
							<lb/>
							...
							<lb/>
						</p>
					</div3>
				</div2>
				<div2 facs="#zone_uwx_s1p_xkb" type="sign">
					<p>
						<lb/>
						Hasan
						<lb/>
						El-me'mūr					</p>
					<div3 facs="#zone_lv4_t1p_xkb" type="stamp">
						<p>
							<lb/>
							...
							<lb/>
						</p>
					</div3>
				</div2>
				<div2 facs="#zone_ng3_51p_xkb" type="sign">
					<p>
						<lb/>
						ʿOsman(?)
						<lb/>
						El-me'mūr					</p>
					<div3 facs="#zone_hyy_51p_xkb" type="stamp">
						<p>
							<lb/>
							...
							<lb/>
						</p>
					</div3>
				</div2>
				<div2 facs="#zone_qcp_v1p_xkb" type="sign">
					<p>
						<lb/>
						Ahmad Ağa
						<lb/>
						El-me'mūr					</p>
					<div3 facs="#zone_yyc_w1p_xkb" type="stamp">
						<p>
							<lb/>
							...
							<lb/>
						</p>
					</div3>
				</div2>
			</div1>
			<div1 cert="low" facs="#zone_f4m_x1p_xkb" type="EMIN_tapu_nāme">
				<p>
					<lb/>
					Vech-i tahrīr-i tapunāme budur ki
					<lb/>
					... temessükte minvāl-i meşrūh
					<lb/>
					üzere zikr olunan me'mūriyetmiz(?)
					<lb/>
					üzere ... rāhiblere tecvīz
					<lb/>
					ve tafvīz olundu				</p>
				<div2 facs="#zone_nvm_x1p_xkb" type="sign">
					<p>
						<lb/>
						...
						<lb/>
						Sālih el-me'mūr					</p>
					<div3 facs="#zone_op1_z1p_xkb" type="stamp">
						<p>
							<lb/>
							...
							<lb/>
						</p>
					</div3>
				</div2>
			</div1>
		</body>
	</text>
</TEI>
