<?xml version="1.0" encoding="UTF-8"?>
<?xml-model href="http://www.tei-c.org/release/xml/tei/custom/schema/relaxng/tei_all.rng" type="application/xml" schematypens="http://relaxng.org/ns/structure/1.0"?>
<?xml-model href="http://www.tei-c.org/release/xml/tei/custom/schema/relaxng/tei_all.rng" type="application/xml"
	schematypens="http://purl.oclc.org/dsdl/schematron"?>
<TEI xmlns="http://www.tei-c.org/ns/1.0">
	<teiHeader>
		<fileDesc>
			<titleStmt>
				<title>Tursko3-187</title>
			</titleStmt>
			<publicationStmt>
				<p>Publication Information</p>
			</publicationStmt>
			<sourceDesc>
				<p/>
			</sourceDesc>
		</fileDesc>
		<xenoData>{ "saji:aspectRatioType": [ "B" ], "saji:fond": [ "Tursko 3" ] }</xenoData>
	</teiHeader>
	<facsimile>
		<surface>
			<graphic url="../../../Tursko%203/DSCN9036.JPG"/>
			<zone ulx="250" uly="250" lrx="2806" lry="505" xml:id="zone_qs2_wjp_xkb"/>
		</surface>
		<surface>
			<graphic url="../../../Day%206/IMG_0216.JPG"/>
		</surface>
		<surface>
			<graphic url="../../../Day%206/IMG_0217.JPG"/>
		</surface>
		<surface>
			<graphic url="../../../Tursko%203/DSCN9037.JPG"/>
			<zone ulx="446" uly="446" lrx="1854" lry="2700" xml:id="zone_nkk_xjp_xkb"/>
			<zone ulx="2042" uly="2042" lrx="895" lry="2671" xml:id="zone_frm_yjp_xkb"/>
			<zone ulx="2335" uly="2335" lrx="888" lry="2538" xml:id="zone_f53_zjp_xkb"/>
		</surface>
	</facsimile>
	<text>
		<body>
			<div1 facs="#zone_nkk_xjp_xkb" next="#zone_qs2_wjp_xkb" type="izin_tezkire">
				<p>
					<lb/>
					...
					<lb/>
				</p>
				<div2 facs="#zone_frm_yjp_xkb" type="sign">
					<p>
						<lb/>
						...
						<lb/>
					</p>
					<div3 facs="#zone_f53_zjp_xkb" type="stamp">
						<p>
							<lb/>
							...
							<lb/>
						</p>
					</div3>
				</div2>
			</div1>
			<div1 facs="#zone_qs2_wjp_xkb" type="summary_Croatian">
				<p>
					<lb/>
					...
					<lb/>
				</p>
			</div1>
		</body>
	</text>
</TEI>
