<?xml version="1.0" encoding="UTF-8"?>
<?xml-model href="http://www.tei-c.org/release/xml/tei/custom/schema/relaxng/tei_all.rng" type="application/xml" schematypens="http://relaxng.org/ns/structure/1.0"?>
<?xml-model href="http://www.tei-c.org/release/xml/tei/custom/schema/relaxng/tei_all.rng" type="application/xml"
	schematypens="http://purl.oclc.org/dsdl/schematron"?>
<TEI xmlns="http://www.tei-c.org/ns/1.0">
	<teiHeader>
		<fileDesc>
			<titleStmt>
				<title>Tursko1-119</title>
			</titleStmt>
			<publicationStmt>
				<p>Publication Information</p>
			</publicationStmt>
			<sourceDesc>
				<p/>
			</sourceDesc>
		</fileDesc>
		<xenoData>{ "saji:aspectRatioType": [ "A" ], "saji:fond": [ "Tursko 1" ] }</xenoData>
	</teiHeader>
	<facsimile>
		<surface>
			<graphic url="../../../Tursko%201/DSCN1811.JPG"/>
			<zone ulx="316" uly="316" lrx="1550" lry="3025" xml:id="zone_jpb_sl4_cjb"/>
			<zone ulx="349" uly="349" lrx="1106" lry="875" xml:id="zone_xzj_tl4_cjb"/>
			<zone ulx="737" uly="737" lrx="1026" lry="865" xml:id="zone_rnj_5l4_cjb"/>
		</surface>
		<surface>
			<graphic url="../../../Day%203/IMG_0080.JPG"/>
		</surface>
		<surface>
			<graphic url="../../../Day%203/IMG_0081.JPG"/>
		</surface>
		<surface>
			<graphic url="../../../Tursko%201/DSCN1812.JPG"/>
			<zone ulx="700" uly="700" lrx="2701" lry="1255" xml:id="zone_bbp_vl4_cjb"/>
		</surface>
	</facsimile>
	<text>
		<body>
			<div1 facs="#zone_jpb_sl4_cjb" type="hüccet">
				<p>
					<lb/>
					...					<date type="created" when="1839-10-13" when-custom="1255-08-05">
						fi'l-yevmi'l-hāmis min şehr Şaʿabānı'l-muʿazzam
						<lb/>
						<lb/>
						sene hamıs ve hamsīn ve mieteyn ve elif
					</date>
					<lb/>
				</p>
				<div2 facs="#zone_xzj_tl4_cjb" type="sign">
					<p>
						<lb/>
						...
						<lb/>
					</p>
					<div3 facs="#zone_rnj_5l4_cjb" type="stamp">
						<p>
							<lb/>
							...
							<lb/>
						</p>
					</div3>
				</div2>
			</div1>
			<div1 facs="#zone_bbp_vl4_cjb" type="summary_Croatian">
				<p>
					<lb/>
					<date type="summary_Croatian" when="1839">1839</date>
					.
					<lb/>
				</p>
			</div1>
		</body>
	</text>
</TEI>
