<?xml version="1.0" encoding="UTF-8"?>
<?xml-model href="http://www.tei-c.org/release/xml/tei/custom/schema/relaxng/tei_all.rng" type="application/xml" schematypens="http://relaxng.org/ns/structure/1.0"?>
<?xml-model href="http://www.tei-c.org/release/xml/tei/custom/schema/relaxng/tei_all.rng" type="application/xml"
	schematypens="http://purl.oclc.org/dsdl/schematron"?>
<TEI xmlns="http://www.tei-c.org/ns/1.0">
	<teiHeader>
		<fileDesc>
			<titleStmt>
				<title>Tursko3-083</title>
			</titleStmt>
			<publicationStmt>
				<p>Publication Information</p>
			</publicationStmt>
			<sourceDesc>
				<p/>
			</sourceDesc>
		</fileDesc>
		<xenoData>{ "saji:aspectRatioType": [ "B" ], "saji:fond": [ "Tursko 3" ] }</xenoData>
	</teiHeader>
	<facsimile>
		<surface>
			<graphic url="../../../Tursko%203/DSCN9377.JPG"/>
			<zone ulx="711" uly="711" lrx="2362" lry="1166" xml:id="zone_wtp_lng_zlb"/>
		</surface>
		<surface>
			<graphic url="../../../Day%205/IMG_0190.JPG"/>
		</surface>
		<surface>
			<graphic url="../../../Day%205/IMG_0191.JPG"/>
		</surface>
		<surface>
			<graphic url="../../../Tursko%203/DSCN9378.JPG"/>
			<zone ulx="116" uly="116" lrx="2225" lry="2908" xml:id="zone_gx1_nng_zlb"/>
			<zone ulx="2464" uly="2464" lrx="564" lry="2892" xml:id="zone_qmx_5ng_zlb"/>
		</surface>
	</facsimile>
	<text>
		<body>
			<div1 facs="#zone_gx1_nng_zlb" next="#zone_wtp_lng_zlb" subtype="tezkire" type="EMIN">
				<p>
					<lb/>
					... fī					<date type="created" when="1821-03-05" when-custom="1236-06-01">1 Cemaziye'l-āhir sene 236</date>
					<lb/>
				</p>
				<div2 facs="#zone_qmx_5ng_zlb" type="sign">
					<p>
						<lb/>
						...
						<lb/>
					</p>
				</div2>
				<div2 type="şühūdu’l-hāl">
					<p>
						<lb/>
						...
						<lb/>
					</p>
				</div2>
			</div1>
			<div1 facs="#zone_wtp_lng_zlb" type="summary_Croatian">
				<p>
					<lb/>
					...
					<lb/>
				</p>
			</div1>
		</body>
	</text>
</TEI>
