<?xml version="1.0" encoding="UTF-8"?>
<?xml-model href="http://www.tei-c.org/release/xml/tei/custom/schema/relaxng/tei_all.rng" type="application/xml" schematypens="http://relaxng.org/ns/structure/1.0"?>
<?xml-model href="http://www.tei-c.org/release/xml/tei/custom/schema/relaxng/tei_all.rng" type="application/xml"
	schematypens="http://purl.oclc.org/dsdl/schematron"?>
<TEI xmlns="http://www.tei-c.org/ns/1.0">
	<teiHeader>
		<fileDesc>
			<titleStmt>
				<title>Tursko1-060</title>
			</titleStmt>
			<publicationStmt>
				<p>Publication Information</p>
			</publicationStmt>
			<notesStmt>
				<note type="summary">ジズヤ</note>
				<note type="summary">アルズハールとブユルルドゥの写し</note>
				<note type="mine">Aydoslu Mehmed Paşaは、1790年にアナドルベイレルベイに、1791年にルメリベイレルベイになった人物。Vikipediにも出てくるが、Sicilli Osmaniを調べる。</note>
			</notesStmt>
			<sourceDesc>
				<p/>
			</sourceDesc>
		</fileDesc>
		<xenoData>{ "saji:aspectRatioType": [ "C" ], "saji:fond": [ "Tursko 1" ], "saji:memo": [ "典型",
          "ジズヤの話" ], "saji:type": [ "ṣūret-i ‘arż-ı ḥāl ve buyuruldu" ] }</xenoData>
	</teiHeader>
	<facsimile>
		<surface>
			<graphic url="../../../Tursko%201/DSCN1648.JPG"/>
			<zone ulx="109" uly="109" lrx="1882" lry="2936" xml:id="zone_tzd_fjk_1jb"/>
			<zone ulx="1344" uly="1344" lrx="1522" lry="2911" xml:id="zone_atp_5jk_1jb"/>
			<zone ulx="266" uly="266" lrx="1572" lry="1327" xml:id="zone_oln_vjk_1jb"/>
			<zone ulx="279" uly="279" lrx="1116" lry="816" xml:id="zone_rbq_clk_1jb"/>
			<zone ulx="1725" uly="1725" lrx="1850" lry="2195" xml:id="zone_zc2_2lk_1jb"/>
			<zone ulx="1815" uly="1815" lrx="1841" lry="1979" xml:id="zone_adm_flk_1jb"/>
		</surface>
		<surface>
			<graphic url="../../../Day%202/IMG_0422.JPG"/>
		</surface>
		<surface>
			<graphic url="../../../Day%202/IMG_0423.JPG"/>
		</surface>
		<surface>
			<graphic url="../../../Tursko%201/DSCN1649.JPG"/>
			<zone ulx="555" uly="555" lrx="2750" lry="805" xml:id="zone_lsf_4jk_1jb"/>
		</surface>
	</facsimile>
	<text>
		<body>
			<div1 facs="#zone_tzd_fjk_1jb" type="ʿarz-ı_hāl_buyuruldu_sūret">
				<div1 facs="#zone_atp_5jk_1jb" type="ʿarz-ı_hāl_sūret">
					<p>
						<lb/>
						...
						<lb/>
					</p>
				</div1>
				<div1 facs="#zone_oln_vjk_1jb" type="buyuruldu_sūret">
					<p>
						<lb/>
						... buyuruldu						<date type="created" when="1785-01-13" when-custom="1199-03-03">3 Ra 199</date>
						<lb/>
					</p>
					<div3 facs="#zone_lsf_4jk_1jb" type="stamp_sūret">
						<p>
							<lb/>
							...
							<lb/>
						</p>
					</div3>
				</div1>
				<div1 facs="#zone_zc2_2lk_1jb" type="note">
					<p>
						<lb/>
						...
						<lb/>
					</p>
					<div3 facs="#zone_adm_flk_1jb" type="stamp">
						<p>
							<lb/>
							...
							<lb/>
						</p>
					</div3>
				</div1>
				<div1 facs="#zone_rbq_clk_1jb" type="summary_Croatian">
					<p>
						<lb/>
						...
						<lb/>
					</p>
				</div1>
			</div1>
		</body>
	</text>
</TEI>
