<?xml version="1.0" encoding="UTF-8"?>
<?xml-model href="http://www.tei-c.org/release/xml/tei/custom/schema/relaxng/tei_all.rng" type="application/xml" schematypens="http://relaxng.org/ns/structure/1.0"?>
<?xml-model href="http://www.tei-c.org/release/xml/tei/custom/schema/relaxng/tei_all.rng" type="application/xml"
	schematypens="http://purl.oclc.org/dsdl/schematron"?>
<TEI xmlns="http://www.tei-c.org/ns/1.0">
	<teiHeader>
		<fileDesc>
			<titleStmt>
				<title>Tursko3-219</title>
			</titleStmt>
			<publicationStmt>
				<p>Publication Information</p>
			</publicationStmt>
			<notesStmt>
				<note type="mine">家畜に関する契約書？家畜の世話を任せることについて</note>
				<note type="mine">読めると面白い、普通は残ってないような文書</note>
			</notesStmt>
			<sourceDesc>
				<p/>
			</sourceDesc>
		</fileDesc>
		<xenoData>{ "saji:aspectRatioType": [ "A" ], "saji:fond": [ "Tursko 3" ], "saji:memo": [ "典型" ] }</xenoData>
	</teiHeader>
	<facsimile>
		<surface>
			<graphic url="../../../Tursko%203/DSCN0420.JPG"/>
			<zone ulx="69" uly="69" lrx="1870" lry="2323" xml:id="zone_uky_w1h_skb"/>
		</surface>
		<surface>
			<graphic url="../../../Day%207/IMG_0070.JPG"/>
		</surface>
		<surface>
			<graphic url="../../../Day%207/IMG_0071.JPG"/>
		</surface>
	</facsimile>
	<text>
		<body>
			<div1 facs="#zone_uky_w1h_skb" type="unkown">
				<p>
					<lb/>
					İşbu					<date from="1849-11-14" from-custom="1265" type="created">bin iki yüz altmış beş seneden</date>
					 ...					<lb/>
				</p>
			</div1>
		</body>
	</text>
</TEI>
