<?xml version="1.0" encoding="UTF-8"?>
<?xml-model href="http://www.tei-c.org/release/xml/tei/custom/schema/relaxng/tei_all.rng" type="application/xml" schematypens="http://relaxng.org/ns/structure/1.0"?>
<?xml-model href="http://www.tei-c.org/release/xml/tei/custom/schema/relaxng/tei_all.rng" type="application/xml"
	schematypens="http://purl.oclc.org/dsdl/schematron"?>
<TEI xmlns="http://www.tei-c.org/ns/1.0">
	<teiHeader>
		<fileDesc>
			<titleStmt>
				<title>Tursko3-269</title>
			</titleStmt>
			<publicationStmt>
				<p>Publication Information</p>
			</publicationStmt>
			<sourceDesc>
				<p/>
			</sourceDesc>
		</fileDesc>
		<xenoData>{ "saji:aspectRatioType": [ "A" ], "saji:fond": [ "Tursko 3" ] }</xenoData>
	</teiHeader>
	<facsimile>
		<surface>
			<graphic url="../../../Tursko%203/DSCN0377.JPG"/>
			<zone ulx="90" uly="90" lrx="1991" lry="3000" xml:id="zone_usv_nhf_pkb"/>
			<zone ulx="119" uly="119" lrx="1578" lry="723" xml:id="zone_ycp_phf_pkb"/>
			<zone ulx="582" uly="582" lrx="1500" lry="719" xml:id="zone_g1m_qhf_pkb"/>
		</surface>
		<surface>
			<graphic url="../../../Day%207/IMG_0181.JPG"/>
		</surface>
		<surface>
			<graphic url="../../../Day%207/IMG_0182.JPG"/>
		</surface>
		<surface>
			<graphic url="../../../Tursko%203/DSCN0378.JPG"/>
			<zone ulx="487" uly="487" lrx="2154" lry="1441" xml:id="zone_cjy_shf_pkb"/>
		</surface>
	</facsimile>
	<text>
		<body>
			<div1 facs="#zone_usv_nhf_pkb" next="#zone_cjy_shf_pkb" type="hüccet_sūret">
				<p>
					<lb/>
					... fī
					<lb/>
					<date type="created" when="1854-06-06" when-custom="1270-09-11">
						yevmi'l-hādā ve'l-ʿaşr min şehri Ramazānİ'l-mubārek sene sabʿīn
						<lb/>
						ve mieteyn ve elif
					</date>
				</p>
				<div2 facs="#zone_ycp_phf_pkb" type="sign">
					<p>
						<lb/>
						...
						<lb/>
					</p>
					<div3 facs="#zone_g1m_qhf_pkb" type="stamp_sūret">
						<p>
							<lb/>
							...
							<lb/>
						</p>
					</div3>
				</div2>
			</div1>
			<div1 facs="#zone_cjy_shf_pkb" type="summary_Croatian">
				<p>
					<lb/>
					...
					<lb/>
				</p>
			</div1>
		</body>
	</text>
</TEI>
