<?xml version="1.0" encoding="UTF-8"?>
<?xml-model href="http://www.tei-c.org/release/xml/tei/custom/schema/relaxng/tei_all.rng" type="application/xml" schematypens="http://relaxng.org/ns/structure/1.0"?>
<?xml-model href="http://www.tei-c.org/release/xml/tei/custom/schema/relaxng/tei_all.rng" type="application/xml"
	schematypens="http://purl.oclc.org/dsdl/schematron"?>
<TEI xmlns="http://www.tei-c.org/ns/1.0">
	<teiHeader>
		<fileDesc>
			<titleStmt>
				<title>Tursko3-082</title>
			</titleStmt>
			<publicationStmt>
				<p>Publication Information</p>
			</publicationStmt>
			<sourceDesc>
				<p/>
			</sourceDesc>
		</fileDesc>
		<xenoData>{ "saji:aspectRatioType": [ "B" ], "saji:fond": [ "Tursko 3" ] }</xenoData>
	</teiHeader>
	<facsimile>
		<surface>
			<graphic url="../../../Tursko%203/DSCN9305.JPG"/>
			<zone ulx="71" uly="71" lrx="1721" lry="2549" xml:id="zone_hxt_stl_ylb"/>
			<zone ulx="2293" uly="2293" lrx="766" lry="2517" xml:id="zone_ikt_vtl_ylb"/>
		</surface>
		<surface>
			<graphic url="../../../Day%205/IMG_0188.JPG"/>
		</surface>
		<surface>
			<graphic url="../../../Day%205/IMG_0189.JPG"/>
		</surface>
	</facsimile>
	<text>
		<body>
			<div1 facs="#zone_hxt_stl_ylb" type="mürāsele">
				<p>
					<lb/>
					... fī					<date type="created" when="1795-02-12" when-custom="1209-07-23">23 min Recebi'l-... sene 1209</date>
					<lb/>
				</p>
				<div2 type="sign">
					<div3 facs="#zone_ikt_vtl_ylb" type="stamp">
						<p>
							<lb/>
							...
							<lb/>
						</p>
					</div3>
				</div2>
			</div1>
		</body>
	</text>
</TEI>
