<?xml version="1.0" encoding="UTF-8"?>
<?xml-model href="http://www.tei-c.org/release/xml/tei/custom/schema/relaxng/tei_all.rng" type="application/xml" schematypens="http://relaxng.org/ns/structure/1.0"?>
<?xml-model href="http://www.tei-c.org/release/xml/tei/custom/schema/relaxng/tei_all.rng" type="application/xml"
	schematypens="http://purl.oclc.org/dsdl/schematron"?>
<TEI xmlns="http://www.tei-c.org/ns/1.0">
	<teiHeader>
		<fileDesc>
			<titleStmt>
				<title>Tursko1-064</title>
			</titleStmt>
			<publicationStmt>
				<p>Publication Information</p>
			</publicationStmt>
			<sourceDesc>
				<p/>
			</sourceDesc>
		</fileDesc>
		<xenoData>{ "saji:aspectRatioType": [ "B" ], "saji:fond": [ "Tursko 1" ] }</xenoData>
	</teiHeader>
	<facsimile>
		<surface>
			<graphic url="../../../Tursko%201/DSCN1657.JPG"/>
			<zone ulx="1069" uly="1069" lrx="2093" lry="2238" xml:id="zone_v4t_24k_1jb"/>
			<zone ulx="1995" uly="1995" lrx="863" lry="2142" xml:id="zone_zms_f4k_1jb"/>
		</surface>
		<surface>
			<graphic url="../../../Day%202/IMG_0466.JPG"/>
		</surface>
		<surface>
			<graphic url="../../../Day%202/IMG_0467.JPG"/>
		</surface>
	</facsimile>
	<text>
		<body>
			<div1 facs="#zone_v4t_24k_1jb" type="zabtnāme">
				<p>
					<lb/>
					...					<date cert="medium" type="created" when="1853-10-02" when-custom="1269">sene 69</date>
					<lb/>
				</p>
				<div3 facs="#zone_zms_f4k_1jb" type="stamp">
					<p>
						<lb/>
						...
						<lb/>
					</p>
				</div3>
			</div1>
		</body>
	</text>
</TEI>
