<?xml version="1.0" encoding="UTF-8"?>
<?xml-model href="http://www.tei-c.org/release/xml/tei/custom/schema/relaxng/tei_all.rng" type="application/xml" schematypens="http://relaxng.org/ns/structure/1.0"?>
<?xml-model href="http://www.tei-c.org/release/xml/tei/custom/schema/relaxng/tei_all.rng" type="application/xml"
	schematypens="http://purl.oclc.org/dsdl/schematron"?>
<TEI xmlns="http://www.tei-c.org/ns/1.0">
	<teiHeader>
		<fileDesc>
			<titleStmt>
				<title>Tursko1-191</title>
			</titleStmt>
			<publicationStmt>
				<p>Publication Information</p>
			</publicationStmt>
			<notesStmt>
				<note type="mine">【要】日付：1270 or 1170 年　要検討。</note>
			</notesStmt>
			<sourceDesc>
				<p/>
			</sourceDesc>
		</fileDesc>
		<xenoData>{ "saji:aspectRatioType": [ "B" ], "saji:fond": [ "Tursko 1" ], "saji:memo": [ "典型" ],
          "saji:type": [ "mürāsele" ] }</xenoData>
	</teiHeader>
	<facsimile>
		<surface>
			<graphic url="../../../Tursko%201/DSCN1939.JPG"/>
			<zone ulx="971" uly="971" lrx="1893" lry="2535" xml:id="zone_tkp_dvd_djb"/>
			<zone ulx="2300" uly="2300" lrx="1234" lry="2488" xml:id="zone_glw_2vd_djb"/>
		</surface>
		<surface>
			<graphic url="../../../Day%204/IMG_0102.JPG"/>
		</surface>
		<surface>
			<graphic url="../../../Day%204/IMG_0103.JPG"/>
		</surface>
		<surface>
			<graphic url="../../../Tursko%201/DSCN1940.JPG"/>
			<zone ulx="381" uly="381" lrx="3154" lry="2345" xml:id="zone_vp3_gvd_djb"/>
		</surface>
	</facsimile>
	<text>
		<body>
			<div1 facs="#zone_tkp_dvd_djb" type="mürāsele">
				<p>
					<lb/>
					... fī					<date cert="medium" type="created" when="1854-06-28" when-custom="1270-10-03">3 L sene 70</date>
					<lb/>
				</p>
				<div3 facs="#zone_glw_2vd_djb" type="stamp">
					<p>
						<lb/>
						...
						<lb/>
					</p>
				</div3>
			</div1>
			<div1 facs="#zone_vp3_gvd_djb" type="summary_Croatian">
				<p>
					<lb/>
					...
					<lb/>
				</p>
			</div1>
		</body>
	</text>
</TEI>
