<?xml version="1.0" encoding="UTF-8"?>
<?xml-model href="http://www.tei-c.org/release/xml/tei/custom/schema/relaxng/tei_all.rng" type="application/xml" schematypens="http://relaxng.org/ns/structure/1.0"?>
<?xml-model href="http://www.tei-c.org/release/xml/tei/custom/schema/relaxng/tei_all.rng" type="application/xml"
	schematypens="http://purl.oclc.org/dsdl/schematron"?>
<TEI xmlns="http://www.tei-c.org/ns/1.0">
	<teiHeader>
		<fileDesc>
			<titleStmt>
				<title>Tursko3-211</title>
			</titleStmt>
			<publicationStmt>
				<p>Publication Information</p>
			</publicationStmt>
			<sourceDesc>
				<p/>
			</sourceDesc>
		</fileDesc>
		<xenoData>{ "saji:aspectRatioType": [ "B" ], "saji:fond": [ "Tursko 3" ] }</xenoData>
	</teiHeader>
	<facsimile>
		<surface>
			<graphic url="../../../Tursko%203/DSCN9005.JPG"/>
			<zone ulx="193" uly="193" lrx="1920" lry="2580" xml:id="zone_ijp_nvy_wkb"/>
			<zone ulx="2352" uly="2352" lrx="702" lry="2543" xml:id="zone_ldx_4vy_wkb"/>
		</surface>
		<surface>
			<graphic url="../../../Day%207/IMG_0047.JPG"/>
		</surface>
		<surface>
			<graphic url="../../../Day%207/IMG_0048.JPG"/>
		</surface>
	</facsimile>
	<text>
		<body>
			<div1 facs="#zone_ijp_nvy_wkb" type="mürāsele">
				<p>
					<lb/>
					... fī					<date type="created" when="1801-10-25" when-custom="1216-06-18">18 Cemaziye'l-āhir sene 1216</date>
					<lb/>
				</p>
				<div2 type="sign">
					<div3 facs="#zone_ldx_4vy_wkb" type="stamp">
						<p>
							<lb/>
							...
							<lb/>
						</p>
					</div3>
				</div2>
			</div1>
		</body>
	</text>
</TEI>
