<?xml version="1.0" encoding="UTF-8"?>
<?xml-model href="http://www.tei-c.org/release/xml/tei/custom/schema/relaxng/tei_all.rng" type="application/xml" schematypens="http://relaxng.org/ns/structure/1.0"?>
<?xml-model href="http://www.tei-c.org/release/xml/tei/custom/schema/relaxng/tei_all.rng" type="application/xml"
	schematypens="http://purl.oclc.org/dsdl/schematron"?>
<TEI xmlns="http://www.tei-c.org/ns/1.0">
	<teiHeader>
		<fileDesc>
			<titleStmt>
				<title>Tursko3-114</title>
			</titleStmt>
			<publicationStmt>
				<p>Publication Information</p>
			</publicationStmt>
			<notesStmt>
				<note type="summary">クレシェヴォの修道士たちruhbānが、Sālih Paşaの治療のため、Belgradcıkカザーに呼ばれた。</note>
				<note type="sumamry">差出人は、Belgradcıkのナーイブ。</note>
				<note type="summary">ナーイブ以外が出せるmürāseleかもしれない</note>
			</notesStmt>
			<sourceDesc>
				<p/>
			</sourceDesc>
		</fileDesc>
		<profileDesc>
			<textClass>
				<classCode scheme="">その他</classCode>
			</textClass>
		</profileDesc>
		<xenoData>{ "saji:aspectRatioType": [ "B" ], "saji:fond": [ "Tursko 3" ], "saji:memo": [ "典型" ] }</xenoData>
	</teiHeader>
	<facsimile>
		<surface>
			<graphic url="../../../Tursko%203/DSCN9142.JPG"/>
			<zone ulx="23" uly="23" lrx="1585" lry="2638" xml:id="zone_cq1_w3k_hlb"/>
			<zone ulx="2269" uly="2269" lrx="560" lry="2576" xml:id="zone_lv2_y3k_hlb"/>
			<zone ulx="1455" uly="1455" lrx="2200" lry="2279" xml:id="zone_ydq_z3k_hlb"/>
			<zone ulx="1635" uly="1635" lrx="2185" lry="1911" xml:id="zone_gpn_1jk_hlb"/>
			<zone ulx="1644" uly="1644" lrx="2182" lry="1879" xml:id="zone_igj_bjk_hlb"/>
		</surface>
		<surface>
			<graphic url="../../../Day%206/IMG_0049.JPG"/>
		</surface>
		<surface>
			<graphic url="../../../Day%206/IMG_0050.JPG"/>
		</surface>
	</facsimile>
	<text>
		<body>
			<div1 facs="#zone_cq1_w3k_hlb" next="#zone_ydq_z3k_hlb" type="mürāsele">
				<p>
					<lb/>
					... fī					<date cert="medium" type="created" when="1762-06-22" when-custom="1175-12-01">1 Zı'l-hicce sene 1175</date>
					<lb/>
				</p>
			</div1>
			<div1 cert="low" facs="#zone_ydq_z3k_hlb" type="note">
				<p>
					<lb/>
					...
					<lb/>
				</p>
				<div2 facs="#zone_gpn_1jk_hlb" type="sign">
					<p>
						<lb/>
						...
						<lb/>
					</p>
					<div3 facs="#zone_igj_bjk_hlb" type="stamp">
						<p>
							<lb/>
							...
							<lb/>
						</p>
					</div3>
				</div2>
			</div1>
		</body>
	</text>
</TEI>
