<?xml version="1.0" encoding="UTF-8"?>
<?xml-model href="http://www.tei-c.org/release/xml/tei/custom/schema/relaxng/tei_all.rng" type="application/xml" schematypens="http://relaxng.org/ns/structure/1.0"?>
<?xml-model href="http://www.tei-c.org/release/xml/tei/custom/schema/relaxng/tei_all.rng" type="application/xml"
	schematypens="http://purl.oclc.org/dsdl/schematron"?>
<TEI xmlns="http://www.tei-c.org/ns/1.0">
	<teiHeader>
		<fileDesc>
			<titleStmt>
				<title>Tursko3-265</title>
			</titleStmt>
			<publicationStmt>
				<p>Publication Information</p>
			</publicationStmt>
			<notesStmt>
				<note type="summary">ムスリム集住地に属するムスリム村内の、非ムスリムが保有する耕作地(?)の、修道院長に対する売却の承認。</note>
				<note type="mine">文法・スペル崩壊気味…</note>
			</notesStmt>
			<sourceDesc>
				<p/>
			</sourceDesc>
		</fileDesc>
		<xenoData>{ "saji:aspectRatioType": [ "B" ], "saji:fond": [ "Tursko 3" ] }</xenoData>
	</teiHeader>
	<facsimile>
		<surface>
			<graphic url="../../../Tursko%203/DSCN0366.JPG"/>
			<zone ulx="169" uly="169" lrx="2247" lry="2846" xml:id="zone_fqn_fx2_pkb"/>
			<zone ulx="2132" uly="2132" lrx="773" lry="2443" xml:id="zone_sft_gx2_pkb"/>
		</surface>
		<surface>
			<graphic url="../../../Day%207/IMG_0172.JPG"/>
		</surface>
		<surface>
			<graphic url="../../../Day%207/IMG_0173.JPG"/>
		</surface>
		<surface>
			<graphic url="../../../Tursko%203/DSCN0367.JPG"/>
			<zone ulx="891" uly="891" lrx="872" lry="1056" xml:id="zone_hqm_mx2_pkb"/>
			<zone ulx="2303" uly="2303" lrx="2189" lry="2825" xml:id="zone_kkk_nx2_pkb"/>
		</surface>
	</facsimile>
	<text>
		<body>
			<div1 facs="#zone_fqn_fx2_pkb" next="#zone_kkk_nx2_pkb" type="EMIN_temessük">
				<p>
					<lb/>
					Hüve
					<lb/>
					Vech-i tahrīr-i hurūf oldur ki
					<lb/>
					işbu					<date when-custom="1253">bin iki yüz elli üç senesinde</date>
					 der ʿuhde ve iltizāmımızda bulunan Kirşevo mukātaʿasına Müslimīn cemāʿatına tābiʿ
					<lb/>
					nefs-i Müslimīn KOYSİNE karyesi hudūdunda mutavattınlarından zimmī YURULUKFİÇ veled-i Īwān mutasarrıfılarında(?) nām kendi
					<lb/>
					taht-ı tasarrıfında bulunan bir kıtʿa TALALUHÇE demekle bir taraf MHTLALÇ tarlası ve taraf-ı sānīde
					<lb/>
					ve taraf-ı sālis müşteri ruhbān tarlası ve taraf-ı rābiʿde işbu dārende-i hurūf Kirşevo varoş kilisada
					<lb/>
					gardiyān(?) ... içün bir akçe(?) akçe ... yalnız iki yüz elli guruş resmiyle ... içün ahz ve kavz					<lb/>
					beyʿ-i bāt katʿiyle beyʿ edüb ol dahi minvāl-i muharrer üzere kabūl biz dahi mukātaʿa emīni bulunduğumuz hasebiyle
					<lb/>
					ve mesfūr gardiyān yedine(?) virildi işbu temessük zabt tarafımızdan ve taraf-ı āhardan bir kimesne māniʿ ve müdāhale
					<lb/>
					olunmaya tārīh fī					<date type="created" when="1839-03-06" when-custom="1254-12-21">21 Z sene 254</date>
				</p>
				<div2 facs="#zone_sft_gx2_pkb" type="sign">
					<p>
						<lb/>
						El-me'mūru'l-memhūr
						<lb/>
						RSDİ SAʿAN
						<lb/>
						Mukātaʿa Emīn-i
						<lb/>
						Kirşevo M
					</p>
					<div3 facs="#zone_hqm_mx2_pkb" type="stamp">
						<p>
							<lb/>
							...
							<lb/>
						</p>
					</div3>
				</div2>
				<div2 type="şühūdu'l-hāl">
					<p>
						<lb/>
						Şühūdu'l-hāl
						<lb/>
						Mollā Mustafa Mü'ezzin
						<lb/>
						Süleymān ...
						<lb/>
						PTR ŞUNİÇ
						<lb/>
						GAŞO KUSNİÇ
						<lb/>
						ve gayrihim
					</p>
				</div2>
			</div1>
			<div1 facs="#zone_kkk_nx2_pkb" type="summary_Croatinan">
				<p>
					<lb/>
					Tapija od ...
					<lb/>
					od ... gr: 192.
					<lb/>
					<date type="summary_Croatian" when="1839">1839</date>
					.					<date type="summary_Croatian" when="1838-03-25" when-custom="1253">1253</date>
					. Nno 3.
				</p>
			</div1>
		</body>
	</text>
</TEI>
