<?xml version="1.0" encoding="UTF-8"?>
<?xml-model href="http://www.tei-c.org/release/xml/tei/custom/schema/relaxng/tei_all.rng" type="application/xml" schematypens="http://relaxng.org/ns/structure/1.0"?>
<?xml-model href="http://www.tei-c.org/release/xml/tei/custom/schema/relaxng/tei_all.rng" type="application/xml"
	schematypens="http://purl.oclc.org/dsdl/schematron"?>
<TEI xmlns="http://www.tei-c.org/ns/1.0">
	<teiHeader>
		<fileDesc>
			<titleStmt>
				<title>Tursko3-191</title>
			</titleStmt>
			<publicationStmt>
				<p>Publication Information</p>
			</publicationStmt>
			<notesStmt>
				<note type="summary">クレシェヴォ住民から修道士に対する○○の支払い証明書</note>
				<note type="mine">○○の内容は、DSCN9045.JPGと同一。そちらが読めればこちらも読めるはず。</note>
			</notesStmt>
			<sourceDesc>
				<p/>
			</sourceDesc>
		</fileDesc>
		<xenoData>{ "saji:aspectRatioType": [ "B" ], "saji:fond": [ "Tursko 3" ] }</xenoData>
	</teiHeader>
	<facsimile>
		<surface>
			<graphic url="../../../Tursko%203/DSCN9043.JPG"/>
			<zone ulx="195" uly="195" lrx="2300" lry="529" xml:id="zone_i34_m4p_xkb"/>
		</surface>
		<surface>
			<graphic url="../../../Day%207/IMG_0003.JPG"/>
		</surface>
		<surface>
			<graphic url="../../../Day%207/IMG_0004.JPG"/>
		</surface>
		<surface>
			<graphic url="../../../Tursko%203/DSCN9044.JPG"/>
			<zone ulx="21" uly="21" lrx="1850" lry="2542" xml:id="zone_q1w_n4p_xkb"/>
			<zone ulx="1801" uly="1801" lrx="371" lry="2364" xml:id="zone_ihc_p4p_xkb"/>
		</surface>
	</facsimile>
	<text>
		<body>
			<div1 cert="low" facs="#zone_q1w_n4p_xkb" next="#zone_i34_m4p_xkb" type="EMIN_edā_temessük">
				<p>
					<lb/>
					Hüve
					<lb/>
					Vech-i tahrīr-i hurūf budur ki
					<lb/>
					işbu					<date when-custom="1245-02-15">bin iki yüz krık elli senesinin māh-ı Şubat şerīfin on beşinci günğnde</date>
					 işbu
					<lb/>
					Kirşevo kasabası sākinlerinden el-kilisaya(?) papazı gardiyān					<persName>Fra KEHT</persName>
					 meblağ-ı mezkūri olan el-... mız
					<lb/>
					bin üç yüz yiğirmi guruş olub mesfūr gardiyān yedinden bi-tamāmen(?) ahz ve kabz eyledüm
					<lb/>
					mevlağ-ı mezbūr ... bir akçe bir habbe ... kalmadığı ecilden yedine işbu memhūr
					<lb/>
					edā temessüğı virilmişdir vakt-i ... ibrāz oluna
					<lb/>
					fī					<date cert="low" type="created" when="1831-01-28" when-custom="1246-08-15">15 Ş sene 46</date>
				</p>
				<div2 facs="#zone_ihc_p4p_xkb" type="sign">
					<p>
						<lb/>
						...
						<lb/>
						İBRA Haccızā
						<lb/>
						ʿAbdī Ağa
						<lb/>
						ʿan Saray
						<lb/>
						Bosna
						<lb/>
						M					</p>
				</div2>
				<div2 type="şühūdu'l-hāl">
					<p>
						<lb/>
						Şühūdu'l-hāl					</p>
				</div2>
			</div1>
			<div1 facs="#zone_i34_m4p_xkb" type="summary_Croatian">
				<p>
					<lb/>
					...
					<lb/>
					... gr: 1320 ...					<date type="summary_Croatian" when="1831">1831</date>
					.				</p>
			</div1>
		</body>
	</text>
</TEI>
