<?xml version="1.0" encoding="UTF-8"?>
<?xml-model href="http://www.tei-c.org/release/xml/tei/custom/schema/relaxng/tei_all.rng" type="application/xml" schematypens="http://relaxng.org/ns/structure/1.0"?>
<?xml-model href="http://www.tei-c.org/release/xml/tei/custom/schema/relaxng/tei_all.rng" type="application/xml"
	schematypens="http://purl.oclc.org/dsdl/schematron"?>
<TEI xmlns="http://www.tei-c.org/ns/1.0">
	<teiHeader>
		<fileDesc>
			<titleStmt>
				<title>Tursko3-097</title>
			</titleStmt>
			<publicationStmt>
				<p>Publication Information</p>
			</publicationStmt>
			<sourceDesc>
				<p/>
			</sourceDesc>
		</fileDesc>
		<xenoData>{ "saji:aspectRatioType": [ "B" ], "saji:fond": [ "Tursko 3" ] }</xenoData>
	</teiHeader>
	<facsimile>
		<surface>
			<graphic url="../../../Tursko%203/DSCN9219.JPG"/>
			<zone ulx="335" uly="335" lrx="1721" lry="2757" xml:id="zone_vjm_fxt_klb"/>
			<zone ulx="2400" uly="2400" lrx="491" lry="2734" xml:id="zone_dmx_gxt_klb"/>
		</surface>
		<surface>
			<graphic url="../../../Day%206/IMG_0014.JPG"/>
		</surface>
		<surface>
			<graphic url="../../../Day%206/IMG_0015.JPG"/>
		</surface>
	</facsimile>
	<text>
		<body>
			<div1 facs="#zone_vjm_fxt_klb" type="EMIN">
				<p>
					<lb/>
					... işbu					<date from="1812-03-14" from-custom="1227-03-01" to-custom="1228-02-30" type="created">
						bin iki yüz yiğirmi yedi senesine Martı ibtidāsından
						<lb/>
						Şubatı gāyesine değin
					</date>
					 zabt ü ravtına				</p>
				<div2 facs="#zone_dmx_gxt_klb" type="sign">
					<p>
						<lb/>
						...
						<lb/>
					</p>
				</div2>
			</div1>
		</body>
	</text>
</TEI>
