<?xml version="1.0" encoding="UTF-8"?>
<?xml-model href="http://www.tei-c.org/release/xml/tei/custom/schema/relaxng/tei_all.rng" type="application/xml" schematypens="http://relaxng.org/ns/structure/1.0"?>
<?xml-model href="http://www.tei-c.org/release/xml/tei/custom/schema/relaxng/tei_all.rng" type="application/xml"
	schematypens="http://purl.oclc.org/dsdl/schematron"?>
<TEI xmlns="http://www.tei-c.org/ns/1.0">
	<teiHeader>
		<fileDesc>
			<titleStmt>
				<title>Tursko3-058</title>
			</titleStmt>
			<publicationStmt>
				<p>Publication Information</p>
			</publicationStmt>
			<sourceDesc>
				<p/>
			</sourceDesc>
		</fileDesc>
		<xenoData>{ "saji:aspectRatioType": [ "B" ], "saji:fond": [ "Tursko 3" ] }</xenoData>
	</teiHeader>
	<facsimile>
		<surface>
			<graphic url="../../../Tursko%203/DSCN9241.JPG"/>
			<zone ulx="957" uly="957" lrx="2642" lry="2150" xml:id="zone_zwy_tws_mlb"/>
		</surface>
		<surface>
			<graphic url="../../../Day%205/IMG_0135.JPG"/>
		</surface>
		<surface>
			<graphic url="../../../Day%205/IMG_0136.JPG"/>
		</surface>
		<surface>
			<graphic url="../../../Tursko%203/DSCN9242.JPG"/>
			<zone ulx="164" uly="164" lrx="1914" lry="2457" xml:id="zone_fxn_wws_mlb"/>
			<zone ulx="1973" uly="1973" lrx="628" lry="2293" xml:id="zone_fl2_yws_mlb"/>
		</surface>
	</facsimile>
	<text>
		<body>
			<div1 facs="#zone_fxn_wws_mlb" next="#zone_zwy_tws_mlb" subtype="zabt_temessük" type="EMIN">
				<p>
					<lb/>
					işbu					<date type="created" when="1825-08-13" when-custom="1240">bin iki yüz krık senesinde</date>
					 der ...
					<lb/>
				</p>
				<div2 facs="#zone_fl2_yws_mlb" type="sign">
					<p>
						<lb/>
						...
						<lb/>
					</p>
				</div2>
				<div2 type="şühūdu’l-hāl">
					<p>
						<lb/>
						...
						<lb/>
					</p>
				</div2>
			</div1>
			<div1 facs="#zone_zwy_tws_mlb" type="summary_Croatian">
				<p>
					<lb/>
					...					<date type="summary_Croatian" when="1826">1826</date>
					 -					<date type="summary_Croatian" when="1825-08-13" when-custom="1240">1240</date>
					.
					<lb/>
				</p>
			</div1>
		</body>
	</text>
</TEI>
