<?xml version="1.0" encoding="UTF-8"?>
<?xml-model href="http://www.tei-c.org/release/xml/tei/custom/schema/relaxng/tei_all.rng" type="application/xml" schematypens="http://relaxng.org/ns/structure/1.0"?>
<?xml-model href="http://www.tei-c.org/release/xml/tei/custom/schema/relaxng/tei_all.rng" type="application/xml"
	schematypens="http://purl.oclc.org/dsdl/schematron"?>
<TEI xmlns="http://www.tei-c.org/ns/1.0">
	<teiHeader>
		<fileDesc>
			<titleStmt>
				<title>Tursko3-009</title>
			</titleStmt>
			<publicationStmt>
				<p>Publication Information</p>
			</publicationStmt>
			<notesStmt>
				<note type="summary"/>
			</notesStmt>
			<sourceDesc>
				<p/>
			</sourceDesc>
		</fileDesc>
		<xenoData>{ "saji:aspectRatioType": [ "D" ], "saji:fond": [ "Tursko 3" ], "saji:memo": [ "典型" ] }</xenoData>
	</teiHeader>
	<facsimile>
		<surface>
			<graphic url="../../../Tursko%203/DSCN9195.JPG"/>
			<zone ulx="78" uly="78" lrx="1522" lry="3111" xml:id="zone_gdn_lhq_h3b"/>
		</surface>
		<surface>
			<graphic url="../../../Day%205/IMG_0026.JPG"/>
		</surface>
		<surface>
			<graphic url="../../../Day%205/IMG_0027.JPG"/>
		</surface>
	</facsimile>
	<text>
		<body>
			<div1 facs="#zone_gdn_lhq_h3b" type="fetvā"> </div1>
		</body>
	</text>
</TEI>
