<?xml version="1.0" encoding="UTF-8"?>
<?xml-model href="http://www.tei-c.org/release/xml/tei/custom/schema/relaxng/tei_all.rng" type="application/xml" schematypens="http://relaxng.org/ns/structure/1.0"?>
<?xml-model href="http://www.tei-c.org/release/xml/tei/custom/schema/relaxng/tei_all.rng" type="application/xml"
	schematypens="http://purl.oclc.org/dsdl/schematron"?>
<TEI xmlns="http://www.tei-c.org/ns/1.0">
	<teiHeader>
		<fileDesc>
			<titleStmt>
				<title>Tursko3-221</title>
			</titleStmt>
			<publicationStmt>
				<p>Publication Information</p>
			</publicationStmt>
			<sourceDesc>
				<p/>
			</sourceDesc>
		</fileDesc>
		<xenoData>{ "saji:aspectRatioType": [ "?" ], "saji:fond": [ "Tursko 3" ] }</xenoData>
	</teiHeader>
	<facsimile>
		<surface>
			<graphic url="../../../Tursko%203/DSCN0415.JPG"/>
			<zone ulx="200" uly="200" lrx="2291" lry="2972" xml:id="zone_adp_vzg_skb"/>
		</surface>
		<surface>
			<graphic url="../../../Day%207/IMG_0074.JPG"/>
		</surface>
		<surface>
			<graphic url="../../../Day%207/IMG_0075.JPG"/>
		</surface>
		<surface>
			<graphic url="../../../Tursko%203/DSCN0416.JPG"/>
			<zone ulx="383" uly="383" lrx="2366" lry="1312" xml:id="zone_gyd_xzg_skb"/>
		</surface>
	</facsimile>
	<text>
		<body>
			<div1 facs="#zone_adp_vzg_skb" type="unkown">
				<p>
					<lb/>
					... fī					<lb/>
				</p>
			</div1>
			<div1 facs="#zone_gyd_xzg_skb" type="unknown">
				<p>
					<lb/>
					...					<date type="summary_Croatian" when="1860">1860</date>
					.
					<lb/>
				</p>
			</div1>
		</body>
	</text>
</TEI>
