<?xml version="1.0" encoding="UTF-8"?>
<?xml-model href="http://www.tei-c.org/release/xml/tei/custom/schema/relaxng/tei_all.rng" type="application/xml" schematypens="http://relaxng.org/ns/structure/1.0"?>
<?xml-model href="http://www.tei-c.org/release/xml/tei/custom/schema/relaxng/tei_all.rng" type="application/xml"
	schematypens="http://purl.oclc.org/dsdl/schematron"?>
<TEI xmlns="http://www.tei-c.org/ns/1.0">
	<teiHeader>
		<fileDesc>
			<titleStmt>
				<title>Tursko3-180</title>
			</titleStmt>
			<publicationStmt>
				<p>Publication Information</p>
			</publicationStmt>
			<sourceDesc>
				<p/>
			</sourceDesc>
		</fileDesc>
		<xenoData>{ "saji:aspectRatioType": [ "B" ], "saji:fond": [ "Tursko 3" ] }</xenoData>
	</teiHeader>
	<facsimile>
		<surface>
			<graphic url="../../../Tursko%203/DSCN9027.JPG"/>
			<zone ulx="100" uly="100" lrx="1727" lry="3109" xml:id="zone_wkx_fz4_xkb"/>
			<zone ulx="979" uly="979" lrx="645" lry="1485" xml:id="zone_jjd_hz4_xkb"/>
			<zone ulx="1319" uly="1319" lrx="507" lry="1478" xml:id="zone_ass_hz4_xkb"/>
		</surface>
		<surface>
			<graphic url="../../../Day%206/IMG_0200.JPG"/>
		</surface>
		<surface>
			<graphic url="../../../Day%206/IMG_0201.JPG"/>
		</surface>
	</facsimile>
	<text>
		<body>
			<div1 facs="#zone_wkx_fz4_xkb" type="hüccet">
				<p>
					<lb/>
					ve hurira					<date type="created" when="1842-10-19" when-custom="1258-09-15">fi'l-yevmi'l-hāmis ʿaşr min şehr Ramazānı'l-mübārek sene semān ve hamsīn ve mieteyn ve elif</date>
					<lb/>
				</p>
				<div2 facs="#zone_jjd_hz4_xkb" type="sign">
					<p>
						<lb/>
						...
						<lb/>
					</p>
					<div3 facs="#zone_ass_hz4_xkb" type="stamp">
						<p>
							<lb/>
							...
							<lb/>
						</p>
					</div3>
				</div2>
				<div2 type="şühūdu’l-hāl">
					<p>
						<lb/>
						...						<lb/>
					</p>
				</div2>
			</div1>
		</body>
	</text>
</TEI>
