<?xml version="1.0" encoding="UTF-8"?>
<?xml-model href="http://www.tei-c.org/release/xml/tei/custom/schema/relaxng/tei_all.rng" type="application/xml" schematypens="http://relaxng.org/ns/structure/1.0"?>
<?xml-model href="http://www.tei-c.org/release/xml/tei/custom/schema/relaxng/tei_all.rng" type="application/xml"
	schematypens="http://purl.oclc.org/dsdl/schematron"?>
<TEI xmlns="http://www.tei-c.org/ns/1.0">
	<teiHeader>
		<fileDesc>
			<titleStmt>
				<title>Tursko3-261</title>
			</titleStmt>
			<publicationStmt>
				<p>Publication Information</p>
			</publicationStmt>
			<sourceDesc>
				<p/>
			</sourceDesc>
		</fileDesc>
		<xenoData>{ "saji:aspectRatioType": [ "D" ], "saji:fond": [ "Tursko 3" ], "saji:memo": [ "典型" ] }</xenoData>
	</teiHeader>
	<facsimile>
		<surface>
			<graphic url="../../../Tursko%203/DSCN0364.JPG"/>
			<zone ulx="258" uly="258" lrx="2067" lry="2791" xml:id="zone_cys_qv2_pkb"/>
		</surface>
		<surface>
			<graphic url="../../../Day%207/IMG_0164.JPG"/>
		</surface>
		<surface>
			<graphic url="../../../Day%207/IMG_0165.JPG"/>
		</surface>
		<surface>
			<graphic url="../../../Tursko%203/DSCN0365.JPG"/>
			<zone ulx="531" uly="531" lrx="2946" lry="1700" xml:id="zone_hrn_5v2_pkb"/>
		</surface>
	</facsimile>
	<text>
		<body>
			<div1 facs="#zone_cys_qv2_pkb" next="#zone_hrn_5v2_pkb" type="tapu_sūret">
				<p>
					<lb/>
					...					<lb/>
				</p>
			</div1>
			<div1 facs="#zone_hrn_5v2_pkb" type="summary_Croatian">
				<p>
					<lb/>
					...					<date type="summry_Croatian" when="1863">1863</date>
					. -					<date type="summary_Croatian" when="1865-05-24" when-custom="1281">1281</date>
					.
					<lb/>
				</p>
			</div1>
		</body>
	</text>
</TEI>
