<?xml version="1.0" encoding="UTF-8"?>
<?xml-model href="http://www.tei-c.org/release/xml/tei/custom/schema/relaxng/tei_all.rng" type="application/xml" schematypens="http://relaxng.org/ns/structure/1.0"?>
<?xml-model href="http://www.tei-c.org/release/xml/tei/custom/schema/relaxng/tei_all.rng" type="application/xml"
	schematypens="http://purl.oclc.org/dsdl/schematron"?>
<TEI xmlns="http://www.tei-c.org/ns/1.0">
	<teiHeader>
		<fileDesc>
			<titleStmt>
				<title>Tursko3-233</title>
			</titleStmt>
			<publicationStmt>
				<p>Publication Information</p>
			</publicationStmt>
			<sourceDesc>
				<p/>
			</sourceDesc>
		</fileDesc>
		<xenoData>{ "saji:aspectRatioType": [ "F" ], "saji:fond": [ "Tursko 3" ] }</xenoData>
	</teiHeader>
	<facsimile>
		<surface>
			<graphic url="../../../Tursko%203/DSCN0398.JPG"/>
			<zone ulx="391" uly="391" lrx="2342" lry="2775" xml:id="zone_uwr_cf3_qkb"/>
			<zone ulx="2120" uly="2120" lrx="1455" lry="2620" xml:id="zone_lfx_df3_qkb"/>
		</surface>
		<surface>
			<graphic url="../../../Day%207/IMG_0102.JPG"/>
		</surface>
		<surface>
			<graphic url="../../../Day%207/IMG_0103.JPG"/>
		</surface>
	</facsimile>
	<text>
		<body>
			<div1 facs="#zone_uwr_cf3_qkb" subtype="cizye_ödeme" type="makbūz">
				<p>
					<lb/>
					... fī					<date cert="low" type="created" when="1842-02-10" when-custom="1257">... sene 57</date>
					<lb/>
				</p>
				<div2 facs="#zone_hpf_t3b_qkb" type="sign">
					<div3 facs="#zone_lfx_df3_qkb" type="stamp">
						<p>
							<lb/>
							<lb/>
						</p>
					</div3>
				</div2>
			</div1>
		</body>
	</text>
</TEI>
