<?xml version="1.0" encoding="UTF-8"?>
<?xml-model href="http://www.tei-c.org/release/xml/tei/custom/schema/relaxng/tei_all.rng" type="application/xml" schematypens="http://relaxng.org/ns/structure/1.0"?>
<?xml-model href="http://www.tei-c.org/release/xml/tei/custom/schema/relaxng/tei_all.rng" type="application/xml"
	schematypens="http://purl.oclc.org/dsdl/schematron"?>
<TEI xmlns="http://www.tei-c.org/ns/1.0">
	<teiHeader>
		<fileDesc>
			<titleStmt>
				<title>Tursko3-014</title>
			</titleStmt>
			<publicationStmt>
				<p>Publication Information</p>
			</publicationStmt>
			<sourceDesc>
				<p/>
			</sourceDesc>
		</fileDesc>
		<xenoData>{ "saji:aspectRatioType": [ "B" ], "saji:fond": [ "Tursko 3" ] }</xenoData>
	</teiHeader>
	<facsimile>
		<surface>
			<graphic url="../../../Tursko%203/DSCN9310.JPG"/>
			<zone ulx="688" uly="688" lrx="2739" lry="1244" xml:id="zone_p4f_hxl_ylb"/>
		</surface>
		<surface>
			<graphic url="../../../Day%205/IMG_0036.JPG"/>
		</surface>
		<surface>
			<graphic url="../../../Day%205/IMG_0037.JPG"/>
		</surface>
		<surface>
			<graphic url="../../../Tursko%203/DSCN9311.JPG"/>
			<zone ulx="175" uly="175" lrx="2358" lry="2691" xml:id="zone_drd_jxl_ylb"/>
			<zone ulx="2039" uly="2039" lrx="629" lry="2439" xml:id="zone_wym_kxl_ylb"/>
		</surface>
	</facsimile>
	<text>
		<body>
			<div1 facs="#zone_drd_jxl_ylb" next="#zone_p4f_hxl_ylb" subtype="hurūf" type="EMIN">
				<p>
					<lb/>
					işbu					<date when="1811-01-24" when-custom="1225">bin iki yüz yiğirmi beş senesinde</date>
					 der ...
					<lb/>
					...					<date type="created" when="1811-01-24" when-custom="1225">sene 1225</date>
				</p>
				<div2 facs="#zone_wym_kxl_ylb" type="sign">
					<p>
						<lb/>
						...
						<lb/>
					</p>
				</div2>
				<div2 type="şühūdu’l-hāl">
					<p>
						<lb/>
						...
						<lb/>
					</p>
				</div2>
			</div1>
			<div1 facs="#zone_p4f_hxl_ylb" type="summary_Croatian">
				<p>
					<lb/>
					...					<date type="summary_Croatian" when="1811">1811</date>
					. -					<date type="summary_Croatian" when="1811-01-24" when-custom="1225">1225</date>
					.
					<lb/>
					Nno 30.				</p>
			</div1>
		</body>
	</text>
</TEI>
