<?xml version="1.0" encoding="UTF-8"?>
<?xml-model href="http://www.tei-c.org/release/xml/tei/custom/schema/relaxng/tei_all.rng" type="application/xml" schematypens="http://relaxng.org/ns/structure/1.0"?>
<?xml-model href="http://www.tei-c.org/release/xml/tei/custom/schema/relaxng/tei_all.rng" type="application/xml"
	schematypens="http://purl.oclc.org/dsdl/schematron"?>
<TEI xmlns="http://www.tei-c.org/ns/1.0">
	<teiHeader>
		<fileDesc>
			<titleStmt>
				<title>Tursko1-008</title>
			</titleStmt>
			<publicationStmt>
				<p>Publication Information</p>
			</publicationStmt>
			<notesStmt>
				<note type="summary">土地／田／</note>
			</notesStmt>
			<sourceDesc>
				<p/>
			</sourceDesc>
		</fileDesc>
		<xenoData>{ "saji:aspectRatioType": [ "B" ], "saji:calligraphy": [ "Rıkʿa" ], "saji:foldingMethod": [ "4x2" ], "saji:fond": [ "Tursko 1" ], "saji:from": [ "emin" ], "saji:lineage": [ "8" ],
					"saji:memo": [ "典型" ], "saji:type": [ "mektūb" ] }</xenoData>
	</teiHeader>
	<facsimile>
		<surface>
			<graphic url="../../../Tursko%201/DSCN0919.JPG"/>
			<zone ulx="1508" uly="1508" lrx="1891" lry="2612" xml:id="zone_xdt_5ty_y3b"/>
			<zone ulx="2393" uly="2393" lrx="695" lry="2593" xml:id="zone_gfz_k35_jjb"/>
		</surface>
		<surface>
			<graphic url="../../../Day%201/IMG_0051.JPG"/>
		</surface>
		<surface>
			<graphic url="../../../Day%201/IMG_0055.JPG"/>
		</surface>
		<surface>
			<graphic url="../../../Tursko%201/DSCN0920.JPG"/>
			<zone ulx="944" uly="944" lrx="2923" lry="1350" xml:id="zone_t13_wty_y3b"/>
		</surface>
	</facsimile>
	<text>
		<body>
			<div1 cert="medium" facs="#zone_xdt_5ty_y3b" type="EMIN_mektūb">
				<p>
					<lb/>
					Bāis-ı hurūf oldur ki
					<lb/>
					İşbu					<date from="1785-11-01" from-custom="1199">bin yüz doksan dokuz senesinden</date>
					 mutasarrıf olduğumuz Kirşevo mukātaʿası karyelerinden
					<lb/>
					Viş ve Pranka karyesinden RONO demek ile maʿrūf bir kıtʿa tarlaya mutasarrıf olan
					<lb/>
					GAŞO veled-i Yako nām zimmī hüsn-ı rızasıyla yine Kirşevo kasabasında kilisada olan
					<lb/>
					huddāma yiğirmi guruş mukābelesinde resmile ferāgat ve hakk-ı tasarrıfnı ferāgat idüb
					<lb/>
					sāhib-i arz olduğumuz hasebiyle beyʿ-i mezbūru tecvīz ... mezbūr tarlanın
					<lb/>
					sāl-be-sāl aʿşar-ı şerʿiyesin sāhib-i arz olanlara edā ve teslīm eylediklerinde
					<lb/>
					tasarrıfına kimesne māniʿ olmaya hurira fī					<date type="created" when="1785-02-17" when-custom="1199-04-08">8 Rebī'ü'l-āhir sene 1199</date>
				</p>
				<div2 facs="#zone_gfz_k35_jjb" type="sign">
					<p>
						<lb/>
						Kirşevo emīni ʿAbdüllāh ʿAlemdār					</p>
				</div2>
				<div2 type="Şühūdu'l-hāl">
					<p>
						<lb/>
						Şühūdu’l-hāl
						<lb/>
						Mehmed Beşe ibn ʿAbdüllāh ʿAlemdār
						<lb/>
						Hasan ...
						<lb/>
						Zimmī ... İstebān
						<lb/>
						Berber Mehmed Beşe
						<lb/>
						Ahmed Beşe					</p>
				</div2>
			</div1>
			<div1 facs="#zone_t13_wty_y3b" type="summary_Serbian">
				<l>
					...					<date type="summary_Serbian" when="1785">1785</date>
				</l>
			</div1>
		</body>
	</text>
</TEI>
