<?xml version="1.0" encoding="UTF-8"?>
<?xml-model href="http://www.tei-c.org/release/xml/tei/custom/schema/relaxng/tei_all.rng" type="application/xml" schematypens="http://relaxng.org/ns/structure/1.0"?>
<?xml-model href="http://www.tei-c.org/release/xml/tei/custom/schema/relaxng/tei_all.rng" type="application/xml"
	schematypens="http://purl.oclc.org/dsdl/schematron"?>
<TEI xmlns="http://www.tei-c.org/ns/1.0">
	<teiHeader>
		<fileDesc>
			<titleStmt>
				<title>Tursko1-094</title>
			</titleStmt>
			<publicationStmt>
				<p>Publication Information</p>
			</publicationStmt>
			<notesStmt>
				<note type="summary">各土地のウシュル代替金(ʿaşār-ı bedel)についての記録</note>
			</notesStmt>
			<sourceDesc>
				<p/>
			</sourceDesc>
		</fileDesc>
		<xenoData>{ "saji:aspectRatioType": [ "B" ], "saji:fond": [ "Tursko 1" ], "saji:memo": [ "典型"], "saji:type": [ "defter" ] }</xenoData>
	</teiHeader>
	<facsimile>
		<surface>
			<graphic url="../../../Tursko%201/DSCN1759.JPG"/>
			<zone ulx="167" uly="167" lrx="2607" lry="2060" xml:id="zone_vpd_x4h_cjb"/>
		</surface>
		<surface>
			<graphic url="../../../Day%203/IMG_0022.JPG"/>
		</surface>
		<surface>
			<graphic url="../../../Day%203/IMG_0023.JPG"/>
		</surface>
		<surface>
			<graphic url="../../../Tursko%201/DSCN1760.JPG"/>
			<zone ulx="555" uly="555" lrx="2544" lry="1039" xml:id="zone_bhr_y4h_cjb"/>
		</surface>
		<surface>
			<graphic url="../../../Tursko%201/DSCN1761.JPG"/>
		</surface>
	</facsimile>
	<text>
		<body>
			<div1 facs="#zone_vpd_x4h_cjb" type="defter">
				<p>
					<lb/>
					...
					<lb/>
				</p>
			</div1>
			<div1 facs="#zone_bhr_y4h_cjb" type="summary_Croatian">
				<p>
					<lb/>
					...
					<lb/>
				</p>
			</div1>
		</body>
	</text>
</TEI>
