<?xml version="1.0" encoding="UTF-8"?>
<?xml-model href="http://www.tei-c.org/release/xml/tei/custom/schema/relaxng/tei_all.rng" type="application/xml" schematypens="http://relaxng.org/ns/structure/1.0"?>
<?xml-model href="http://www.tei-c.org/release/xml/tei/custom/schema/relaxng/tei_all.rng" type="application/xml"
	schematypens="http://purl.oclc.org/dsdl/schematron"?>
<TEI xmlns="http://www.tei-c.org/ns/1.0">
	<teiHeader>
		<fileDesc>
			<titleStmt>
				<title>Tursko1-118</title>
			</titleStmt>
			<publicationStmt>
				<p>Publication Information</p>
			</publicationStmt>
			<notesStmt>
				<note type="mine">【要】日付：月、DSCN1809.JPG, DSCN1816/JPGと同じ書き方をしているが読み取れない。</note>
			</notesStmt>
			<sourceDesc>
				<p/>
			</sourceDesc>
		</fileDesc>
		<xenoData>{ "saji:aspectRatioType": [ "D" ], "saji:fond": [ "Tursko 1" ] }</xenoData>
	</teiHeader>
	<facsimile>
		<surface>
			<graphic url="../../../Tursko%201/DSCN1810.JPG"/>
			<zone ulx="223" uly="223" lrx="1639" lry="2869" xml:id="zone_a4p_1l4_cjb"/>
			<zone ulx="2587" uly="2587" lrx="1575" lry="2773" xml:id="zone_sfx_bl4_cjb"/>
			<zone ulx="2657" uly="2657" lrx="1568" lry="2771" xml:id="zone_fvm_cl4_cjb"/>
			<zone ulx="2603" uly="2603" lrx="1300" lry="2771" xml:id="zone_vgd_dl4_cjb"/>
			<zone ulx="2643" uly="2643" lrx="1276" lry="2754" xml:id="zone_qdq_dl4_cjb"/>
			<zone ulx="2622" uly="2622" lrx="956" lry="2825" xml:id="zone_udf_2l4_cjb"/>
			<zone ulx="2677" uly="2677" lrx="946" lry="2813" xml:id="zone_qss_2l4_cjb"/>
			<zone ulx="2614" uly="2614" lrx="642" lry="2786" xml:id="zone_y2k_fl4_cjb"/>
			<zone ulx="2667" uly="2667" lrx="632" lry="2778" xml:id="zone_lky_fl4_cjb"/>
		</surface>
		<surface>
			<graphic url="../../../Day%203/IMG_0078.JPG"/>
		</surface>
		<surface>
			<graphic url="../../../Day%203/IMG_0079.JPG"/>
		</surface>
	</facsimile>
	<text>
		<body>
			<div1 facs="#zone_a4p_1l4_cjb" type="ʿilmühaber_tapu_senedi">
				<p>
					<lb/>
					... fī					<date type="created" when="1864-05-26" when-custom="1280--20">20 ... sene 1280</date>
					<lb/>
				</p>
				<div2 facs="#zone_sfx_bl4_cjb" type="sign">
					<p>
						<lb/>
						...
						<lb/>
					</p>
					<div3 facs="#zone_fvm_cl4_cjb" type="stamp">
						<p>
							<lb/>
							...
							<lb/>
						</p>
					</div3>
				</div2>
				<div2 facs="#zone_vgd_dl4_cjb" type="sign">
					<p>
						<lb/>
						...
						<lb/>
					</p>
					<div3 facs="#zone_qdq_dl4_cjb" type="stamp">
						<p>
							<lb/>
							...
							<lb/>
						</p>
					</div3>
				</div2>
				<div2 facs="#zone_udf_2l4_cjb" type="sign">
					<p>
						<lb/>
						...
						<lb/>
					</p>
					<div3 facs="#zone_qss_2l4_cjb" type="stamp">
						<p>
							<lb/>
							...
							<lb/>
						</p>
					</div3>
				</div2>
				<div2 facs="#zone_y2k_fl4_cjb" type="sign">
					<p>
						<lb/>
						...
						<lb/>
					</p>
					<div3 facs="#zone_lky_fl4_cjb" type="stamp">
						<p>
							<lb/>
							...
							<lb/>
						</p>
					</div3>
				</div2>
			</div1>
		</body>
	</text>
</TEI>
