<?xml version="1.0" encoding="UTF-8"?>
<?xml-model href="http://www.tei-c.org/release/xml/tei/custom/schema/relaxng/tei_all.rng" type="application/xml" schematypens="http://relaxng.org/ns/structure/1.0"?>
<?xml-model href="http://www.tei-c.org/release/xml/tei/custom/schema/relaxng/tei_all.rng" type="application/xml"
	schematypens="http://purl.oclc.org/dsdl/schematron"?>
<TEI xmlns="http://www.tei-c.org/ns/1.0">
	<teiHeader>
		<fileDesc>
			<titleStmt>
				<title>Tursko3-185</title>
			</titleStmt>
			<publicationStmt>
				<p>Publication Information</p>
			</publicationStmt>
			<notesStmt>
				<note type="summary">非ムスリムの保有する私有地mülk-i menzilhaneと店舗を、別の非ムスリムへ売却することの承認。</note>
			</notesStmt>
			<sourceDesc>
				<p/>
			</sourceDesc>
		</fileDesc>
		<xenoData>{ "saji:aspectRatioType": [ "B" ], "saji:fond": [ "Tursko 3" ] }</xenoData>
	</teiHeader>
	<facsimile>
		<surface>
			<graphic url="../../../Tursko%203/DSCN9033.JPG"/>
			<zone ulx="908" uly="908" lrx="2150" lry="3000" xml:id="zone_s4c_jhp_xkb"/>
			<zone ulx="2495" uly="2495" lrx="464" lry="2975" xml:id="zone_q23_khp_xkb"/>
		</surface>
		<surface>
			<graphic url="../../../Day%206/IMG_0210.JPG"/>
		</surface>
		<surface>
			<graphic url="../../../Day%206/IMG_0211.JPG"/>
		</surface>
	</facsimile>
	<text>
		<body>
			<div1 facs="#zone_s4c_jhp_xkb" type="EMIN_zabt_temessük">
				<p>
					<lb/>
					Vech-i tahrīr-i temessük oldur ki
					<lb/>
					işbu					<date type="created" when="1830-06-20" when-custom="1245">bin iki yüz kırk beş senesinde</date>
					 der ʿuhde ve iltizāmımızda bulunan
					<lb/>
					Kirşevo mukātaʿasına tābiʿ nefs-i Kirşevo varoş mutemekkinlerinin					<placeName>KTUK</placeName>
					<lb/>
					mahallesinde vākiʿ bir bāb-ı mülk-i menzilhâne bir taraf zimmī İstepan
					<lb/>
					Şāhin mülk ve taraf-ı sānī PTUK ve taraf-ı sālis çarşu ve taraf-ı
					<lb/>
					rābiʿ tarīk-i ʿām ile mahdūd ve mümtāz zikr olunan mülk-i menzilhāne
					<lb/>
					ile ... dukkân mutasarrıf eyledüğü zimmī Īvān İSTRUK nām-ı mesfūr
					<lb/>
					işbu dārende-i temessük					<placeName>PRPUL</placeName>
					 kazāsından ... zimmī					<persName>MAKSİM</persName>
					<lb/>
					nām-ı mesfūre yalnız bin beş yüz altmış üç guruş mukābelesinde
					<lb/>
					beyʿ-i bāt katʿiyle beyʿ edüb ol dahi kabūl biz dahi mukātaʿa
					<lb/>
					emīni bulunduğumuz hasebiyle zimmī					<persName>MAKSİM</persName>
					 nām-ı mesfūre tafvīz birle
					<lb/>
					ve yedine işbu zabt temessük virildi ... kimesne māniʿ olunmaya				</p>
				<div2 facs="#zone_q23_khp_xkb" type="sign">
					<p>
						<lb/>
						...
						<lb/>
						Mehmed Emīn-i Mukātaʿa-i
						<lb/>
						Kirşevo hālā
						<lb/>
						M					</p>
				</div2>
				<div2 type="şühūdu'l-hāl">
					<p>
						<lb/>
						Şühūdu'l-hāl
						<lb/>
						El-hāccıoğlu Mustafa ʿAlemdār
						<lb/>
						ÇRKUzāde ʿAbdüllāh ʿAlemdār
						<lb/>
						Kirşevolı Kara Mehmed
						<lb/>
						KUGİÇ Mollā Mustafa
						<lb/>
						Yūsuf ʿAbdüllāh
						<lb/>
						HSKİÇ RBZAKLM
						<lb/>
						İbrahīm Emīn
						<lb/>
						Ağa İBN BNC
						<lb/>
						ve gayrihim mine'l-hāzırīn					</p>
				</div2>
			</div1>
		</body>
	</text>
</TEI>
