<?xml version="1.0" encoding="UTF-8"?>
<?xml-model href="http://www.tei-c.org/release/xml/tei/custom/schema/relaxng/tei_all.rng" type="application/xml" schematypens="http://relaxng.org/ns/structure/1.0"?>
<?xml-model href="http://www.tei-c.org/release/xml/tei/custom/schema/relaxng/tei_all.rng" type="application/xml"
	schematypens="http://purl.oclc.org/dsdl/schematron"?>
<TEI xmlns="http://www.tei-c.org/ns/1.0">
	<teiHeader>
		<fileDesc>
			<titleStmt>
				<title>Tursko1-087</title>
			</titleStmt>
			<publicationStmt>
				<p>Publication Information</p>
			</publicationStmt>
			<notesStmt>
				<note type="mine">mukāvele senedi：契約証書</note>
				<note type="mine">【要】日付：読み取りできていない。日付部分はプリントなのか書き込みなのか？</note>
			</notesStmt>
			<sourceDesc>
				<p/>
			</sourceDesc>
		</fileDesc>
		<xenoData>{ "saji:aspectRatioType": [ "D" ], "saji:fond": [ "Tursko 1" ], "saji:memo": [ "典型" ], "saji:type": [ "muḳāvele senedi" ] }</xenoData>
	</teiHeader>
	<facsimile>
		<surface>
			<graphic url="../../../Tursko%201/DSCN1749.JPG"/>
			<zone ulx="170" uly="170" lrx="2070" lry="3130" xml:id="zone_nvz_yfh_cjb"/>
			<zone ulx="2268" uly="2268" lrx="1368" lry="2509" xml:id="zone_c34_cgh_cjb"/>
		</surface>
		<surface>
			<graphic url="../../../Day%203/IMG_0005.JPG"/>
		</surface>
		<surface>
			<graphic url="../../../Day%203/IMG_0006.JPG"/>
		</surface>
	</facsimile>
	<text>
		<body>
			<div1 facs="#zone_nvz_yfh_cjb" type="mukāvele_senedi">
				<p>
					<lb/>
					... fī					<date cert="low" type="created" when="1873-02-26" when-custom="1289">... sene 1289</date>
					<lb/>
				</p>
				<div3 facs="#zone_c34_cgh_cjb" type="stamp">
					<p>
						<lb/>
						...
						<lb/>
					</p>
				</div3>
			</div1>
		</body>
	</text>
</TEI>
