<?xml version="1.0" encoding="UTF-8"?>
<?xml-model href="http://www.tei-c.org/release/xml/tei/custom/schema/relaxng/tei_all.rng" type="application/xml" schematypens="http://relaxng.org/ns/structure/1.0"?>
<?xml-model href="http://www.tei-c.org/release/xml/tei/custom/schema/relaxng/tei_all.rng" type="application/xml"
	schematypens="http://purl.oclc.org/dsdl/schematron"?>
<TEI xmlns="http://www.tei-c.org/ns/1.0">
	<teiHeader>
		<fileDesc>
			<titleStmt>
				<title>Tursko3-057</title>
			</titleStmt>
			<publicationStmt>
				<p>Publication Information</p>
			</publicationStmt>
			<sourceDesc>
				<p/>
			</sourceDesc>
		</fileDesc>
		<xenoData>{ "saji:aspectRatioType": [ "B" ], "saji:fond": [ "Tursko 3" ] }</xenoData>
	</teiHeader>
	<facsimile>
		<surface>
			<graphic url="../../../Tursko%203/DSCN9239.JPG"/>
			<zone ulx="838" uly="838" lrx="2506" lry="1938" xml:id="zone_kfl_wvs_mlb"/>
		</surface>
		<surface>
			<graphic url="../../../Day%205/IMG_0133.JPG"/>
		</surface>
		<surface>
			<graphic url="../../../Day%205/IMG_0134.JPG"/>
		</surface>
		<surface>
			<graphic url="../../../Tursko%203/DSCN9240.JPG"/>
			<zone ulx="130" uly="130" lrx="2254" lry="2630" xml:id="zone_cxb_yvs_mlb"/>
			<zone ulx="2141" uly="2141" lrx="710" lry="2583" xml:id="zone_lmk_zvs_mlb"/>
		</surface>
	</facsimile>
	<text>
		<body>
			<div1 facs="#zone_cxb_yvs_mlb" next="#zone_kfl_wvs_mlb" subtype="unkown" type="EMIN">
				<p>
					<lb/>
					işbu					<date type="created" when="1837-04-05" when-custom="1252">bin iki yüz elli iki senesinde</date>
					 Kirşevo ...
					<lb/>
				</p>
				<div2 facs="#zone_lmk_zvs_mlb" type="sign">
					<p>
						<lb/>
						...
						<lb/>
					</p>
				</div2>
				<div2 type="şühūdu’l-hāl">
					<p>
						<lb/>
						...
						<lb/>
					</p>
				</div2>
			</div1>
			<div1 facs="#zone_kfl_wvs_mlb" type="summary_Croatian">
				<p>
					<lb/>
					...					<date type="summary_Croatian" when="1837-04-05" when-custom="1252">1252</date>
					.
					<lb/>
				</p>
			</div1>
		</body>
	</text>
</TEI>
