<?xml version="1.0" encoding="UTF-8"?>
<?xml-model href="http://www.tei-c.org/release/xml/tei/custom/schema/relaxng/tei_all.rng" type="application/xml" schematypens="http://relaxng.org/ns/structure/1.0"?>
<?xml-model href="http://www.tei-c.org/release/xml/tei/custom/schema/relaxng/tei_all.rng" type="application/xml"
	schematypens="http://purl.oclc.org/dsdl/schematron"?>
<TEI xmlns="http://www.tei-c.org/ns/1.0">
	<teiHeader>
		<fileDesc>
			<titleStmt>
				<title>Tursko3-071</title>
			</titleStmt>
			<publicationStmt>
				<p>Publication Information</p>
			</publicationStmt>
			<notesStmt>
				<note type="summary">遺産相続</note>
			</notesStmt>
			<sourceDesc>
				<p/>
			</sourceDesc>
		</fileDesc>
		<profileDesc>
			<textClass>
				<classCode scheme="">遺産相続</classCode>
			</textClass>
		</profileDesc>
		<xenoData>{ "saji:aspectRatioType": [ "B" ], "saji:fond": [ "Tursko 3" ], "saji:memo": [ "典型" ] }</xenoData>
	</teiHeader>
	<facsimile>
		<surface>
			<graphic url="../../../Tursko%203/DSCN9345.JPG"/>
			<zone ulx="434" uly="434" lrx="2125" lry="2916" xml:id="zone_xvp_1nq_h3b"/>
			<zone ulx="2667" uly="2667" lrx="826" lry="2892" xml:id="zone_ukm_bnq_h3b"/>
		</surface>
		<surface>
			<graphic url="../../../Day%205/IMG_0162.JPG"/>
		</surface>
		<surface>
			<graphic url="../../../Day%205/IMG_0163.JPG"/>
		</surface>
	</facsimile>
	<text>
		<body>
			<div1 facs="#zone_xvp_1nq_h3b" type="kassām_defteri">
				<p>
					<lb/>
					hüve
					<lb/>
					<placename>
						Nefs-i varoş-ı						<placename type="proper">Kirşevo</placename>
					</placename>
					 mahālātlarından mahall-i					<placename>...</placename>
					<lb/>
					bundan akdem mütemekkinlerinden					<persname cert="unknown">Anton ...</persname>
					 nām mürd olup
					<lb/>
					mesfūrun vereseler-i kebīr oğulu					<persname cert="low">Toya</persname>
					 ve kızı
					<lb/>
					nasrāniyyesi					<persname cert="unknown">...</persname>
					 nāmān vereseleri iltimās mürd
					<lb/>
					mesfūrun verese iltimāsyla müstakil olan
					<lb/>
					... tahrīr verese'l-verese sahhı'l-bākī
					<lb/>
					olanı taksīm olna					<date when="1809-02-14" when-custom="1223">1223</date>
					<lb/>
					<lb/>
					<lb/>
					<lb/>
					<lb/>
					<lb/>
					<lb/>
					<lb/>
					<lb/>
					<lb/>
					<lb/>
					<lb/>
					<lb/>
					<lb/>
					<lb/>
					...					<persname>
						el-nāib-i						<placename type="proper">Kirşevo</placename>
					</persname>
				</p>
				<div2 type="sign">
					<div3 facs="#zone_ukm_bnq_h3b" type="stamp">
						<p>
							<lb/>
							...
							<lb/>
						</p>
					</div3>
				</div2>
			</div1>
		</body>
	</text>
</TEI>
