<?xml version="1.0" encoding="UTF-8"?>
<?xml-model href="http://www.tei-c.org/release/xml/tei/custom/schema/relaxng/tei_all.rng" type="application/xml" schematypens="http://relaxng.org/ns/structure/1.0"?>
<?xml-model href="http://www.tei-c.org/release/xml/tei/custom/schema/relaxng/tei_all.rng" type="application/xml"
	schematypens="http://purl.oclc.org/dsdl/schematron"?>
<TEI xmlns="http://www.tei-c.org/ns/1.0">
	<teiHeader>
		<fileDesc>
			<titleStmt>
				<title>Tursko3-035</title>
			</titleStmt>
			<publicationStmt>
				<p>Publication Information</p>
			</publicationStmt>
			<sourceDesc>
				<p/>
			</sourceDesc>
		</fileDesc>
		<xenoData>{ "saji:aspectRatioType": [ "B" ], "saji:fond": [ "Tursko 3" ] }</xenoData>
	</teiHeader>
	<facsimile>
		<surface>
			<graphic url="../../../Tursko%203/DSCN9271.JPG"/>
			<zone ulx="977" uly="977" lrx="2528" lry="1594" xml:id="zone_hdl_xmh_nlb"/>
		</surface>
		<surface>
			<graphic url="../../../Day%205/IMG_0084.JPG"/>
		</surface>
		<surface>
			<graphic url="../../../Day%205/IMG_0085.JPG"/>
		</surface>
		<surface>
			<graphic url="../../../Tursko%203/DSCN9272.JPG"/>
			<zone ulx="338" uly="338" lrx="2224" lry="2323" xml:id="zone_ij1_zmh_nlb"/>
			<zone ulx="1940" uly="1940" lrx="536" lry="2197" xml:id="zone_l12_1nh_nlb"/>
		</surface>
	</facsimile>
	<text>
		<body>
			<div1 facs="#zone_ij1_zmh_nlb" next="#zone_hdl_xmh_nlb" subtype="zabt_temessük" type="EMIN">
				<p>
					<lb/>
					... fī					<date type="created" when="1839-02-03" when-custom="1254-11-20">20 Za sene 254</date>
					<lb/>
				</p>
				<div2 facs="#zone_l12_1nh_nlb" type="sign">
					<p>
						<lb/>
						...
						<lb/>
					</p>
				</div2>
				<div2 type="şühūdu’l-hāl">
					<p>
						<lb/>
						...
						<lb/>
					</p>
				</div2>
			</div1>
			<div1 facs="#zone_hdl_xmh_nlb" type="summary_Croatian">
				<p>
					<lb/>
					...					<date type="summary_Croatian" when="1839">1839</date>
					 -					<date type="summary_Croatian" when="1839-03-14" when-custom="1254">1254</date>
					.
					<lb/>
				</p>
			</div1>
		</body>
	</text>
</TEI>
