<?xml version="1.0" encoding="UTF-8"?>
<?xml-model href="http://www.tei-c.org/release/xml/tei/custom/schema/relaxng/tei_all.rng" type="application/xml" schematypens="http://relaxng.org/ns/structure/1.0"?>
<?xml-model href="http://www.tei-c.org/release/xml/tei/custom/schema/relaxng/tei_all.rng" type="application/xml"
	schematypens="http://purl.oclc.org/dsdl/schematron"?>
<TEI xmlns="http://www.tei-c.org/ns/1.0">
	<teiHeader>
		<fileDesc>
			<titleStmt>
				<title>Tursko3-138</title>
			</titleStmt>
			<publicationStmt>
				<p>Publication Information</p>
			</publicationStmt>
			<sourceDesc>
				<p/>
			</sourceDesc>
		</fileDesc>
		<xenoData>{ "saji:aspectRatioType": [ "B" ], "saji:fond": [ "Tursko 3" ] }</xenoData>
	</teiHeader>
	<facsimile>
		<surface>
			<graphic url="../../../Tursko%203/DSCN9111.JPG"/>
			<zone ulx="1005" uly="1005" lrx="2273" lry="1311" xml:id="zone_xwk_hqv_glb"/>
		</surface>
		<surface>
			<graphic url="../../../Day%206/IMG_0107.JPG"/>
		</surface>
		<surface>
			<graphic url="../../../Day%206/IMG_0108.JPG"/>
		</surface>
		<surface>
			<graphic url="../../../Tursko%203/DSCN9112.JPG"/>
			<zone ulx="511" uly="511" lrx="911" lry="708" xml:id="zone_avv_jqv_glb"/>
			<zone ulx="587" uly="587" lrx="641" lry="801" xml:id="zone_mf5_kqv_glb"/>
		</surface>
		<surface>
			<graphic url="../../../Tursko%203/DSCN9113.JPG"/>
			<zone ulx="1025" uly="1025" lrx="1767" lry="3016" xml:id="zone_s33_mqv_glb"/>
			<zone ulx="2505" uly="2505" lrx="867" lry="2973" xml:id="zone_xdq_nqv_glb"/>
			<zone ulx="2490" uly="2490" lrx="525" lry="2951" xml:id="zone_xv4_4qv_glb"/>
		</surface>
	</facsimile>
	<text>
		<body>
			<div1 facs="#zone_s33_mqv_glb" next="#zone_xwk_hqv_glb" subtype="temessük" type="EMIN">
				<p>
					<lb/>
					işbu					<date type="created" when="1791-08-28" when-custom="1205">bin iki yüz beş senesinde</date>
					 ...					<lb/>
				</p>
				<div2 facs="#zone_xdq_nqv_glb" type="sign">
					<p>
						<lb/>
						...
						<lb/>
					</p>
					<div3 facs="#zone_avv_jqv_glb" type="stamp">
						<p>
							<lb/>
							...
							<lb/>
						</p>
					</div3>
				</div2>
				<div2 facs="#zone_xv4_4qv_glb" type="sign">
					<p>
						<lb/>
						...
						<lb/>
					</p>
					<div3 facs="#zone_mf5_kqv_glb" type="stamp">
						<p>
							<lb/>
							...
							<lb/>
						</p>
					</div3>
				</div2>
			</div1>
			<div1 facs="#zone_xwk_hqv_glb" type="summary_Croatian">
				<p>
					<lb/>
					...					<date type="summary_Croatian" when="1791">1791</date>
					<lb/>
				</p>
			</div1>
		</body>
	</text>
</TEI>
