<?xml version="1.0" encoding="UTF-8"?>
<?xml-model href="http://www.tei-c.org/release/xml/tei/custom/schema/relaxng/tei_all.rng" type="application/xml" schematypens="http://relaxng.org/ns/structure/1.0"?>
<?xml-model href="http://www.tei-c.org/release/xml/tei/custom/schema/relaxng/tei_all.rng" type="application/xml"
	schematypens="http://purl.oclc.org/dsdl/schematron"?>
<TEI xmlns="http://www.tei-c.org/ns/1.0">
	<teiHeader>
		<fileDesc>
			<titleStmt>
				<title>Tursko3-043</title>
			</titleStmt>
			<publicationStmt>
				<p>Publication Information</p>
			</publicationStmt>
			<sourceDesc>
				<p/>
			</sourceDesc>
		</fileDesc>
		<xenoData>{ "saji:aspectRatioType": [ "B" ], "saji:fond": [ "Tursko 3" ] }</xenoData>
	</teiHeader>
	<facsimile>
		<surface>
			<graphic url="../../../Tursko%203/DSCN9273.JPG"/>
			<zone ulx="677" uly="677" lrx="2817" lry="1416" xml:id="zone_dvv_dmv_nlb"/>
		</surface>
		<surface>
			<graphic url="../../../Day%205/IMG_0104.JPG"/>
		</surface>
		<surface>
			<graphic url="../../../Day%205/IMG_0105.JPG"/>
		</surface>
		<surface>
			<graphic url="../../../Tursko%203/DSCN9274.JPG"/>
			<zone ulx="133" uly="133" lrx="1900" lry="2293" xml:id="zone_u3z_fmv_nlb"/>
			<zone ulx="1836" uly="1836" lrx="548" lry="2255" xml:id="zone_wch_hmv_nlb"/>
		</surface>
	</facsimile>
	<text>
		<body>
			<div1 facs="#zone_u3z_fmv_nlb" next="#zone_dvv_dmv_nlb" subtype="tapu" type="EMIN">
				<p>
					<lb/>
					işbu					<date type="created" when="1825-08-13" when-custom="1240">bin iki yüz krık senesinde</date>
					 der ...
					<lb/>
				</p>
				<div2 facs="#zone_wch_hmv_nlb" type="sign">
					<p>
						<lb/>
						...
						<lb/>
					</p>
				</div2>
			</div1>
			<div1 facs="#zone_dvv_dmv_nlb" type="summary_Croatian">
				<p>
					<lb/>
					...					<date type="summary_Croatian" when="1825">1825</date>
					. ...					<date type="summary_Croatian" when="1825-08-13" when-custom="1240">1240</date>
					.
					<lb/>
				</p>
			</div1>
		</body>
	</text>
</TEI>
