<?xml version="1.0" encoding="UTF-8"?>
<?xml-model href="http://www.tei-c.org/release/xml/tei/custom/schema/relaxng/tei_all.rng" type="application/xml" schematypens="http://relaxng.org/ns/structure/1.0"?>
<?xml-model href="http://www.tei-c.org/release/xml/tei/custom/schema/relaxng/tei_all.rng" type="application/xml"
	schematypens="http://purl.oclc.org/dsdl/schematron"?>
<TEI xmlns="http://www.tei-c.org/ns/1.0">
	<teiHeader>
		<fileDesc>
			<titleStmt>
				<title>Tursko3-048</title>
			</titleStmt>
			<publicationStmt>
				<p>Publication Information</p>
			</publicationStmt>
			<sourceDesc>
				<p/>
			</sourceDesc>
		</fileDesc>
		<xenoData>{ "saji:aspectRatioType": [ "B" ], "saji:fond": [ "Tursko 3" ] }</xenoData>
	</teiHeader>
	<facsimile>
		<surface>
			<graphic url="../../../Tursko%203/DSCN9293.JPG"/>
			<zone ulx="772" uly="772" lrx="2573" lry="1450" xml:id="zone_urf_lzv_nlb"/>
		</surface>
		<surface>
			<graphic url="../../../Day%205/IMG_0114.JPG"/>
		</surface>
		<surface>
			<graphic url="../../../Day%205/IMG_0115.JPG"/>
		</surface>
		<surface>
			<graphic url="../../../Tursko%203/DSCN9294.JPG"/>
			<zone ulx="235" uly="235" lrx="2243" lry="2399" xml:id="zone_ndr_mzv_nlb"/>
			<zone ulx="2034" uly="2034" lrx="400" lry="2355" xml:id="zone_ckz_nzv_nlb"/>
		</surface>
	</facsimile>
	<text>
		<body>
			<div1 facs="#zone_ndr_mzv_nlb" next="#zone_urf_lzv_nlb" subtype="zabt_tezkire" type="EMIN">
				<p>
					<lb/>
					işbu					<date when="1845-01-08" when-custom="1260">bin iki yüz altmış senesinde</date>
					 der ...
					<lb/>
					fī					<date type="created" when="1844-05-13" when-custom="1260-04-25">25 R sene 1260</date>
				</p>
				<div2 facs="#zone_ckz_nzv_nlb" type="sign">
					<p>
						<lb/>
						...
						<lb/>
					</p>
				</div2>
				<div2 type="şühūdu’l-hāl">
					<p>
						<lb/>
						...
						<lb/>
					</p>
				</div2>
			</div1>
			<div1 facs="#zone_urf_lzv_nlb" type="summary_Croatian">
				<p>
					<lb/>
					A.					<date type="summary_Croatian" when="1844">1844</date>
					. Nno 10.
					<lb/>
				</p>
			</div1>
		</body>
	</text>
</TEI>
