<?xml version="1.0" encoding="UTF-8"?>
<?xml-model href="http://www.tei-c.org/release/xml/tei/custom/schema/relaxng/tei_all.rng" type="application/xml" schematypens="http://relaxng.org/ns/structure/1.0"?>
<?xml-model href="http://www.tei-c.org/release/xml/tei/custom/schema/relaxng/tei_all.rng" type="application/xml"
	schematypens="http://purl.oclc.org/dsdl/schematron"?>
<TEI xmlns="http://www.tei-c.org/ns/1.0">
	<teiHeader>
		<fileDesc>
			<titleStmt>
				<title>Tursko3-141</title>
			</titleStmt>
			<publicationStmt>
				<p>Publication Information</p>
			</publicationStmt>
			<sourceDesc>
				<p/>
			</sourceDesc>
		</fileDesc>
		<xenoData>{ "saji:aspectRatioType": [ "B" ], "saji:fond": [ "Tursko 3" ] }</xenoData>
	</teiHeader>
	<facsimile>
		<surface>
			<graphic url="../../../Tursko%203/DSCN9118.JPG"/>
			<zone ulx="1087" uly="1087" lrx="2067" lry="1254" xml:id="zone_ffw_55v_glb"/>
		</surface>
		<surface>
			<graphic url="../../../Day%206/IMG_0114.JPG"/>
		</surface>
		<surface>
			<graphic url="../../../Day%206/IMG_0115.JPG"/>
		</surface>
		<surface>
			<graphic url="../../../Tursko%203/DSCN9119.JPG"/>
			<zone ulx="172" uly="172" lrx="2245" lry="3063" xml:id="zone_ics_w5v_glb"/>
			<zone ulx="2746" uly="2746" lrx="340" lry="2969" xml:id="zone_dht_y5v_glb"/>
		</surface>
	</facsimile>
	<text>
		<body>
			<div1 facs="#zone_ics_w5v_glb" next="#zone_ffw_55v_glb" subtype="zabt_tezkire" type="EMIN">
				<p>
					<lb/>
					...
					<lb/>
				</p>
				<div2 facs="#zone_dht_y5v_glb" type="sign">
					<p>
						<lb/>
						...
						<lb/>
					</p>
				</div2>
				<div2 type="şühūdu’l-hāl">
					<p>
						<lb/>
						...
						<lb/>
					</p>
				</div2>
			</div1>
			<div1 facs="#zone_ffw_55v_glb" type="summary_Croatian">
				<p>
					<lb/>
					...					<date type="summary_Croatian" when="1795">1795</date>
					.
					<lb/>
				</p>
			</div1>
		</body>
	</text>
</TEI>
