<?xml version="1.0" encoding="UTF-8"?>
<?xml-model href="http://www.tei-c.org/release/xml/tei/custom/schema/relaxng/tei_all.rng" type="application/xml" schematypens="http://relaxng.org/ns/structure/1.0"?>
<?xml-model href="http://www.tei-c.org/release/xml/tei/custom/schema/relaxng/tei_all.rng" type="application/xml"
	schematypens="http://purl.oclc.org/dsdl/schematron"?>
<TEI xmlns="http://www.tei-c.org/ns/1.0">
	<teiHeader>
		<fileDesc>
			<titleStmt>
				<title>Tursko1-030</title>
			</titleStmt>
			<publicationStmt>
				<p>Publication Information</p>
			</publicationStmt>
			<notesStmt>
				<note type="mine">日付：要検討</note>
			</notesStmt>
			<sourceDesc>
				<p/>
			</sourceDesc>
		</fileDesc>
		<xenoData>{ "saji:aspectRatioType": [ "B" ], "saji:fond": [ "Tursko 1" ] }</xenoData>
	</teiHeader>
	<facsimile>
		<surface>
			<graphic url="../../../Tursko%201/DSCN1005.JPG"/>
			<zone ulx="421" uly="421" lrx="2293" lry="2678" xml:id="zone_bmx_lqg_z3b"/>
			<zone ulx="1641" uly="1641" lrx="874" lry="1822" xml:id="zone_bd3_nqg_z3b"/>
		</surface>
		<surface>
			<graphic url="../../../Day%201/IMG_0220.JPG"/>
		</surface>
		<surface>
			<graphic url="../../../Day%201/IMG_0221.JPG"/>
		</surface>
		<surface>
			<graphic url="../../../Tursko%201/DSCN1006.JPG"/>
			<zone ulx="515" uly="515" lrx="2139" lry="1769" xml:id="zone_ahk_pqg_z3b"/>
		</surface>
	</facsimile>
	<text>
		<body>
			<div1 facs="#zone_bmx_lqg_z3b" type="unknown">
				<l>
					<date type="created" when="1823-09-05" when-custom="1238">... 238</date>
				</l>
				<div3 facs="#zone_bd3_nqg_z3b" type="stamp"/>
			</div1>
			<div1 facs="#zone_ahk_pqg_z3b" type="unknown"/>
		</body>
	</text>
</TEI>
