<?xml version="1.0" encoding="UTF-8"?>
<?xml-model href="http://www.tei-c.org/release/xml/tei/custom/schema/relaxng/tei_all.rng" type="application/xml" schematypens="http://relaxng.org/ns/structure/1.0"?>
<?xml-model href="http://www.tei-c.org/release/xml/tei/custom/schema/relaxng/tei_all.rng" type="application/xml"
	schematypens="http://purl.oclc.org/dsdl/schematron"?>
<TEI xmlns="http://www.tei-c.org/ns/1.0">
	<teiHeader>
		<fileDesc>
			<titleStmt>
				<title>Tursko3-222</title>
			</titleStmt>
			<publicationStmt>
				<p>Publication Information</p>
			</publicationStmt>
			<sourceDesc>
				<p/>
			</sourceDesc>
		</fileDesc>
		<xenoData>{ "saji:aspectRatioType": [ "A" ], "saji:fond": [ "Tursko 3" ] }</xenoData>
	</teiHeader>
	<facsimile>
		<surface>
			<graphic url="../../../Tursko%203/DSCN0417.JPG"/>
			<zone ulx="156" uly="156" lrx="1689" lry="3078" xml:id="zone_sdd_j1h_skb"/>
		</surface>
		<surface>
			<graphic url="../../../Day%207/IMG_0077.JPG"/>
		</surface>
		<surface>
			<graphic url="../../../Tursko%203/DSCN0418.JPG"/>
		</surface>
		<surface>
			<graphic url="../../../Tursko%203/DSCN0419.JPG"/>
		</surface>
	</facsimile>
	<text>
		<body>
			<div1 facs="#zone_sdd_j1h_skb" type="ʿilmühaber">
				<p>
					<lb/>
					Altı senelik virgü ʿilmühaber
					<lb/>
					... f
				</p>
			</div1>
		</body>
	</text>
</TEI>
