<?xml version="1.0" encoding="UTF-8"?>
<?xml-model href="http://www.tei-c.org/release/xml/tei/custom/schema/relaxng/tei_all.rng" type="application/xml" schematypens="http://relaxng.org/ns/structure/1.0"?>
<?xml-model href="http://www.tei-c.org/release/xml/tei/custom/schema/relaxng/tei_all.rng" type="application/xml"
	schematypens="http://purl.oclc.org/dsdl/schematron"?>
<TEI xmlns="http://www.tei-c.org/ns/1.0">
	<teiHeader>
		<fileDesc>
			<titleStmt>
				<title>Tursko1-088</title>
			</titleStmt>
			<publicationStmt>
				<p>Publication Information</p>
			</publicationStmt>
			<sourceDesc>
				<p/>
			</sourceDesc>
		</fileDesc>
		<xenoData>{ "saji:aspectRatioType": [ "D" ], "saji:fond": [ "Tursko 1" ], "saji:memo": [ "典型" ],
          "saji:type": [ "ṣūret-i ṭapu senedi" ] }</xenoData>
	</teiHeader>
	<facsimile>
		<surface>
			<graphic url="../../../Tursko%201/DSCN1750.JPG"/>
			<zone ulx="569" uly="569" lrx="2208" lry="2784" xml:id="zone_wyx_ygh_cjb"/>
			<zone ulx="2380" uly="2380" lrx="1663" lry="2632" xml:id="zone_e13_3hh_cjb"/>
		</surface>
		<surface>
			<graphic url="../../../Day%203/IMG_0007.JPG"/>
		</surface>
		<surface>
			<graphic url="../../../Day%203/IMG_0008.JPG"/>
		</surface>
		<surface>
			<graphic url="../../../Tursko%201/DSCN1751.JPG"/>
			<zone ulx="788" uly="788" lrx="3189" lry="1261" xml:id="zone_n4q_jhh_cjb"/>
		</surface>
	</facsimile>
	<text>
		<body>
			<div1 facs="#zone_wyx_ygh_cjb" type="tapu_senedi_sūret">
				<p>
					<lb/>
					... fī					<date type="created" when="1866-09-16" when-custom="1283-05-07">7 Cemaziye'l-evvel sene 1283</date>
					<lb/>
				</p>
				<div3 facs="#zone_e13_3hh_cjb" type="stamp">
					<p>
						<lb/>
						...
						<lb/>
					</p>
				</div3>
			</div1>
			<div1 facs="#zone_n4q_jhh_cjb" type="summary_Croatian">
				<p>
					<lb/>
					Nno 17.
					<lb/>
				</p>
			</div1>
		</body>
	</text>
</TEI>
