<?xml version="1.0" encoding="UTF-8"?>
<?xml-model href="http://www.tei-c.org/release/xml/tei/custom/schema/relaxng/tei_all.rng" type="application/xml" schematypens="http://relaxng.org/ns/structure/1.0"?>
<?xml-model href="http://www.tei-c.org/release/xml/tei/custom/schema/relaxng/tei_all.rng" type="application/xml"
	schematypens="http://purl.oclc.org/dsdl/schematron"?>
<TEI xmlns="http://www.tei-c.org/ns/1.0">
	<teiHeader>
		<fileDesc>
			<titleStmt>
				<title>Tursko1-107</title>
			</titleStmt>
			<publicationStmt>
				<p>Publication Information</p>
			</publicationStmt>
			<notesStmt>
				<note type="summary">tapu senedi発行前に、一時的に権利を保証する証書。tapu senediと同等のものである。</note>
				<note type="mine">DSCN1705.JPGは、DSCN1701.JPGの写し。</note>
				<note type="mine">書式については、tapu senediを参考にする。</note>
				<note type="mine">【要】作成年：月が読めない、要確認。</note>
			</notesStmt>
			<sourceDesc>
				<p/>
			</sourceDesc>
		</fileDesc>
		<xenoData>{ "saji:aspectRatioType": [ "D" ], "saji:fond": [ "Tursko 1" ], "saji:memo": [ "典型" ] }</xenoData>
	</teiHeader>
	<facsimile>
		<surface>
			<graphic url="../../../Tursko%201/DSCN1701.JPG"/>
			<zone ulx="25" uly="25" lrx="1958" lry="3158" xml:id="zone_zrh_5ty_1jb"/>
		</surface>
		<surface>
			<graphic url="../../../Day%203/IMG_0053.JPG"/>
		</surface>
		<surface>
			<graphic url="../../../Day%203/IMG_0054.JPG"/>
		</surface>
		<surface>
			<graphic url="../../../Tursko%201/DSCN1702.JPG"/>
		</surface>
		<surface>
			<graphic url="../../../Tursko%201/DSCN1703.JPG"/>
			<zone ulx="2752" uly="2752" lrx="1756" lry="3016" xml:id="zone_ejd_xty_1jb"/>
			<zone ulx="2814" uly="2814" lrx="1750" lry="3006" xml:id="zone_mqb_yty_1jb"/>
			<zone ulx="2808" uly="2808" lrx="1049" lry="3081" xml:id="zone_uz5_yty_1jb"/>
			<zone ulx="2864" uly="2864" lrx="1037" lry="3072" xml:id="zone_srk_zty_1jb"/>
			<zone ulx="2808" uly="2808" lrx="578" lry="3108" xml:id="zone_egh_15y_1jb"/>
			<zone ulx="2896" uly="2896" lrx="563" lry="3098" xml:id="zone_w4z_d5y_1jb"/>
		</surface>
		<surface>
			<graphic url="../../../Tursko%201/DSCN1704.JPG"/>
			<zone ulx="820" uly="820" lrx="1573" lry="1274" xml:id="zone_i5l_h5y_1jb"/>
		</surface>
	</facsimile>
	<text>
		<body>
			<div1 facs="#zone_zrh_5ty_1jb" type="ʿilmühaber_tapu_senedi">
				<p>
					<lb/>
					Livā Saray
					<lb/>
					Kazā Foyniçe
					<lb/>
					Kasaba Kreşevo
					<lb/>
					Karye Muslimīn
					<lb/>
					Traf KOLİŞ
					<lb/>
					Traf BUDSI
					<lb/>
					Traf KOLIS ve MCAR
					<lb/>
					Traf MCAR
					<lb/>
					Tuhm dönüm ... ... ...
					<lb/>
					ʿÖşrlı tarla 1 kıtʿa
					<lb/>
					Bedel-i ʿöşrlı					<lb/>
					Resmili
					<lb/>
					Cihet-i iʿtā-yı sened ... ʿilmühaber merbūtan ... kulundu
					<lb/>
					Mutasarrıf olacak kimesne PARU veled-i MATOÇİÇ
					<lb/>
					Ferāğ intikāl hakk-ı tapu mahlūl-ı sarf DUMIN veled-i Andriye
					<lb/>
					Bedel-i ferāğ ... 400
					<lb/>
					Harc-ı mikdār-ı 60  kâtibe					<lb/>
					Kâğıthā  3  Hiç bir vaktıda bundan ziyāde ... alınmaya çıktır
					<lb/>
					Bedel-i mesel
					<lb/>
					Bedel-i ...
					<lb/>
					Bālāda muharrere'l-ism bir kıtʿa tarla içün Defterhāne-i ʿĀmire'den iʿtā olunacak tapu senedinin
					<lb/>
					vurūduna değin MARKOİÇ DS tasarrıfına izin virildiğini müşʿir sened makāmında muʿteber
					<lb/>
					olmak üzere Defterhāne hākān(?) nāmına olarak işbu müvakkat ʿilmühaber iʿtā olundu fī					<date cert="unknown" type="created" when="1867-05-01" when-custom="1283-01-27">27 Kānūnsānī sene 1283</date>
					<lb/>
				</p>
				<div2 facs="#zone_ejd_xty_1jb" type="sign">
					<p>
						<lb/>
						 Kâtib
						<lb/>
					</p>
					<div3 facs="#zone_mqb_yty_1jb" type="stamp">
						<p>
							<lb/>
							 ...
							<lb/>
						</p>
					</div3>
				</div2>
				<div2 facs="#zone_ejd_xty_1jb" type="sign">
					<p>
						<lb/>
						 Sandık emīni
						<lb/>
					</p>
					<div3 facs="#zone_mqb_yty_1jb" type="stamp">
						<p>
							<lb/>
							 ...
							<lb/>
						</p>
					</div3>
				</div2>
				<div2 facs="#zone_uz5_yty_1jb" type="sign">
					<p>
						<lb/>
						 Müdīr
						<lb/>
					</p>
					<div3 facs="#zone_srk_zty_1jb" type="stamp">
						<p>
							<lb/>
							 ...
							<lb/>
						</p>
					</div3>
				</div2>
				<div2 facs="#zone_egh_15y_1jb" type="sign">
					<p>
						<lb/>
						 Hākim
						<lb/>
					</p>
					<div3 facs="#zone_w4z_d5y_1jb" type="stamp">
						<p>
							<lb/>
							 ...
							<lb/>
						</p>
					</div3>
				</div2>
			</div1>
			<div1 facs="#zone_i5l_h5y_1jb" type="summary_Croatian">
				<p>
					<lb/>
					 Nno 6.
					<lb/>
				</p>
			</div1>
		</body>
	</text>
</TEI>
