<?xml version="1.0" encoding="UTF-8"?>
<?xml-model href="http://www.tei-c.org/release/xml/tei/custom/schema/relaxng/tei_all.rng" type="application/xml" schematypens="http://relaxng.org/ns/structure/1.0"?>
<?xml-model href="http://www.tei-c.org/release/xml/tei/custom/schema/relaxng/tei_all.rng" type="application/xml"
	schematypens="http://purl.oclc.org/dsdl/schematron"?>
<TEI xmlns="http://www.tei-c.org/ns/1.0">
	<teiHeader>
		<fileDesc>
			<titleStmt>
				<title>Tursko3-053</title>
			</titleStmt>
			<publicationStmt>
				<p>Publication Information</p>
			</publicationStmt>
			<sourceDesc>
				<p/>
			</sourceDesc>
		</fileDesc>
		<xenoData>{ "saji:aspectRatioType": [ "B" ], "saji:fond": [ "Tursko 3" ] }</xenoData>
	</teiHeader>
	<facsimile>
		<surface>
			<graphic url="../../../Tursko%203/DSCN9249.JPG"/>
			<zone ulx="838" uly="838" lrx="2623" lry="1505" xml:id="zone_vgb_cyg_nlb"/>
		</surface>
		<surface>
			<graphic url="../../../Day%205/IMG_0124.JPG"/>
		</surface>
		<surface>
			<graphic url="../../../Day%205/IMG_0125.JPG"/>
		</surface>
		<surface>
			<graphic url="../../../Tursko%203/DSCN9250.JPG"/>
			<zone ulx="46" uly="46" lrx="2060" lry="2300" xml:id="zone_k33_dyg_nlb"/>
			<zone ulx="1933" uly="1933" lrx="728" lry="2282" xml:id="zone_yxw_2yg_nlb"/>
		</surface>
	</facsimile>
	<text>
		<body>
			<div1 facs="#zone_k33_dyg_nlb" next="#zone_vgb_cyg_nlb" subtype="zabt_temessük" type="EMIN">
				<p>
					<lb/>
					işbu					<date type="created" when="1825-08-13" when-custom="1240">bin iki yüz krık senesinde</date>
					 der ...
					<lb/>
				</p>
				<div2 facs="#zone_yxw_2yg_nlb" type="sign">
					<p>
						<lb/>
						...
						<lb/>
					</p>
				</div2>
			</div1>
			<div1 facs="#zone_vgb_cyg_nlb" type="summary_Croatian">
				<p>
					<lb/>
					<date type="summary_Croatian" when="1825">1825</date>
					 -					<date type="summary_Croatian" when="1825-08-13" when-custom="1240">1240</date>
					.
					<lb/>
				</p>
			</div1>
		</body>
	</text>
</TEI>
