<?xml version="1.0" encoding="UTF-8"?>
<?xml-model href="http://www.tei-c.org/release/xml/tei/custom/schema/relaxng/tei_all.rng" type="application/xml" schematypens="http://relaxng.org/ns/structure/1.0"?>
<?xml-model href="http://www.tei-c.org/release/xml/tei/custom/schema/relaxng/tei_all.rng" type="application/xml"
	schematypens="http://purl.oclc.org/dsdl/schematron"?>
<TEI xmlns="http://www.tei-c.org/ns/1.0">
	<teiHeader>
		<fileDesc>
			<titleStmt>
				<title>Tursko1-Bind2</title>
			</titleStmt>
			<publicationStmt>
				<p>Publication Information</p>
			</publicationStmt>
			<notesStmt>
				<note type="summary">複数の文書を「178」という番号でバインドしていることを示す画像。</note>
				<note type="mine">この画像の後、バインド内の各文書の画像が続く。</note>
				<note type="mine">【要】文書カウントから外す。</note>
			</notesStmt>
			<sourceDesc>
				<p/>
			</sourceDesc>
		</fileDesc>
		<xenoData>{
  "saji:aspectRatioType": [
    "n/a"
  ],
  "saji:fond": [
    "Tursko 1"
  ]
}</xenoData>
	</teiHeader>
	<facsimile>
		<surface>
			<graphic url="../../../Tursko%201/DSCN1687.JPG"/>
		</surface>
		<surface>
			<graphic url="../../../Day%203/IMG_0043.JPG"/>
		</surface>
		<surface>
			<graphic url="../../../Day%203/IMG_0044.JPG"/>
		</surface>
		<surface>
			<graphic url="../../../Tursko%201/DSCN1707.JPG"/>
		</surface>
	</facsimile>
	<text>
		<body>
			<p/>
		</body>
	</text>
</TEI>
