<?xml version="1.0" encoding="UTF-8"?>
<?xml-model href="http://www.tei-c.org/release/xml/tei/custom/schema/relaxng/tei_all.rng" type="application/xml" schematypens="http://relaxng.org/ns/structure/1.0"?>
<?xml-model href="http://www.tei-c.org/release/xml/tei/custom/schema/relaxng/tei_all.rng" type="application/xml"
	schematypens="http://purl.oclc.org/dsdl/schematron"?>
<TEI xmlns="http://www.tei-c.org/ns/1.0">
	<teiHeader>
		<fileDesc>
			<titleStmt>
				<title>Tursko3-111</title>
			</titleStmt>
			<publicationStmt>
				<p>Publication Information</p>
			</publicationStmt>
			<sourceDesc>
				<p/>
			</sourceDesc>
		</fileDesc>
		<xenoData>{ "saji:aspectRatioType": [ "B" ], "saji:fond": [ "Tursko 3" ] }</xenoData>
	</teiHeader>
	<facsimile>
		<surface>
			<graphic url="../../../Tursko%203/DSCN9132.JPG"/>
			<zone ulx="761" uly="761" lrx="2795" lry="1427" xml:id="zone_sxq_fgw_glb"/>
		</surface>
		<surface>
			<graphic url="../../../Day%206/IMG_0043.JPG"/>
		</surface>
		<surface>
			<graphic url="../../../Day%206/IMG_0044.JPG"/>
		</surface>
		<surface>
			<graphic url="../../../Tursko%203/DSCN9133.JPG"/>
			<zone ulx="0" uly="0" lrx="2136" lry="3000" xml:id="zone_xrg_hgw_glb"/>
			<zone ulx="2640" uly="2640" lrx="378" lry="2953" xml:id="zone_mtp_kgw_glb"/>
		</surface>
	</facsimile>
	<text>
		<body>
			<div1 cert="medium" facs="#zone_xrg_hgw_glb" next="#zone_sxq_fgw_glb" type="EMIN">
				<p>
					<lb/>
					...					<date type="created" when="1828-07-11" when-custom="1243">sene 243</date>
					<lb/>
				</p>
				<div2 facs="#zone_mtp_kgw_glb" type="sign">
					<p>
						<lb/>
						...
						<lb/>
					</p>
				</div2>
				<div2 type="şühūdu’l-hāl">
					<p>
						<lb/>
						...
						<lb/>
					</p>
				</div2>
			</div1>
			<div1 facs="#zone_sxq_fgw_glb" type="summary_Croatian">
				<p>
					<lb/>
					<date type="summary_Croatian" when="1828-07-11" when-custom="1243">1243</date>
					.
					<lb/>
				</p>
			</div1>
		</body>
	</text>
</TEI>
