<?xml version="1.0" encoding="UTF-8"?>
<?xml-model href="http://www.tei-c.org/release/xml/tei/custom/schema/relaxng/tei_all.rng" type="application/xml" schematypens="http://relaxng.org/ns/structure/1.0"?>
<?xml-model href="http://www.tei-c.org/release/xml/tei/custom/schema/relaxng/tei_all.rng" type="application/xml"
	schematypens="http://purl.oclc.org/dsdl/schematron"?>
<TEI xmlns="http://www.tei-c.org/ns/1.0">
	<teiHeader>
		<fileDesc>
			<titleStmt>
				<title>Tursko1-177</title>
			</titleStmt>
			<publicationStmt>
				<p>Publication Information</p>
			</publicationStmt>
			<sourceDesc>
				<p/>
			</sourceDesc>
		</fileDesc>
		<xenoData>{ "saji:aspectRatioType": [ "D" ], "saji:fond": [ "Tursko 1" ] }</xenoData>
	</teiHeader>
	<facsimile>
		<surface>
			<graphic url="../../../Tursko%201/DSCN1955.JPG"/>
			<zone ulx="200" uly="200" lrx="2100" lry="3100" xml:id="zone_m12_4l2_djb"/>
			<zone ulx="377" uly="377" lrx="1665" lry="1089" xml:id="zone_qwp_pl2_djb"/>
			<zone ulx="2537" uly="2537" lrx="1483" lry="2833" xml:id="zone_c2m_vl2_djb"/>
		</surface>
		<surface>
			<graphic url="../../../Day%204/IMG_0063.JPG"/>
		</surface>
		<surface>
			<graphic url="../../../Day%204/IMG_0064.JPG"/>
		</surface>
		<surface>
			<graphic url="../../../Tursko%201/DSCN1956.JPG"/>
			<zone ulx="50" uly="50" lrx="1825" lry="325" xml:id="zone_pzm_rl2_djb"/>
			<zone ulx="2874" uly="2874" lrx="2195" lry="2973" xml:id="zone_jtw_sl2_djb"/>
			<zone ulx="1862" uly="1862" lrx="2012" lry="3000" xml:id="zone_tmr_tl2_djb"/>
		</surface>
	</facsimile>
	<text>
		<body>
			<div1 facs="#zone_m12_4l2_djb" type="tapu_senedi">
				<p>
					<lb/>
					... fī					<date type="created" when="1866-06-12" when-custom="1283-01-29">29 Muharrem sene 1283</date>
					<lb/>
				</p>
				<div1 facs="#zone_qwp_pl2_djb" type="tuğra">
					<p>
						<lb/>
						...
						<lb/>
					</p>
				</div1>
				<div3 facs="#zone_c2m_vl2_djb" type="stamp">
					<p>
						<lb/>
						...
						<lb/>
					</p>
				</div3>
			</div1>
			<div1 cert="unknown" facs="#zone_pzm_rl2_djb" type="note">
				<p>
					<lb/>
					...
					<lb/>
				</p>
			</div1>
			<div1 cert="unknown" facs="#zone_jtw_sl2_djb" type="note">
				<p>
					<lb/>
					...
					<lb/>
				</p>
			</div1>
			<div1 facs="#zone_tmr_tl2_djb" type="summary_Croatian">
				<p>
					<lb/>
					...					<lb/>
				</p>
			</div1>
		</body>
	</text>
</TEI>
