<?xml version="1.0" encoding="UTF-8"?>
<?xml-model href="http://www.tei-c.org/release/xml/tei/custom/schema/relaxng/tei_all.rng" type="application/xml" schematypens="http://relaxng.org/ns/structure/1.0"?>
<?xml-model href="http://www.tei-c.org/release/xml/tei/custom/schema/relaxng/tei_all.rng" type="application/xml"
	schematypens="http://purl.oclc.org/dsdl/schematron"?>
<TEI xmlns="http://www.tei-c.org/ns/1.0">
	<teiHeader>
		<fileDesc>
			<titleStmt>
				<title>Tursko3-047</title>
			</titleStmt>
			<publicationStmt>
				<p>Publication Information</p>
			</publicationStmt>
			<sourceDesc>
				<p/>
			</sourceDesc>
		</fileDesc>
		<xenoData>{ "saji:aspectRatioType": [ "B" ], "saji:fond": [ "Tursko 3" ] }</xenoData>
	</teiHeader>
	<facsimile>
		<surface>
			<graphic url="../../../Tursko%203/DSCN9295.JPG"/>
			<zone ulx="800" uly="800" lrx="2628" lry="1311" xml:id="zone_sym_31w_nlb"/>
		</surface>
		<surface>
			<graphic url="../../../Day%205/IMG_0112.JPG"/>
		</surface>
		<surface>
			<graphic url="../../../Day%205/IMG_0113.JPG"/>
		</surface>
		<surface>
			<graphic url="../../../Tursko%203/DSCN9296.JPG"/>
			<zone ulx="261" uly="261" lrx="2185" lry="2738" xml:id="zone_s5v_j1w_nlb"/>
			<zone ulx="2268" uly="2268" lrx="964" lry="2700" xml:id="zone_j2m_l1w_nlb"/>
			<zone ulx="2429" uly="2429" lrx="952" lry="2616" xml:id="zone_src_m1w_nlb"/>
		</surface>
	</facsimile>
	<text>
		<body>
			<div1 cert="low" facs="#zone_s5v_j1w_nlb" next="#zone_sym_31w_nlb" subtype="hurūf" type="EMIN">
				<p>
					<lb/>
					işbu					<date type="created" when="1847-12-07" when-custom="1263">bin iki yüz altmış üç senesinde</date>
					 der ...
					<lb/>
					...				</p>
				<div2 facs="#zone_j2m_l1w_nlb" type="sign">
					<p>
						<lb/>
						...
						<lb/>
					</p>
					<div3 facs="#zone_src_m1w_nlb" type="stamp_sūret">
						<p>
							<lb/>
							...
							<lb/>
						</p>
					</div3>
				</div2>
				<div2 type="şühūdu’l-hāl">
					<p>
						<lb/>
						...
						<lb/>
					</p>
				</div2>
			</div1>
			<div1 facs="#zone_sym_31w_nlb" type="summary_Croatian">
				<p>
					<lb/>
					...					<date type="summary_Croatian" when="1848">1848</date>
					.
					<lb/>
					Nno 9.				</p>
			</div1>
		</body>
	</text>
</TEI>
