<?xml version="1.0" encoding="UTF-8"?>
<?xml-model href="http://www.tei-c.org/release/xml/tei/custom/schema/relaxng/tei_all.rng" type="application/xml" schematypens="http://relaxng.org/ns/structure/1.0"?>
<?xml-model href="http://www.tei-c.org/release/xml/tei/custom/schema/relaxng/tei_all.rng" type="application/xml"
	schematypens="http://purl.oclc.org/dsdl/schematron"?>
<TEI xmlns="http://www.tei-c.org/ns/1.0">
	<teiHeader>
		<fileDesc>
			<titleStmt>
				<title>Tursko1-081</title>
			</titleStmt>
			<publicationStmt>
				<p>Publication Information</p>
			</publicationStmt>
			<notesStmt>
				<note type="mine">【要】典型：buyurulduの写し？</note>
			</notesStmt>
			<sourceDesc>
				<p/>
			</sourceDesc>
		</fileDesc>
		<xenoData>{ "saji:aspectRatioType": [ "B" ], "saji:fond": [ "Tursko 1" ] }</xenoData>
	</teiHeader>
	<facsimile>
		<surface>
			<graphic url="../../../Tursko%201/DSCN1734.JPG"/>
			<zone ulx="146" uly="146" lrx="2206" lry="2093" xml:id="zone_txr_yn2_bjb"/>
			<zone ulx="790" uly="790" lrx="1196" lry="1016" xml:id="zone_in1_142_bjb"/>
			<zone ulx="1337" uly="1337" lrx="2191" lry="1762" xml:id="zone_tp5_142_bjb"/>
			<zone ulx="1481" uly="1481" lrx="2186" lry="1661" xml:id="zone_lx1_l42_bjb"/>
		</surface>
		<surface>
			<graphic url="../../../Day%202/IMG_0521.JPG"/>
		</surface>
		<surface>
			<graphic url="../../../Day%202/IMG_0522.JPG"/>
		</surface>
		<surface>
			<graphic url="../../../Tursko%201/DSCN1735.JPG"/>
			<zone ulx="450" uly="450" lrx="2645" lry="1233" xml:id="zone_p4g_c42_bjb"/>
		</surface>
	</facsimile>
	<text>
		<body>
			<div1 cert="low" facs="#zone_txr_yn2_bjb" type="beyāz_üzerine_buyuruldu_sūret">
				<p>
					<lb/>
					buyuruldu fī					<date type="created" when="1817-10-21" when-custom="1232--11">11 sene 232</date>
					<lb/>
				</p>
				<div3 facs="#zone_in1_142_bjb" type="stamp_sūret">
					<p>
						<lb/>
						...
						<lb/>
					</p>
				</div3>
				<div2 facs="#zone_tp5_142_bjb" type="sign">
					<p>
						<lb/>
						...
						<lb/>
					</p>
					<div3 facs="#zone_lx1_l42_bjb" type="stamp">
						<p>
							<lb/>
							...
							<lb/>
						</p>
					</div3>
				</div2>
			</div1>
			<div1 facs="#zone_p4g_c42_bjb" type="summary_Croatian">
				<p>
					<lb/>
					...					<date type="summary_Croatian" when="1816">1816</date>
					.
					<lb/>
				</p>
			</div1>
		</body>
	</text>
</TEI>
