<?xml version="1.0" encoding="UTF-8"?>
<?xml-model href="http://www.tei-c.org/release/xml/tei/custom/schema/relaxng/tei_all.rng" type="application/xml" schematypens="http://relaxng.org/ns/structure/1.0"?>
<?xml-model href="http://www.tei-c.org/release/xml/tei/custom/schema/relaxng/tei_all.rng" type="application/xml"
	schematypens="http://purl.oclc.org/dsdl/schematron"?>
<TEI xmlns="http://www.tei-c.org/ns/1.0">
	<teiHeader>
		<fileDesc>
			<titleStmt>
				<title>Tursko1-046</title>
			</titleStmt>
			<publicationStmt>
				<p>Publication Information</p>
			</publicationStmt>
			<notesStmt>
				<note type="mine">DSCN1040.JPGと同じ画像・文書。重複している。</note>
				<note type="mine">mürāseleとは、カーディーが下の人間に対して出す命令。</note>
			</notesStmt>
			<sourceDesc>
				<p/>
			</sourceDesc>
		</fileDesc>
		<xenoData>{ "saji:aspectRatioType": [ "B" ], "saji:calligraphy": [ "Rıkʿa" ], "saji:date_H": [
          "1198-Ra-19", "1198-S-13" ], "saji:date_M": [ "1784-02-11", "1784-01-07" ],
          "saji:foldingMethod": [ "4x2" ], "saji:fond": [ "Tursko 1" ], "saji:huve": [ "1" ],
          "saji:item": [ "・hüve\r\n・クレシェヴォのスタンプ\r\n・宛先？（日付が早い）\r\n・本文（日付が遅い）\r\n・日付\r\n・定型" ],
          "saji:lang": [ "ota" ], "saji:lineage": [ "3+10" ], "saji:memo": [
          "典型\r\n＋書き込み\r\n→文書行政？", "0. ‘arż-ı ḥāl: 庶民？\r\n1. fermān: padishah\r\n----\r\n2.
          buyuruldu: vālī\r\n3. mürāsele: ḳaḍı" ], "saji:number": [ "149" ], "saji:placeFull": [
          "Foyniçe varoş(?)", "Kraşova ..." ], "saji:relationWithAnotherItems": [ "表全体像" ],
          "saji:stamp_c": [ "1" ], "saji:stamp_o": [ "0" ], "saji:transcription": [ "Foyniça
          varoş(?) ve Kraşova nāyibleri(?) efendiler\r\nmüceddid(?) ..." ], "saji:type": [
          "buyuruldu", "mürāsele" ], "saji:witness": [ "0" ] }</xenoData>
	</teiHeader>
	<facsimile>
		<surface>
			<graphic url="../../../Tursko%201/DSCN0974.JPG"/>
			<zone ulx="41" uly="41" lrx="1775" lry="2987" xml:id="zone_j3f_bf3_j3b"/>
			<zone ulx="443" uly="443" lrx="1425" lry="1212" xml:id="zone_mnf_cf3_j3b"/>
		</surface>
		<surface>
			<graphic url="../../../Day%202/IMG_0333.JPG"/>
		</surface>
		<surface>
			<graphic url="../../../Day%202/IMG_0335.JPG"/>
		</surface>
		<surface>
			<graphic url="../../../Tursko%201/DSCN1040.JPG"/>
			<zone ulx="91" uly="91" lrx="1750" lry="2958" xml:id="zone_t1l_y53_1jb"/>
			<zone ulx="506" uly="506" lrx="1386" lry="1210" xml:id="zone_zbt_z53_1jb"/>
		</surface>
	</facsimile>
	<text>
		<body>
			<p/>
			<div1 facs="#zone_t1l_y53_1jb" type="mürāsele">
				<p>
					<lb/>
					Madīne-i Saray-ı Bosna kazāsına muzāf Kirşevo varoş ve Foyniçe ... ümenāsı ve sāyir zābitānı baʿde'l-İslām inhā olunur ki
					<lb/>
					<lb/>
					ve islām hurrira fī					<date type="created" when="1784-02-20" when-custom="1198-03">Rebiü'l-evvel sene 1198</date>
					<lb/>
					<lb/>
					<persname>El-seyyid ʿAbdü'l-rahman</persname>
					 el-kādı bi-madīne-i					<placename type="proper">Saray Bosna</placename>
					 ...
					<lb/>
				</p>
			</div1>
			<div1 facs="#zone_zbt_z53_1jb" type="buyuruldu">
				<p>
					<lb/>
					<placename type="proper">Foyniçe</placename>
					 ve					<placename cert="unknown" type="proper">...</placename>
					 ve					<placename type="proper">Kirşevo</placename>
        nāibleri efendiler
					<lb/>
					<lb/>
					Muceddiden yedinize iʿtā ... mūcebince ʿamer ve ...
					<lb/>
					<lb/>
					...
					<lb/>
					<lb/>
					buyuruldu fī					<date type="created" when="1784-01-06" when-custom="1198-02-13">13 S sene 198</date>
					<lb/>
				</p>
			</div1>
			<div1 facs="#zone_t1l_y53_1jb" type="mürāsele">
				<p>
					<lb/>
					Madīne-i Saray-ı Bosna kazāsına muzāf Kirşevo varoş ve Foyniçe ... ümenāsı ve sāyir zābitānı baʿde'l-İslām inhā olunur ki
					<lb/>
					<lb/>
					ve islām hurrira fī					<date type="created" when="1784-02-20" when-custom="1198-03">Rebiü'l-evvel sene 1198</date>
					<lb/>
					<lb/>
					<persname>El-seyyid ʿAbdü'l-rahman</persname>
					 el-kādı bi-madīne-i					<placename type="proper">Saray Bosna</placename>
					 ...
					<lb/>
				</p>
			</div1>
			<div1 facs="#zone_zbt_z53_1jb" type="buyuruldu">
				<p>
					<lb/>
					<placename type="proper">Foyniçe</placename>
					 ve					<placename cert="unknown" type="proper">...</placename>
					 ve					<placename type="proper">Kirşevo</placename>
          nāibleri efendiler
					<lb/>
					<lb/>
					Muceddiden yedinize iʿtā ... mūcebince ʿamer ve ...
					<lb/>
					<lb/>
					...
					<lb/>
					<lb/>
					buyuruldu fī					<date type="created" when="1784-01-06" when-custom="1198-02-13">13 S sene 198</date>
					<lb/>
				</p>
			</div1>
		</body>
	</text>
</TEI>
