<?xml version="1.0" encoding="UTF-8"?>
<?xml-model href="http://www.tei-c.org/release/xml/tei/custom/schema/relaxng/tei_all.rng" type="application/xml" schematypens="http://relaxng.org/ns/structure/1.0"?>
<?xml-model href="http://www.tei-c.org/release/xml/tei/custom/schema/relaxng/tei_all.rng" type="application/xml"
	schematypens="http://purl.oclc.org/dsdl/schematron"?>
<TEI xmlns="http://www.tei-c.org/ns/1.0">
	<teiHeader>
		<fileDesc>
			<titleStmt>
				<title>Tursko2-Cover</title>
			</titleStmt>
			<publicationStmt>
				<p>Publication Information</p>
			</publicationStmt>
			<notesStmt>
				<note type="summary">Tursko2 フォンド表紙。</note>
				<note type="mine">このフォンドに収められている文書には、概ね、活字で整理番号・ボスニア語梗概が付されている。これは、「Tursko 1」フォンドには全く見られなかったこと。どこかの時点できちんと整理された形跡。重要文書群と考えられたのか？</note>
				<note type="mine">トゥーラ入り文書、ベラートなどが含まれている。</note>
				<note type="mine">【要】文書数カウントから除外する。</note>
				<note type="mine"/>
			</notesStmt>
			<sourceDesc>
				<p/>
			</sourceDesc>
		</fileDesc>
		<xenoData>{
  "saji:aspectRatioType": [
    "n/a"
  ],
  "saji:fond": [
    "Tursko 2"
  ],
  "saji:relationWithAnotherItems": [
    "フォンド表紙"
  ]
}</xenoData>
	</teiHeader>
	<facsimile>
		<surface>
			<graphic url="../../../Tursko%202/DSCN8912.JPG"/>
		</surface>
		<surface>
			<graphic url="../../../Day%204/IMG_0124.JPG"/>
		</surface>
		<surface>
			<graphic url="../../../Day%204/IMG_0126.JPG"/>
		</surface>
		<surface>
			<graphic url="../../../Tursko%202/DSCN8913.JPG"/>
		</surface>
	</facsimile>
	<text>
		<body>
			<p/>
		</body>
	</text>
</TEI>
