<?xml version="1.0" encoding="UTF-8"?>
<?xml-model href="http://www.tei-c.org/release/xml/tei/custom/schema/relaxng/tei_all.rng" type="application/xml" schematypens="http://relaxng.org/ns/structure/1.0"?>
<?xml-model href="http://www.tei-c.org/release/xml/tei/custom/schema/relaxng/tei_all.rng" type="application/xml"
	schematypens="http://purl.oclc.org/dsdl/schematron"?>
<TEI xmlns="http://www.tei-c.org/ns/1.0">
	<teiHeader>
		<fileDesc>
			<titleStmt>
				<title>Tursko1-168</title>
			</titleStmt>
			<publicationStmt>
				<p>Publication Information</p>
			</publicationStmt>
			<notesStmt>
				<note type="mine">【要】日付：buyurulduの年月の読みを要確認。</note>
			</notesStmt>
			<sourceDesc>
				<p/>
			</sourceDesc>
		</fileDesc>
		<xenoData>{ "saji:aspectRatioType": [ "C" ], "saji:fond": [ "Tursko 1" ], "saji:memo": [ "典型" ] }</xenoData>
	</teiHeader>
	<facsimile>
		<surface>
			<graphic url="../../../Tursko%201/DSCN1957.JPG"/>
			<zone ulx="2310" uly="2310" lrx="2227" lry="2823" xml:id="zone_vmf_km2_djb"/>
			<zone ulx="2559" uly="2559" lrx="1120" lry="2816" xml:id="zone_gcp_lm2_djb"/>
			<zone ulx="2680" uly="2680" lrx="1086" lry="2810" xml:id="zone_fnh_mm2_djb"/>
			<zone ulx="2561" uly="2561" lrx="941" lry="2794" xml:id="zone_yhg_nm2_djb"/>
			<zone ulx="2672" uly="2672" lrx="913" lry="2786" xml:id="zone_scj_4m2_djb"/>
			<zone ulx="2558" uly="2558" lrx="761" lry="2809" xml:id="zone_bnx_4m2_djb"/>
			<zone ulx="2672" uly="2672" lrx="736" lry="2805" xml:id="zone_j2n_pm2_djb"/>
			<zone ulx="2543" uly="2543" lrx="586" lry="2804" xml:id="zone_iyc_qm2_djb"/>
			<zone ulx="2665" uly="2665" lrx="535" lry="2804" xml:id="zone_kjt_qm2_djb"/>
			<zone ulx="2546" uly="2546" lrx="401" lry="2783" xml:id="zone_e1k_rm2_djb"/>
			<zone ulx="2640" uly="2640" lrx="350" lry="2779" xml:id="zone_wkz_sm2_djb"/>
			<zone ulx="220" uly="220" lrx="2273" lry="2306" xml:id="zone_g42_5m2_djb"/>
			<zone ulx="455" uly="455" lrx="2050" lry="823" xml:id="zone_b2h_vm2_djb"/>
		</surface>
		<surface>
			<graphic url="../../../Day%204/IMG_0040.JPG"/>
		</surface>
		<surface>
			<graphic url="../../../Day%204/IMG_0041.JPG"/>
		</surface>
		<surface>
			<graphic url="../../../Tursko%201/DSCN1958.JPG"/>
			<zone ulx="422" uly="422" lrx="2706" lry="727" xml:id="zone_rp5_wm2_djb"/>
		</surface>
	</facsimile>
	<text>
		<body>
			<div1 facs="#zone_vmf_km2_djb" type="mazbata">
				<p>
					<lb/>
					... fī					<lb/>
				</p>
				<div2 facs="#zone_gcp_lm2_djb" type="sign">
					<p>
						<lb/>
						...
						<lb/>
					</p>
					<div3 facs="#zone_fnh_mm2_djb" type="stamp">
						<p>
							<lb/>
							...
							<lb/>
						</p>
					</div3>
				</div2>
				<div2 facs="#zone_yhg_nm2_djb" type="sign">
					<p>
						<lb/>
						...
						<lb/>
					</p>
					<div3 facs="#zone_scj_4m2_djb" type="stamp">
						<p>
							<lb/>
							...
							<lb/>
						</p>
					</div3>
				</div2>
				<div2 facs="#zone_b2h_vm2_djb" type="sign">
					<p>
						<lb/>
						...
						<lb/>
					</p>
					<div3 facs="#zone_j2n_pm2_djb" type="stamp">
						<p>
							<lb/>
							...
							<lb/>
						</p>
					</div3>
				</div2>
				<div2 facs="#zone_iyc_qm2_djb" type="sign">
					<p>
						<lb/>
						...
						<lb/>
					</p>
					<div3 facs="#zone_kjt_qm2_djb" type="stamp">
						<p>
							<lb/>
							...
							<lb/>
						</p>
					</div3>
				</div2>
				<div2 facs="#zone_e1k_rm2_djb" type="sign">
					<p>
						<lb/>
						...
						<lb/>
					</p>
					<div3 facs="#zone_wkz_sm2_djb" type="stamp">
						<p>
							<lb/>
							...
							<lb/>
						</p>
					</div3>
				</div2>
			</div1>
			<div1 facs="#zone_g42_5m2_djb" type="buyuruldu">
				<p>
					<lb/>
					buyuruldu fī					<date cert="low" type="created" when="1848-01-24" when-custom="1264-02-18">18 S sene 64</date>
					<lb/>
				</p>
				<div3 facs="#zone_b2h_vm2_djb" type="stamp">
					<p>
						<lb/>
						...
						<lb/>
					</p>
				</div3>
			</div1>
			<div1 facs="#zone_rp5_wm2_djb" type="summary_Croatian">
				<p>
					<lb/>
					...					<date type="summary_Croatian" when="1848-11-25" when-custom="1264">1264</date>
					.
					<lb/>
				</p>
			</div1>
		</body>
	</text>
</TEI>
