<?xml version="1.0" encoding="UTF-8"?>
<?xml-model href="http://www.tei-c.org/release/xml/tei/custom/schema/relaxng/tei_all.rng" type="application/xml" schematypens="http://relaxng.org/ns/structure/1.0"?>
<?xml-model href="http://www.tei-c.org/release/xml/tei/custom/schema/relaxng/tei_all.rng" type="application/xml"
	schematypens="http://purl.oclc.org/dsdl/schematron"?>
<TEI xmlns="http://www.tei-c.org/ns/1.0">
	<teiHeader>
		<fileDesc>
			<titleStmt>
				<title>Tursko3-229</title>
			</titleStmt>
			<publicationStmt>
				<p>Publication Information</p>
			</publicationStmt>
			<notesStmt>
				<note type="summary">修道院長İlyaによる税の支払い証明書</note>
			</notesStmt>
			<sourceDesc>
				<p/>
			</sourceDesc>
		</fileDesc>
		<xenoData>{ "saji:aspectRatioType": [ "D" ], "saji:fond": [ "Tursko 3" ] }</xenoData>
	</teiHeader>
	<facsimile>
		<surface>
			<graphic url="../../../Tursko%203/DSCN0405.JPG"/>
			<zone ulx="1018" uly="1018" lrx="1742" lry="2012" xml:id="zone_ezj_rj3_qkb"/>
			<zone ulx="1596" uly="1596" lrx="1004" lry="1995" xml:id="zone_j4y_sj3_qkb"/>
			<zone ulx="1788" uly="1788" lrx="997" lry="1980" xml:id="zone_fbr_tj3_qkb"/>
		</surface>
		<surface>
			<graphic url="../../../Day%207/IMG_0092.JPG"/>
		</surface>
		<surface>
			<graphic url="../../../Day%207/IMG_0093.JPG"/>
		</surface>
		<surface>
			<graphic url="../../../Tursko%203/DSCN0406.JPG"/>
			<zone ulx="185" uly="185" lrx="1363" lry="734" xml:id="zone_lqc_1l3_qkb"/>
		</surface>
	</facsimile>
	<text>
		<body>
			<div1 facs="#zone_ezj_rj3_qkb" next="#zone_lqc_1l3_qkb" type="EMIN_edā_tahvīl">
				<p>
					<lb/>
					Bāʿis-i tahrīr-i hurūf budur ki
					<lb/>
					işbu					<date when-custom="1254-03">bin iki yüz elli dört senesinde Mart(?) iʿtibār</date>
					 ile der ʿuhde ve iltizāımızda
					<lb/>
					buunan Kirşevo(?) mecliseye merbūt olunan arāzī-i mīrīyesine sene-i mezbūrda arāzī-i
					<lb/>
					merkūmiye duşen(?) ʿöşr-i mahsūlātı meclis-i(?) ... ruhbānlarından zimmī İlya
					<lb/>
					gardiyān tamāmen ve ... edā ve teslīm eylediğinden işbu edā tahvīl tahrīr ve ...
					<lb/>
					ve mesfūr gardiyāna yedine virildi fī					<date type="created" when="1839-05-05" when-custom="1255-02-21">21 S sene 255</date>
				</p>
				<div2 facs="#zone_j4y_sj3_qkb" type="sign">
					<p>
						<lb/>
						Mukātaʿa-i Emīn-i
						<lb/>
						... Süleymān
						<lb/>
						Efendī
						<lb/>
						M
					</p>
					<div3 facs="#zone_fbr_tj3_qkb" type="stamp">
						<p>
							<lb/>
							...
							<lb/>
							Süleymān
						</p>
					</div3>
				</div2>
			</div1>
			<div1 facs="#zone_lqc_1l3_qkb" type="summery_Croatian">
				<p>
					<lb/>
					... od ...
					<lb/>
					...
					<lb/>
					u ...
					<lb/>
					<date type="summary_Croatian" when="1839">1839</date>
					<lb/>
					... gr. 1500.
				</p>
			</div1>
		</body>
	</text>
</TEI>
