<?xml version="1.0" encoding="UTF-8"?>
<?xml-model href="http://www.tei-c.org/release/xml/tei/custom/schema/relaxng/tei_all.rng" type="application/xml" schematypens="http://relaxng.org/ns/structure/1.0"?>
<?xml-model href="http://www.tei-c.org/release/xml/tei/custom/schema/relaxng/tei_all.rng" type="application/xml"
	schematypens="http://purl.oclc.org/dsdl/schematron"?>
<TEI xmlns="http://www.tei-c.org/ns/1.0">
	<teiHeader>
		<fileDesc>
			<titleStmt>
				<title>Tursko3-137</title>
			</titleStmt>
			<publicationStmt>
				<p>Publication Information</p>
			</publicationStmt>
			<sourceDesc>
				<p/>
			</sourceDesc>
		</fileDesc>
		<xenoData>{ "saji:aspectRatioType": [ "B" ], "saji:fond": [ "Tursko 3" ] }</xenoData>
	</teiHeader>
	<facsimile>
		<surface>
			<graphic url="../../../Tursko%203/DSCN9109.JPG"/>
			<zone ulx="916" uly="916" lrx="2695" lry="1338" xml:id="zone_d5b_q4v_glb"/>
		</surface>
		<surface>
			<graphic url="../../../Day%206/IMG_0105.JPG"/>
		</surface>
		<surface>
			<graphic url="../../../Day%206/IMG_0106.JPG"/>
		</surface>
		<surface>
			<graphic url="../../../Tursko%203/DSCN9110.JPG"/>
			<zone ulx="90" uly="90" lrx="1791" lry="2927" xml:id="zone_g1v_x4v_glb"/>
			<zone ulx="2604" uly="2604" lrx="592" lry="2883" xml:id="zone_vll_z4v_glb"/>
			<zone ulx="2580" uly="2580" lrx="355" lry="2832" xml:id="zone_mqd_1pv_glb"/>
		</surface>
	</facsimile>
	<text>
		<body>
			<div1 facs="#zone_g1v_x4v_glb" next="#zone_d5b_q4v_glb" subtype="zabt_temessük" type="EMIN">
				<p>
					<lb/>
					işbu					<date when="1797-08-23" when-custom="1212-03-01">bin iki yüz on iki senesinde Martı ibtidāsında</date>
					 der ...
					<lb/>
					...					<date type="created" when="1798-06-13" when-custom="1212">sene 1212</date>
				</p>
				<div2 facs="#zone_vll_z4v_glb" type="sign">
					<p>
						<lb/>
						...
						<lb/>
					</p>
				</div2>
				<div2 facs="#zone_mqd_1pv_glb" type="sign">
					<p>
						<lb/>
						...						<lb/>
					</p>
				</div2>
			</div1>
			<div1 facs="#zone_d5b_q4v_glb" type="summary_Croatian">
				<p>
					<lb/>
					...					<date type="summary_Croatian" when="1798">1798</date>
					 ...
					<lb/>
				</p>
			</div1>
		</body>
	</text>
</TEI>
