<?xml version="1.0" encoding="UTF-8"?>
<?xml-model href="http://www.tei-c.org/release/xml/tei/custom/schema/relaxng/tei_all.rng" type="application/xml" schematypens="http://relaxng.org/ns/structure/1.0"?>
<?xml-model href="http://www.tei-c.org/release/xml/tei/custom/schema/relaxng/tei_all.rng" type="application/xml"
	schematypens="http://purl.oclc.org/dsdl/schematron"?>
<TEI xmlns="http://www.tei-c.org/ns/1.0">
	<teiHeader>
		<fileDesc>
			<titleStmt>
				<title>Tursko3-068</title>
			</titleStmt>
			<publicationStmt>
				<p>Publication Information</p>
			</publicationStmt>
			<sourceDesc>
				<p/>
			</sourceDesc>
		</fileDesc>
		<xenoData>{ "saji:aspectRatioType": [ "B" ], "saji:fond": [ "Tursko 3" ] }</xenoData>
	</teiHeader>
	<facsimile>
		<surface>
			<graphic url="../../../Tursko%203/DSCN9301.JPG"/>
			<zone ulx="627" uly="627" lrx="2634" lry="1377" xml:id="zone_e4m_k4l_tlb"/>
		</surface>
		<surface>
			<graphic url="../../../Day%205/IMG_0156.JPG"/>
		</surface>
		<surface>
			<graphic url="../../../Day%205/IMG_0157.JPG"/>
		</surface>
		<surface>
			<graphic url="../../../Tursko%203/DSCN9302.JPG"/>
			<zone ulx="346" uly="346" lrx="1800" lry="2992" xml:id="zone_j4y_l4l_tlb"/>
			<zone ulx="2596" uly="2596" lrx="584" lry="2970" xml:id="zone_yhl_n4l_tlb"/>
		</surface>
	</facsimile>
	<text>
		<body>
			<div1 facs="#zone_j4y_l4l_tlb" next="#zone_e4m_k4l_tlb" type="unkown">
				<p>
					<lb/>
					tahrīren fī					<date type="created" when="1771-04-14" when-custom="1184">sene1184</date>
					<lb/>
				</p>
				<div2 facs="#zone_yhl_n4l_tlb" type="sign">
					<p>
						<lb/>
						...
						<lb/>
					</p>
				</div2>
			</div1>
			<div1 facs="#zone_e4m_k4l_tlb" type="summary_Croatian">
				<p>
					<lb/>
					...					<date type="summary_Croatian" when="1770">1770</date>
					.
					<lb/>
				</p>
			</div1>
		</body>
	</text>
</TEI>
