<?xml version="1.0" encoding="UTF-8"?>
<?xml-model href="http://www.tei-c.org/release/xml/tei/custom/schema/relaxng/tei_all.rng" type="application/xml" schematypens="http://relaxng.org/ns/structure/1.0"?>
<?xml-model href="http://www.tei-c.org/release/xml/tei/custom/schema/relaxng/tei_all.rng" type="application/xml"
	schematypens="http://purl.oclc.org/dsdl/schematron"?>
<TEI xmlns="http://www.tei-c.org/ns/1.0">
	<teiHeader>
		<fileDesc>
			<titleStmt>
				<title>Tursko1-055</title>
			</titleStmt>
			<publicationStmt>
				<p>Publication Information</p>
			</publicationStmt>
			<sourceDesc>
				<p/>
			</sourceDesc>
		</fileDesc>
		<xenoData>{ "saji:aspectRatioType": [ "B" ], "saji:fond": [ "Tursko 1" ], "saji:memo": [ "典型" ]
          }</xenoData>
	</teiHeader>
	<facsimile>
		<surface>
			<graphic url="../../../Tursko%201/DSCN1058.JPG"/>
			<zone ulx="34" uly="34" lrx="2033" lry="3167" xml:id="zone_srh_mbk_1jb"/>
			<zone ulx="457" uly="457" lrx="1779" lry="679" xml:id="zone_jbp_nbk_1jb"/>
		</surface>
		<surface>
			<graphic url="../../../Day%202/IMG_0385.JPG"/>
		</surface>
		<surface>
			<graphic url="../../../Day%202/IMG_0388.JPG"/>
		</surface>
		<surface>
			<graphic url="../../../Tursko%201/DSCN1059.JPG"/>
			<zone ulx="572" uly="572" lrx="2723" lry="1405" xml:id="zone_mm1_pbk_1jb"/>
		</surface>
	</facsimile>
	<text>
		<body>
			<div1 facs="#zone_srh_mbk_1jb" type="beyāz_üzerine_buyuruldu">
				<p>
					<lb/>
					buyuruldu fī					<date type="created" when="1779-05-26" when-custom="1193-05-11">11 Ca 1193</date>
					<lb/>
				</p>
				<div3 facs="#zone_jbp_nbk_1jb" type="stamp">
					<p>
						<lb/>
						...
						<lb/>
					</p>
				</div3>
			</div1>
			<div1 facs="#zone_mm1_pbk_1jb" type="summary_Croatian">
				<p>
					<lb/>
					<date type="summary_Croatian" when="1779">1779</date>
					 ...
					<lb/>
					<lb/>
					...					<date type="summary_Croatian" when="1780-01-06" when-custom="1193">1193</date>
					<lb/>
				</p>
			</div1>
		</body>
	</text>
</TEI>
