<?xml version="1.0" encoding="UTF-8"?>
<?xml-model href="http://www.tei-c.org/release/xml/tei/custom/schema/relaxng/tei_all.rng" type="application/xml" schematypens="http://relaxng.org/ns/structure/1.0"?>
<?xml-model href="http://www.tei-c.org/release/xml/tei/custom/schema/relaxng/tei_all.rng" type="application/xml"
	schematypens="http://purl.oclc.org/dsdl/schematron"?>
<TEI xmlns="http://www.tei-c.org/ns/1.0">
	<teiHeader>
		<fileDesc>
			<titleStmt>
				<title>Tursko3-226</title>
			</titleStmt>
			<publicationStmt>
				<p>Publication Information</p>
			</publicationStmt>
			<sourceDesc>
				<p/>
			</sourceDesc>
		</fileDesc>
		<xenoData>{ "saji:aspectRatioType": [ "A" ], "saji:fond": [ "Tursko 3" ] }</xenoData>
	</teiHeader>
	<facsimile>
		<surface>
			<graphic url="../../../Tursko%203/DSCN0384.JPG"/>
			<zone ulx="50" uly="50" lrx="1733" lry="3183" xml:id="zone_jky_yv1_qkb"/>
		</surface>
		<surface>
			<graphic url="../../../Day%207/IMG_0084.JPG"/>
		</surface>
		<surface>
			<graphic url="../../../Day%207/IMG_0085.JPG"/>
		</surface>
		<surface>
			<graphic url="../../../Tursko%203/DSCN0385.JPG"/>
		</surface>
		<surface>
			<graphic url="../../../Tursko%203/DSCN0386.JPG"/>
		</surface>
	</facsimile>
	<text>
		<body>
			<div1 facs="#zone_jky_yv1_qkb" type="ʿilmühaber">
				<p>
					<lb/>
					Altısenelik virgü ʿilmühaber
					<lb/>
					<lb/>
					... fī					<lb/>
				</p>
			</div1>
		</body>
	</text>
</TEI>
