<?xml version="1.0" encoding="UTF-8"?>
<?xml-model href="http://www.tei-c.org/release/xml/tei/custom/schema/relaxng/tei_all.rng" type="application/xml" schematypens="http://relaxng.org/ns/structure/1.0"?>
<?xml-model href="http://www.tei-c.org/release/xml/tei/custom/schema/relaxng/tei_all.rng" type="application/xml"
	schematypens="http://purl.oclc.org/dsdl/schematron"?>
<TEI xmlns="http://www.tei-c.org/ns/1.0">
	<teiHeader>
		<fileDesc>
			<titleStmt>
				<title>Tursko3-178</title>
			</titleStmt>
			<publicationStmt>
				<p>Publication Information</p>
			</publicationStmt>
			<notesStmt>
				<note type="summary">あまりにスペルに誤りがあるので内容がよく分からない。【要】再読。</note>
				<note type="mine">スペルに多数誤りあり。t, a, hなどの書き分けができておらず、音で文字を当てている模様。</note>
			</notesStmt>
			<sourceDesc>
				<p/>
			</sourceDesc>
		</fileDesc>
		<xenoData>{ "saji:aspectRatioType": [ "B" ], "saji:fond": [ "Tursko 3" ] }</xenoData>
	</teiHeader>
	<facsimile>
		<surface>
			<graphic url="../../../Tursko%203/DSCN9023.JPG"/>
			<zone ulx="783" uly="783" lrx="2978" lry="1472" xml:id="zone_cw4_ww4_xkb"/>
		</surface>
		<surface>
			<graphic url="../../../Day%206/IMG_0194.JPG"/>
		</surface>
		<surface>
			<graphic url="../../../Day%206/IMG_0195.JPG"/>
		</surface>
		<surface>
			<graphic url="../../../Tursko%203/DSCN9024.JPG"/>
			<zone ulx="50" uly="50" lrx="2358" lry="3041" xml:id="zone_atb_yw4_xkb"/>
			<zone ulx="2137" uly="2137" lrx="689" lry="2512" xml:id="zone_l2n_zw4_xkb"/>
		</surface>
	</facsimile>
	<text>
		<body>
			<div1 facs="#zone_atb_yw4_xkb" next="#zone_cw4_ww4_xkb" type="EMIN_temessük">
				<p>
					<lb/>
					Hüve
					<lb/>
					Vech-i tahrīr-i hurūf budur ki işbu					<date type="created" when="1769-05-05" when-custom="1182">bin yüz seksen iki senesinde</date>
					 Kirşevo
					<lb/>
					varoş kilisa(?) sākin(?) rubānına(?) ve ... mezrāğda(?)
					<lb/>
					ağaçe(?) ... eylemiş(?) yedinden akçesinde(?) bi-tamām(?) aldım(?)
					<lb/>
					yalnız(?) bir akçe kalmaduğu(?) ecilden işbu ...
					<lb/>
					... temessğk yedine virildi
				</p>
				<div2 facs="#zone_l2n_zw4_xkb" type="sign">
					<p>
						<lb/>
						...
						<lb/>
						Mustafa Beşe ...
					</p>
				</div2>
				<div2 type="şühūdu'l-hāl">
					<p>
						<lb/>
						Şühūdu'l-hāl
						<lb/>
						Mustafa Beşe
						<lb/>
						Hüseyin Beşe BAŞİÇ
						<lb/>
						İSHAK Beşe BRBR
						<lb/>
						Mehmed Beşe ŞUKA
						<lb/>
						İsmā'īl Beşe KURT
					</p>
				</div2>
			</div1>
			<div1 facs="#zone_cw4_ww4_xkb" type="summary_Serbian">
				<p>
					<lb/>
					...
					<lb/>
					...
					<lb/>
					...
					<lb/>
					...
				</p>
			</div1>
		</body>
	</text>
</TEI>
