<?xml version="1.0" encoding="UTF-8"?>
<?xml-model href="http://www.tei-c.org/release/xml/tei/custom/schema/relaxng/tei_all.rng" type="application/xml" schematypens="http://relaxng.org/ns/structure/1.0"?>
<?xml-model href="http://www.tei-c.org/release/xml/tei/custom/schema/relaxng/tei_all.rng" type="application/xml"
	schematypens="http://purl.oclc.org/dsdl/schematron"?>
<TEI xmlns="http://www.tei-c.org/ns/1.0">
	<teiHeader>
		<fileDesc>
			<titleStmt>
				<title>Tursko1-051</title>
			</titleStmt>
			<publicationStmt>
				<p>Publication Information</p>
			</publicationStmt>
			<notesStmt>
				<note type="summary">土地、私有地</note>
				<note type="mine">DSCN1050.JPGと同じ文書。重複している。画像は撮り直している。</note>
			</notesStmt>
			<sourceDesc>
				<p/>
			</sourceDesc>
		</fileDesc>
		<xenoData>{ "saji:aspectRatioType": [ "B" ], "saji:calligraphy": [ "Rıkʿa" ], "saji:date_H": [ "1233-Ca-10(?)" ], "saji:date_M": [ "1818-03-18" ], "saji:foldingMethod": [ "5x1" ],
					"saji:fond": [ "Tursko 1" ], "saji:huve": [ "1" ], "saji:item": [ "・hüve\r\n・本文\r\n・日付\r\n・はしがき（証人？）\r\n・不明なスタンプ" ], "saji:lang": [ "ota" ], "saji:lineage": [ "14" ],
					"saji:number": [ "48" ], "saji:relationWithAnotherItems": [ "表全体像" ], "saji:stamp_c": [ "0" ], "saji:stamp_o": [ "0" ], "saji:witness": [ "?" ] }</xenoData>
	</teiHeader>
	<facsimile>
		<surface>
			<graphic url="../../../Tursko%201/DSCN0961.JPG"/>
			<zone ulx="72" uly="72" lrx="1982" lry="2836" xml:id="zone_rsg_lrz_y3b"/>
			<zone ulx="2241" uly="2241" lrx="637" lry="2466" xml:id="zone_osm_tp5_jjb"/>
		</surface>
		<surface>
			<graphic url="../../../Day%202/IMG_0367.JPG"/>
		</surface>
		<surface>
			<graphic url="../../../Day%202/IMG_0368.JPG"/>
		</surface>
		<surface>
			<graphic url="../../../Tursko%201/DSCN0962.JPG"/>
			<zone ulx="777" uly="777" lrx="2873" lry="1238" xml:id="zone_uls_nrz_y3b"/>
		</surface>
		<surface>
			<graphic url="../../../Tursko%201/DSCN0963.JPG"/>
			<zone ulx="2062" uly="2062" lrx="1754" lry="2316" xml:id="zone_uns_prz_y3b"/>
		</surface>
		<surface>
			<graphic url="../../../Tursko%201/DSCN1050.JPG"/>
			<zone ulx="836" uly="836" lrx="2282" lry="2890" xml:id="zone_ydg_yyj_1jb"/>
		</surface>
		<surface>
			<graphic url="../../../Tursko%201/DSCN1051.JPG"/>
			<zone ulx="2575" uly="2575" lrx="1966" lry="2848" xml:id="zone_a5c_1zj_1jb"/>
			<zone ulx="266" uly="266" lrx="2125" lry="675" xml:id="zone_fcy_1zj_1jb"/>
		</surface>
	</facsimile>
	<text>
		<body>
			<div1 cert="unknown" facs="#zone_rsg_lrz_y3b" subtype="tapu_sūret" type="EMIN">
				<p>
					<lb/>
					Hüve
					<lb/>
					Vech-i tahrīr-i hurūf oldur ki
					<lb/>
					işbu					<date cert="unknown" from="1818-03-17" from-custom="1233-05-10">bin iki yüz otuz üç senesinde Martı hesābıyle māh-ı Cemaziye-i evvel onuncu gününde</date>
					<lb/>
					der ʿuhde ve iltizāmımızda bulunan Kirşevo mukātaʿasında					<placeName>KOYSINE</placeName>
					 karyesinde					<persName cert="low">NUCK İbrāhīm</persName>
					 ve					<persName>Alī</persName>
					'nin
					<lb/>
					ve diğer NUCK oğulları					<persName role="diğer NUCK oğulları">Sālih</persName>
					'in ve					<persName role="diğer NUCK oğulları">Hüseyin</persName>
					'in merkūmların taht-ı tasarrıfında
					ve yine İbrāhīm'in
					<lb/>
					zevcesinin					<persName role="NUCK İbrāhīm'in zevcesi">ʿĀyşe</persName>
					'nin bint-i ... üçüncü hisse(?) kendi tasarrıfında zevc İbrāhīm
					<lb/>
					vekīl etmiş ve merkūmların ve ʿĀyşe'nin taht-ı tasarrıfında bulunan mülk emlāk ve arāzī-i
					<lb/>
					mīrīye ve beyne'l-ahāli ve'l-cīrān maʿlūmetü’l-hudūd koru örsüyle(?) ve korusuyle ve her ne ki
					<lb/>
					var ise hudūd dāhilinde işbu dārende-i hurūf					<persName role="dārende-i hurūf">ruhbānlara</persName>
					 kiliseye meşrūt olmak
					<lb/>
					üzere beş yüz seksen guruş mukābelesinde beyʿ-i bāt katʿiyle beyʿ [ü] ferāğ merkūmlar NUCK oğulları
					<lb/>
					ve İbrāhīm kendi zevce tarafından tamāmen akça ahz ve mezbūr rubānlar tapuya tālib ve rāgib olmağla
					<lb/>
					biz dahi me'mūr olduğumuz hasebiyle biz dahi revā görüb ve tapuyı tahrīr ve kānūn-ı pādişāhī
					<lb/>
					üzere resm ahz ve tapuyı mesfūrların yedine virildi mā-dām ki senesine ʿaşār-ı şerʿiye
					<lb/>
					-sin[i] ve rusūmāt-ı ʿörfiyesin[i] taraf-ı mīrīye rāciʿ oluna be-her sene edāyle tarafımızdan ve taraf-ı
					<lb/>
					āhardan bir kimesne māniʿ olumaya fī					<date type="created" when="1818-03-17" when-custom="1233-05-10">10 Ca 1233</date>
				</p>
				<div2 facs="#zone_osm_tp5_jjb" type="sign">
					<p>
						<lb/>
						Bende						<persName role="el-me'mūr">Süleymān</persName>
						 el-me'mūr
					</p>
					<div3 facs="#zone_uns_prz_y3b" type="stamp_sūret">
						<p>
							<lb/>
							Hodābend							<persName cert="medium" role="el-me'mūr">Süleymān</persName>
						</p>
					</div3>
				</div2>
				<div2 type="şühūdu'l-hāl">
					<p>
						<lb/>
						Şühūdu'l-hāl
						<lb/>
						<persName role="Ağa, Paşa, Şühūdu’l-hāl">Sayaylı Kara İbrāhīm</persName>
						 Ağa Paşa
						<lb/>
						<persName role="Ağa, Şühūdu’l-hāl">Kirşevolu Feyzullāh</persName>
						 Ağa
						<lb/>
						<persName role="Ağa, Serdār-ı Sābık, Şühūdu’l-hāl">Kirşevolu Dervīş</persName>
						 Ağa Serdār-ı Sābık
						<lb/>
						<persName cert="unknown" role="Beşe, Şühūdu’l-hāl">[地名？] Sālif</persName>
						 Beşe
						<lb/>
						<persName cert="unknown" role="ʿAlemdār, Şühūdu’l-hāl">[地名？] ʿAbdī</persName>
						 ʿAlemdār
						<lb/>
						ve gayruhum
					</p>
				</div2>
			</div1>
			<div1 facs="#zone_uls_nrz_y3b" type="summary_Croatian">
				<p>
					<lb/>
					...					<date type="summary_Croatian" when="1819">1819</date>
					.					<date type="summary_Croatian" when="1818-10-29" when-custom="1233">1233</date>
					.
					<lb/>
					Nno 5.
					<lb/>
					48
				</p>
			</div1>
			<div1 cert="unknown" facs="#zone_ydg_yyj_1jb" type="EMIN_sūret">
				<p>
					<lb/>
					... fī					<date type="created" when="1818-03-17" when-custom="1233-05-10">10 Ca 1233</date>
				</p>
			</div1>
			<div1 facs="#zone_a5c_1zj_1jb" type="stamp_sūret">
				<p>
					<lb/>
					...
					<lb/>
				</p>
			</div1>
			<div1 facs="#zone_fcy_1zj_1jb" type="summary_Croatian">
				<p>
					<lb/>
					...					<date type="summary_Croatian" when="1819">1819</date>
					.					<date type="summary_Croatian" when="1818-10-29" when-custom="1233">1233</date>
					.
					<lb/>
					Nno 5.
				</p>
			</div1>
		</body>
	</text>
</TEI>
