<?xml version="1.0" encoding="UTF-8"?>
<?xml-model href="http://www.tei-c.org/release/xml/tei/custom/schema/relaxng/tei_all.rng" type="application/xml" schematypens="http://relaxng.org/ns/structure/1.0"?>
<?xml-model href="http://www.tei-c.org/release/xml/tei/custom/schema/relaxng/tei_all.rng" type="application/xml"
	schematypens="http://purl.oclc.org/dsdl/schematron"?>
<TEI xmlns="http://www.tei-c.org/ns/1.0">
	<teiHeader>
		<fileDesc>
			<titleStmt>
				<title>Tursko1-047</title>
			</titleStmt>
			<publicationStmt>
				<p>Publication Information</p>
			</publicationStmt>
			<notesStmt>
				<note type="mine">DSCN1041.JPGと同じ画像・文書。重複している。</note>
			</notesStmt>
			<sourceDesc>
				<p/>
			</sourceDesc>
		</fileDesc>
		<xenoData>{ "saji:aspectRatioType": [ "B" ], "saji:calligraphy": [ "Rıkʿa" ], "saji:foldingMethod": [ "4x2" ], "saji:fond": [ "Tursko 1" ], "saji:huve": [ "0" ], "saji:item": [
					"・本文\r\n・クレシェヴォのスタンプ\r\n・日付" ], "saji:lang": [ "ota" ], "saji:lineage": [ "7" ], "saji:number": [ "128" ], "saji:relationWithAnotherItems": [ "表全体像" ], "saji:stamp_c": [ "1" ],
					"saji:stamp_o": [ "0" ], "saji:witness": [ "0" ] }</xenoData>
	</teiHeader>
	<facsimile>
		<surface>
			<graphic url="../../../Tursko%201/DSCN0972.JPG"/>
			<zone ulx="1400" uly="1400" lrx="2070" lry="2723" xml:id="zone_nsq_fdf_z3b"/>
			<zone ulx="2195" uly="2195" lrx="462" lry="2533" xml:id="zone_y2v_xpj_kjb"/>
		</surface>
		<surface>
			<graphic url="../../../Day%202/IMG_0338.JPG"/>
		</surface>
		<surface>
			<graphic url="../../../Day%202/IMG_0340.JPG"/>
		</surface>
		<surface>
			<graphic url="../../../Tursko%201/DSCN0973.JPG"/>
			<zone ulx="604" uly="604" lrx="1741" lry="1554" xml:id="zone_xsv_3df_z3b"/>
			<zone ulx="2087" uly="2087" lrx="1571" lry="3104" xml:id="zone_qsq_jdf_z3b"/>
		</surface>
		<surface>
			<graphic url="../../../Tursko%201/DSCN1041.JPG"/>
			<zone ulx="1572" uly="1572" lrx="1954" lry="2936" xml:id="zone_ggj_fpj_1jb"/>
		</surface>
		<surface>
			<graphic url="../../../Tursko%201/DSCN1041.JPG"/>
			<zone ulx="500" uly="500" lrx="1587" lry="1420" xml:id="zone_ik2_hpj_1jb"/>
			<zone ulx="1958" uly="1958" lrx="1466" lry="3029" xml:id="zone_m4b_3pj_1jb"/>
		</surface>
	</facsimile>
	<text>
		<body>
			<div1 cert="low" facs="#zone_nsq_fdf_z3b" next="#zone_xsv_3df_z3b" subtype="temessük" type="EMIN">
				<p>
					<lb/>
					Vech-i tahrīr-i hurūf budur ki
					<lb/>
					<lb/>
					işbu					<date from="1777-05-06" from-custom="1191-03" to-custom="1192-02">bin yüz doksan bir senesine Martı ibtidāsında Şubatı gāyetine varınca</date>
					 der ʿuhde ve iltizāmımızda
					bulunan Kirşevo mukātaʿası
					<lb/>
					<lb/>
					kurālarında[n] rūhbānların karyesinin ʿaşār-ı şerʿiyye ve rūsūmāt ve sā'ir ödegeldiği minvāl-i meşrūh zabtına ve rabtına
					<lb/>
					<lb/>
					tālib ve rāgib olan işbu dārende-i temessük rūhbānların gardiyān[ı] zimmī					<persName cert="low" role="dārende-i temessük, rūhbānların gardiyānı">Agustin</persName>
					'ne ber-vech
					peşīn yetmiş
					<lb/>
					<lb/>
					guruş mukābelesinde ʿuhde ve ihāle alunup(?) ʿaşār-ı şerʿiye ve rūsūmāt ve sā'ir ödegeldiği minvāl-i meşrūh üzere
					<lb/>
					<lb/>
					zabtına ve rabtına mezbūr-ı temessükümüz ketb olundu ʿaşār-ı şerʿiyeden mezbūrın yanında bir akçe ve habbe kalmadığı ecilden
					<lb/>
					<lb/>
					işbu temessük virildi tarafımızdan ve taraf-ı ahārdan bir kimesne ... ve ahz olunmaya
					<lb/>
					<lb/>
					<date type="created" when="1777-03-24" when-custom="1191-02-15">sene fī 15 Safer sene 1191</date>
					<lb/>
				</p>
				<div2 facs="#zone_y2v_xpj_kjb" type="sign">
					<p>
						<lb/>
						...						<persName role="Emīn-i Kirşevo">Süleymān</persName>
						 Emīn-i Kirşevo
						<lb/>
					</p>
				</div2>
			</div1>
			<div1 facs="#zone_xsv_3df_z3b" next="#zone_qsq_jdf_z3b" type="summary_Croatian">
				<p>
					<lb/>
					... od ...
					<lb/>
					<lb/>
					mina ...
					<lb/>
					<lb/>
					... An:					<date type="summary_Croatian" when="1777">1777</date>
					<lb/>
					<lb/>
					... No
					<lb/>
					<lb/>
					...
					<lb/>
					<lb/>
					...
					<lb/>
					<lb/>
					70=
					<lb/>
					<lb/>
					momkom: ...
					<lb/>
				</p>
			</div1>
			<div1 facs="#zone_qsq_jdf_z3b" type="unknown">
				<p>
					<lb/>
					...
					<lb/>
				</p>
			</div1>
			<div1 cert="low" facs="#zone_ggj_fpj_1jb" type="EMIN">
				<p>
					<lb/>
					... fī					<date type="created" when="1777-03-24" when-custom="1191-02-15">15 Safer 1191</date>
					<lb/>
				</p>
			</div1>
			<div1 facs="#zone_ik2_hpj_1jb" type="summary_Crotatian">
				<p>
					<lb/>
					...
					<lb/>
				</p>
			</div1>
			<div1 facs="#zone_m4b_3pj_1jb" type="unknown">
				<p>
					<lb/>
					...
					<lb/>
				</p>
			</div1>
		</body>
	</text>
</TEI>
