<?xml version="1.0" encoding="UTF-8"?>
<?xml-model href="http://www.tei-c.org/release/xml/tei/custom/schema/relaxng/tei_all.rng" type="application/xml" schematypens="http://relaxng.org/ns/structure/1.0"?>
<?xml-model href="http://www.tei-c.org/release/xml/tei/custom/schema/relaxng/tei_all.rng" type="application/xml"
	schematypens="http://purl.oclc.org/dsdl/schematron"?>
<TEI xmlns="http://www.tei-c.org/ns/1.0">
	<teiHeader>
		<fileDesc>
			<titleStmt>
				<title>Tursko1-103</title>
			</titleStmt>
			<publicationStmt>
				<p>Publication Information</p>
			</publicationStmt>
			<notesStmt>
				<note type="mine">【要】日付：1272年なのか？</note>
			</notesStmt>
			<sourceDesc>
				<p/>
			</sourceDesc>
		</fileDesc>
		<xenoData>{ "saji:aspectRatioType": [ "A" ], "saji:fond": [ "Tursko 1" ] }</xenoData>
	</teiHeader>
	<facsimile>
		<surface>
			<graphic url="../../../Tursko%201/DSCN1782.JPG"/>
			<zone ulx="18" uly="18" lrx="1691" lry="3100" xml:id="zone_aj2_yt3_cjb"/>
		</surface>
		<surface>
			<graphic url="../../../Day%203/IMG_0041.JPG"/>
		</surface>
		<surface>
			<graphic url="../../../Day%203/IMG_0042.JPG"/>
		</surface>
		<surface>
			<graphic url="../../../Tursko%201/DSCN1783.JPG"/>
			<zone ulx="1100" uly="1100" lrx="1753" lry="2033" xml:id="zone_qxx_b53_cjb"/>
			<zone ulx="1843" uly="1843" lrx="1670" lry="2007" xml:id="zone_ptx_253_cjb"/>
		</surface>
		<surface>
			<graphic url="../../../Tursko%201/DSCN1784.JPG"/>
		</surface>
		<surface>
			<graphic url="../../../Tursko%201/DSCN1785.JPG"/>
			<zone ulx="522" uly="522" lrx="2556" lry="2105" xml:id="zone_llj_g53_cjb"/>
		</surface>
	</facsimile>
	<text>
		<body>
			<div1 facs="#zone_aj2_yt3_cjb" type="hüccet_sūret">
				<p>
					<lb/>
					<date cert="low" type="created" when="1856-03-13" when-custom="1272-07-07">fi'l-yevmi'l-sābiʿ min şehr şerīf Recebi'l-... sene isnā ve sabʿīn ve mieteyn ve elif</date>
					<lb/>
				</p>
				<div2 facs="#zone_qxx_b53_cjb" type="sign">
					<p>
						<lb/>
						...
						<lb/>
					</p>
					<div3 facs="#zone_ptx_253_cjb" type="stamp_sūret">
						<p>
							<lb/>
							...
							<lb/>
						</p>
					</div3>
				</div2>
			</div1>
			<div1 facs="#zone_llj_g53_cjb" type="summary_Crotatian">
				<p>
					<lb/>
					<date type="summary_Croatian" when="1856">1856</date>
					. Nno. 3.
					<lb/>
				</p>
			</div1>
		</body>
	</text>
</TEI>
