<?xml version="1.0" encoding="UTF-8"?>
<?xml-model href="http://www.tei-c.org/release/xml/tei/custom/schema/relaxng/tei_all.rng" type="application/xml" schematypens="http://relaxng.org/ns/structure/1.0"?>
<?xml-model href="http://www.tei-c.org/release/xml/tei/custom/schema/relaxng/tei_all.rng" type="application/xml"
	schematypens="http://purl.oclc.org/dsdl/schematron"?>
<TEI xmlns="http://www.tei-c.org/ns/1.0">
	<teiHeader>
		<fileDesc>
			<titleStmt>
				<title>Tursko1-141</title>
			</titleStmt>
			<publicationStmt>
				<p>Publication Information</p>
			</publicationStmt>
			<notesStmt>
				<note type="mine">vālīが書いたのではない？</note>
				<note type="mine">署名：傘型</note>
			</notesStmt>
			<sourceDesc>
				<p/>
			</sourceDesc>
		</fileDesc>
		<xenoData>{ "saji:aspectRatioType": [ "B" ], "saji:fond": [ "Tursko 1" ] }</xenoData>
	</teiHeader>
	<facsimile>
		<surface>
			<graphic url="../../../Tursko%201/DSCN1856.JPG"/>
			<zone ulx="450" uly="450" lrx="2000" lry="3020" xml:id="zone_rhl_jmq_cjb"/>
			<zone ulx="2213" uly="2213" lrx="1134" lry="2990" xml:id="zone_aqj_mmq_cjb"/>
			<zone ulx="2623" uly="2623" lrx="724" lry="2768" xml:id="zone_ijb_nmq_cjb"/>
		</surface>
		<surface>
			<graphic url="../../../Day%203/IMG_0131.JPG"/>
		</surface>
		<surface>
			<graphic url="../../../Day%203/IMG_0132.JPG"/>
		</surface>
	</facsimile>
	<text>
		<body>
			<div1 facs="#zone_rhl_jmq_cjb" type="beyāz_üzerine_buyuruldu">
				<p>
					<lb/>
					... fī					<date type="created" when="1787-07-23" when-custom="1201-10-08">8 L sene 201</date>
					<lb/>
				</p>
				<div2 facs="#zone_aqj_mmq_cjb" type="sign">
					<p>
						<lb/>
						...
						<lb/>
					</p>
					<div3 facs="#zone_ijb_nmq_cjb" type="stamp">
						<p>
							<lb/>
							...
							<lb/>
						</p>
					</div3>
				</div2>
			</div1>
		</body>
	</text>
</TEI>
