<?xml version="1.0" encoding="UTF-8"?>
<?xml-model href="http://www.tei-c.org/release/xml/tei/custom/schema/relaxng/tei_all.rng" type="application/xml" schematypens="http://relaxng.org/ns/structure/1.0"?>
<?xml-model href="http://www.tei-c.org/release/xml/tei/custom/schema/relaxng/tei_all.rng" type="application/xml"
	schematypens="http://purl.oclc.org/dsdl/schematron"?>
<TEI xmlns="http://www.tei-c.org/ns/1.0">
	<teiHeader>
		<fileDesc>
			<titleStmt>
				<title>Tursko1-110</title>
			</titleStmt>
			<publicationStmt>
				<p>Publication Information</p>
			</publicationStmt>
			<sourceDesc>
				<p/>
			</sourceDesc>
		</fileDesc>
		<xenoData>{ "saji:aspectRatioType": [ "D" ], "saji:fond": [ "Tursko 1" ] }</xenoData>
	</teiHeader>
	<facsimile>
		<surface>
			<graphic url="../../../Tursko%201/DSCN1789.JPG"/>
			<zone ulx="50" uly="50" lrx="2050" lry="3166" xml:id="zone_gqd_1x3_cjb"/>
			<zone ulx="336" uly="336" lrx="1551" lry="965" xml:id="zone_fxf_bx3_cjb"/>
			<zone ulx="2666" uly="2666" lrx="1239" lry="2944" xml:id="zone_bhd_cx3_cjb"/>
		</surface>
		<surface>
			<graphic url="../../../Day%203/IMG_0060.JPG"/>
		</surface>
		<surface>
			<graphic url="../../../Day%203/IMG_0061.JPG"/>
		</surface>
		<surface>
			<graphic url="../../../Tursko%201/DSCN1790.JPG"/>
			<zone ulx="233" uly="233" lrx="1950" lry="704" xml:id="zone_tz1_2x3_cjb"/>
		</surface>
		<surface>
			<graphic url="../../../Tursko%201/DSCN1791.JPG"/>
			<zone ulx="600" uly="600" lrx="3189" lry="1166" xml:id="zone_grs_fx3_cjb"/>
		</surface>
		<surface>
			<graphic url="../../../Tursko%201/DSCN1792.JPG"/>
		</surface>
	</facsimile>
	<text>
		<body>
			<div1 facs="#zone_gqd_1x3_cjb" type="tapu_senedi">
				<p>
					<lb/>
					... fī					<date type="created" when="1864-09-06" when-custom="1281-04-05">5 Rebī'ü'l-āhir sene1281</date>
					<lb/>
				</p>
				<div1 facs="#zone_fxf_bx3_cjb" type="tuğura">
					<p>
						<lb/>
						...
						<lb/>
					</p>
				</div1>
				<div3 facs="#zone_bhd_cx3_cjb" type="stamp">
					<p>
						<lb/>
						...
						<lb/>
					</p>
				</div3>
			</div1>
			<div1 facs="#zone_grs_fx3_cjb" type="unkown">
				<p>
					<lb/>
					... 867
					<lb/>
				</p>
			</div1>
			<div1 facs="#zone_tz1_2x3_cjb" type="summary_Croatian">
				<p>
					<lb/>
					Na ...					<date type="summary_Croatian" when="1863">1863</date>
					.
					<lb/>
					<lb/>
					<date type="summary_Croatian" when="1864-08-31" when-custom="1281-03">Rebijul evel 1281.</date>
					<lb/>
					<lb/>
					Nno 38.
					<lb/>
					<lb/>
					129
					<lb/>
				</p>
			</div1>
		</body>
	</text>
</TEI>
