<?xml version="1.0" encoding="UTF-8"?>
<?xml-model href="http://www.tei-c.org/release/xml/tei/custom/schema/relaxng/tei_all.rng" type="application/xml" schematypens="http://relaxng.org/ns/structure/1.0"?>
<?xml-model href="http://www.tei-c.org/release/xml/tei/custom/schema/relaxng/tei_all.rng" type="application/xml"
	schematypens="http://purl.oclc.org/dsdl/schematron"?>
<TEI xmlns="http://www.tei-c.org/ns/1.0">
	<teiHeader>
		<fileDesc>
			<titleStmt>
				<title>Tursko3-002</title>
			</titleStmt>
			<publicationStmt>
				<p>Publication Information</p>
			</publicationStmt>
			<sourceDesc>
				<p/>
			</sourceDesc>
		</fileDesc>
		<xenoData>{ "saji:aspectRatioType": [ "B" ], "saji:fond": [ "Tursko 3" ] }</xenoData>
	</teiHeader>
	<facsimile>
		<surface>
			<graphic url="../../../Tursko%203/DSCN9349.JPG"/>
			<zone ulx="800" uly="800" lrx="2492" lry="1604" xml:id="zone_x5m_rt1_zlb"/>
		</surface>
		<surface>
			<graphic url="../../../Day%205/IMG_0011.JPG"/>
		</surface>
		<surface>
			<graphic url="../../../Day%205/IMG_0012.JPG"/>
		</surface>
		<surface>
			<graphic url="../../../Tursko%203/DSCN9350.JPG"/>
			<zone ulx="177" uly="177" lrx="2323" lry="1072" xml:id="zone_ngh_5t1_zlb"/>
			<zone ulx="1756" uly="1756" lrx="2273" lry="2100" xml:id="zone_kzy_vt1_zlb"/>
		</surface>
	</facsimile>
	<text>
		<body>
			<div1 cert="low" facs="#zone_x5m_rt1_zlb" next="#zone_x5m_rt1_zlb" type="tezkire">
				<p>
					<lb/>
					...
					<lb/>
				</p>
			</div1>
			<div1 facs="#zone_x5m_rt1_zlb" type="summary_Croatian">
				<p>
					<lb/>
					...					<date type="summary_Croatian" when="1916-10-26" when-custom="1334">1334</date>
					<date type="summary_Croatian" when="1842">1842</date>
					<lb/>
				</p>
			</div1>
		</body>
	</text>
</TEI>
