<?xml version="1.0" encoding="UTF-8"?>
<?xml-model href="http://www.tei-c.org/release/xml/tei/custom/schema/relaxng/tei_all.rng" type="application/xml" schematypens="http://relaxng.org/ns/structure/1.0"?>
<?xml-model href="http://www.tei-c.org/release/xml/tei/custom/schema/relaxng/tei_all.rng" type="application/xml"
	schematypens="http://purl.oclc.org/dsdl/schematron"?>
<TEI xmlns="http://www.tei-c.org/ns/1.0">
	<teiHeader>
		<fileDesc>
			<titleStmt>
				<title>Tursko1-135</title>
			</titleStmt>
			<publicationStmt>
				<p>Publication Information</p>
			</publicationStmt>
			<notesStmt>
				<note type="summery">Nuh bin Hasanという人物が行方不明になったが、遺族たちが共同体に血の代償を求めることを免除するための書付。修道院もおそらく行方不明地域の範囲に入っているので、修道士たちには血の代償の支払い義務が生じるが、それが免除されている。</note>
				<note type="mine">【要】日付：年日の読み取り不十分</note>
				<note type="mine">シャリーア法廷文書で作りそうなものを、私人間のtemessükとして作成している点が興味深い。 ※not土地文書 </note>
				<note type="mine">土地などに関係しない、一時的な出来事に関する文書であるが、このような文書まで保管されている。</note>
			</notesStmt>
			<sourceDesc>
				<p/>
			</sourceDesc>
		</fileDesc>
		<xenoData>{ "saji:aspectRatioType": [ "B" ], "saji:fond": [ "Tursko 1" ] }</xenoData>
	</teiHeader>
	<facsimile>
		<surface>
			<graphic url="../../../Tursko%201/DSCN1846.JPG"/>
			<zone ulx="225" uly="225" lrx="2017" lry="2975" xml:id="zone_wbh_vgq_cjb"/>
			<zone ulx="2651" uly="2651" lrx="495" lry="2951" xml:id="zone_rwr_wgq_cjb"/>
		</surface>
		<surface>
			<graphic url="../../../Day%203/IMG_0118.JPG"/>
		</surface>
		<surface>
			<graphic url="../../../Day%203/IMG_0119.JPG"/>
		</surface>
		<surface>
			<graphic url="../../../Tursko%201/DSCN1847.JPG"/>
			<zone ulx="733" uly="733" lrx="2262" lry="933" xml:id="zone_f4l_zgq_cjb"/>
		</surface>
	</facsimile>
	<text>
		<body>
			<div1 cert="unknown" facs="#zone_wbh_vgq_cjb" type="EMIN">
				<p>
					<lb/>
					Hüve
					<lb/>
					Vech-i tahrīr-i hurūf budur ki
					<lb/>
					işbu					<date type="created" when="1774-12-30" when-custom="1188-10-27">bin yüz sekisen sekiz senesinde māh-ı Şevvālü'l-mükerremin yiğirmi yedinci gününde</date>
					 bundan on sene
					mukaddem
					<lb/>
					Kirşevo kasabasında ticāret tarīkiyle meks ü ikāmet üzere iken zamān-ı karībde gā’ib ve nā-bedīd olan
					<lb/>
					Nūh bin Hasan nām gā’ibin vārisleri li-ebeveyn karındāşı Mehmed ve kız karındāşı Havva ve sa’ir vereseleri tarafından vekīl-i
					<lb/>
					şerʿī olduğum hasebiyle Kirşevo ve Foyniçe rāhibleriden ve sā'ir etrāf kurālarının ahālisini dem ü diyet mutālebe ile
					<lb/>
					rencide olunmamak üzere vārisleri tarafından vekāletim hasebiyle ibrā'-i zimmet eyledim bir durlu daʿvā ve nizāʿumuz
					<lb/>
					olunmadığı ecilden vekāletim hasebiyle zimmī-i mesfūrlara işbu memhūr olan ibrā’ temessük yedlerine virildi
					<lb/>
					fī tārihi'l-mezbūr				</p>
				<div2 facs="#zone_rwr_wgq_cjb" type="sign">
					<p>
						<lb/>
						El-fakīr ... ʿAbdülfettāh Zāde ʿan Çayniçe
						<lb/>
					</p>
				</div2>
				<div2 type="şühūdu’l-hāl">
					<p>
						<lb/>
						Süleymān Ağa Çavuş Kethüdā Zāde
						<lb/>
						Mehmed Ağa ʿan Karye-i ...
						<lb/>
						Mollā ʿÖmer tābʿi-i Çavuşlar Ağası
						<lb/>
						Çukadār ʿAlī
						<lb/>
						ʿAlī Çavuş					</p>
				</div2>
			</div1>
			<div1 facs="#zone_f4l_zgq_cjb" type="summary_Croatian">
				<p>
					<lb/>
					...
					<lb/>
				</p>
			</div1>
		</body>
	</text>
</TEI>
