<?xml version="1.0" encoding="UTF-8"?>
<?xml-model href="http://www.tei-c.org/release/xml/tei/custom/schema/relaxng/tei_all.rng" type="application/xml" schematypens="http://relaxng.org/ns/structure/1.0"?>
<?xml-model href="http://www.tei-c.org/release/xml/tei/custom/schema/relaxng/tei_all.rng" type="application/xml"
	schematypens="http://purl.oclc.org/dsdl/schematron"?>
<TEI xmlns="http://www.tei-c.org/ns/1.0">
	<teiHeader>
		<fileDesc>
			<titleStmt>
				<title>Tursko3-258</title>
			</titleStmt>
			<publicationStmt>
				<p>Publication Information</p>
			</publicationStmt>
			<sourceDesc>
				<p/>
			</sourceDesc>
		</fileDesc>
		<xenoData>{ "saji:aspectRatioType": [ "A" ], "saji:fond": [ "Tursko 3" ] }</xenoData>
	</teiHeader>
	<facsimile>
		<surface>
			<graphic url="../../../Tursko%203/DSCN0350.JPG"/>
			<zone ulx="181" uly="181" lrx="1891" lry="3009" xml:id="zone_v44_wmr_kkb"/>
		</surface>
		<surface>
			<graphic url="../../../Day%207/IMG_0156.JPG"/>
		</surface>
		<surface>
			<graphic url="../../../Day%207/IMG_0157.JPG"/>
		</surface>
		<surface>
			<graphic url="../../../Tursko%203/DSCN0353.JPG"/>
			<zone ulx="872" uly="872" lrx="2091" lry="2827" xml:id="zone_vth_zmr_kkb"/>
			<zone ulx="2385" uly="2385" lrx="1578" lry="2760" xml:id="zone_yh4_1nr_kkb"/>
		</surface>
		<surface>
			<graphic url="../../../Tursko%203/DSCN0354.JPG"/>
		</surface>
		<surface>
			<graphic url="../../../Tursko%203/DSCN0355.JPG"/>
		</surface>
		<surface>
			<graphic url="../../../Tursko%203/DSCN0356.JPG"/>
			<zone ulx="361" uly="361" lrx="3023" lry="1988" xml:id="zone_dwb_cnr_kkb"/>
		</surface>
	</facsimile>
	<text>
		<body>
			<div1 facs="#zone_v44_wmr_kkb" type="hüccet_sūret">
				<p>
					<lb/>
					...					<date type="created" when="1833-07-20" when-custom="1249-03-03">
						fi'l-yevmi'l-sālis min şehr-i Rebi'ü'l-evvel sene tisʿ ve arbaʿīn ve mieteyin
						<lb/>
						ve elif
					</date>
				</p>
				<div2 facs="#zone_vth_zmr_kkb" type="sign">
					<p>
						<lb/>
						...
						<lb/>
					</p>
					<div3 facs="#zone_yh4_1nr_kkb" type="stamp_sūret">
						<p>
							<lb/>
							...
							<lb/>
						</p>
					</div3>
				</div2>
				<div2 type="şühūdu’l-hāl">
					<p>
						<lb/>
						...
						<lb/>
					</p>
				</div2>
			</div1>
			<div1 facs="#zone_dwb_cnr_kkb" type="summary_Croatian">
				<p>
					<lb/>
					...					<date type="summary_Croatian" when="1833">1833</date>
					.
					<lb/>
				</p>
			</div1>
		</body>
	</text>
</TEI>
