<?xml version="1.0" encoding="UTF-8"?>
<?xml-model href="http://www.tei-c.org/release/xml/tei/custom/schema/relaxng/tei_all.rng" type="application/xml" schematypens="http://relaxng.org/ns/structure/1.0"?>
<?xml-model href="http://www.tei-c.org/release/xml/tei/custom/schema/relaxng/tei_all.rng" type="application/xml"
	schematypens="http://purl.oclc.org/dsdl/schematron"?>
<TEI xmlns="http://www.tei-c.org/ns/1.0">
	<teiHeader>
		<fileDesc>
			<titleStmt>
				<title>Tursko1-165</title>
			</titleStmt>
			<publicationStmt>
				<p>Publication Information</p>
			</publicationStmt>
			<sourceDesc>
				<p/>
			</sourceDesc>
		</fileDesc>
		<xenoData>{ "saji:aspectRatioType": [ "C" ], "saji:fond": [ "Tursko 1" ] }</xenoData>
	</teiHeader>
	<facsimile>
		<surface>
			<graphic url="../../../Tursko%201/DSCN1908.JPG"/>
			<zone ulx="300" uly="300" lrx="1691" lry="3045" xml:id="zone_kbl_l2x_cjb"/>
			<zone ulx="2810" uly="2810" lrx="497" lry="2991" xml:id="zone_zkt_m2x_cjb"/>
		</surface>
		<surface>
			<graphic url="../../../Day%204/IMG_0033.JPG"/>
		</surface>
		<surface>
			<graphic url="../../../Day%204/IMG_0034.JPG"/>
		</surface>
		<surface>
			<graphic url="../../../Tursko%201/DSCN1909.JPG"/>
			<zone ulx="477" uly="477" lrx="3056" lry="1750" xml:id="zone_qjz_n2x_cjb"/>
		</surface>
	</facsimile>
	<text>
		<body>
			<div1 facs="#zone_kbl_l2x_cjb" type="mürāsele">
				<p>
					<lb/>
					... fī					<date type="created" when="1792-08-08" when-custom="1206-12-20">20 Zi'l-hicce sene 1206</date>
					<lb/>
				</p>
				<div2 facs="#zone_zkt_m2x_cjb" type="sign">
					<p>
						<lb/>
						...
						<lb/>
					</p>
				</div2>
			</div1>
			<div1 facs="#zone_qjz_n2x_cjb" type="summary_Croatian">
				<p>
					<lb/>
					...					<date type="summary_Croatian" when="1792">1792</date>
					. Ovoje ...					<lb/>
				</p>
			</div1>
		</body>
	</text>
</TEI>
