<?xml version="1.0" encoding="UTF-8"?>
<?xml-model href="http://www.tei-c.org/release/xml/tei/custom/schema/relaxng/tei_all.rng" type="application/xml" schematypens="http://relaxng.org/ns/structure/1.0"?>
<?xml-model href="http://www.tei-c.org/release/xml/tei/custom/schema/relaxng/tei_all.rng" type="application/xml"
	schematypens="http://purl.oclc.org/dsdl/schematron"?>
<TEI xmlns="http://www.tei-c.org/ns/1.0">
	<teiHeader>
		<fileDesc>
			<titleStmt>
				<title>Tursko3-062</title>
			</titleStmt>
			<publicationStmt>
				<p>Publication Information</p>
			</publicationStmt>
			<sourceDesc>
				<p/>
			</sourceDesc>
		</fileDesc>
		<xenoData>{ "saji:aspectRatioType": [ "B" ], "saji:fond": [ "Tursko 3" ] }</xenoData>
	</teiHeader>
	<facsimile>
		<surface>
			<graphic url="../../../Tursko%203/DSCN9231.JPG"/>
			<zone ulx="722" uly="722" lrx="2578" lry="1633" xml:id="zone_hgx_dqs_mlb"/>
		</surface>
		<surface>
			<graphic url="../../../Day%205/IMG_0143.JPG"/>
		</surface>
		<surface>
			<graphic url="../../../Day%205/IMG_0144.JPG"/>
		</surface>
		<surface>
			<graphic url="../../../Tursko%203/DSCN9232.JPG"/>
			<zone ulx="233" uly="233" lrx="2292" lry="2783" xml:id="zone_xd3_hqs_mlb"/>
			<zone ulx="2312" uly="2312" lrx="675" lry="2751" xml:id="zone_ez4_jqs_mlb"/>
		</surface>
	</facsimile>
	<text>
		<body>
			<div1 facs="#zone_xd3_hqs_mlb" next="#zone_hgx_dqs_mlb" subtype="zabt_temessük" type="EMIN">
				<p>
					<lb/>
					fī					<date type="created" when="1844-09-03" when-custom="1260-08-20">20 Ş sene 1260</date>
					<lb/>
				</p>
				<div2 facs="#zone_ez4_jqs_mlb" type="sign">
					<p>
						<lb/>
						...
						<lb/>
					</p>
				</div2>
				<div2 type="şühūdu’l-hāl">
					<p>
						<lb/>
						...
						<lb/>
					</p>
				</div2>
			</div1>
			<div1 facs="#zone_hgx_dqs_mlb" type="summary_Croatian">
				<p>
					<lb/>
					...					<date type="summary_Croatian" when="1844">1844</date>
					. -					<date type="summary_Croatian" when="1845-01-08" when-custom="1260">1260</date>
					.
					<lb/>
				</p>
			</div1>
		</body>
	</text>
</TEI>
