<?xml version="1.0" encoding="UTF-8"?>
<?xml-model href="http://www.tei-c.org/release/xml/tei/custom/schema/relaxng/tei_all.rng" type="application/xml" schematypens="http://relaxng.org/ns/structure/1.0"?>
<?xml-model href="http://www.tei-c.org/release/xml/tei/custom/schema/relaxng/tei_all.rng" type="application/xml"
	schematypens="http://purl.oclc.org/dsdl/schematron"?>
<TEI xmlns="http://www.tei-c.org/ns/1.0">
	<teiHeader>
		<fileDesc>
			<titleStmt>
				<title>Tursko1-190</title>
			</titleStmt>
			<publicationStmt>
				<p>Publication Information</p>
			</publicationStmt>
			<sourceDesc>
				<p/>
			</sourceDesc>
		</fileDesc>
		<xenoData>{ "saji:aspectRatioType": [ "B" ], "saji:fond": [ "Tursko 1" ] }</xenoData>
	</teiHeader>
	<facsimile>
		<surface>
			<graphic url="../../../Tursko%201/DSCN1937.JPG"/>
			<zone ulx="-20" uly="-20" lrx="1913" lry="2313" xml:id="zone_g3k_snd_djb"/>
			<zone ulx="1994" uly="1994" lrx="618" lry="2190" xml:id="zone_emk_tnd_djb"/>
		</surface>
		<surface>
			<graphic url="../../../Day%204/IMG_0099.JPG"/>
		</surface>
		<surface>
			<graphic url="../../../Day%204/IMG_0101.JPG"/>
		</surface>
		<surface>
			<graphic url="../../../Tursko%201/DSCN1938.JPG"/>
			<zone ulx="361" uly="361" lrx="2873" lry="1472" xml:id="zone_gd3_xpd_djb"/>
		</surface>
	</facsimile>
	<text>
		<body>
			<div1 cert="unknown" facs="#zone_g3k_snd_djb" type="EMIN">
				<p>
					<lb/>
					... fī					<date type="created" when="1842-06-26" when-custom="1258-05-18">18 Ca sene 258</date>
					<lb/>
				</p>
				<div2 facs="#zone_emk_tnd_djb" type="sign">
					<p>
						<lb/>
						...
						<lb/>
					</p>
				</div2>
			</div1>
			<div1 facs="#zone_gd3_xpd_djb" type="summary_Croatian">
				<p>
					<lb/>
					...
					<lb/>
				</p>
			</div1>
		</body>
	</text>
</TEI>
