<?xml version="1.0" encoding="UTF-8"?>
<?xml-model href="http://www.tei-c.org/release/xml/tei/custom/schema/relaxng/tei_all.rng" type="application/xml" schematypens="http://relaxng.org/ns/structure/1.0"?>
<?xml-model href="http://www.tei-c.org/release/xml/tei/custom/schema/relaxng/tei_all.rng" type="application/xml"
	schematypens="http://purl.oclc.org/dsdl/schematron"?>
<TEI xmlns="http://www.tei-c.org/ns/1.0">
	<teiHeader>
		<fileDesc>
			<titleStmt>
				<title>Tursko3-085</title>
			</titleStmt>
			<publicationStmt>
				<p>Publication Information</p>
			</publicationStmt>
			<sourceDesc>
				<p/>
			</sourceDesc>
		</fileDesc>
		<xenoData>{ "saji:aspectRatioType": [ "B" ], "saji:fond": [ "Tursko 3" ] }</xenoData>
	</teiHeader>
	<facsimile>
		<surface>
			<graphic url="../../../Tursko%203/DSCN9374.JPG"/>
			<zone ulx="900" uly="900" lrx="2656" lry="1422" xml:id="zone_nbm_vlg_zlb"/>
		</surface>
		<surface>
			<graphic url="../../../Day%205/IMG_0194.JPG"/>
		</surface>
		<surface>
			<graphic url="../../../Day%205/IMG_0195.JPG"/>
		</surface>
		<surface>
			<graphic url="../../../Tursko%203/DSCN9375.JPG"/>
			<zone ulx="192" uly="192" lrx="2231" lry="2607" xml:id="zone_azq_xlg_zlb"/>
			<zone ulx="2079" uly="2079" lrx="570" lry="2597" xml:id="zone_dk2_zlg_zlb"/>
		</surface>
	</facsimile>
	<text>
		<body>
			<div1 facs="#zone_azq_xlg_zlb" subtype="tapu_nāme" type="EMIN">
				<p>
					<lb/>
					...					<date type="created" when="0670-12-19" when-custom="1250">sene 1250</date>
					<lb/>
				</p>
				<div2 facs="#zone_dk2_zlg_zlb" type="sign">
					<p>
						<lb/>
						...
						<lb/>
					</p>
				</div2>
			</div1>
			<div1 facs="#zone_nbm_vlg_zlb" type="summary_Croatian">
				<p>
					<lb/>
					...
					<lb/>
				</p>
			</div1>
		</body>
	</text>
</TEI>
