<?xml version="1.0" encoding="UTF-8"?>
<?xml-model href="http://www.tei-c.org/release/xml/tei/custom/schema/relaxng/tei_all.rng" type="application/xml" schematypens="http://relaxng.org/ns/structure/1.0"?>
<?xml-model href="http://www.tei-c.org/release/xml/tei/custom/schema/relaxng/tei_all.rng" type="application/xml"
	schematypens="http://purl.oclc.org/dsdl/schematron"?>
<TEI xmlns="http://www.tei-c.org/ns/1.0">
	<teiHeader>
		<fileDesc>
			<titleStmt>
				<title>Tursko3-028</title>
			</titleStmt>
			<publicationStmt>
				<p>Publication Information</p>
			</publicationStmt>
			<sourceDesc>
				<p/>
			</sourceDesc>
		</fileDesc>
		<xenoData>{ "saji:aspectRatioType": [ "B" ], "saji:fond": [ "Tursko 3" ] }</xenoData>
	</teiHeader>
	<facsimile>
		<surface>
			<graphic url="../../../Tursko%203/DSCN9261.JPG"/>
			<zone ulx="700" uly="700" lrx="2684" lry="1472" xml:id="zone_mtx_ygh_nlb"/>
		</surface>
		<surface>
			<graphic url="../../../Day%205/IMG_0068.JPG"/>
		</surface>
		<surface>
			<graphic url="../../../Day%205/IMG_0069.JPG"/>
		</surface>
		<surface>
			<graphic url="../../../Tursko%203/DSCN9262.JPG"/>
			<zone ulx="84" uly="84" lrx="2231" lry="2638" xml:id="zone_unr_1hh_nlb"/>
			<zone ulx="1829" uly="1829" lrx="512" lry="2291" xml:id="zone_tx5_chh_nlb"/>
		</surface>
	</facsimile>
	<text>
		<body>
			<div1 facs="#zone_unr_1hh_nlb" next="#zone_mtx_ygh_nlb" subtype="tapu" type="EMIN">
				<p>
					<lb/>
					işbu					<date when="1825-08-13" when-custom="1240">bin iki yüz krık senesinde</date>
					 der ...
					<lb/>
					<date type="created" when="1825-02-04" when-custom="1240-06-16">16 C sene 1240</date>
				</p>
				<div2 facs="#zone_tx5_chh_nlb" type="sign">
					<p>
						<lb/>
						...
						<lb/>
					</p>
				</div2>
				<div2 type="şühūdu’l-hāl">
					<p>
						<lb/>
						...
						<lb/>
					</p>
				</div2>
			</div1>
			<div1 facs="#zone_mtx_ygh_nlb" type="summary_Croatian">
				<p>
					<lb/>
					...					<date type="summary_Croatian" when="1826">1826</date>
					. ...					<date type="summary_Croatian" when="1825-08-13" when-custom="1240">1240</date>
					.
					<lb/>
				</p>
			</div1>
		</body>
	</text>
</TEI>
