<?xml version="1.0" encoding="UTF-8"?>
<?xml-model href="http://www.tei-c.org/release/xml/tei/custom/schema/relaxng/tei_all.rng" type="application/xml" schematypens="http://relaxng.org/ns/structure/1.0"?>
<?xml-model href="http://www.tei-c.org/release/xml/tei/custom/schema/relaxng/tei_all.rng" type="application/xml"
	schematypens="http://purl.oclc.org/dsdl/schematron"?>
<TEI xmlns="http://www.tei-c.org/ns/1.0">
	<teiHeader>
		<fileDesc>
			<titleStmt>
				<title>Tursko3-153</title>
			</titleStmt>
			<publicationStmt>
				<p>Publication Information</p>
			</publicationStmt>
			<notesStmt>
				<note type="mine">冒頭の定型表現は【要】辞書引き・調べる。文書種類確定のための手掛かりになるかな。</note>
			</notesStmt>
			<sourceDesc>
				<p/>
			</sourceDesc>
		</fileDesc>
		<xenoData>{ "saji:aspectRatioType": [ "B" ], "saji:fond": [ "Tursko 3" ] }</xenoData>
	</teiHeader>
	<facsimile>
		<surface>
			<graphic url="../../../Tursko%203/DSCN9057.JPG"/>
			<zone ulx="2388" uly="2388" lrx="2103" lry="2598" xml:id="zone_ykz_lqc_ykb"/>
			<zone ulx="260" uly="260" lrx="1954" lry="502" xml:id="zone_c4s_mqc_ykb"/>
			<zone ulx="1816" uly="1816" lrx="2219" lry="2248" xml:id="zone_e44_nqc_ykb"/>
		</surface>
		<surface>
			<graphic url="../../../Day%206/IMG_0138.JPG"/>
		</surface>
		<surface>
			<graphic url="../../../Day%206/IMG_0139.JPG"/>
		</surface>
		<surface>
			<graphic url="../../../Tursko%203/DSCN9058.JPG"/>
			<zone ulx="1313" uly="1313" lrx="1686" lry="2726" xml:id="zone_qby_4qc_ykb"/>
			<zone ulx="2448" uly="2448" lrx="548" lry="2707" xml:id="zone_apb_qqc_ykb"/>
		</surface>
	</facsimile>
	<text>
		<body>
			<div1 facs="#zone_qby_4qc_ykb" next="#zone_c4s_mqc_ykb" type="unkown">
				<p>
					<lb/>
					Kirşevo gardiyānı
					<lb/>
					...
					<lb/>
					...
					<lb/>
					... işbu
					<lb/>
					sene-i mübārekde otuz yük mikdārı ... üzüm(?) olmakyile ol tarafa ...
					<lb/>
					<lb/>
					<lb/>
					<lb/>
				</p>
				<div2 facs="#zone_apb_qqc_ykb" type="sign">
					<p>
						<lb/>
						...
						<lb/>
					</p>
					<div3 facs="#zone_ykz_lqc_ykb" type="stamp">
						<p>
							<lb/>
							...
							<lb/>
						</p>
					</div3>
				</div2>
			</div1>
			<div1 facs="#zone_c4s_mqc_ykb" type="derkenār">
				<p>
					<lb/>
					...
					<lb/>
					Kirşevo'de ... gardiyān ...				</p>
			</div1>
			<div1 facs="#zone_e44_nqc_ykb" type="summary_Croatian">
				<p>
					<lb/>
					<date type="summary_Croatian" when="1782">1782</date>
					 ... 23 ...
					<lb/>
					...
					<lb/>
					...				</p>
			</div1>
		</body>
	</text>
</TEI>
