<?xml version="1.0" encoding="UTF-8"?>
<?xml-model href="http://www.tei-c.org/release/xml/tei/custom/schema/relaxng/tei_all.rng" type="application/xml" schematypens="http://relaxng.org/ns/structure/1.0"?>
<?xml-model href="http://www.tei-c.org/release/xml/tei/custom/schema/relaxng/tei_all.rng" type="application/xml"
	schematypens="http://purl.oclc.org/dsdl/schematron"?>
<TEI xmlns="http://www.tei-c.org/ns/1.0">
	<teiHeader>
		<fileDesc>
			<titleStmt>
				<title>Tursko3-025</title>
			</titleStmt>
			<publicationStmt>
				<p>Publication Information</p>
			</publicationStmt>
			<sourceDesc>
				<p/>
			</sourceDesc>
		</fileDesc>
		<xenoData>{ "saji:aspectRatioType": [ "B" ], "saji:fond": [ "Tursko 3" ] }</xenoData>
	</teiHeader>
	<facsimile>
		<surface>
			<graphic url="../../../Tursko%203/DSCN9337.JPG"/>
			<zone ulx="466" uly="466" lrx="1826" lry="2180" xml:id="zone_wch_vj1_zlb"/>
			<zone ulx="1726" uly="1726" lrx="828" lry="2154" xml:id="zone_trq_wj1_zlb"/>
			<zone ulx="1930" uly="1930" lrx="810" lry="2143" xml:id="zone_vp5_xj1_zlb"/>
		</surface>
		<surface>
			<graphic url="../../../Day%205/IMG_0062.JPG"/>
		</surface>
		<surface>
			<graphic url="../../../Day%205/IMG_0063.JPG"/>
		</surface>
	</facsimile>
	<text>
		<body>
			<div1 facs="#zone_wch_vj1_zlb" type="unkown">
				<p>
					<lb/>
					... fī					<date type="created" when="1872-02-19" when-custom="1288--10">10 sene 88</date>
					<lb/>
				</p>
				<div2 facs="#zone_trq_wj1_zlb" type="sign">
					<p>
						<lb/>
						...
						<lb/>
					</p>
					<div3 facs="#zone_vp5_xj1_zlb" type="stamp_sūret">
						<p>
							<lb/>
							...
							<lb/>
						</p>
					</div3>
				</div2>
			</div1>
		</body>
	</text>
</TEI>
