<?xml version="1.0" encoding="UTF-8"?>
<?xml-model href="http://www.tei-c.org/release/xml/tei/custom/schema/relaxng/tei_all.rng" type="application/xml" schematypens="http://relaxng.org/ns/structure/1.0"?>
<?xml-model href="http://www.tei-c.org/release/xml/tei/custom/schema/relaxng/tei_all.rng" type="application/xml"
	schematypens="http://purl.oclc.org/dsdl/schematron"?>
<TEI xmlns="http://www.tei-c.org/ns/1.0">
	<teiHeader>
		<fileDesc>
			<titleStmt>
				<title>Tursko1-063</title>
			</titleStmt>
			<publicationStmt>
				<p>Publication Information</p>
			</publicationStmt>
			<sourceDesc>
				<p/>
			</sourceDesc>
		</fileDesc>
		<xenoData>{ "saji:aspectRatioType": [ "B" ], "saji:fond": [ "Tursko 1" ] }</xenoData>
	</teiHeader>
	<facsimile>
		<surface>
			<graphic url="../../../Tursko%201/DSCN1654.JPG"/>
			<zone ulx="166" uly="166" lrx="1600" lry="2658" xml:id="zone_cvn_nnk_1jb"/>
		</surface>
		<surface>
			<graphic url="../../../Day%202/IMG_0463.JPG"/>
		</surface>
		<surface>
			<graphic url="../../../Day%202/IMG_0464.JPG"/>
		</surface>
		<surface>
			<graphic url="../../../Tursko%201/DSCN1655.JPG"/>
			<zone ulx="1567" uly="1567" lrx="820" lry="1823" xml:id="zone_tgg_pnk_1jb"/>
		</surface>
		<surface>
			<graphic url="../../../Tursko%201/DSCN1656.JPG"/>
			<zone ulx="488" uly="488" lrx="3223" lry="761" xml:id="zone_lhj_qnk_1jb"/>
		</surface>
	</facsimile>
	<text>
		<body>
			<div1 facs="#zone_cvn_nnk_1jb" type="mürāsele">
				<p>
					<lb/>
					... fī					<date type="created" when="1784-01-30" when-custom="1198-03-08">8 Rebi'ü'l-evvel sene 1198</date>
					<lb/>
				</p>
				<div3 facs="#zone_tgg_pnk_1jb" type="stamp">
					<p>
						<lb/>
						...
						<lb/>
					</p>
				</div3>
			</div1>
			<div1 facs="#zone_lhj_qnk_1jb" type="summary_Croatian">
				<p>
					<lb/>
					...
					<lb/>
				</p>
			</div1>
		</body>
	</text>
</TEI>
