<?xml version="1.0" encoding="UTF-8"?>
<?xml-model href="http://www.tei-c.org/release/xml/tei/custom/schema/relaxng/tei_all.rng" type="application/xml" schematypens="http://relaxng.org/ns/structure/1.0"?>
<?xml-model href="http://www.tei-c.org/release/xml/tei/custom/schema/relaxng/tei_all.rng" type="application/xml"
	schematypens="http://purl.oclc.org/dsdl/schematron"?>
<TEI xmlns="http://www.tei-c.org/ns/1.0">
	<teiHeader>
		<fileDesc>
			<titleStmt>
				<title>Tursko3-193</title>
			</titleStmt>
			<publicationStmt>
				<p>Publication Information</p>
			</publicationStmt>
			<notesStmt>
				<note type="summary">修道士からエミンに対する、ウシュル税など諸税の支払いに関する証文</note>
			</notesStmt>
			<sourceDesc>
				<p/>
			</sourceDesc>
		</fileDesc>
		<xenoData>{ "saji:aspectRatioType": [ "B" ], "saji:fond": [ "Tursko 3" ] }</xenoData>
	</teiHeader>
	<facsimile>
		<surface>
			<graphic url="../../../Tursko%203/DSCN9046.JPG"/>
			<zone ulx="127" uly="127" lrx="2036" lry="3018" xml:id="zone_bck_mtb_ykb"/>
			<zone ulx="2548" uly="2548" lrx="528" lry="2966" xml:id="zone_eys_ntb_ykb"/>
		</surface>
		<surface>
			<graphic url="../../../Day%207/IMG_0007.JPG"/>
		</surface>
		<surface>
			<graphic url="../../../Day%207/IMG_0008.JPG"/>
		</surface>
	</facsimile>
	<text>
		<body>
			<div1 facs="#zone_bck_mtb_ykb" type="EMIN_temessük">
				<p>
					<lb/>
					Hüve
					<lb/>
					Vech-i tahrīr-i hurūf budur ki
					<lb/>
					hālā ʿuhde ve iltizāmımızda bulunan Kirşevo mukātaʿasına ...
					<lb/>
					... kakryeleri hāsıl olan ʿaşār-ı
					<lb/>
					ʿöşr-i şerʿiyesibi ve rüsūmāt sā'irisini tapunāmeden gayrü işbu					<date from="1810-04-05" from-custom="1225-03-01" to-custom="1226-02-30" type="created">
						bin iki yüz
						<lb/>
						yiğirmi elli senesinde Martı ibtidāsından Şubatı gāyene değin
					</date>
					 zabt ve rabtına ve rüsūm
					<lb/>
					sā'irisini sā'irisini ahz ve kabzına taleb ve rāgib olunan işbu dārende-i temessük
					<lb/>
					zimmī					<persName>BERBT Beşe</persName>
					 rāhib bedeli mukābelesinin yalnız yüz yiğirmi guruş(?) ber-vech-i peşīn
					<lb/>
					tarafımıza edā ve teslīm etmiştir ... varınca zabt ve rabtına ve rüsūm
					<lb/>
					sā'iresini ahz ve kabzına işbu mesfūrun yedine zabt ve temessükümüz(?) virildi tarafımızdan
					<lb/>
					ve taraf-ı āhardan bir kimesne māniʿ olmayalar				</p>
				<div2 facs="#zone_eys_ntb_ykb" type="sign">
					<p>
						<lb/>
						...
						<lb/>
						Dervīş
						<lb/>
						Mehmed el-me'mūr
						<lb/>
						M					</p>
				</div2>
			</div1>
		</body>
	</text>
</TEI>
