<?xml version="1.0" encoding="UTF-8"?>
<?xml-model href="http://www.tei-c.org/release/xml/tei/custom/schema/relaxng/tei_all.rng" type="application/xml" schematypens="http://relaxng.org/ns/structure/1.0"?>
<?xml-model href="http://www.tei-c.org/release/xml/tei/custom/schema/relaxng/tei_all.rng" type="application/xml"
	schematypens="http://purl.oclc.org/dsdl/schematron"?>
<TEI xmlns="http://www.tei-c.org/ns/1.0">
	<teiHeader>
		<fileDesc>
			<titleStmt>
				<title>Tursko3-270</title>
			</titleStmt>
			<publicationStmt>
				<p>Publication Information</p>
			</publicationStmt>
			<notesStmt>
				<note type="summary">共同保有地のうち非ムスリムが保有している耕作地・採草地を、修道院長に売却することを認めた証文。</note>
				<note type="mine">☆これは(Sekulić 2019)の案件ともに似た内容である可能性がある。</note>
				<note type="mine">文法、スペルともにかなり破綻している。【要】読み直し。</note>
			</notesStmt>
			<sourceDesc>
				<p/>
			</sourceDesc>
		</fileDesc>
		<xenoData>{ "saji:aspectRatioType": [ "B" ], "saji:fond": [ "Tursko 3" ] }</xenoData>
	</teiHeader>
	<facsimile>
		<surface>
			<graphic url="../../../Tursko%203/DSCN0275.JPG"/>
			<zone ulx="100" uly="100" lrx="2218" lry="3018" xml:id="zone_bw2_yh5_xjb"/>
			<zone ulx="2303" uly="2303" lrx="528" lry="2526" xml:id="zone_nw2_zh5_xjb"/>
		</surface>
		<surface>
			<graphic url="../../../Day%207/IMG_0183.JPG"/>
		</surface>
		<surface>
			<graphic url="../../../Day%207/IMG_0184.JPG"/>
		</surface>
		<surface>
			<graphic url="../../../Tursko%203/DSCN0276.JPG"/>
			<zone ulx="320" uly="320" lrx="512" lry="545" xml:id="zone_kvf_135_xjb"/>
			<zone ulx="2775" uly="2775" lrx="2046" lry="2995" xml:id="zone_fgx_135_xjb"/>
		</surface>
	</facsimile>
	<text>
		<body>
			<div1 facs="#zone_bw2_yh5_xjb" subtype="zabt_temessük" type="EMIN">
				<p>
					<lb/>
					Hüve
					<lb/>
					Bā-berāt-ı pādişāhiule ver-vech-i iştirāk mutasarrıf aldığımız kurālarından ... cemāʿatına tābiʿ nefs-i varoş mutavattınlarından(?)
					<lb/>
					... zimmī MATO ve karındaşı Īwān mutasarruf eylediği tābiʿ BLUYK karyesinden ...
					<lb/>
					ve bir kıtʿa tarla çayırı nāmān kendi taht-ı tasarrıfında bulunan bir kıtʿa tarla çayırı HNAÇ demekle
					<lb/>
					bir tarafın DHYANIN çayırı ve taraf-ı sānī ÇİZMU SALİH çayırı ve taraf-ı sālis mü'ezzin çayırı
					<lb/>
					ve taraf-ı rābiʿ tarîk-i ʿām ile mahdūd ve mümtāz işbu dārende-i hurūf Kirşevo kilisanın ruhbā-
					<lb/>
					nı gardiyān nām kimesne yalnız yetmiş beş guruş resmiyle bedel mukābelesinde beyʿ-i bāt katʿiyle
					<lb/>
					beyʿ edüb ol dahi minvāl-i muharrer üzere kabūl biz dahi ... bulunduğumuz hasebiyle ve mesfūr gardiyān
					<lb/>
					yedine virildi işbu temessük-ı zabt ve tasarrıfına tarafımızdan ve taraf-ı āhardan bir kimesne māniʿ olunmaya
					<lb/>
					tārīh fī					<date type="created" when="1839-12-12" when-custom="1255-10-06">6 L sene 255</date>
				</p>
				<div2 facs="#zone_nw2_zh5_xjb" type="sign">
					<p>
						<lb/>
						El-... Mehmed
						<lb/>
						El-...
					</p>
					<div3 facs="#zone_kvf_135_xjb" type="stamp">
						<p>
							<lb/>
							...
							<lb/>
						</p>
					</div3>
				</div2>
				<div2 type="şühūdu'l-hāl">
					<p>
						<lb/>
						Şühūdu'l-hāl
						<lb/>
						Dervīş Ağa ʿan Kirşevo
						<lb/>
						HYN NARHİÇ
						<lb/>
						Mü'ezzin Mollā Mustafa
						<lb/>
						Peter ŞUİÇ
						<lb/>
						Anton KORİÇ
						<lb/>
						ve gayrihim
					</p>
				</div2>
			</div1>
			<div1 facs="#zone_fgx_135_xjb" type="summary_Croatian">
				<p>
					<lb/>
					...
					<lb/>
					Pomol od Bankıka na ...
				</p>
			</div1>
		</body>
	</text>
</TEI>
