<?xml version="1.0" encoding="UTF-8"?>
<?xml-model href="http://www.tei-c.org/release/xml/tei/custom/schema/relaxng/tei_all.rng" type="application/xml" schematypens="http://relaxng.org/ns/structure/1.0"?>
<?xml-model href="http://www.tei-c.org/release/xml/tei/custom/schema/relaxng/tei_all.rng" type="application/xml"
	schematypens="http://purl.oclc.org/dsdl/schematron"?>
<TEI xmlns="http://www.tei-c.org/ns/1.0">
	<teiHeader>
		<fileDesc>
			<titleStmt>
				<title>Tursko3-093</title>
			</titleStmt>
			<publicationStmt>
				<p>Publication Information</p>
			</publicationStmt>
			<notesStmt>
				<note type="mine">文字、文法ともにかなり乱れている。これは手習いか写しのようなものなのか？</note>
			</notesStmt>
			<sourceDesc>
				<p/>
			</sourceDesc>
		</fileDesc>
		<xenoData>{ "saji:aspectRatioType": [ "B" ], "saji:fond": [ "Tursko 3" ] }</xenoData>
	</teiHeader>
	<facsimile>
		<surface>
			<graphic url="../../../Tursko%203/DSCN9364.JPG"/>
			<zone ulx="652" uly="652" lrx="929" lry="916" xml:id="zone_iws_bfg_zlb"/>
			<zone ulx="725" uly="725" lrx="672" lry="939" xml:id="zone_trk_cfg_zlb"/>
			<zone ulx="1306" uly="1306" lrx="1506" lry="1956" xml:id="zone_txh_dfg_zlb"/>
			<zone ulx="2129" uly="2129" lrx="881" lry="2516" xml:id="zone_yqd_2fg_zlb"/>
		</surface>
		<surface>
			<graphic url="../../../Day%206/IMG_0006.JPG"/>
		</surface>
		<surface>
			<graphic url="../../../Day%206/IMG_0007.JPG"/>
		</surface>
		<surface>
			<graphic url="../../../Tursko%203/DSCN9365.JPG"/>
			<zone ulx="1645" uly="1645" lrx="1662" lry="2687" xml:id="zone_pmt_ffg_zlb"/>
			<zone ulx="2337" uly="2337" lrx="851" lry="2630" xml:id="zone_bbh_kfg_zlb"/>
			<zone ulx="2319" uly="2319" lrx="564" lry="2555" xml:id="zone_wsg_mfg_zlb"/>
		</surface>
	</facsimile>
	<text>
		<body>
			<div1 cert="low" facs="#zone_pmt_ffg_zlb" next="#zone_txh_dfg_zlb" type="tezkire">
				<p>
					<lb/>
					... işbu iki yüz senesinde
					<lb/>
					ve iki yüz bir senesi				</p>
				<div2 facs="#zone_bbh_kfg_zlb" type="sign">
					<p>
						<lb/>
						...
						<lb/>
					</p>
					<div3 facs="#zone_iws_bfg_zlb" type="stamp">
						<p>
							<lb/>
							...
							<lb/>
						</p>
					</div3>
				</div2>
				<div2 facs="#zone_wsg_mfg_zlb" type="sign">
					<p>
						<lb/>
						...
						<lb/>
					</p>
					<div3 facs="#zone_trk_cfg_zlb" type="stamp">
						<p>
							<lb/>
							...
							<lb/>
						</p>
					</div3>
				</div2>
			</div1>
			<div1 cert="unknown" facs="#zone_txh_dfg_zlb" type="summary_Croatian">
				<p>
					<lb/>
					...
					<lb/>
				</p>
			</div1>
			<div1 cert="unknown" facs="#zone_yqd_2fg_zlb" type="summary_Croatian">
				<p>
					<lb/>
					...
					<lb/>
				</p>
			</div1>
		</body>
	</text>
</TEI>
